Feature ID,Domain,Phylum,Class,Order,Family,Genus,species
4473ac847f597164696bc96da74ca753,Bacteria,Proteobacteria,Alphaproteobacteria,Rhizobiales,Beijerinckiaceae,Bosea,Unassigned
547b78057390d8dd87e029218928ab3c,Bacteria,Proteobacteria,Alphaproteobacteria,Rhizobiales,Devosiaceae,Devosia,Unassigned
c43d57c87886a6cffbbbd617d0a08127,Bacteria,Firmicutes,Bacilli,Lactobacillales,Unassigned,Unassigned,Unassigned
4e8d7a4662640b90817f015280cf5713,Bacteria,Firmicutes,Clostridia,Clostridiales,Clostridiaceae,Clostridium_sensu_stricto_1,Unassigned
d404761182ab38195d5245681f2452f5,Bacteria,Proteobacteria,Alphaproteobacteria,Sphingomonadales,Sphingomonadaceae,Sphingomonas,Sphingomonas_koreensis
8405088b6189faf6a7ac70405b8cf2b1,Bacteria,Proteobacteria,Gammaproteobacteria,Burkholderiales,Comamonadaceae,Unassigned,Unassigned
5073eb042f1600783fe65118c8151bc3,Bacteria,Proteobacteria,Alphaproteobacteria,Rhizobiales,Rhizobiaceae,Allorhizobium-Neorhizobium-Pararhizobium-Rhizobium,Unassigned
e618ba5cd2c70e833352bba6cc98abd1,Bacteria,Firmicutes,Bacilli,Lactobacillales,Streptococcaceae,Lactococcus,Unassigned
d0eac7d8255844d19b6119765b1e3bdb,Bacteria,Firmicutes,Bacilli,RsaHf231,RsaHf231,RsaHf231,uncultured_bacterium
fe4b9f529db44f65185d57fbfbd83061,Bacteria,Proteobacteria,Alphaproteobacteria,Rickettsiales,Mitochondria,Mitochondria,Unassigned
e3bdd615b4425764ed94026cfc6d9b46,Bacteria,Cyanobacteria,Cyanobacteriia,Chloroplast,Chloroplast,Chloroplast,uncultured_Chlorophyta
c2485023d5fd5165d1616c46206273c9,Bacteria,Cyanobacteria,Cyanobacteriia,Chloroplast,Chloroplast,Chloroplast,Watanabea_reniformis
0eb88b722902316b11770922bcdaca7b,Bacteria,Proteobacteria,Gammaproteobacteria,Burkholderiales,Comamonadaceae,Unassigned,Unassigned
05acb64d530de66995bc184b5d41d1be,Bacteria,Cyanobacteria,Cyanobacteriia,Chloroplast,Chloroplast,Chloroplast,Unassigned
17e562606dc747dd9f950ce27d3eb95a,Bacteria,Proteobacteria,Alphaproteobacteria,Rhizobiales,Devosiaceae,Devosia,Unassigned
1c2b8892a0d7f828d72808cd01cfd199,Bacteria,Proteobacteria,Alphaproteobacteria,Rhizobiales,Devosiaceae,Devosia,Unassigned
496ecde24f9ab698992413d3d4f04b5f,Bacteria,Proteobacteria,Gammaproteobacteria,Xanthomonadales,Xanthomonadaceae,Stenotrophomonas,Stenotrophomonas_rhizophila
329f692a592e619363ad944c9f337e99,Bacteria,Cyanobacteria,Cyanobacteriia,Chloroplast,Chloroplast,Chloroplast,uncultured_Chlorophyta
34746e50c808255ab3e9f16ce15b3dc4,Bacteria,Cyanobacteria,Cyanobacteriia,Chloroplast,Chloroplast,Chloroplast,Unassigned
f8a6381551e38ec8b9347d591feea194,Bacteria,Cyanobacteria,Cyanobacteriia,Chloroplast,Chloroplast,Chloroplast,Coccomyxa_viridis
ef00864cd61bd46136ccd878a39d1cc2,Bacteria,Firmicutes,Bacilli,RsaHf231,RsaHf231,RsaHf231,uncultured_bacterium
f5fe6f63caf833b642e2599be41be7d2,Bacteria,Firmicutes,Bacilli,Paenibacillales,Paenibacillaceae,Saccharibacillus,Unassigned
d114fb4c335125128be28401522dd41a,Bacteria,Firmicutes,Bacilli,Lactobacillales,Streptococcaceae,Lactococcus,Lactococcus_lactis
a392d2393e5bc964b0c8a91dda40122b,Bacteria,Proteobacteria,Alphaproteobacteria,Rhizobiales,Devosiaceae,Devosia,Devosia_sp.
72479755b8fabed331b16ec469fd162d,Bacteria,Firmicutes,Bacilli,Erysipelotrichales,Erysipelotrichaceae,ZOR0006,uncultured_bacterium
64806c9fd45b9532de9ef180f619d1b9,Bacteria,Cyanobacteria,Cyanobacteriia,Chloroplast,Chloroplast,Chloroplast,Castanea_mollissima
adbb307cde42728159560c872cb7edfa,Bacteria,Proteobacteria,Alphaproteobacteria,Rhizobiales,Devosiaceae,Devosia,Unassigned
b3d2cc3b9f0184830bec2ef73bcc6166,Bacteria,Firmicutes,Bacilli,Lactobacillales,Streptococcaceae,Lactococcus,Lactococcus_garvieae
efbe1f58b1e2984ddc53a64f047d94ff,Bacteria,Proteobacteria,Gammaproteobacteria,Burkholderiales,Oxalobacteraceae,Janthinobacterium,Unassigned
cff91f92ebadff0ecf455925e3e91b54,Bacteria,Proteobacteria,Gammaproteobacteria,Burkholderiales,Comamonadaceae,Unassigned,Unassigned
0e4b96294f2a2985a5d7fd8c87f7ce6d,Bacteria,Bacteroidota,Bacteroidia,Sphingobacteriales,Sphingobacteriaceae,Pedobacter,Unassigned
5fd552d0593f28ddc70ec4737f0a8038,Bacteria,Cyanobacteria,Cyanobacteriia,Chloroplast,Chloroplast,Chloroplast,Myrmecia_israeliensis
f18df46623b91499d1da7d39cd97f7bd,Bacteria,Proteobacteria,Alphaproteobacteria,Rickettsiales,Mitochondria,Mitochondria,Fusarium_circinatum
d829bee4984f82ffc2453212157caf96,Bacteria,Proteobacteria,Alphaproteobacteria,Rhizobiales,Xanthobacteraceae,Bradyrhizobium,Unassigned
a22510f4657339928102e0bbe21bdb3f,Bacteria,Cyanobacteria,Cyanobacteriia,Chloroplast,Chloroplast,Chloroplast,Unassigned
5b39c181fb93ebf1505b98937fb4c12e,Unassigned,Unassigned,Unassigned,Unassigned,Unassigned,Unassigned,Unassigned
9a1792497731b6c2949e84076ab7cf37,Bacteria,Firmicutes,Bacilli,Paenibacillales,Paenibacillaceae,Paenibacillus,Unassigned
0ba210559c7884e7157bf87ac5a7acd8,Bacteria,Proteobacteria,Alphaproteobacteria,Rhizobiales,Devosiaceae,Devosia,Unassigned
68bcd8805e49c819041cec620e13805f,Bacteria,Unassigned,Unassigned,Unassigned,Unassigned,Unassigned,Unassigned
9448691851e8721949d9ab7add5ad2d4,Bacteria,Proteobacteria,Alphaproteobacteria,Rickettsiales,Mitochondria,Mitochondria,Unassigned
7409bfb5acf46b60587d9c6020bc5349,Bacteria,Cyanobacteria,Cyanobacteriia,Chloroplast,Chloroplast,Chloroplast,Monoraphidium_neglectum
3be88f8274c425c665730cf05ea1ae4c,Bacteria,Cyanobacteria,Cyanobacteriia,Chloroplast,Chloroplast,Chloroplast,Tetradesmus_obliquus
4e13a88e53218d14be546cb458cf87cf,Bacteria,Planctomycetota,Planctomycetes,Planctomycetales,Rubinisphaeraceae,SH-PL14,uncultured_planctomycete
64d27faf53724eeae7c41cf824597adc,Bacteria,Unassigned,Unassigned,Unassigned,Unassigned,Unassigned,Unassigned
a7da93a9744a7863292bcf97d47b6a10,Bacteria,Actinobacteriota,Actinobacteria,Micrococcales,Intrasporangiaceae,Unassigned,Unassigned
2e047169d86b6f8f81a14f84fe4c9023,Bacteria,Proteobacteria,Gammaproteobacteria,Xanthomonadales,Xanthomonadaceae,Stenotrophomonas,Stenotrophomonas_rhizophila
7a2b03d9e6cec7bf526e1858d8bce63c,Bacteria,Firmicutes,Bacilli,RsaHf231,RsaHf231,RsaHf231,uncultured_bacterium
e8c4470cea2d0aad86e0fbaa03d2f750,Bacteria,Firmicutes,Bacilli,Lactobacillales,Unassigned,Unassigned,Unassigned
67988f0f43e79bdb67e0a1450a583219,Bacteria,Cyanobacteria,Cyanobacteriia,Chloroplast,Chloroplast,Chloroplast,uncultured_Chlorophyta
5648dccee530d68ceb3e4d7d22cf8756,Bacteria,Proteobacteria,Gammaproteobacteria,Pseudomonadales,Pseudomonadaceae,Pseudomonas,Unassigned
4d04e6a8931d28d6d8ab862440dbad40,Bacteria,Cyanobacteria,Cyanobacteriia,Chloroplast,Chloroplast,Chloroplast,Myrmecia_israeliensis
06555913cbd4cc7c3161fcd836cfdb51,Bacteria,Cyanobacteria,Cyanobacteriia,Chloroplast,Chloroplast,Chloroplast,uncultured_Chlorophyta
b182282402eede51b95c9f9e49e81c96,Bacteria,Cyanobacteria,Cyanobacteriia,Chloroplast,Chloroplast,Chloroplast,Coccomyxa_simplex
da0bcb7477927763538ec7006a883728,Bacteria,Firmicutes,Bacilli,Paenibacillales,Paenibacillaceae,Paenibacillus,Paenibacillus_borealis
97662c31b68c8ddca3c23e895f15c63c,Bacteria,Cyanobacteria,Cyanobacteriia,Chloroplast,Chloroplast,Chloroplast,Unassigned
82819e0b6b0a7ba359661678cb034a42,Bacteria,Firmicutes,Bacilli,Lactobacillales,Carnobacteriaceae,Carnobacterium,Unassigned
bc98e2330bfc147524b49d3c76465abd,Bacteria,Proteobacteria,Alphaproteobacteria,Rhizobiales,Devosiaceae,Devosia,Unassigned
ddce78e6f6c85e2b2d5e309f78148786,Bacteria,Cyanobacteria,Cyanobacteriia,Chloroplast,Chloroplast,Chloroplast,Coccomyxa_sp.
04ecfad5772d2e09a84a0f5ef460536c,Bacteria,Proteobacteria,Alphaproteobacteria,Rhizobiales,Beijerinckiaceae,Methylobacterium-Methylorubrum,Unassigned
df71de0e92459aa808364311135bb8fc,Bacteria,Proteobacteria,Gammaproteobacteria,Burkholderiales,Comamonadaceae,Variovorax,Unassigned
70fc80cbf64bbc0f341284e4c9f14dea,Bacteria,Cyanobacteria,Cyanobacteriia,Unassigned,Unassigned,Unassigned,Unassigned
8735f92a7f18db944bc862777fbd3222,Bacteria,Proteobacteria,Gammaproteobacteria,Burkholderiales,Comamonadaceae,Unassigned,Unassigned
fc6622c636a5210293fb2873fc4761d9,Bacteria,Proteobacteria,Alphaproteobacteria,Rhizobiales,Rhizobiaceae,Allorhizobium-Neorhizobium-Pararhizobium-Rhizobium,Unassigned
8403a8dca999b687ba2bbe06f442d63d,Bacteria,Campilobacterota,Campylobacteria,Campylobacterales,Arcobacteraceae,Poseidonibacter,Unassigned
e07abb21598a822a5e54f29a50c6b288,Bacteria,Cyanobacteria,Cyanobacteriia,Unassigned,Unassigned,Unassigned,Unassigned
436be357fce6ce489be5bcca4eb8c692,Bacteria,Proteobacteria,Alphaproteobacteria,Rickettsiales,Mitochondria,Mitochondria,Lecanora_strobilina
cdd8c3a5d0e8d6c1d1941980fe3146c5,Bacteria,Proteobacteria,Alphaproteobacteria,Rhizobiales,Devosiaceae,Devosia,Unassigned
ad16b779f2ec6d8afc200de7c5d2f39a,Bacteria,Proteobacteria,Alphaproteobacteria,Sphingomonadales,Sphingomonadaceae,Sphingopyxis,Unassigned
db71e335bc263a02d10d6331d567e4ba,Bacteria,Proteobacteria,Gammaproteobacteria,Xanthomonadales,Xanthomonadaceae,Stenotrophomonas,Unassigned
7ff346973a282aa55de296afdb5d74af,Bacteria,Actinobacteriota,Actinobacteria,Micrococcales,Micrococcaceae,Unassigned,Unassigned
a79ee61cdcff5ce3ea7edf8b58e5aaa9,Bacteria,Proteobacteria,Alphaproteobacteria,Sphingomonadales,Sphingomonadaceae,Sphingopyxis,Unassigned
c0f5ec13e4fe0f7ebfdba1d7a6dcb224,Bacteria,Firmicutes,Bacilli,Lactobacillales,Vagococcaceae,Vagococcus,Unassigned
69e60a7780ed19b0d4dfcaf34837aa88,Bacteria,Proteobacteria,Alphaproteobacteria,Sphingomonadales,Sphingomonadaceae,Sphingorhabdus,Unassigned
5a0ae6a10829f1b6d01debcce81fa0c6,Bacteria,Proteobacteria,Alphaproteobacteria,Rhizobiales,Beijerinckiaceae,Bosea,Unassigned
3ccb64d98a3f19357fac7fb29702dabb,Bacteria,Chloroflexi,Ktedonobacteria,Ktedonobacterales,Ktedonobacteraceae,uncultured,uncultured_Ktedobacteria
cd00cb8364a07ea30079c3a52993310b,Bacteria,Firmicutes,Bacilli,Erysipelotrichales,Erysipelotrichaceae,ZOR0006,uncultured_bacterium
858603b5b6c7332924623a52faa10212,Bacteria,Firmicutes,Clostridia,Clostridiales,Clostridiaceae,Clostridium_sensu_stricto_1,Unassigned
d544598bb85d78a7752148dc0ed57101,Bacteria,Bacteroidota,Bacteroidia,Sphingobacteriales,Sphingobacteriaceae,Pedobacter,Unassigned
326fee9660b85833034963ad2d1134eb,Bacteria,Cyanobacteria,Cyanobacteriia,Chloroplast,Chloroplast,Chloroplast,Prasiolopsis_sp.
9af3467db68cf6063627304cecd46a65,Bacteria,Proteobacteria,Gammaproteobacteria,Pseudomonadales,Pseudomonadaceae,Pseudomonas,Unassigned
9908fffab7ed4f3bec44cda2f5084d49,Bacteria,Firmicutes,Bacilli,Lactobacillales,Enterococcaceae,Enterococcus,Unassigned
9f3c338df2e4ff961130f0e6d7c8cd55,Bacteria,Firmicutes,Clostridia,Oscillospirales,Ruminococcaceae,uncultured,uncultured_bacterium
6ba43acb03ae795b3e7e31f2be946006,Bacteria,Firmicutes,Bacilli,Lactobacillales,Leuconostocaceae,Leuconostoc,Leuconostoc_mesenteroides
0a3cf58d4ca062c13d42c9db4ebcbc53,Bacteria,Cyanobacteria,Cyanobacteriia,Chloroplast,Chloroplast,Chloroplast,Unassigned
f9f7fd9929faba61855d02a6bfa7af8c,Bacteria,Proteobacteria,Alphaproteobacteria,Rickettsiales,Mitochondria,Mitochondria,Fusarium_circinatum
eeee4b31b908ae2c043c3e16bcc96082,Bacteria,Cyanobacteria,Cyanobacteriia,Chloroplast,Chloroplast,Chloroplast,Watanabea_reniformis
32b5cf43aa3cd7d6219b524799d82f56,Bacteria,Unassigned,Unassigned,Unassigned,Unassigned,Unassigned,Unassigned
4865a7976717c8053c6892b9369436bc,Bacteria,Cyanobacteria,Cyanobacteriia,Chloroplast,Chloroplast,Chloroplast,Unassigned
15d56c1957f615a428b92ab2d5f3e1ee,Bacteria,Proteobacteria,Alphaproteobacteria,Rhizobiales,Rhizobiaceae,Unassigned,Unassigned
689370ba4fc3d57b0cd2924eb38fbd59,Bacteria,Proteobacteria,Alphaproteobacteria,Rickettsiales,Mitochondria,Mitochondria,Fusarium_circinatum
4023515bdee1f6662e63ee75d6eacf0f,Bacteria,Proteobacteria,Alphaproteobacteria,Rhizobiales,Devosiaceae,Arsenicitalea,Unassigned
1cb4a07d2a8445a375c71b766a0c3199,Bacteria,Firmicutes,Clostridia,Clostridiales,Clostridiaceae,Clostridium_sensu_stricto_9,uncultured_bacterium
17c9b9972ef94976727f0d77d6d23d70,Bacteria,Bacteroidota,Bacteroidia,Chitinophagales,Chitinophagaceae,Taibaiella,Unassigned
4850a238b7fbbd5ffa204c5a5a396f2c,Bacteria,Proteobacteria,Gammaproteobacteria,Enterobacterales,Hafniaceae,Hafnia-Obesumbacterium,Unassigned
ad9018f80e00f2ca4b48067195ac310d,Bacteria,Proteobacteria,Alphaproteobacteria,Caulobacterales,Caulobacteraceae,Brevundimonas,Unassigned
c1863b8fc0c7c1e80dbc7195e9ad2062,Bacteria,Proteobacteria,Alphaproteobacteria,Rickettsiales,Mitochondria,Mitochondria,Unassigned
b71ddb0123c1dab920853cf9b3be4553,Bacteria,Cyanobacteria,Cyanobacteriia,Chloroplast,Chloroplast,Chloroplast,Myrmecia_israeliensis
d48787d7198290d39a744b5115c70830,Bacteria,Firmicutes,Clostridia,Lachnospirales,Lachnospiraceae,Unassigned,Unassigned
2a39f0b75d31d00b3136b2edbe82962e,Bacteria,Actinobacteriota,Actinobacteria,Pseudonocardiales,Pseudonocardiaceae,Actinomycetospora,Unassigned
38c27ceaed634984c1225a82648cf571,Bacteria,Proteobacteria,Gammaproteobacteria,Pseudomonadales,Pseudomonadaceae,Pseudomonas,Unassigned
6e38feb2a49baf0e50a702c00789b58a,Bacteria,Proteobacteria,Alphaproteobacteria,Acetobacterales,Acetobacteraceae,Roseococcus,uncultured_bacterium
ff2479fe2a76789d3a15ac241423a55f,Bacteria,Unassigned,Unassigned,Unassigned,Unassigned,Unassigned,Unassigned
a6dc887e72e5edb17ea7e53370930ad6,Bacteria,Proteobacteria,Alphaproteobacteria,Rickettsiales,Mitochondria,Mitochondria,Phytophthora_agathidicida
1fe2830c2ccbe5d18b111772757d0421,Bacteria,Cyanobacteria,Cyanobacteriia,Chloroplast,Chloroplast,Chloroplast,Oscillatoriales_cyanobacterium
37e218861982f2dc0e4f8fcffa5b1a03,Bacteria,Cyanobacteria,Cyanobacteriia,Chloroplast,Chloroplast,Chloroplast,Bracteacoccus_giganteus
312f85fff91f5153e724b94b594e7ccb,Bacteria,Actinobacteriota,Actinobacteria,Frankiales,Nakamurellaceae,Nakamurella,Nakamurella_sp.
3865533055aed1a7aa22962079c2913d,Bacteria,Unassigned,Unassigned,Unassigned,Unassigned,Unassigned,Unassigned
ce9cc473076ece3a4bc2021e46a8a4b4,Bacteria,Proteobacteria,Gammaproteobacteria,Oceanospirillales,Nitrincolaceae,Neptuniibacter,uncultured_bacterium
5db6bdad5c3ebbfeb0e2ba6f9a8a4ec7,Bacteria,Unassigned,Unassigned,Unassigned,Unassigned,Unassigned,Unassigned
295d94fd5c278d3ac45c413c55d6b143,Bacteria,Planctomycetota,Planctomycetes,Planctomycetales,Rubinisphaeraceae,SH-PL14,uncultured_planctomycete
9fe4c3dfc721f87da8ff9661f9600667,Bacteria,Actinobacteriota,Actinobacteria,Micrococcales,Microbacteriaceae,Microbacterium,Unassigned
27fe9613ed115d50b332ce96aa905fd8,Bacteria,Firmicutes,Clostridia,Unassigned,Unassigned,Unassigned,Unassigned
36133f88b5844e03c0e3717645172e5d,Bacteria,Planctomycetota,Planctomycetes,Isosphaerales,Isosphaeraceae,Tundrisphaera,uncultured_planctomycete
7ead17a076e7b7b419bf50abe7eee3f4,Bacteria,Proteobacteria,Alphaproteobacteria,Rhizobiales,Beijerinckiaceae,Bosea,Unassigned
b5956402a24a9153484f4249effcec18,Bacteria,Proteobacteria,Alphaproteobacteria,Rhizobiales,Beijerinckiaceae,Methylobacterium-Methylorubrum,Unassigned
f192f3b9a8b7c1eede72877e511aef33,Bacteria,Unassigned,Unassigned,Unassigned,Unassigned,Unassigned,Unassigned
e5d5a60346e0819d46722c14b655238f,Bacteria,Cyanobacteria,Cyanobacteriia,Chloroplast,Chloroplast,Chloroplast,Oscillatoriales_cyanobacterium
157a54dc0a0d279dde7d1a14816248b9,Bacteria,Cyanobacteria,Cyanobacteriia,Chloroplast,Chloroplast,Chloroplast,Unassigned
745c39aae97a50b799a5a46e126d8c9c,Bacteria,Actinobacteriota,Actinobacteria,Micrococcales,Microbacteriaceae,Unassigned,Unassigned
7021d8d56277291858378fecfa7a131c,Bacteria,Firmicutes,Bacilli,Paenibacillales,Paenibacillaceae,Paenibacillus,Unassigned
b7877394ce843e89edaa2e831d4cb138,Bacteria,Proteobacteria,Alphaproteobacteria,Rickettsiales,Mitochondria,Mitochondria,Rhynchosporium_secalis
63afe8e6aac58bf0d670a82ca5bc574c,Bacteria,Proteobacteria,Gammaproteobacteria,Enterobacterales,Yersiniaceae,Unassigned,Unassigned
ef37143e5371816457c161afe0263af1,Bacteria,Cyanobacteria,Cyanobacteriia,Chloroplast,Chloroplast,Chloroplast,Pseudomuriella_schumacherensis
3d008a07a63e01193561eb4f27931678,Bacteria,Proteobacteria,Alphaproteobacteria,Rhizobiales,Devosiaceae,Devosia,Unassigned
06800834b26574b7f22bda68b3d29c2f,Bacteria,Proteobacteria,Alphaproteobacteria,Acetobacterales,Acetobacteraceae,Roseococcus,Unassigned
d12ca520b52c322f9e28c2f493354e01,Bacteria,Proteobacteria,Alphaproteobacteria,Rhizobiales,Devosiaceae,Devosia,Unassigned
1c7843baf6fa610f6910de195f1b0bd5,Bacteria,Verrucomicrobiota,Chlamydiae,Chlamydiales,Parachlamydiaceae,Neochlamydia,Unassigned
e72e5ef778e37885bf49ff8c1ef5f511,Bacteria,Proteobacteria,Alphaproteobacteria,Rickettsiales,Mitochondria,Mitochondria,Unassigned
08a7ef6cfb6d7b6c97090cbb5a7555c1,Bacteria,Cyanobacteria,Cyanobacteriia,Chloroplast,Chloroplast,Chloroplast,Unassigned
7fd16a9945d4be01153b275b789c39f5,Bacteria,Planctomycetota,Planctomycetes,Gemmatales,Gemmataceae,Zavarzinella,uncultured_bacterium
3ebe761bfb1238c87195d431f41bf976,Bacteria,Proteobacteria,Gammaproteobacteria,Pseudomonadales,Moraxellaceae,Acinetobacter,Unassigned
adfd1ae74f53d45ae64e93b94f87b90a,Bacteria,Actinobacteriota,Actinobacteria,Micrococcales,Microbacteriaceae,Unassigned,Unassigned
bb2d7e46e3fbed6613408fa7ae56eab5,Bacteria,Proteobacteria,Alphaproteobacteria,Acetobacterales,Acetobacteraceae,Acidiphilium,uncultured_bacterium
ddaebe95bb6bee3bffec43486832e623,Bacteria,Bacteroidota,Bacteroidia,Flavobacteriales,Flavobacteriaceae,Polaribacter,Unassigned
adbda4915419b8f4cd4a001a04cdfc02,Bacteria,Proteobacteria,Alphaproteobacteria,Rhizobiales,Xanthobacteraceae,Unassigned,Unassigned
e58635da024cba851c640eb384bc8fad,Bacteria,Proteobacteria,Alphaproteobacteria,Rhizobiales,Beijerinckiaceae,Methylobacterium-Methylorubrum,Unassigned
f963be2062b9a088c922feb4752b2de6,Bacteria,Actinobacteriota,Acidimicrobiia,Microtrichales,Iamiaceae,Iamia,Unassigned
2f38f39001cfda87b7b72e0684a07881,Bacteria,Firmicutes,Bacilli,Paenibacillales,Paenibacillaceae,Paenibacillus,Paenibacillus_borealis
869c003d9135f020aff6140d0d9342cc,Bacteria,Proteobacteria,Alphaproteobacteria,Rickettsiales,Mitochondria,Mitochondria,Lecanora_strobilina
ea50ab99242e77fd8d897c2c43449f84,Bacteria,Actinobacteriota,Actinobacteria,Corynebacteriales,Mycobacteriaceae,Mycobacterium,Unassigned
487de539f50da640cd8914cea7821561,Bacteria,Proteobacteria,Alphaproteobacteria,Rhizobiales,Devosiaceae,Devosia,Unassigned
145e42f90511a48e84b834c7e38f678a,Bacteria,Proteobacteria,Gammaproteobacteria,Xanthomonadales,Xanthomonadaceae,Stenotrophomonas,Stenotrophomonas_nitritireducens
9353e79c40981929df5b3fe39df5d056,Bacteria,Cyanobacteria,Cyanobacteriia,Chloroplast,Chloroplast,Chloroplast,Unassigned
2dd9e191a81b91117b77df5eac7e6048,Bacteria,Proteobacteria,Alphaproteobacteria,Caulobacterales,Caulobacteraceae,Caulobacter,Unassigned
b330f8a2a076802dde5d9c932aaabe7a,Bacteria,Unassigned,Unassigned,Unassigned,Unassigned,Unassigned,Unassigned
e61a7bc42a30f0ca4f170b5e3f6cad0c,Bacteria,Bacteroidota,Bacteroidia,Flavobacteriales,Weeksellaceae,Chryseobacterium,Unassigned
089019c9745b56c35ffbaea26d6b1806,Bacteria,Proteobacteria,Gammaproteobacteria,Burkholderiales,Oxalobacteraceae,Herminiimonas,Unassigned
8403b6dbf52ec50c0a7b83ee636cd6e9,Bacteria,Proteobacteria,Alphaproteobacteria,Rhizobiales,Rhizobiaceae,Aminobacter,Unassigned
315fae925226ac44af01d992c1732f74,Bacteria,Planctomycetota,Planctomycetes,Gemmatales,Gemmataceae,Zavarzinella,Unassigned
98681ff2bb6380bb37ee2d4cd82a493c,Bacteria,Proteobacteria,Alphaproteobacteria,Acetobacterales,Acetobacteraceae,Acidiphilium,uncultured_bacterium
d32e579b3ae7b2aae8d5bf9f027c29af,Bacteria,Proteobacteria,Gammaproteobacteria,Burkholderiales,Comamonadaceae,Delftia,Unassigned
a7b27c8b9b747285948dd3c3afeb4c91,Bacteria,Cyanobacteria,Cyanobacteriia,Chloroplast,Chloroplast,Chloroplast,Chlorosarcina_brevispinosa
3e3b15bc7b7aae21f6b0c94879bb6c0d,Bacteria,Cyanobacteria,Cyanobacteriia,Chloroplast,Chloroplast,Chloroplast,Unassigned
bcc6da5f621cbdfc1f0c9becbac6cdff,Bacteria,Actinobacteriota,Actinobacteria,Micrococcales,Micrococcaceae,Paenarthrobacter,Unassigned
2173d6646ccc30c8bc1745f4a95c92da,Bacteria,Proteobacteria,Alphaproteobacteria,Rickettsiales,Mitochondria,Mitochondria,Lecanora_strobilina
0e11a8e894a8d9a3241d7cd7915570ac,Bacteria,Proteobacteria,Alphaproteobacteria,Rhizobiales,Devosiaceae,Devosia,Unassigned
35f5f1f86053dc0aeede8f1907f217c4,Bacteria,Cyanobacteria,Cyanobacteriia,Chloroplast,Chloroplast,Chloroplast,Unassigned
00f8980d669c06140151afa70fde9444,Bacteria,Unassigned,Unassigned,Unassigned,Unassigned,Unassigned,Unassigned
76d1e097f6d29b86080dbcb117c233af,Bacteria,Cyanobacteria,Cyanobacteriia,Chloroplast,Chloroplast,Chloroplast,uncultured_bacterium
6606f680e9a7a36d254524c2b17cd969,Bacteria,Actinobacteriota,Actinobacteria,Frankiales,Geodermatophilaceae,Modestobacter,Unassigned
22413f1a54df8978086c7d50f21e5ad2,Bacteria,Proteobacteria,Alphaproteobacteria,Rickettsiales,Mitochondria,Mitochondria,Rhynchosporium_secalis
08bdc6c81f6b9daab3d132b54e1d45bc,Bacteria,Actinobacteriota,Actinobacteria,Corynebacteriales,Nocardiaceae,Rhodococcus,Unassigned
2a2ce9d1533f5a32240f7cb7ff31876e,Bacteria,Proteobacteria,Alphaproteobacteria,Rickettsiales,Mitochondria,Mitochondria,Lecanora_strobilina
f299ac3d8f33bb7e1c33d66d8c2714cc,Bacteria,Firmicutes,Clostridia,Oscillospirales,Ruminococcaceae,Candidatus_Soleaferrea,Unassigned
637b9b3f4d1cbb1a10c07817619cdf69,Bacteria,Proteobacteria,Gammaproteobacteria,Pseudomonadales,Pseudomonadaceae,Pseudomonas,Unassigned
d892d40bc79d0c356bd2886ce8d120ee,Bacteria,Actinobacteriota,Actinobacteria,Micrococcales,Cellulomonadaceae,Cellulomonas,Unassigned
9445cd7451a09e60062e89de5ce7c095,Bacteria,Cyanobacteria,Cyanobacteriia,Chloroplast,Chloroplast,Chloroplast,Prasiolopsis_sp.
5622ce416f64014dbc110fe47f200ecf,Bacteria,Proteobacteria,Alphaproteobacteria,Acetobacterales,Acetobacteraceae,Acidiphilium,uncultured_bacterium
206d00445a497d2441220533e0f6435a,Bacteria,Actinobacteriota,Actinobacteria,Micrococcales,Sanguibacteraceae,Sanguibacter,Unassigned
322f3537fa2d8b289d2c321160112c3c,Bacteria,Cyanobacteria,Cyanobacteriia,Chloroplast,Chloroplast,Chloroplast,Unassigned
b80875d01e879f6e2ff222e495ee9d76,Bacteria,Unassigned,Unassigned,Unassigned,Unassigned,Unassigned,Unassigned
5b1b138a0eb5e21f8170071cde98285a,Bacteria,Proteobacteria,Alphaproteobacteria,Rickettsiales,Mitochondria,Mitochondria,Unassigned
f2c7f2f1df6b9a8cc108b375550a86da,Bacteria,Chloroflexi,Ktedonobacteria,Ktedonobacterales,Ktedonobacteraceae,uncultured,uncultured_Ktedobacteria
369b2ff24d4d026ee6f3f0ae8b487c57,Bacteria,Firmicutes,Bacilli,Lactobacillales,Carnobacteriaceae,Carnobacterium,Unassigned
4fed9fec8ded01ca005d2772aa5c6354,Bacteria,Proteobacteria,Alphaproteobacteria,Rhizobiales,Devosiaceae,Devosia,Unassigned
743a2697f76671ae8d660065cbd133c6,Bacteria,Proteobacteria,Alphaproteobacteria,Rhizobiales,Rhizobiales_Incertae_Sedis,Phreatobacter,Phreatobacter_sp.
c0c51451ce75b0d39cf6913df77bef7b,Bacteria,Bacteroidota,Bacteroidia,Chitinophagales,Chitinophagaceae,Taibaiella,Unassigned
b8c4ed03d7d91546b9f6ad80b80135a3,Bacteria,Actinobacteriota,Actinobacteria,Frankiales,Geodermatophilaceae,Blastococcus,Unassigned
6a7c611c6220ec31b263c78b4eafe5fa,Bacteria,Unassigned,Unassigned,Unassigned,Unassigned,Unassigned,Unassigned
50e579b5eb87e64b8694d31ec1348b7b,Bacteria,Unassigned,Unassigned,Unassigned,Unassigned,Unassigned,Unassigned
e005e5e33e27fa88f988bf8d1c16e70b,Bacteria,Proteobacteria,Alphaproteobacteria,Rickettsiales,Mitochondria,Mitochondria,Lecanora_strobilina
2e90b96075caf4ce55cb2da532354642,Bacteria,Unassigned,Unassigned,Unassigned,Unassigned,Unassigned,Unassigned
20b3df08cd5fac2be26a2928155bab69,Bacteria,Proteobacteria,Gammaproteobacteria,Burkholderiales,Alcaligenaceae,Achromobacter,Unassigned
48a7af65c55adc4dd66178efefb01ed9,Bacteria,Planctomycetota,Planctomycetes,Pirellulales,Pirellulaceae,Pirellula,Unassigned
65d43491988bfe557da4d86a5ba25dae,Bacteria,Firmicutes,Bacilli,Staphylococcales,Staphylococcaceae,Staphylococcus,Unassigned
4ddfecf6ecb6b5d42e544e1b3f95fd75,Bacteria,Proteobacteria,Alphaproteobacteria,Rhizobiales,Devosiaceae,Devosia,Devosia_glacialis
1d3c99cabc99926cf6dc4cbb5a615407,Bacteria,Proteobacteria,Alphaproteobacteria,Caulobacterales,Caulobacteraceae,Brevundimonas,Brevundimonas_terrae
768d500dec54c80d5ef769902dadd792,Bacteria,Planctomycetota,Planctomycetes,Gemmatales,Gemmataceae,Fimbriiglobus,Gemmata_sp.
453431c87ced8b94ba5f280b4a53697a,Bacteria,Cyanobacteria,Cyanobacteriia,Chloroplast,Chloroplast,Chloroplast,Prasiolopsis_sp.
810d24ee924214144b5ce85d1626f9cd,Bacteria,Bacteroidota,Bacteroidia,Sphingobacteriales,Sphingobacteriaceae,Sphingobacterium,Unassigned
991e1e29f78043ef8369f717cc16d4fe,Bacteria,Proteobacteria,Alphaproteobacteria,Rickettsiales,Mitochondria,Mitochondria,Unassigned
2653f9a6e90d957c951070035e6edeea,Bacteria,Proteobacteria,Alphaproteobacteria,Rhizobiales,Rhizobiaceae,Allorhizobium-Neorhizobium-Pararhizobium-Rhizobium,Unassigned
e6c4a7258a21cb1ee250bdb71efc5c98,Bacteria,Bacteroidota,Bacteroidia,Sphingobacteriales,Sphingobacteriaceae,Pedobacter,Unassigned
e6f35e978bd7ee5baf1f0e2b955965f6,Bacteria,Actinobacteriota,Actinobacteria,Micrococcales,Microbacteriaceae,Amnibacterium,uncultured_bacterium
dc080bcdec53bcd1310a65672aa75f35,Bacteria,Unassigned,Unassigned,Unassigned,Unassigned,Unassigned,Unassigned
220ba43a8a47eeea989946d671207cb0,Bacteria,Cyanobacteria,Cyanobacteriia,Chloroplast,Chloroplast,Chloroplast,Bracteacoccus_giganteus
913fdf61e9cf4225997a7ec0186996f7,Bacteria,Chloroflexi,Ktedonobacteria,Ktedonobacterales,Ktedonobacteraceae,uncultured,uncultured_Ktedobacteria
8a44a4e06b1a74f11ee8e2686464e0d5,Bacteria,Proteobacteria,Alphaproteobacteria,Rhodobacterales,Rhodobacteraceae,Planktomarina,Unassigned
c4fa9756fb6d1bbcbe7d13a9d8625043,Bacteria,Proteobacteria,Alphaproteobacteria,Rhizobiales,Devosiaceae,Devosia,metagenome
912bc91df80ca28db5b51adbb1de3754,Bacteria,Actinobacteriota,Rubrobacteria,Rubrobacterales,Rubrobacteriaceae,Rubrobacter,Unassigned
868e0165fe32a8925b7f20afa5e1dbfc,Bacteria,Proteobacteria,Gammaproteobacteria,Burkholderiales,Comamonadaceae,Unassigned,Unassigned
81c70a7dcfcca7ec13e29cad0c6eb06b,Bacteria,Armatimonadota,Fimbriimonadia,Fimbriimonadales,Fimbriimonadaceae,Fimbriimonadaceae,uncultured_bacterium
6539cdf264635d79b1ab259dd5b3b4f0,Bacteria,Bacteroidota,Bacteroidia,Sphingobacteriales,Sphingobacteriaceae,Pedobacter,Unassigned
15950eeda01b7412c502a42adb397d32,Bacteria,Unassigned,Unassigned,Unassigned,Unassigned,Unassigned,Unassigned
664f2425c5ce6ecf7e73254d0a3c26d6,Eukaryota,Opalinata,Opalinata,Opalinata,Opalinata,Opalinata,Opalina_undulata
12322f15c5dcca422f121c2e90eb3566,Bacteria,Proteobacteria,Alphaproteobacteria,Caulobacterales,Caulobacteraceae,Brevundimonas,Brevundimonas_diminuta
9ffb42eab94f68a9d8415d67bfd7b3d5,Bacteria,Actinobacteriota,Actinobacteria,Frankiales,uncultured,uncultured,Unassigned
97d79ef70db60b43e4fb2aef9faad85f,Bacteria,Cyanobacteria,Cyanobacteriia,Chloroplast,Chloroplast,Chloroplast,Ettlia_pseudoalveolaris
0693cc2d3f969aa12f44058bd5851313,Bacteria,Proteobacteria,Alphaproteobacteria,Rickettsiales,Mitochondria,Mitochondria,Unassigned
956290465e6b3f3c2559cfd56d7a4536,Bacteria,Actinobacteriota,Actinobacteria,Corynebacteriales,Mycobacteriaceae,Mycobacterium,Unassigned
46dcd4b7054fddfca2265d0e846b88f2,Bacteria,Proteobacteria,Alphaproteobacteria,Rickettsiales,Mitochondria,Mitochondria,Unassigned
668c410ae9272cce89b8b228f6e0c8b2,Bacteria,Bacteroidota,Bacteroidia,Cytophagales,Spirosomaceae,Dyadobacter,Unassigned
ecde9c492f0ac777ce7626835c8f2f53,Bacteria,Proteobacteria,Alphaproteobacteria,Rhizobiales,Xanthobacteraceae,Unassigned,Unassigned
5ac93ca626f07732ab0eb88164497144,Bacteria,Bacteroidota,Bacteroidia,Bacteroidales,Dysgonomonadaceae,Dysgonomonas,Unassigned
62b2f0af371ddfb3de1881aaed19e8da,Bacteria,Actinobacteriota,Actinobacteria,Actinomycetales,Actinomycetaceae,Actinomyces,uncultured_Actinomycetales
1f4eb0f415bf9247f40f4e78f9402c89,Bacteria,Proteobacteria,Alphaproteobacteria,Acetobacterales,Acetobacteraceae,Acidiphilium,uncultured_bacterium
875c3534edfd53c8031a912a08e56ef8,Bacteria,Cyanobacteria,Cyanobacteriia,Chloroplast,Chloroplast,Chloroplast,Unassigned
8359cc1215c0ae7475efe27dbd6cdc26,Bacteria,Proteobacteria,Alphaproteobacteria,Sphingomonadales,Sphingomonadaceae,Sphingobium,Unassigned
3b770b343c209b510fcce8cd793d18c6,Bacteria,Verrucomicrobiota,Chlamydiae,Chlamydiales,Parachlamydiaceae,Neochlamydia,Unassigned
1df0754b2bcf846bd42b795e406a4a8b,Bacteria,Proteobacteria,Alphaproteobacteria,Rhizobiales,Beijerinckiaceae,Bosea,Unassigned
616e11656cd56c8a5715cecfe8e4a7f8,Bacteria,Actinobacteriota,Actinobacteria,Micrococcales,Intrasporangiaceae,Knoellia,Unassigned
1e4028e16e8a26c05eb591271673c696,Bacteria,Proteobacteria,Alphaproteobacteria,Rhizobiales,Devosiaceae,Devosia,Unassigned
718592e3212a4d702342ce7330ce8b26,Bacteria,Actinobacteriota,Actinobacteria,Corynebacteriales,Nocardiaceae,Rhodococcus,Unassigned
27fa10fa9d28d303d1d3b695f24e9076,Bacteria,Actinobacteriota,Actinobacteria,Micrococcales,Intrasporangiaceae,Unassigned,Unassigned
0b269937fcfd9ae9900dfd39b6ea6a09,Bacteria,Proteobacteria,Alphaproteobacteria,Rhizobiales,Devosiaceae,Unassigned,Unassigned
9dd980db1f7c8dba7151cc73032b25e3,Bacteria,Planctomycetota,Planctomycetes,Isosphaerales,Isosphaeraceae,Tundrisphaera,uncultured_bacterium
082470895cd43cffb0daf98e29de1784,Bacteria,Unassigned,Unassigned,Unassigned,Unassigned,Unassigned,Unassigned
c6aac0ac5398c1e9a6503ec5c65f13c1,Bacteria,Actinobacteriota,Acidimicrobiia,Microtrichales,Microtrichaceae,IMCC26207,Unassigned
ec9562edcf3986f9a56ee377d8ff737c,Bacteria,Cyanobacteria,Cyanobacteriia,Chloroplast,Chloroplast,Chloroplast,Unassigned
841ed522c06fe96eacac2377dd459f49,Bacteria,Firmicutes,Bacilli,Paenibacillales,Paenibacillaceae,Paenibacillus,Unassigned
052c78403ed431ccd2611bfbb4f51d4e,Bacteria,Chloroflexi,Chloroflexia,Thermomicrobiales,JG30-KF-CM45,JG30-KF-CM45,uncultured_soil
4e120c1238c4961844aa96e8d02d03af,Bacteria,Firmicutes,Clostridia,Unassigned,Unassigned,Unassigned,Unassigned
bf166518915980eeffb1ff055119e836,Bacteria,Cyanobacteria,Cyanobacteriia,Chloroplast,Chloroplast,Chloroplast,Tupiella_akineta
75b3b181726994cc1dc5f07b22f72ae3,Bacteria,Proteobacteria,Alphaproteobacteria,Rickettsiales,Mitochondria,Mitochondria,Unassigned
1a04461b51bc23b48c24529fbdb95d2b,Bacteria,Proteobacteria,Alphaproteobacteria,Rhodobacterales,Rhodobacteraceae,Sulfitobacter,Unassigned
2cc8020baed7802fff036d0b06ce2a12,Bacteria,Unassigned,Unassigned,Unassigned,Unassigned,Unassigned,Unassigned
aa65318f0500b048ecb4de66286d06b7,Bacteria,Actinobacteriota,Actinobacteria,Frankiales,Unassigned,Unassigned,Unassigned
6aae9a17fbd9c7a4f55a65ef18d63320,Bacteria,Proteobacteria,Alphaproteobacteria,Rhizobiales,Beijerinckiaceae,Methylobacterium-Methylorubrum,Unassigned
989d340a24c40e886251fda749bf8785,Bacteria,Actinobacteriota,Thermoleophilia,Solirubrobacterales,Solirubrobacteraceae,Conexibacter,Unassigned
7911816f5e81f650f769aba0d5c708cb,Bacteria,Cyanobacteria,Cyanobacteriia,Chloroplast,Chloroplast,Chloroplast,Unassigned
c0d5395792eadbf5f62e8ffb14fa0262,Bacteria,Proteobacteria,Alphaproteobacteria,Rickettsiales,Mitochondria,Mitochondria,Triticum_aestivum
d15bc449222795a9ff230013aa633686,Bacteria,Proteobacteria,Gammaproteobacteria,Pseudomonadales,Moraxellaceae,Acinetobacter,Unassigned
4bbec3bb723375416616a87d785ac74a,Bacteria,Proteobacteria,Alphaproteobacteria,Rhodobacterales,Rhodobacteraceae,Amylibacter,Unassigned
c4e31869b36209375b754236c1074e37,Bacteria,Cyanobacteria,Cyanobacteriia,Chloroplast,Chloroplast,Chloroplast,Prasiolopsis_sp.
63a8c205abc5856fea41aaee665261e4,Bacteria,Proteobacteria,Alphaproteobacteria,Rickettsiales,Mitochondria,Mitochondria,Unassigned
34cab540092926e6656a9e0c4d1cf580,Bacteria,Proteobacteria,Alphaproteobacteria,Sphingomonadales,Sphingomonadaceae,Novosphingobium,Unassigned
11381ab9e61b15a29b4fd317ec7b5191,Bacteria,Cyanobacteria,Cyanobacteriia,Chloroplast,Chloroplast,Chloroplast,Unassigned
5368550ceef380075a0cc7c65e9205c9,Bacteria,Unassigned,Unassigned,Unassigned,Unassigned,Unassigned,Unassigned
b6ad1303e6447b144a28343456b633d1,Bacteria,Unassigned,Unassigned,Unassigned,Unassigned,Unassigned,Unassigned
7c06c4b75e7985d07ca371251ce34f68,Bacteria,Proteobacteria,Alphaproteobacteria,Rhizobiales,Beijerinckiaceae,Bosea,Unassigned
6539f59062d16f8454aa0eeb82a123c1,Bacteria,Firmicutes,Bacilli,Exiguobacterales,Exiguobacteraceae,Exiguobacterium,Exiguobacterium_undae
4748803c2a5839a274c42444a88a5da8,Bacteria,Proteobacteria,Gammaproteobacteria,Alteromonadales,Alteromonadaceae,Glaciecola,Unassigned
fccbdff8fac6bb4a77fa3e3d96e7ec2a,Bacteria,Bacteroidota,Bacteroidia,Flavobacteriales,Weeksellaceae,Chryseobacterium,Unassigned
d95c9b9d40850582e8fa353fcade987b,Bacteria,Bacteroidota,Bacteroidia,Flavobacteriales,Flavobacteriaceae,Flavobacterium,Unassigned
7b9668ebf6830386ee80c560f7b275a7,Bacteria,Proteobacteria,Alphaproteobacteria,Rhizobiales,Beijerinckiaceae,Bosea,Unassigned
30a4f2d698bc1e240f964762badc2001,Bacteria,Proteobacteria,Alphaproteobacteria,Acetobacterales,Acetobacteraceae,Acidiphilium,uncultured_bacterium
00b67d415f51ff2b0af328ce6f811f11,Unassigned,Unassigned,Unassigned,Unassigned,Unassigned,Unassigned,Unassigned
be9e98887917e06fe40ee14eaae47542,Bacteria,Actinobacteriota,Actinobacteria,Micrococcales,Microbacteriaceae,Unassigned,Unassigned
65e53cfa8512dd27d6d31742cd674e62,Bacteria,Proteobacteria,Alphaproteobacteria,Sphingomonadales,Sphingomonadaceae,Sphingobium,Unassigned
d4377dedf14573c2e7dba06ef771c355,Bacteria,Proteobacteria,Alphaproteobacteria,Acetobacterales,Acetobacteraceae,Acidiphilium,uncultured_bacterium
648b5f3fd802b6b7f0b7f7a80becdedb,Bacteria,Planctomycetota,Planctomycetes,Isosphaerales,Isosphaeraceae,Unassigned,Unassigned
efd04ba77f6225fd87c9afbeda11dee5,Bacteria,Unassigned,Unassigned,Unassigned,Unassigned,Unassigned,Unassigned
ed962067f3d3472675d24f92d6dda3b0,Bacteria,Proteobacteria,Gammaproteobacteria,Alteromonadales,Colwelliaceae,Colwellia,Unassigned
129ed2a7ee8a13823b17ff58e872966e,Bacteria,Cyanobacteria,Cyanobacteriia,Chloroplast,Chloroplast,Chloroplast,Prasiolopsis_sp.
367fd0532f406448a26bcca3b54e8e2b,Bacteria,Verrucomicrobiota,Verrucomicrobiae,Verrucomicrobiales,Rubritaleaceae,Luteolibacter,Unassigned
520bbcb3041e3db3f582ad33b88ccf96,Bacteria,Bacteroidota,Bacteroidia,Flavobacteriales,Flavobacteriaceae,Flavobacterium,Unassigned
3343c31b601822d68def46a948c66d58,Bacteria,Fusobacteriota,Fusobacteriia,Fusobacteriales,Leptotrichiaceae,Sebaldella,Sebaldella_termitidis
23b1bba87afc0a8c4e389513c03080fa,Bacteria,Planctomycetota,Planctomycetes,Gemmatales,Gemmataceae,Zavarzinella,uncultured_bacterium
7af8739730f4ddeef964ba0a57b3b6f5,Bacteria,Proteobacteria,Alphaproteobacteria,Sphingomonadales,Sphingomonadaceae,Unassigned,Unassigned
41da1f67db882e54aa2020701805031e,Bacteria,Proteobacteria,Alphaproteobacteria,Rhizobiales,Xanthobacteraceae,Rhodopseudomonas,Unassigned
eaf9b0fb1253fafc474d85e0995ba69e,Bacteria,Proteobacteria,Alphaproteobacteria,Rickettsiales,Mitochondria,Mitochondria,Unassigned
5564f43f36eeeb28e2779ce0c7b11148,Bacteria,Proteobacteria,Alphaproteobacteria,Acetobacterales,Acetobacteraceae,Belnapia,uncultured_bacterium
0d34e514b2d0d3a14fbfa27a9717f5ae,Bacteria,Bacteroidota,Bacteroidia,Sphingobacteriales,Sphingobacteriaceae,Pedobacter,Unassigned
6e8b66d57ddeb9fa12cbcbbbe5ca6106,Bacteria,Firmicutes,Clostridia,Unassigned,Unassigned,Unassigned,Unassigned
19358bc98e8adec6e81c27654c5e50ee,Bacteria,Proteobacteria,Alphaproteobacteria,Rickettsiales,Mitochondria,Mitochondria,Unassigned
632e6962ac5c727ac11e8926cf3bed3d,Bacteria,Proteobacteria,Alphaproteobacteria,Rickettsiales,Mitochondria,Mitochondria,Unassigned
d93817ae5d47f9b7a8fae288a235ca63,Bacteria,Proteobacteria,Gammaproteobacteria,Oceanospirillales,Nitrincolaceae,Unassigned,Unassigned
931ccc3ef22f0a8c33a4cd074f907cc2,Bacteria,Actinobacteriota,Actinobacteria,Micrococcales,Intrasporangiaceae,Unassigned,Unassigned
e3bd4c321c5364d01871ebb503a1dc7e,Bacteria,Proteobacteria,Gammaproteobacteria,Alteromonadales,Colwelliaceae,Colwellia,Unassigned
a581b2d4607e97c5afb8a61b67a6ecd9,Bacteria,Proteobacteria,Alphaproteobacteria,Rhizobiales,Rhizobiaceae,Bartonella,Unassigned
86656d45148d74cc9bd0a4855c530d63,Bacteria,Firmicutes,Clostridia,Lachnospirales,Lachnospiraceae,Unassigned,Unassigned
9ac3bb1d7dedb08a012692a6f536b5af,Bacteria,Proteobacteria,Alphaproteobacteria,Sphingomonadales,Sphingomonadaceae,Sphingomonas,Unassigned
7f8c9fdf6f64ea8e66926e50730035de,Bacteria,Cyanobacteria,Cyanobacteriia,Cyanobacteriales,Chroococcidiopsaceae,uncultured,uncultured_bacterium
d8a6db62ee2e9ed09d49bc0e0d5e553d,Bacteria,Proteobacteria,Gammaproteobacteria,Legionellales,Legionellaceae,Legionella,Unassigned
7f6fce86c121736e36d306e242fc6f30,Bacteria,Firmicutes,Bacilli,Paenibacillales,Paenibacillaceae,Paenibacillus,Unassigned
3d2d6f218da57825cf990ff32feccf3b,Bacteria,Proteobacteria,Alphaproteobacteria,Acetobacterales,Acetobacteraceae,Acidiphilium,uncultured_bacterium
1e72d78c7dc34f6dee7610311aed9daa,Bacteria,Proteobacteria,Alphaproteobacteria,Rickettsiales,Mitochondria,Mitochondria,Unassigned
60e9ccd9b2c6ca734099730ca97bcbb4,Bacteria,Bacteroidota,Bacteroidia,Cytophagales,Spirosomaceae,Dyadobacter,Unassigned
75b50c2d86262910175bd5827b15cfd2,Bacteria,Proteobacteria,Alphaproteobacteria,Sphingomonadales,Sphingomonadaceae,Sphingopyxis,metagenome
b2d5c81840363108d8c1ee54fe294e1b,Bacteria,Actinobacteriota,Acidimicrobiia,Microtrichales,Microtrichaceae,uncultured,metagenome
d03011d309b7fc25ab301265e6923fed,Bacteria,Cyanobacteria,Cyanobacteriia,Chloroplast,Chloroplast,Chloroplast,Bracteacoccus_giganteus
8c241ea58d33f593dd8dfd8600a4ac64,Bacteria,Actinobacteriota,Actinobacteria,Corynebacteriales,Mycobacteriaceae,Mycobacterium,Unassigned
55f551c495c9fbdf4e7605b2c22444bb,Bacteria,Proteobacteria,Gammaproteobacteria,Oceanospirillales,Marinomonadaceae,Marinomonas,uncultured_marine
9341b8bdaf26236af77e6e025b883bc2,Bacteria,Actinobacteriota,Actinobacteria,Frankiales,Nakamurellaceae,Nakamurella,Unassigned
490e16abb53b0d8916a6e835140d64bd,Bacteria,Proteobacteria,Alphaproteobacteria,Rickettsiales,Mitochondria,Mitochondria,Botryosphaeria_dothidea
0b3f323bde3767e11fa0140737540ed1,Bacteria,Proteobacteria,Alphaproteobacteria,Rhizobiales,Devosiaceae,Devosia,Unassigned
8ad071955ce3c9a562aaf98ad10c55b6,Bacteria,Cyanobacteria,Cyanobacteriia,Chloroplast,Chloroplast,Chloroplast,Coccomyxa_sp.
b701af8d98ca714dab16ab6724bb631a,Bacteria,Actinobacteriota,Actinobacteria,Micrococcales,Microbacteriaceae,Unassigned,Unassigned
e09f13f193b7904630a9777d5428c247,Bacteria,Chloroflexi,Chloroflexia,Thermomicrobiales,JG30-KF-CM45,JG30-KF-CM45,uncultured_soil
9929975f0fe857af829647de6ff75709,Bacteria,Myxococcota,Myxococcia,Myxococcales,Myxococcaceae,P3OB-42,uncultured_bacterium
453cf07d3e96e304f23fbde7b355fe70,Bacteria,Actinobacteriota,Actinobacteria,Micrococcales,Microbacteriaceae,Unassigned,Unassigned
82393db99008cd185f65f361f8f6eb03,Bacteria,Actinobacteriota,Actinobacteria,Corynebacteriales,Nocardiaceae,Nocardia,Unassigned
90dcf984fd920c69c2b0e43ca3aea1d3,Bacteria,Planctomycetota,Planctomycetes,Isosphaerales,Isosphaeraceae,Tundrisphaera,uncultured_bacterium
bdc7c3a509296c5ff09b6b58c8c4e057,Bacteria,Cyanobacteria,Cyanobacteriia,Cyanobacteriales,Chroococcidiopsaceae,Aliterella,uncultured_bacterium
32b373dde48c300460826bcd536dbca5,Bacteria,Unassigned,Unassigned,Unassigned,Unassigned,Unassigned,Unassigned
447b86ebda4d9feb6c5216c56858d548,Bacteria,Proteobacteria,Alphaproteobacteria,Rickettsiales,Mitochondria,Mitochondria,Unassigned
3ddbc421946290dbca284dde95cc2d56,Bacteria,Unassigned,Unassigned,Unassigned,Unassigned,Unassigned,Unassigned
9425a1e519473d867727d7e558a86ea3,Bacteria,Cyanobacteria,Cyanobacteriia,Chloroplast,Chloroplast,Chloroplast,Xylochloris_irregularis
d274cb468f505aa029cf116292eed920,Bacteria,Planctomycetota,Planctomycetes,Pirellulales,Pirellulaceae,uncultured,metagenome
122b63c85ebc97a68dd1bf9888d27133,Bacteria,Proteobacteria,Alphaproteobacteria,Rickettsiales,Mitochondria,Mitochondria,Lecanora_strobilina
b5d0821c7524008340ea6afd6e5a15d5,Bacteria,Firmicutes,Bacilli,Paenibacillales,Paenibacillaceae,Paenibacillus,Unassigned
68d9667e4270f759a7a0fd30de048b55,Bacteria,Proteobacteria,Alphaproteobacteria,Acetobacterales,Acetobacteraceae,Acidiphilium,uncultured_Alphaproteobacteria
473d8b36633d012b632789aae834097e,Bacteria,Actinobacteriota,Actinobacteria,Micrococcales,Dermacoccaceae,Allobranchiibius,Unassigned
200be173f37ded5e4cd1741737255495,Bacteria,Cyanobacteria,Cyanobacteriia,Chloroplast,Chloroplast,Chloroplast,Unassigned
e5cf312225c3f3e27200e81a0e2d4ee7,Bacteria,Cyanobacteria,Cyanobacteriia,Chloroplast,Chloroplast,Chloroplast,Unassigned
06bb3fa895e072e060638ec1131d0d3c,Bacteria,Proteobacteria,Alphaproteobacteria,Rhizobiales,Rhizobiaceae,Allorhizobium-Neorhizobium-Pararhizobium-Rhizobium,Unassigned
dfdaf52db0c945f03f32a278f5bb7a62,Bacteria,Proteobacteria,Alphaproteobacteria,Sphingomonadales,Sphingomonadaceae,Sphingopyxis,Unassigned
fe8d1e67790b18f7c5b3fa1d13d4061c,Bacteria,Bacteroidota,Bacteroidia,Flavobacteriales,Weeksellaceae,Chryseobacterium,Unassigned
da2147cc0388cbefc849a8b898bed838,Bacteria,Proteobacteria,Alphaproteobacteria,Reyranellales,Reyranellaceae,Reyranella,metagenome
00f7793b9e96c3365f6a3a097c56805d,Bacteria,Firmicutes,Bacilli,Lactobacillales,Listeriaceae,Brochothrix,Unassigned
0c579d21280801f02a641e1608606927,Bacteria,Actinobacteriota,Actinobacteria,Micrococcales,Micrococcaceae,Micrococcus,Unassigned
dd8229814f2d127e61ac92c5d275db8b,Bacteria,Proteobacteria,Gammaproteobacteria,Burkholderiales,Comamonadaceae,Unassigned,Unassigned
e9fe5b6af3b11e799d63f606d8b74666,Bacteria,Proteobacteria,Alphaproteobacteria,Acetobacterales,Acetobacteraceae,Rhodovarius,uncultured_bacterium
8b5884acc8c736df09c4260b50dc9297,Bacteria,Proteobacteria,Gammaproteobacteria,Pseudomonadales,Pseudomonadaceae,Pseudomonas,Unassigned
488cc6e7627fe8e4b26327c7f882ed03,Bacteria,Proteobacteria,Alphaproteobacteria,Acetobacterales,Acetobacteraceae,Acidiphilium,Unassigned
4a084b1ce18417922c08c9000f984f78,Bacteria,Proteobacteria,Gammaproteobacteria,Legionellales,Legionellaceae,Legionella,Unassigned
e0a73419fca9b7cce9e4050058173388,Bacteria,Actinobacteriota,Actinobacteria,Frankiales,uncultured,uncultured,Actinomycetales_bacterium
add197aed17ced91ee9e0b5a949563b8,Bacteria,Firmicutes,Clostridia,Lachnospirales,Lachnospiraceae,Tyzzerella,Unassigned
65f55015ddc161df29ad55e9a337e21e,Bacteria,Proteobacteria,Alphaproteobacteria,Sphingomonadales,Sphingomonadaceae,Rhizorhapis,uncultured_bacterium
0553ba55db6ec65d1aa6807be77a0047,Bacteria,Proteobacteria,Alphaproteobacteria,Rhizobiales,Rhizobiaceae,Aminobacter,Unassigned
7857d3187944415a804e443783213d31,Bacteria,Proteobacteria,Gammaproteobacteria,Oceanospirillales,Pseudohongiellaceae,Pseudohongiella,Unassigned
a10b6b40998a7382748882fb77cf4efa,Bacteria,Proteobacteria,Alphaproteobacteria,Acetobacterales,Acetobacteraceae,Acidiphilium,uncultured_bacterium
93e24884925cae6a2e3134217b58c675,Bacteria,Actinobacteriota,Thermoleophilia,Solirubrobacterales,Solirubrobacteraceae,Conexibacter,Unassigned
4a0b292ba716582f9af46694458c0b9b,Bacteria,Cyanobacteria,Cyanobacteriia,Chloroplast,Chloroplast,Chloroplast,Unassigned
e7a8cf618bbf4cf425308221f8e6500f,Bacteria,Cyanobacteria,Cyanobacteriia,Chloroplast,Chloroplast,Chloroplast,Unassigned
1b19ddc52f14d0b9a5430a8f2efeb1a8,Bacteria,Actinobacteriota,Actinobacteria,Frankiales,Geodermatophilaceae,Blastococcus,Blastococcus_sp.
c4c42dce9baf70ecffc52c7e93609ba5,Bacteria,Planctomycetota,Planctomycetes,Isosphaerales,Isosphaeraceae,uncultured,Unassigned
a537d8bab85c83b0e74c73c55790324b,Bacteria,Proteobacteria,Alphaproteobacteria,Caulobacterales,Caulobacteraceae,Brevundimonas,Unassigned
51205c6935ea893b36bb2c0327953924,Bacteria,Planctomycetota,Planctomycetes,Isosphaerales,Isosphaeraceae,Tundrisphaera,uncultured_Singulisphaera
ad7fa6962c0bd5cbe26376854c5958aa,Bacteria,Actinobacteriota,Actinobacteria,Micrococcales,Intrasporangiaceae,Terrabacter,Unassigned
7013dc45e1ce7e75ab895d332b1298f9,Bacteria,Cyanobacteria,Cyanobacteriia,Chloroplast,Chloroplast,Chloroplast,Watanabea_reniformis
b9fcd7d71b74853248517b892d03a745,Bacteria,Bacteroidota,Bacteroidia,Flavobacteriales,Flavobacteriaceae,Flavobacterium,Unassigned
881fb5ce578639cae59db7ce9acb6095,Bacteria,Cyanobacteria,Cyanobacteriia,Chloroplast,Chloroplast,Chloroplast,Hydra_vulgaris
e8386d3a307c208c4b9f0a756259cd6b,Bacteria,Proteobacteria,Gammaproteobacteria,Pseudomonadales,Moraxellaceae,Acinetobacter,Unassigned
62f7e72504768e5c3ba93ae5e5b4c40e,Bacteria,Cyanobacteria,Cyanobacteriia,Chloroplast,Chloroplast,Chloroplast,Unassigned
bbc1bb7a8a5b415829e3ce2b95d90958,Bacteria,Proteobacteria,Alphaproteobacteria,Rhizobiales,Rhizobiales_Incertae_Sedis,Phreatobacter,Phreatobacter_sp.
f52a4baef57c00dfa8c36ac5ed6d9b89,Bacteria,Proteobacteria,Gammaproteobacteria,Burkholderiales,Alcaligenaceae,Advenella,Unassigned
0282f508846738bb945520c8a81e4d38,Bacteria,Cyanobacteria,Cyanobacteriia,Chloroplast,Chloroplast,Chloroplast,Unassigned
33e95214ae63886f412eacd2b0b5652f,Bacteria,Bacteroidota,Bacteroidia,Sphingobacteriales,Sphingobacteriaceae,Pedobacter,Unassigned
b3258f54d9393fba62ca567ecea3f641,Bacteria,Actinobacteriota,Actinobacteria,Propionibacteriales,Nocardioidaceae,Marmoricola,uncultured_bacterium
a1486edc53430acb499dd65d8d41dfae,Bacteria,Actinobacteriota,Actinobacteria,Frankiales,uncultured,uncultured,Actinomycetales_bacterium
dcb5051ef63a2356b44080824453e6ec,Bacteria,Planctomycetota,Planctomycetes,Gemmatales,Gemmataceae,uncultured,metagenome
4e4f1228dedebaa402708cd89682f15e,Bacteria,Actinobacteriota,Actinobacteria,Propionibacteriales,Nocardioidaceae,Nocardioides,Unassigned
e8e43703f5953137777dadfbad7628d2,Bacteria,Cyanobacteria,Cyanobacteriia,Chloroplast,Chloroplast,Chloroplast,Oscillatoriales_cyanobacterium
164c947b4f9faa9a22f02eb843771c82,Bacteria,Cyanobacteria,Cyanobacteriia,Chloroplast,Chloroplast,Chloroplast,Prasiolopsis_sp.
7089c8f8096c35d692713d20cc214f9a,Bacteria,Unassigned,Unassigned,Unassigned,Unassigned,Unassigned,Unassigned
151b7dc792fcea7fb131d7b048d2375f,Bacteria,Actinobacteriota,Rubrobacteria,Rubrobacterales,Rubrobacteriaceae,Rubrobacter,Unassigned
3ff56351308c3c644f5864e398375113,Bacteria,Proteobacteria,Gammaproteobacteria,Oceanospirillales,Nitrincolaceae,Marinobacterium,Marinobacterium_jannaschii
b6910d028fa07792164800401ad25bb5,Bacteria,Actinobacteriota,Actinobacteria,Propionibacteriales,Nocardioidaceae,Unassigned,Unassigned
7c3b2d76afe41f7d0a89b6b95ee3f3fd,Bacteria,Verrucomicrobiota,Verrucomicrobiae,Chthoniobacterales,Chthoniobacteraceae,Chthoniobacter,uncultured_bacterium
bf1976de535b809ebafdde5ee94ce4f7,Bacteria,Cyanobacteria,Cyanobacteriia,Chloroplast,Chloroplast,Chloroplast,Unassigned
d167b13524d29dd32432572d5e068108,Bacteria,Proteobacteria,Alphaproteobacteria,Puniceispirillales,SAR116_clade,Candidatus_Puniceispirillum,Unassigned
807ffaa03c8aca2a52d43a45dfc6e422,Bacteria,Actinobacteriota,Rubrobacteria,Rubrobacterales,Rubrobacteriaceae,Rubrobacter,Unassigned
76fe5bfaf9792607e41a95889d28ca32,Bacteria,Proteobacteria,Gammaproteobacteria,Burkholderiales,Comamonadaceae,Unassigned,Unassigned
90950f6b38c8dfc60623b50b33a96be6,Bacteria,Actinobacteriota,Actinobacteria,Micrococcales,Microbacteriaceae,Amnibacterium,Unassigned
70eae3f0af7c1ad7350c1a3189b6766b,Bacteria,Firmicutes,Bacilli,Paenibacillales,Paenibacillaceae,Paenibacillus,Unassigned
ebb33ce044ac0ed41f194adfe4a58fd5,Bacteria,Actinobacteriota,Actinobacteria,Propionibacteriales,Nocardioidaceae,Nocardioides,Unassigned
28901f408a83a0641d1a4b93c0f3374e,Bacteria,Verrucomicrobiota,Verrucomicrobiae,Verrucomicrobiales,Verrucomicrobiaceae,uncultured,uncultured_bacterium
4287f9128329cdf3a30826b67cc0126c,Bacteria,Cyanobacteria,Cyanobacteriia,Chloroplast,Chloroplast,Chloroplast,Unassigned
893eea1783c06f31981d93c0a8acca61,Bacteria,Planctomycetota,Planctomycetes,Gemmatales,Gemmataceae,Fimbriiglobus,uncultured_bacterium
14720096347317f431e8bb69d47b6bc5,Bacteria,Cyanobacteria,Cyanobacteriia,Chloroplast,Chloroplast,Chloroplast,Unassigned
70afa15531f074cfb240c76071bb9e62,Bacteria,Proteobacteria,Alphaproteobacteria,Rickettsiales,Mitochondria,Mitochondria,Unassigned
a26b284d8e1536d3c71e109da4093d11,Unassigned,Unassigned,Unassigned,Unassigned,Unassigned,Unassigned,Unassigned
d0076adc6afda514cfbb3c6ca1e3074a,Bacteria,Actinobacteriota,Actinobacteria,Micrococcales,Promicromonosporaceae,Unassigned,Unassigned
d58ec7205571aa7aac35ad7710363e12,Bacteria,Firmicutes,Clostridia,Peptostreptococcales-Tissierellales,Anaerovoracaceae,Unassigned,Unassigned
7d78ed99b08bd1723065fdd795d17e9c,Bacteria,Actinobacteriota,Actinobacteria,Corynebacteriales,Corynebacteriaceae,Corynebacterium,Unassigned
9b9aa487f73373e3064d81082077757d,Bacteria,Cyanobacteria,Cyanobacteriia,Chloroplast,Chloroplast,Chloroplast,Unassigned
c80bac4120d771accec29d98aab2e2a2,Bacteria,Cyanobacteria,Cyanobacteriia,Chloroplast,Chloroplast,Chloroplast,Unassigned
2ed88e616c155c875b46f151b5767338,Bacteria,Campilobacterota,Campylobacteria,Campylobacterales,Arcobacteraceae,uncultured,Unassigned
90c7abd4608791a52b856e887b0e1fe4,Bacteria,Cyanobacteria,Cyanobacteriia,Chloroplast,Chloroplast,Chloroplast,Vischeria_sp.
ee279c64d4b8ca7b8abd12858f46f0b7,Bacteria,Cyanobacteria,Cyanobacteriia,Cyanobacteriales,Chroococcidiopsaceae,Aliterella,Unassigned
8a6fb5f84f21695eeca11f261ea280b0,Bacteria,Cyanobacteria,Cyanobacteriia,Chloroplast,Chloroplast,Chloroplast,Prasiolopsis_sp.
84266c0a95e550e47736c43ddde2ffd8,Bacteria,Unassigned,Unassigned,Unassigned,Unassigned,Unassigned,Unassigned
12d0aa5fae88e5c3592eb67c1e8a6f96,Bacteria,Planctomycetota,Planctomycetes,Isosphaerales,Isosphaeraceae,uncultured,Unassigned
841743be975566f055d09c66a50ab0a3,Bacteria,Proteobacteria,Alphaproteobacteria,Acetobacterales,Acetobacteraceae,Acidiphilium,Unassigned
65f10e956fe7a2943d36f53022056ee3,Bacteria,Proteobacteria,Alphaproteobacteria,Rickettsiales,Mitochondria,Mitochondria,Chlorella_pyrenoidosa
1ec92d671ccfd5d924650b622d772b96,Bacteria,Proteobacteria,Alphaproteobacteria,Rhizobiales,Rhizobiaceae,Pseudochrobactrum,Unassigned
9c1b7f64a0ef9993e62c8e906163768d,Bacteria,Unassigned,Unassigned,Unassigned,Unassigned,Unassigned,Unassigned
497a26126c9e726c768bdec79e8c4e9b,Bacteria,Actinobacteriota,Actinobacteria,Micrococcales,Microbacteriaceae,Curtobacterium,Unassigned
9d5252844317d20f512f1d8968a21de6,Bacteria,Unassigned,Unassigned,Unassigned,Unassigned,Unassigned,Unassigned
9514d9b659640426fb94e0f6fd72dbb4,Bacteria,Actinobacteriota,Actinobacteria,Frankiales,Nakamurellaceae,Nakamurella,uncultured_bacterium
4753f1f75b09eb09985c3a4698c704b1,Bacteria,Proteobacteria,Alphaproteobacteria,Sphingomonadales,Sphingomonadaceae,Sphingomonas,Unassigned
6f822cdec4de1f76dd5eecff061d7889,Bacteria,Bacteroidota,Bacteroidia,Sphingobacteriales,Sphingobacteriaceae,Pedobacter,Unassigned
af27577de5edb10c09f7fc19b9ca45ca,Bacteria,Proteobacteria,Alphaproteobacteria,Rhodobacterales,Rhodobacteraceae,Unassigned,Unassigned
dfdf1ef220a43f410a3a4d3c208b28dd,Bacteria,Actinobacteriota,Actinobacteria,Micrococcales,Intrasporangiaceae,Knoellia,Unassigned
6175f3ca77b1c02fccd7634df4438cae,Bacteria,Proteobacteria,Alphaproteobacteria,Rickettsiales,Mitochondria,Mitochondria,Unassigned
820f6693f569e339f183638cd73a7fe6,Bacteria,Actinobacteriota,Actinobacteria,Corynebacteriales,Corynebacteriaceae,Lawsonella,uncultured_bacterium
d81ae5097c85b8572fde2c2ec5da1278,Bacteria,Proteobacteria,Alphaproteobacteria,Rickettsiales,Mitochondria,Mitochondria,Unassigned
34aa6c5419744d81f8075eade565b9ea,Bacteria,Planctomycetota,Planctomycetes,Planctomycetales,Rubinisphaeraceae,uncultured,metagenome
93bb47482baddc7b865558a2cbf94cf0,Bacteria,Proteobacteria,Alphaproteobacteria,Rickettsiales,Mitochondria,Mitochondria,Rhynchosporium_secalis
bf1969c0e412e57637a9ae7a3b638492,Bacteria,Proteobacteria,Gammaproteobacteria,Burkholderiales,Comamonadaceae,Variovorax,Unassigned
2ac65aba35d1aa99af7a4b3d828956d5,Bacteria,Proteobacteria,Alphaproteobacteria,Rhizobiales,Beijerinckiaceae,Bosea,Unassigned
6f1adeeee8a3308f328879f432d5141f,Bacteria,Verrucomicrobiota,Verrucomicrobiae,Verrucomicrobiales,Rubritaleaceae,Luteolibacter,Unassigned
320646b00aa077b31219f515a1a9f475,Bacteria,Proteobacteria,Alphaproteobacteria,Rickettsiales,Mitochondria,Mitochondria,Unassigned
16da9716b4d7c3c9c904f3f799d67dfe,Bacteria,Proteobacteria,Gammaproteobacteria,Burkholderiales,Comamonadaceae,Comamonas,Unassigned
3d2961debbeab37f748730fa4d7e9807,Bacteria,Cyanobacteria,Cyanobacteriia,Chloroplast,Chloroplast,Chloroplast,Tetradesmus_obliquus
3a1a356d52f95ee05bdaa73566e357c8,Bacteria,Actinobacteriota,Acidimicrobiia,Microtrichales,Ilumatobacteraceae,CL500-29_marine_group,metagenome
171972b080255260c9263c8ea1265bd2,Bacteria,Actinobacteriota,Actinobacteria,Propionibacteriales,Nocardioidaceae,Unassigned,Unassigned
f692ef9b76da137e6118158294ac9ebe,Bacteria,Proteobacteria,Alphaproteobacteria,Rhizobiales,Beijerinckiaceae,Microvirga,Unassigned
5f3371113df8d9fd0068e06c7c9844f9,Bacteria,Proteobacteria,Alphaproteobacteria,Rhizobiales,Beijerinckiaceae,1174-901-12,Rhizobiales_bacterium
ae9ecef4e854c01c7f4abe4877dfe1a1,Bacteria,Proteobacteria,Alphaproteobacteria,Rhizobiales,Beijerinckiaceae,uncultured,uncultured_Rhizobiales
33ac0d59f20636df15a3455eb6567fe1,Bacteria,Cyanobacteria,Cyanobacteriia,Chloroplast,Chloroplast,Chloroplast,Unassigned
1f15c1f53788e604905686a0e4a7431b,Bacteria,Verrucomicrobiota,Chlamydiae,Chlamydiales,Parachlamydiaceae,Unassigned,Unassigned
1a0a5f3bceb8f19780cc3e7642ee624f,Bacteria,Proteobacteria,Gammaproteobacteria,Pseudomonadales,Moraxellaceae,Alkanindiges,Unassigned
92d18f425e21a08a12108ec8454ae80b,Bacteria,Actinobacteriota,Actinobacteria,Frankiales,Frankiaceae,Jatrophihabitans,Jatrophihabitans_sp.
d46cc00c8c2a8405d990fc1ac199f1d7,Bacteria,Actinobacteriota,Actinobacteria,Micrococcales,Intrasporangiaceae,Unassigned,Unassigned
7bf814b718388490bd07a68a5c92125c,Bacteria,Actinobacteriota,Actinobacteria,Micrococcales,Micrococcaceae,Paeniglutamicibacter,Unassigned
05cb1408aaaad271c74a2e688a26f73f,Bacteria,Proteobacteria,Gammaproteobacteria,Burkholderiales,Oxalobacteraceae,Unassigned,Unassigned
3c25aefde2ab931cbf9149166d8644af,Bacteria,Proteobacteria,Gammaproteobacteria,Vibrionales,Vibrionaceae,Unassigned,Unassigned
efab83a261720b9896e6d0b4af0fc418,Bacteria,Proteobacteria,Alphaproteobacteria,Rickettsiales,Mitochondria,Mitochondria,Unassigned
00e6591a500845a7de3c78bb6430ec56,Bacteria,Cyanobacteria,Cyanobacteriia,Chloroplast,Chloroplast,Chloroplast,uncultured_bacterium
e0e04b7d9a2e6feb18a3854937562f7f,Bacteria,Firmicutes,Bacilli,Lactobacillales,Vagococcaceae,Vagococcus,Unassigned
0c99cd95503113e5ae2d80195f15c99d,Bacteria,Firmicutes,Clostridia,Oscillospirales,Ruminococcaceae,uncultured,Unassigned
df659a6ddd7ae0d71d58f1504a6386bc,Bacteria,Planctomycetota,Planctomycetes,Pirellulales,Pirellulaceae,Pirellula,Unassigned
6fb076ba18911859c723665d6637f31e,Bacteria,Proteobacteria,Alphaproteobacteria,Rhizobiales,Devosiaceae,Unassigned,Unassigned
8553bd0dbb73c5fa6fe8f4481fa62bbb,Bacteria,Bacteroidota,Bacteroidia,Sphingobacteriales,Sphingobacteriaceae,Pedobacter,Unassigned
15985e5b21c459a170dacb98c2c503d3,Bacteria,Actinobacteriota,Actinobacteria,Kineosporiales,Kineosporiaceae,Unassigned,Unassigned
1b9b82444d4d216b95032bb22ee44a93,Bacteria,Proteobacteria,Alphaproteobacteria,Acetobacterales,Acetobacteraceae,Roseomonas,Unassigned
3bc9c5a52fdfb00773be83b46b032923,Bacteria,Chloroflexi,Ktedonobacteria,Ktedonobacterales,Ktedonobacteraceae,uncultured,uncultured_Ktedobacteria
4a0a6f207e0aa35570e56f5c2b39502e,Bacteria,Actinobacteriota,Actinobacteria,Micrococcales,Microbacteriaceae,Unassigned,Unassigned
e9b6a17a2f0695a2111337841021a8d8,Bacteria,Actinobacteriota,Acidimicrobiia,Microtrichales,uncultured,uncultured,Unassigned
68262884f1021c896f8e1bf7348d773c,Bacteria,Bacteroidota,Bacteroidia,Flavobacteriales,Flavobacteriaceae,Flavobacterium,Unassigned
33fc687eff785cb0f1a3d6db919c9f3b,Bacteria,Proteobacteria,Alphaproteobacteria,Rickettsiales,Mitochondria,Mitochondria,Rhynchosporium_secalis
632ef94da74307e2c56b17cccaa01305,Bacteria,Actinobacteriota,Actinobacteria,Frankiales,Frankiaceae,Jatrophihabitans,Jatrophihabitans_sp.
9d2c7e547a61784a327ee16d604583e4,Bacteria,Actinobacteriota,Actinobacteria,Frankiales,Frankiaceae,Jatrophihabitans,Unassigned
1f3cee03a2821deaacd195547bd52835,Bacteria,Cyanobacteria,Cyanobacteriia,Chloroplast,Chloroplast,Chloroplast,Tetradesmus_obliquus
3481fa43fe5fba6aecdc7f9aae6ed9c0,Bacteria,Proteobacteria,Gammaproteobacteria,Enterobacterales,Yersiniaceae,Unassigned,Unassigned
c36c1890ad28d3dd5f0467f72f4fd78f,Bacteria,Actinobacteriota,Actinobacteria,Frankiales,Frankiaceae,Jatrophihabitans,uncultured_Frankiaceae
77edeb3e5cf01d2823d3b618e59d69da,Bacteria,Proteobacteria,Alphaproteobacteria,Acetobacterales,Acetobacteraceae,Unassigned,Unassigned
702af9e944edfd5a1a7f0dce0d566376,Bacteria,Actinobacteriota,Actinobacteria,Micrococcales,Microbacteriaceae,Unassigned,Unassigned
730a364f420288a95b9d6feb7ea3674c,Bacteria,Deinococcota,Deinococci,Deinococcales,Trueperaceae,Truepera,Unassigned
87d640d731634711a6ee9c203ab10af4,Bacteria,Proteobacteria,Alphaproteobacteria,Rickettsiales,Mitochondria,Mitochondria,uncultured_bacterium
e3d06e98bac7e4bf12488a45e2a2f345,Bacteria,Planctomycetota,Planctomycetes,Gemmatales,Gemmataceae,Fimbriiglobus,uncultured_bacterium
05fbf9448c5c86dda7fe09617505b4f4,Bacteria,Cyanobacteria,Cyanobacteriia,Chloroplast,Chloroplast,Chloroplast,Unassigned
de3901260547a323762fba9b9dec22ca,Bacteria,Proteobacteria,Alphaproteobacteria,Acetobacterales,Acetobacteraceae,Roseomonas,Unassigned
469511857be8fd669189f5d10f99998e,Bacteria,Proteobacteria,Alphaproteobacteria,Rickettsiales,Mitochondria,Mitochondria,Unassigned
c130baecd35f08a8f79bdfbdc0abb6c0,Bacteria,Proteobacteria,Alphaproteobacteria,Rhizobiales,Rhizobiaceae,Allorhizobium-Neorhizobium-Pararhizobium-Rhizobium,Unassigned
4fa286237cb0f2d23003a33893afce48,Bacteria,Actinobacteriota,Actinobacteria,Micrococcales,Microbacteriaceae,Unassigned,Unassigned
602dbf8f2f3c6a1666ac99c7cd638b23,Bacteria,Cyanobacteria,Cyanobacteriia,Chloroplast,Chloroplast,Chloroplast,Oscillatoriales_cyanobacterium
5a018730b2dcf580851eae1cebb82efa,Bacteria,Proteobacteria,Alphaproteobacteria,Rhizobiales,Devosiaceae,Devosia,Unassigned
1b21d2b71f96b4a59b392aee9aa1d655,Bacteria,Proteobacteria,Gammaproteobacteria,Alteromonadales,Pseudoalteromonadaceae,Pseudoalteromonas,Unassigned
eda815877561469df36f22d3d73d6a2c,Bacteria,Proteobacteria,Alphaproteobacteria,Rickettsiales,Mitochondria,Mitochondria,Unassigned
2717d8b813ca6cefbe2390797ba22406,Bacteria,Actinobacteriota,Actinobacteria,Frankiales,Frankiaceae,Jatrophihabitans,Unassigned
97681b02e638547997d4d1aab5ffef07,Bacteria,Proteobacteria,Alphaproteobacteria,Rickettsiales,Mitochondria,Mitochondria,Unassigned
6e2a07b5b188f55a11a9458b1b6c629a,Bacteria,Unassigned,Unassigned,Unassigned,Unassigned,Unassigned,Unassigned
df69480b570421674819d9bf0acd2634,Bacteria,Actinobacteriota,Actinobacteria,Corynebacteriales,Mycobacteriaceae,Mycobacterium,Unassigned
41f27349b5b432445a9c8cb78817caed,Bacteria,Proteobacteria,Alphaproteobacteria,Rhizobiales,Beijerinckiaceae,Psychroglaciecola,uncultured_bacterium
90d4cfadf373fb19e749951cd9000ab6,Bacteria,Campilobacterota,Campylobacteria,Campylobacterales,Arcobacteraceae,uncultured,Unassigned
c1d9eada909d2d5dbe078f25f1038508,Bacteria,Proteobacteria,Gammaproteobacteria,Burkholderiales,Comamonadaceae,Unassigned,Unassigned
4bdc0a61b2e017c7139a0e5bebf5153f,Bacteria,Cyanobacteria,Cyanobacteriia,Chloroplast,Chloroplast,Chloroplast,Chlorella_sorokiniana
e2a67d309b98c8750dcee5ab77a43b1a,Bacteria,Cyanobacteria,Cyanobacteriia,Chloroplast,Chloroplast,Chloroplast,Unassigned
43f8d1ced946461f54ea0b5b7001d5d6,Bacteria,Actinobacteriota,Actinobacteria,Micrococcales,Microbacteriaceae,Unassigned,Unassigned
6c3618600c2a8a7ee9feb91f11ee84e8,Bacteria,Actinobacteriota,Actinobacteria,Propionibacteriales,Nocardioidaceae,Nocardioides,Unassigned
cb0a04f8e0eb4ae23a00314ac78818f1,Bacteria,Firmicutes,Clostridia,Oscillospirales,Ruminococcaceae,uncultured,uncultured_Firmicutes
0c4f699fec9cf980e6c3f2e616a3f393,Bacteria,Proteobacteria,Alphaproteobacteria,Sphingomonadales,Sphingomonadaceae,Sphingorhabdus,uncultured_bacterium
96a6f4a2c6624b8ff4c2fc8504e3f0da,Bacteria,Actinobacteriota,Actinobacteria,Micromonosporales,Micromonosporaceae,Micromonospora,Unassigned
7135faf5e37b01eed00b9536c152d39d,Bacteria,Proteobacteria,Alphaproteobacteria,Rickettsiales,Mitochondria,Mitochondria,Chlorella_pyrenoidosa
7d81d0f8a78b66abf9136abf5b425097,Bacteria,Actinobacteriota,Actinobacteria,Micrococcales,Cellulomonadaceae,Actinotalea,uncultured_bacterium
f32490b8845851fe9be12251653f85f3,Bacteria,Actinobacteriota,Actinobacteria,Micrococcales,Microbacteriaceae,Unassigned,Unassigned
69af4e6f4ff6fa0b5f9b63c396d2c3f3,Bacteria,Unassigned,Unassigned,Unassigned,Unassigned,Unassigned,Unassigned
945184b6386c192c0066e0a98a154780,Bacteria,Proteobacteria,Gammaproteobacteria,Enterobacterales,Enterobacteriaceae,Unassigned,Unassigned
463064a2adeca5fc2ceee861d5918162,Bacteria,Actinobacteriota,Acidimicrobiia,Microtrichales,Iamiaceae,Iamia,metagenome
d6efd2da2728fd74ded268122ee05036,Bacteria,Proteobacteria,Alphaproteobacteria,Sphingomonadales,Sphingomonadaceae,Sphingomonas,Unassigned
9ebea8debc599d4128f969bab266e92e,Bacteria,Cyanobacteria,Cyanobacteriia,Chloroplast,Chloroplast,Chloroplast,Oscillatoriales_cyanobacterium
b8e3ce1963bcb2305af3f398bf20af79,Bacteria,Cyanobacteria,Cyanobacteriia,Chloroplast,Chloroplast,Chloroplast,uncultured_Chlorophyta
a20eb37d50abf4ef13197bd4a0ea8c84,Bacteria,Actinobacteriota,Actinobacteria,Micrococcales,Micrococcaceae,Arthrobacter,Unassigned
5eee0e1f5da6a095b7ac8a17890c92b4,Bacteria,Firmicutes,Bacilli,RsaHf231,RsaHf231,RsaHf231,uncultured_bacterium
8063f35f3b1cd3b7bc7e8c9606992763,Bacteria,Verrucomicrobiota,Verrucomicrobiae,Verrucomicrobiales,Rubritaleaceae,Luteolibacter,Unassigned
99dae74aec65470c46bd9867e7afd126,Bacteria,Proteobacteria,Alphaproteobacteria,Rickettsiales,Mitochondria,Mitochondria,Botryosphaeria_dothidea
894c13b91297a60cf006d0b4b0578813,Bacteria,Actinobacteriota,Actinobacteria,Propionibacteriales,Nocardioidaceae,Marmoricola,Unassigned
60be511662c5e56ef65820597b6b9e20,Bacteria,Cyanobacteria,Cyanobacteriia,Chloroplast,Chloroplast,Chloroplast,Unassigned
b4626f6f1fc371121aa5b25f0105050e,Bacteria,Proteobacteria,Alphaproteobacteria,Rhizobiales,Kaistiaceae,Kaistia,uncultured_bacterium
e57c5df6a9b3b982472e7754ed31f313,Bacteria,Proteobacteria,Gammaproteobacteria,Burkholderiales,Oxalobacteraceae,Massilia,Unassigned
1502bc9e46e3567f987e8244e9f86df0,Bacteria,Actinobacteriota,Actinobacteria,Frankiales,uncultured,uncultured,Unassigned
7d135dfbf857c62673695ef24332b100,Bacteria,Actinobacteriota,Actinobacteria,Micrococcales,Micrococcaceae,Rothia,Unassigned
72ee26fadeee5a3fec7ce17a1ec1f781,Bacteria,Actinobacteriota,Rubrobacteria,Rubrobacterales,Rubrobacteriaceae,Rubrobacter,Unassigned
9c038c39cdaf030d74210a7b5a5f0734,Bacteria,Proteobacteria,Alphaproteobacteria,Sphingomonadales,Sphingomonadaceae,Sphingorhabdus,uncultured_bacterium
629ae8127d20ab8a2cd9f6772c8f151a,Bacteria,Unassigned,Unassigned,Unassigned,Unassigned,Unassigned,Unassigned
5649447d0222bd34d28a6e5f13981af0,Bacteria,Proteobacteria,Gammaproteobacteria,Oceanospirillales,Nitrincolaceae,uncultured,uncultured_marine
a759c2ceb519ebf954cac2c2257921a3,Bacteria,Bacteroidota,Bacteroidia,Sphingobacteriales,Sphingobacteriaceae,Pedobacter,Unassigned
83f0260a9dfd7b1a55574559f50c7ed3,Bacteria,Unassigned,Unassigned,Unassigned,Unassigned,Unassigned,Unassigned
feb8ad824e0191c9c9a5286edbb5efe5,Bacteria,Proteobacteria,Alphaproteobacteria,Sphingomonadales,Sphingomonadaceae,Novosphingobium,Unassigned
f7eaecf4c844f8ff91cba99f18250778,Bacteria,Proteobacteria,Alphaproteobacteria,Rickettsiales,Mitochondria,Mitochondria,Unassigned
ae42cf7d2a01a3c39536071845fc5186,Bacteria,Proteobacteria,Alphaproteobacteria,Rhizobiales,Xanthobacteraceae,Bradyrhizobium,Unassigned
04455243f38097693223300600ca60d5,Bacteria,Planctomycetota,Planctomycetes,Planctomycetales,uncultured,uncultured,metagenome
60af21aecaec8d8dea8f30d589ee9099,Bacteria,Cyanobacteria,Cyanobacteriia,Chloroplast,Chloroplast,Chloroplast,Vischeria_sp.
128123bb4597efd053760543a2eac772,Bacteria,Actinobacteriota,Acidimicrobiia,uncultured,uncultured,uncultured,uncultured_Acidimicrobiia
8f65c14e45d3c8ab8247a7fbc53dbe61,Bacteria,Verrucomicrobiota,Chlamydiae,Chlamydiales,Parachlamydiaceae,uncultured,metagenome
22f1fa0bdcc19746dee080bcc12a1840,Bacteria,Proteobacteria,Alphaproteobacteria,Rickettsiales,Mitochondria,Mitochondria,Arachis_hypogaea
6f57ccb48bf5482e825febeb9646f09c,Bacteria,Cyanobacteria,Cyanobacteriia,Chloroplast,Chloroplast,Chloroplast,Watanabea_reniformis
15a64f10c4c459f269f4c60c5159f227,Bacteria,Cyanobacteria,Cyanobacteriia,Chloroplast,Chloroplast,Chloroplast,Unassigned
18c2baa7adc8eb4552afb2981a658a54,Bacteria,Actinobacteriota,Actinobacteria,Corynebacteriales,Mycobacteriaceae,Mycobacterium,Unassigned
8880740e59a373dd16d4f36ce1b2e300,Bacteria,Proteobacteria,Alphaproteobacteria,Rickettsiales,Mitochondria,Mitochondria,Unassigned
59e943944a19bfae87fdad325a8100a9,Bacteria,Proteobacteria,Alphaproteobacteria,Rhizobiales,Unassigned,Unassigned,Unassigned
6d1077459ccb01eeace99e9efc3f8d49,Bacteria,Cyanobacteria,Cyanobacteriia,Chloroplast,Chloroplast,Chloroplast,Vischeria_sp.
46d2fd6a51fad29018a14219bfa89933,Bacteria,Planctomycetota,Planctomycetes,Isosphaerales,Isosphaeraceae,uncultured,uncultured_bacterium
8df2b2e6c1cb64bd18b81d5bae7f0898,Bacteria,Proteobacteria,Gammaproteobacteria,Burkholderiales,Oxalobacteraceae,Massilia,Unassigned
e5fbbe9c3565445e0baa2301c8a301f3,Bacteria,Unassigned,Unassigned,Unassigned,Unassigned,Unassigned,Unassigned
019dbae2126663ddb0710cfa00fccb48,Bacteria,Proteobacteria,Alphaproteobacteria,Rhizobiales,Beijerinckiaceae,Methylobacterium-Methylorubrum,Unassigned
b967ef3556c0e5f8fa94e4252bb4ed35,Bacteria,Proteobacteria,Alphaproteobacteria,Rickettsiales,Mitochondria,Mitochondria,Unassigned
45682cc7d3c5c70a7058c9beda113043,Bacteria,Unassigned,Unassigned,Unassigned,Unassigned,Unassigned,Unassigned
c31de58606c3fefc2ee6a4d120abcda8,Bacteria,Proteobacteria,Alphaproteobacteria,Sphingomonadales,Sphingomonadaceae,Rhizorhapis,Unassigned
330bc56efeaaf89ba68903efeae0883a,Unassigned,Unassigned,Unassigned,Unassigned,Unassigned,Unassigned,Unassigned
d96100a8892daf3be27fd5dd5f99adf0,Bacteria,Proteobacteria,Alphaproteobacteria,Rhizobiales,Beijerinckiaceae,uncultured,Unassigned
b5e6d073ba80b055fa84cb7c17917c16,Bacteria,Proteobacteria,Alphaproteobacteria,Sphingomonadales,Sphingomonadaceae,Sphingobium,Unassigned
681c1740d5917dc84caacdd55ece7ca2,Bacteria,Proteobacteria,Gammaproteobacteria,Pseudomonadales,Pseudomonadaceae,Pseudomonas,Unassigned
9272bfac5bc9abb1ac8c65fda2d0efbe,Bacteria,Cyanobacteria,Cyanobacteriia,Chloroplast,Chloroplast,Chloroplast,Oscillatoriales_cyanobacterium
78db7fa6b16b73b101fbb8b282b5330e,Bacteria,Proteobacteria,Gammaproteobacteria,Pseudomonadales,Pseudomonadaceae,Pseudomonas,Unassigned
3dcf6d21e317d455a95c6f411d850799,Bacteria,Actinobacteriota,Actinobacteria,Micrococcales,Microbacteriaceae,Unassigned,Unassigned
7e0908542c9fc8a4d864b671e1b484fa,Bacteria,Proteobacteria,Alphaproteobacteria,Acetobacterales,Acetobacteraceae,Roseococcus,uncultured_bacterium
c28ab480eb7e125aeee85de2c3f92ba2,Bacteria,Cyanobacteria,Cyanobacteriia,Chloroplast,Chloroplast,Chloroplast,Mychonastes_jurisii
2e33ea6dc6439162dad73329f8a4add6,Bacteria,Cyanobacteria,Cyanobacteriia,Chloroplast,Chloroplast,Chloroplast,Unassigned
910787b53f5bb497ab9afdcc5474a21e,Bacteria,Proteobacteria,Alphaproteobacteria,Sphingomonadales,Sphingomonadaceae,Sphingomonas,Unassigned
03e9f6db04a61c4f8a17d2068972f6ac,Bacteria,Actinobacteriota,Actinobacteria,Frankiales,Geodermatophilaceae,Modestobacter,Unassigned
ebec26612664fcfbab3df66a2da2edd9,Bacteria,Unassigned,Unassigned,Unassigned,Unassigned,Unassigned,Unassigned
e5c35c9fc4b810e0f924514ad821985e,Bacteria,Proteobacteria,Alphaproteobacteria,Rickettsiales,Mitochondria,Mitochondria,Fusarium_circinatum
23a99e697d84a97c708fb7c6d465afad,Bacteria,Proteobacteria,Alphaproteobacteria,Sphingomonadales,Sphingomonadaceae,Sphingopyxis,Unassigned
ea98b66a8693aa7812392fd260267d85,Bacteria,Unassigned,Unassigned,Unassigned,Unassigned,Unassigned,Unassigned
349b0da7b1cabf99eecb445dc7ae2e14,Bacteria,Bacteroidota,Bacteroidia,Flavobacteriales,Weeksellaceae,Chryseobacterium,Chryseobacterium_halperniae
10b6939ebe40d98df58fc07f92bba289,Bacteria,Proteobacteria,Gammaproteobacteria,Alteromonadales,Colwelliaceae,Colwellia,Unassigned
3ac54e5b4ffe6e001fe3f762a78f6765,Bacteria,Bacteroidota,Bacteroidia,Sphingobacteriales,Sphingobacteriaceae,Pedobacter,Pedobacter_cryoconitis
cb8ea3364e6616648b64cc9524906368,Bacteria,Actinobacteriota,Coriobacteriia,Coriobacteriales,Coriobacteriales_Incertae_Sedis,Raoultibacter,uncultured_bacterium
bfc5cf58868d92e141209d18b79645b1,Bacteria,Planctomycetota,Planctomycetes,Pirellulales,Pirellulaceae,uncultured,Planctomycetaceae
cfbc760bc9177688ef8445fd670910ac,Bacteria,Proteobacteria,Gammaproteobacteria,Oceanospirillales,Nitrincolaceae,Amphritea,uncultured_bacterium
d1e742dba5b2568ebb0fb9c433193809,Bacteria,Actinobacteriota,Actinobacteria,Propionibacteriales,Nocardioidaceae,Nocardioides,Unassigned
946c97d6cb65d98191de2dea266a0e63,Bacteria,Proteobacteria,Alphaproteobacteria,Rickettsiales,Mitochondria,Mitochondria,Lecanora_strobilina
8999171fc8be0d2c375ab2ddaec9a99e,Bacteria,Actinobacteriota,Thermoleophilia,Solirubrobacterales,67-14,67-14,uncultured_actinobacterium
3d0fdaba5562129fdce740dd2c09f772,Bacteria,Actinobacteriota,Actinobacteria,Micrococcales,Cellulomonadaceae,Cellulomonas,Unassigned
812a08d384317ff3b11e00f187100b96,Bacteria,Cyanobacteria,Cyanobacteriia,Chloroplast,Chloroplast,Chloroplast,Sirodotia_delicatula
9dee50788da8a628f7d0720075c25850,Bacteria,Cyanobacteria,Cyanobacteriia,Cyanobacteriales,Chroococcidiopsaceae,uncultured,uncultured_bacterium
3292ee4f5f0d7dedf05a4a75b9480b53,Bacteria,Actinobacteriota,Thermoleophilia,Solirubrobacterales,67-14,67-14,uncultured_actinobacterium
c89e34030369c31f8936d7529c32331b,Bacteria,Cyanobacteria,Cyanobacteriia,Chloroplast,Chloroplast,Chloroplast,Planctonema_lauterbornii
7ff2730b3095c675d6c75508c2cd2ee9,Bacteria,Cyanobacteria,Cyanobacteriia,Chloroplast,Chloroplast,Chloroplast,Unassigned
51130ea1a69ea582385c1bc2d646c52c,Bacteria,Proteobacteria,Gammaproteobacteria,uncultured,uncultured,uncultured,metagenome
3a6df2ae36bcc952252f0b63bfa32f66,Bacteria,Firmicutes,Bacilli,Erysipelotrichales,Erysipelotrichaceae,ZOR0006,uncultured_bacterium
bd217e3552c0912e166951d39a120601,Bacteria,Proteobacteria,Alphaproteobacteria,Rhizobiales,Devosiaceae,Unassigned,Unassigned
033e6e945261c543359c506716ea76ff,Bacteria,Unassigned,Unassigned,Unassigned,Unassigned,Unassigned,Unassigned
fbc4386a7449bc44f9c7fcddb80d5b6b,Bacteria,Proteobacteria,Gammaproteobacteria,Oceanospirillales,Nitrincolaceae,Marinobacterium,Unassigned
04131bea8ca7ec22a3e1884f571cfbdc,Bacteria,Verrucomicrobiota,Chlamydiae,Chlamydiales,Parachlamydiaceae,uncultured,metagenome
bf11e14d2803c8bd33852c53bfc72076,Bacteria,Proteobacteria,Alphaproteobacteria,Rickettsiales,Mitochondria,Mitochondria,Unassigned
fec8716195af98907bac8206e598cefa,Bacteria,Actinobacteriota,Actinobacteria,Propionibacteriales,Nocardioidaceae,Marmoricola,Unassigned
64795329d84ff0117d6040d074ee21c3,Bacteria,Planctomycetota,Planctomycetes,Isosphaerales,Isosphaeraceae,uncultured,uncultured_bacterium
d85cf0535835c6b4f0d90bd3af189c32,Bacteria,Actinobacteriota,Actinobacteria,Frankiales,Nakamurellaceae,Nakamurella,Unassigned
5b5e5db2ca615665a7c72cdbe9a39753,Bacteria,Planctomycetota,Planctomycetes,Isosphaerales,Isosphaeraceae,Singulisphaera,uncultured_bacterium
26683e52cd0c2ab8fe5917d7c987c28f,Bacteria,Actinobacteriota,Actinobacteria,Propionibacteriales,Nocardioidaceae,Nocardioides,Unassigned
45ac6c8ff3e18bb22092ad67d15c46e8,Bacteria,Firmicutes,Bacilli,Erysipelotrichales,Erysipelotrichaceae,Breznakia,Breznakia_pachnodae
87b30f30565bd571587eb97e3840ec76,Bacteria,Actinobacteriota,Actinobacteria,Micrococcales,Microbacteriaceae,Unassigned,Unassigned
fb204d91539d955515ec3e16b7c201f6,Bacteria,Planctomycetota,Planctomycetes,Isosphaerales,Isosphaeraceae,Tundrisphaera,uncultured_bacterium
f0b574fba2d37a62a23dfc30d2833701,Bacteria,Planctomycetota,Planctomycetes,Isosphaerales,Isosphaeraceae,Candidatus_Nostocoida,uncultured_bacterium
cc8925180b8bb34e5b1d0b73794f7a7f,Bacteria,Actinobacteriota,Actinobacteria,Micrococcales,Intrasporangiaceae,Unassigned,Unassigned
28fac7d7b81da1abf7452839a9b425ac,Bacteria,Proteobacteria,Alphaproteobacteria,Rickettsiales,Mitochondria,Mitochondria,Unassigned
67fe89eee636f6e40cb8371a79624001,Bacteria,Proteobacteria,Alphaproteobacteria,Acetobacterales,Acetobacteraceae,Belnapia,Unassigned
5e7ce2f97b70de3ef993787230a3bd41,Bacteria,Planctomycetota,Planctomycetes,Isosphaerales,Isosphaeraceae,Unassigned,Unassigned
813872ae7cac7ad1c89490a823b27080,Bacteria,Proteobacteria,Alphaproteobacteria,Rhizobiales,Beijerinckiaceae,FFCH5858,uncultured_bacterium
faf437c397c14425b0686cca6102ff5a,Bacteria,Proteobacteria,Alphaproteobacteria,Rhizobiales,Xanthobacteraceae,Unassigned,Unassigned
82b2fa1ce00aaacd8690dab59880f801,Bacteria,Proteobacteria,Alphaproteobacteria,Rickettsiales,Mitochondria,Mitochondria,Unassigned
3e5a407d0e65ca272af476811e40f272,Bacteria,Firmicutes,Bacilli,Bacillales,Planococcaceae,Unassigned,Unassigned
e1816d8ba23ecf23ac297545995dd885,Bacteria,Actinobacteriota,Actinobacteria,Frankiales,Frankiaceae,Jatrophihabitans,Jatrophihabitans_sp.
79276373456f76c2665e4b9a8c193b72,Bacteria,Actinobacteriota,Actinobacteria,Micrococcales,Microbacteriaceae,Unassigned,Unassigned
7cd352b5977f49ea60a958ac23dfe3a6,Bacteria,Planctomycetota,Planctomycetes,Isosphaerales,Isosphaeraceae,uncultured,uncultured_bacterium
f2aa387b53c478af0c03cd465ae7b708,Bacteria,Proteobacteria,Unassigned,Unassigned,Unassigned,Unassigned,Unassigned
ad7191bb867e3ef5c8cefd9e11a6fdcc,Bacteria,Firmicutes,Bacilli,Paenibacillales,Paenibacillaceae,Paenibacillus,Paenibacillus_borealis
d7faf941e016d294466d7d9598da70e9,Bacteria,Proteobacteria,Gammaproteobacteria,Burkholderiales,Comamonadaceae,Unassigned,Unassigned
7f21003fe742338c8f7a8a64cde474cf,Bacteria,Proteobacteria,Alphaproteobacteria,Sphingomonadales,Sphingomonadaceae,Novosphingobium,Unassigned
de405570f260c8fa7a7b62a1ab159aa2,Bacteria,Proteobacteria,Alphaproteobacteria,Rhizobiales,Beijerinckiaceae,Methylobacterium-Methylorubrum,uncultured_bacterium
f21287cde25c23107ae4a2e4180247b5,Bacteria,Firmicutes,Bacilli,RsaHf231,RsaHf231,RsaHf231,uncultured_bacterium
51a7cb18db8af7c5283a4513c2b764fc,Bacteria,Planctomycetota,Planctomycetes,Gemmatales,Gemmataceae,uncultured,uncultured_bacterium
1bc3456318f2c121abf23d710c5faa8e,Bacteria,Proteobacteria,Alphaproteobacteria,Rickettsiales,Mitochondria,Mitochondria,Unassigned
3a0e875824053582a729942ecf033bc4,Bacteria,Planctomycetota,Planctomycetes,Isosphaerales,Isosphaeraceae,Tundrisphaera,Unassigned
6c7deb760c7ba358cec16a8e9c1bbcda,Bacteria,Actinobacteriota,Actinobacteria,Frankiales,Frankiaceae,Unassigned,Unassigned
9d5666093ddc5bafcf25af3ea472ff8a,Bacteria,Actinobacteriota,Thermoleophilia,Solirubrobacterales,Solirubrobacteraceae,Solirubrobacter,Unassigned
3e1a26e59596ea4b27910d21a7f2685f,Bacteria,Verrucomicrobiota,Verrucomicrobiae,Verrucomicrobiales,Rubritaleaceae,Luteolibacter,Unassigned
7d9e3ca55f91afcfa6927a7f95e90869,Bacteria,Proteobacteria,Gammaproteobacteria,Burkholderiales,Comamonadaceae,Unassigned,Unassigned
df493820bbab26912a8c1302bedee279,Bacteria,Cyanobacteria,Cyanobacteriia,Chloroplast,Chloroplast,Chloroplast,Tupiella_akineta
6aabd25ef39ec078f08c393369615e1d,Bacteria,Actinobacteriota,Actinobacteria,Propionibacteriales,Nocardioidaceae,Nocardioides,Unassigned
4240cbdefb886ef8e0b16e50862861b4,Bacteria,Chloroflexi,TK10,TK10,TK10,TK10,metagenome
0919f691c263b2e720bb08fc336acc02,Bacteria,Cyanobacteria,Cyanobacteriia,Chloroplast,Chloroplast,Chloroplast,uncultured_Chlorophyta
9cd42bbbf2cff951657f12c957034f20,Bacteria,Unassigned,Unassigned,Unassigned,Unassigned,Unassigned,Unassigned
80b6df7798b22dde6f51dd49a7a4a48d,Bacteria,Proteobacteria,Alphaproteobacteria,Rhodobacterales,Rhodobacteraceae,Unassigned,Unassigned
22b3c70cdfb1714224e1bf8a6314bee9,Bacteria,Firmicutes,Clostridia,Peptostreptococcales-Tissierellales,Peptostreptococcales-Tissierellales,Finegoldia,uncultured_bacterium
9876b111e002c6cef08091d56fe4eea5,Bacteria,Proteobacteria,Alphaproteobacteria,Rickettsiales,Mitochondria,Mitochondria,Trichoderma_gamsii
a5bcf513f0c7ff442880d5eb9e7ee798,Bacteria,Proteobacteria,Alphaproteobacteria,Acetobacterales,Acetobacteraceae,Acidiphilium,Acetobacteraceae_bacterium
97991ce469a1cc109b514c89920eaa50,Bacteria,Proteobacteria,Alphaproteobacteria,Sphingomonadales,Sphingomonadaceae,Sphingomonas,Unassigned
83a9026328318881149ff8a0c29f9391,Bacteria,Actinobacteriota,Actinobacteria,PeM15,PeM15,PeM15,Unassigned
7b748821e462d8556a9927d98c98c083,Bacteria,Cyanobacteria,Cyanobacteriia,Oxyphotobacteria_Incertae_Sedis,Unknown_Family,Calothrix_KVSF5,uncultured_bacterium
56e9c0907fe5b238872ae8fa946ee802,Bacteria,Planctomycetota,Planctomycetes,Isosphaerales,Isosphaeraceae,uncultured,Isosphaera_sp.
0aa9c9c8cb02df0fcbd4507e073e5aea,Bacteria,Actinobacteriota,Actinobacteria,Propionibacteriales,Nocardioidaceae,Marmoricola,uncultured_bacterium
b03d2e5ac94c7a0d115e5c542e9315e8,Bacteria,Firmicutes,Bacilli,Lactobacillales,Carnobacteriaceae,Dolosigranulum,uncultured_bacterium
31264e86935802341a22df24908e11cb,Bacteria,Proteobacteria,Alphaproteobacteria,Rickettsiales,Mitochondria,Mitochondria,Imshaugia_aleurites
eb22cc76d6af9469a959a2c983ee518c,Bacteria,Planctomycetota,Planctomycetes,Pirellulales,Pirellulaceae,Pirellula,metagenome
4608fae4bbc9964cdd17af8782f2155e,Bacteria,Proteobacteria,Gammaproteobacteria,Burkholderiales,Oxalobacteraceae,Massilia,Unassigned
06dbffb3667d421322f3cdc067c1bb95,Bacteria,Proteobacteria,Gammaproteobacteria,Alteromonadales,Colwelliaceae,Colwellia,Unassigned
c82127aeef90fd871ec76105f0274484,Bacteria,Actinobacteriota,Actinobacteria,Propionibacteriales,Propionibacteriaceae,Friedmanniella,Unassigned
6c2c8922e3ad1796f06732300c60d99a,Bacteria,Proteobacteria,Alphaproteobacteria,Rickettsiales,Mitochondria,Mitochondria,Unassigned
051a7e517cf2ab1a316ae669ba108502,Bacteria,Actinobacteriota,Thermoleophilia,Solirubrobacterales,67-14,67-14,Unassigned
a6def887bac9fa20f66ba28077dbb75d,Bacteria,Firmicutes,Bacilli,Bacillales,Bacillaceae,Bacillus,Unassigned
6570452a84e19bdbc6acff64ee3c3282,Bacteria,Actinobacteriota,Actinobacteria,Micrococcales,Microbacteriaceae,Unassigned,Unassigned
f936cc0095df2ce79b485df5f7fe631a,Bacteria,Bacteroidota,Bacteroidia,Flavobacteriales,Flavobacteriaceae,Tenacibaculum,Unassigned
4a9b65ade28c79c11c70de9f0b7f3da6,Bacteria,Proteobacteria,Alphaproteobacteria,Rickettsiales,Mitochondria,Mitochondria,Botryosphaeria_dothidea
e9e853b8d6a6f88fe8ad53d53cf1c7fb,Bacteria,Proteobacteria,Alphaproteobacteria,Rhizobiales,Beijerinckiaceae,1174-901-12,uncultured_Rhizobiales
65eb8b0711f7edb197d4707a5beafbd8,Bacteria,Verrucomicrobiota,Verrucomicrobiae,Verrucomicrobiales,Rubritaleaceae,Luteolibacter,uncultured_Luteolibacter
2c1444680317bb5aaecbe30fe0a0acbe,Bacteria,Cyanobacteria,Cyanobacteriia,Chloroplast,Chloroplast,Chloroplast,Monoraphidium_neglectum
595c26484e6a130b282df52f8a6add7d,Bacteria,Actinobacteriota,Actinobacteria,Micromonosporales,Micromonosporaceae,Micromonospora,Unassigned
b3e63f4773aa36714c9cc70e5133ffee,Bacteria,Proteobacteria,Alphaproteobacteria,Rickettsiales,Mitochondria,Mitochondria,Unassigned
14a4bff963112ba849f27cbaff0dc4c2,Bacteria,Cyanobacteria,Cyanobacteriia,Chloroplast,Chloroplast,Chloroplast,Unassigned
f36e20de3f5be5f26cf3af85351b6c0b,Bacteria,Proteobacteria,Alphaproteobacteria,Reyranellales,Reyranellaceae,Reyranella,metagenome
82a260faafef55efd1b8176ecb781ecf,Bacteria,Firmicutes,Clostridia,Clostridiales,Clostridiaceae,Clostridium_sensu_stricto_9,Unassigned
b02eceb92e0d7c0302efbdf036c1eee6,Bacteria,Actinobacteriota,Thermoleophilia,Gaiellales,uncultured,uncultured,metagenome
ac002e67b747b397de83c6b582411418,Bacteria,Proteobacteria,Alphaproteobacteria,Rickettsiales,Mitochondria,Mitochondria,Unassigned
affbcb5cb83f60f3f776115a95019c12,Bacteria,Actinobacteriota,Actinobacteria,Frankiales,Geodermatophilaceae,Unassigned,Unassigned
62c90bb70a573faf8972d436b7eaf6d6,Bacteria,Firmicutes,Bacilli,Bacillales,Bacillaceae,Bacillus,Unassigned
214cc7347bce8648a14d0c4e88cf371b,Bacteria,Proteobacteria,Alphaproteobacteria,Reyranellales,Reyranellaceae,Reyranella,Unassigned
64594418b61f38fe3381c7bc243c228f,Bacteria,Proteobacteria,Alphaproteobacteria,Rickettsiales,Mitochondria,Mitochondria,Unassigned
72f9e9afcc03ad4daa440ceae7b26211,Bacteria,Actinobacteriota,Actinobacteria,Frankiales,Frankiaceae,Jatrophihabitans,Unassigned
5478c7fd22668b712591525dca248c1d,Bacteria,Proteobacteria,Alphaproteobacteria,Rickettsiales,Mitochondria,Mitochondria,Rhynchosporium_secalis
fae4271783897b464c13970d86b4ba13,Bacteria,Acidobacteriota,Acidobacteriae,Acidobacteriales,uncultured,uncultured,uncultured_forest
0872a244b88bae9b703937dec53a03e2,Bacteria,Cyanobacteria,Cyanobacteriia,Chloroplast,Chloroplast,Chloroplast,uncultured_Chlorophyta
fed24691259ad53bae4ae128168a1870,Bacteria,Proteobacteria,Alphaproteobacteria,Sphingomonadales,Sphingomonadaceae,Sphingorhabdus,Unassigned
4d13ce20c36603d2a9f8cc6315648178,Bacteria,Proteobacteria,Alphaproteobacteria,Rhizobiales,Rhizobiales_Incertae_Sedis,Phreatobacter,Unassigned
e90d1b6244f6d36338e656031821db69,Bacteria,Planctomycetota,Planctomycetes,Isosphaerales,Isosphaeraceae,uncultured,Unassigned
c5e09db0eecbf5db9483cf3278206a7e,Bacteria,Bacteroidota,Bacteroidia,Flavobacteriales,Flavobacteriaceae,Ulvibacter,uncultured_marine
6a649a1ad8d0c348acce7d1ae9b9798c,Bacteria,Proteobacteria,Alphaproteobacteria,Sphingomonadales,Sphingomonadaceae,Unassigned,Unassigned
ddcc46d82c33da5a68bd8223e3c3354b,Bacteria,Actinobacteriota,Thermoleophilia,Solirubrobacterales,Solirubrobacteraceae,Solirubrobacter,uncultured_bacterium
707298e457643726eadbdf7e2c28b74c,Bacteria,Proteobacteria,Alphaproteobacteria,Rickettsiales,Mitochondria,Mitochondria,Lepraria_oxybapha
9d0e30344f359feba9187a8460ad2630,Bacteria,Bacteroidota,Bacteroidia,Cytophagales,Amoebophilaceae,Candidatus_Amoebophilus,uncultured_bacterium
c6cf63121358379a7d1dada96721ac75,Bacteria,Firmicutes,Bacilli,Bacillales,Bacillaceae,uncultured,uncultured_bacterium
fc9cafd61423c156397d56c0eae74a15,Bacteria,Proteobacteria,Alphaproteobacteria,Rickettsiales,Mitochondria,Mitochondria,Imshaugia_aleurites
25fdb149dde6951a049f719771868020,Bacteria,Planctomycetota,Planctomycetes,Isosphaerales,Isosphaeraceae,Tundrisphaera,uncultured_bacterium
49f22f855805c73f4ffbbe04f073d938,Bacteria,Planctomycetota,Planctomycetes,Isosphaerales,Isosphaeraceae,Tundrisphaera,Unassigned
a05c14122663476c0df8733ef78b8780,Bacteria,Planctomycetota,Planctomycetes,Isosphaerales,Isosphaeraceae,uncultured,uncultured_bacterium
ff3c5ed67e506870eedf57b5d1b71f0d,Bacteria,Unassigned,Unassigned,Unassigned,Unassigned,Unassigned,Unassigned
016d3dc8fd875e0324b1415f179249f3,Bacteria,Actinobacteriota,Rubrobacteria,Rubrobacterales,Rubrobacteriaceae,Rubrobacter,Unassigned
a69fc10a7627cd4f499a260ae0623b36,Bacteria,Proteobacteria,Alphaproteobacteria,Caulobacterales,Caulobacteraceae,Asticcacaulis,Asticcacaulis_sp.
455219eeb206cd432bf64f51159e0b4c,Bacteria,Actinobacteriota,Actinobacteria,Corynebacteriales,Corynebacteriaceae,Corynebacterium,Corynebacterium_durum
7d0d1128850e28ffeb3067dabecee9ba,Bacteria,Firmicutes,Clostridia,Lachnospirales,Lachnospiraceae,Lachnoclostridium,Unassigned
adc81eaa8fd4a27b5d03af15af10e68a,Bacteria,Proteobacteria,Alphaproteobacteria,Rhizobiales,Devosiaceae,Devosia,Unassigned
c8aeb5bfbe389cf982857d761ad3d74a,Bacteria,Proteobacteria,Alphaproteobacteria,Rickettsiales,Mitochondria,Mitochondria,Unassigned
0d6696c7f3861be143d082d9d50ea0dc,Bacteria,Proteobacteria,Alphaproteobacteria,Rickettsiales,Mitochondria,Mitochondria,Unassigned
3be635f116b27ed7d9aae2bba0b18d71,Bacteria,Proteobacteria,Alphaproteobacteria,Rickettsiales,Mitochondria,Mitochondria,Unassigned
f4eff3df0748df0bd9c641c08cb64adc,Bacteria,Actinobacteriota,Thermoleophilia,Solirubrobacterales,Solirubrobacteraceae,JCM_18997,metagenome
3610224a8e2b9898263cfc6d2c549858,Bacteria,Proteobacteria,Alphaproteobacteria,Rickettsiales,Mitochondria,Mitochondria,Silene_dioica
c29a0fb4153cae25f1b27fcdaa51a764,Bacteria,Cyanobacteria,Cyanobacteriia,Chloroplast,Chloroplast,Chloroplast,Chlamydomonas_reinhardtii
5e0710dd98730767b70d3c53bbc6b283,Bacteria,Actinobacteriota,Actinobacteria,Corynebacteriales,Mycobacteriaceae,Mycobacterium,Unassigned
08a0da8946438f190f8eb9be641baffe,Bacteria,Patescibacteria,Saccharimonadia,Saccharimonadales,Saccharimonadales,Saccharimonadales,uncultured_bacterium
c61e7d79cd4ed185ccd4a9d0bafaad40,Bacteria,Unassigned,Unassigned,Unassigned,Unassigned,Unassigned,Unassigned
b396591a0243a327c6a83eec2bdcf9b6,Bacteria,Verrucomicrobiota,Chlamydiae,Chlamydiales,Parachlamydiaceae,Neochlamydia,Unassigned
cb971ee013cd9417fdcbb618bbe3e7cf,Bacteria,Proteobacteria,Alphaproteobacteria,Acetobacterales,Acetobacteraceae,Acidiphilium,uncultured_bacterium
1b9175ea4e4774adc7da0c0e202e61d7,Bacteria,Firmicutes,Clostridia,Peptostreptococcales-Tissierellales,Peptostreptococcales-Tissierellales,Anaerococcus,uncultured_bacterium
1054be622e169d2c789822376a206e0b,Bacteria,Actinobacteriota,Actinobacteria,Corynebacteriales,Nocardiaceae,Rhodococcus,Rhodococcus_aerolatus
3764860faa52979586f32f6075bf3e60,Bacteria,Cyanobacteria,Cyanobacteriia,Chloroplast,Chloroplast,Chloroplast,uncultured_Chlorophyta
3349fa4e6ab5e17cef8b1876b044002a,Bacteria,Actinobacteriota,Actinobacteria,Pseudonocardiales,Pseudonocardiaceae,Pseudonocardia,Unassigned
ded68240e7b7a4cb9db4938fb88aa4cd,Bacteria,Actinobacteriota,Thermoleophilia,Solirubrobacterales,67-14,67-14,uncultured_organism
abac9fad07360a924706f979b46321ad,Bacteria,Proteobacteria,Alphaproteobacteria,Caulobacterales,Caulobacteraceae,Caulobacter,Caulobacter_sp.
430eec72df8e319e1d5a1c7a14a8ca35,Bacteria,Actinobacteriota,Actinobacteria,Frankiales,Frankiaceae,Frankia,Unassigned
e77de05eb21be64d9b3a6a783ebca31d,Bacteria,Proteobacteria,Gammaproteobacteria,Pseudomonadales,Moraxellaceae,Acinetobacter,Unassigned
0577643fd0b4ecc9e4dfbbc859346cf6,Bacteria,Firmicutes,Clostridia,Lachnospirales,Lachnospiraceae,Lachnoclostridium,Unassigned
4c917102a51c952f8ce63ff5d9a0f995,Bacteria,Proteobacteria,Alphaproteobacteria,Rickettsiales,Mitochondria,Mitochondria,Unassigned
8fe521df0cdfa5f2bd44d686aaee6213,Bacteria,Bacteroidota,Bacteroidia,Cytophagales,Spirosomaceae,Dyadobacter,Unassigned
41c1ac513c5e8126fca02fbbae1849b3,Bacteria,Proteobacteria,Alphaproteobacteria,Rickettsiales,Mitochondria,Mitochondria,Unassigned
6a4ab3fd5eb50f3b085bf6f9febdd706,Bacteria,Proteobacteria,Alphaproteobacteria,Rickettsiales,Mitochondria,Mitochondria,Rhynchosporium_secalis
1c76e8f11476c325057cbd4b0c5bf10c,Bacteria,Actinobacteriota,Actinobacteria,Micrococcales,Intrasporangiaceae,Unassigned,Unassigned
8f46b21b89d8c2725d1bc6f8a8008c19,Bacteria,Unassigned,Unassigned,Unassigned,Unassigned,Unassigned,Unassigned
e35e08ac71b8a7f72ce95fe2cb5ea74b,Bacteria,Actinobacteriota,Actinobacteria,Frankiales,Frankiaceae,Jatrophihabitans,Unassigned
12e5ea96b2b4f0557abcb459f181397a,Bacteria,Firmicutes,Bacilli,Bacillales,Bacillaceae,Bacillus,Unassigned
2399d85782785e3be65f676cbf949140,Bacteria,Cyanobacteria,Cyanobacteriia,Chloroplast,Chloroplast,Chloroplast,Unassigned
14fd1c34c1dc8d9e7a969e455e5250b1,Bacteria,Proteobacteria,Alphaproteobacteria,Caulobacterales,Caulobacteraceae,uncultured,Unassigned
f30fbcd9253a87306a2ffc0a1e4ba8da,Bacteria,Proteobacteria,Alphaproteobacteria,Rhizobiales,Devosiaceae,Devosia,Unassigned
c1896a882e6f2dde5d08ede7f37a9e1e,Bacteria,Planctomycetota,Planctomycetes,Planctomycetales,Rubinisphaeraceae,uncultured,metagenome
d2d6e182372742660104c164fd65579a,Bacteria,Actinobacteriota,Thermoleophilia,Solirubrobacterales,Solirubrobacteraceae,Solirubrobacter,uncultured_bacterium
38d30d1a8ac142a25661fa4bae987efc,Bacteria,Proteobacteria,Alphaproteobacteria,Rickettsiales,Mitochondria,Mitochondria,Rhodogorgon_sp.
dcc95895010f07df79b2267474aa47be,Bacteria,Actinobacteriota,Actinobacteria,Frankiales,Frankiaceae,Jatrophihabitans,uncultured_Frankiaceae
806f5ee4a0cdab87e9457ba2ecf27968,Bacteria,Planctomycetota,Planctomycetes,Isosphaerales,Isosphaeraceae,Candidatus_Nostocoida,uncultured_bacterium
4b65476d2e30c3fab09f576f6aec27a3,Bacteria,Proteobacteria,Alphaproteobacteria,Sphingomonadales,Sphingomonadaceae,Unassigned,Unassigned
b19a5275846cbc33cc432f0063384170,Bacteria,Proteobacteria,Alphaproteobacteria,Rhizobiales,Rhizobiaceae,Unassigned,Unassigned
8b18715157dc1783aa5b73a4a92059fd,Unassigned,Unassigned,Unassigned,Unassigned,Unassigned,Unassigned,Unassigned
c78dad199082d17bb551a14deb26569c,Bacteria,Proteobacteria,Alphaproteobacteria,Rhizobiales,Beijerinckiaceae,Unassigned,Unassigned
ac007328bce609a715815c6a7fbb9e95,Bacteria,Proteobacteria,Alphaproteobacteria,Rickettsiales,Mitochondria,Mitochondria,Botryosphaeria_dothidea
c34ef06e88b65fc366cd9f6ba7d50770,Bacteria,Actinobacteriota,Actinobacteria,Micrococcales,Micrococcaceae,Unassigned,Unassigned
185800e296fa4f3c36edeeded409c2f7,Bacteria,Proteobacteria,Alphaproteobacteria,Rhizobiales,Beijerinckiaceae,Unassigned,Unassigned
294aa1b8153137dfef7a678ac151d6c4,Bacteria,Actinobacteriota,Actinobacteria,Pseudonocardiales,Pseudonocardiaceae,Unassigned,Unassigned
e4191d3ececf3e363ac94fd6d677369b,Bacteria,Cyanobacteria,Cyanobacteriia,Cyanobacteriales,Microcystaceae,Microcystis_PCC-7914,Unassigned
162aef5a16c403803895b10ccd20eee8,Bacteria,Proteobacteria,Alphaproteobacteria,Rickettsiales,Mitochondria,Mitochondria,Sclerotinia_borealis
917e06d1099bf15805ca211fa455c55f,Bacteria,Planctomycetota,Planctomycetes,Isosphaerales,Isosphaeraceae,uncultured,Unassigned
ea040f889d2d552cdae8e45a93233e9b,Bacteria,Bacteroidota,Bacteroidia,Bacteroidales,Dysgonomonadaceae,Dysgonomonas,Unassigned
aa7a1190e74897db20189e4b477e4579,Bacteria,Planctomycetota,Planctomycetes,Pirellulales,Pirellulaceae,Pirellula,Unassigned
b67aa44ce316f4be73b8ce4b610f8e8e,Bacteria,Planctomycetota,Planctomycetes,Isosphaerales,Isosphaeraceae,uncultured,Isosphaera_sp.
2027671156e766f429e03fe4a06eb329,Bacteria,Bacteroidota,Bacteroidia,Sphingobacteriales,Sphingobacteriaceae,Sphingobacterium,Unassigned
898d441b01a6ddd96ac042b3c9e4bb1f,Bacteria,Actinobacteriota,Actinobacteria,Unassigned,Unassigned,Unassigned,Unassigned
bfefdbce7fae2b81e19ffdaf07d1c2e5,Bacteria,Proteobacteria,Alphaproteobacteria,Rickettsiales,Mitochondria,Mitochondria,Botryosphaeria_dothidea
bef1c4eae575fda48091c0f3bc6f125a,Bacteria,Bacteroidota,Bacteroidia,Flavobacteriales,Flavobacteriaceae,Flavobacterium,Unassigned
68168323e7095562ffaa9169a2a29674,Bacteria,Proteobacteria,Gammaproteobacteria,Burkholderiales,Comamonadaceae,Unassigned,Unassigned
97526cc3bdb30750d172ec27041d3211,Bacteria,Proteobacteria,Alphaproteobacteria,Reyranellales,Reyranellaceae,Reyranella,Unassigned
b1c671dde7f6e801af6fd0b3085cb475,Bacteria,Proteobacteria,Alphaproteobacteria,Rhodobacterales,Rhodobacteraceae,Unassigned,Unassigned
c3f32861294e8ede6dd1160dc2e0c7fd,Bacteria,Proteobacteria,Gammaproteobacteria,Legionellales,Legionellaceae,Legionella,Unassigned
771aeea307a358fd8ab7fbde534f1837,Bacteria,Cyanobacteria,Cyanobacteriia,Chloroplast,Chloroplast,Chloroplast,Prasiolopsis_sp.
c16b6a96621eb6e7056ba7e9d8131e0b,Bacteria,Proteobacteria,Alphaproteobacteria,Rickettsiales,Mitochondria,Mitochondria,Unassigned
c7c40b0f480f3edee216585ec048011d,Bacteria,Actinobacteriota,Actinobacteria,Frankiales,Nakamurellaceae,Nakamurella,Unassigned
83ff7dfd58bb5423cf8b8eaa150db4a2,Bacteria,Proteobacteria,Gammaproteobacteria,Burkholderiales,Comamonadaceae,Unassigned,Unassigned
85bec51e699f23dc563985929f4f99be,Bacteria,Verrucomicrobiota,Chlamydiae,Chlamydiales,Parachlamydiaceae,Neochlamydia,uncultured_Chlamydiales
534c2d0b77c656c802102989b12b565d,Bacteria,Proteobacteria,Alphaproteobacteria,Rickettsiales,Mitochondria,Mitochondria,Botryosphaeria_dothidea
a23a37b169eb161894289f0f10567259,Bacteria,Bacteroidota,Bacteroidia,Sphingobacteriales,Sphingobacteriaceae,Pedobacter,Unassigned
b52fb7125c31ac0821ec37331676065a,Bacteria,Proteobacteria,Alphaproteobacteria,Rhizobiales,Beijerinckiaceae,Psychroglaciecola,Unassigned
9f2eba672b155355d26889864177d6fc,Bacteria,Proteobacteria,Alphaproteobacteria,Rickettsiales,Mitochondria,Mitochondria,Botryosphaeria_dothidea
615afe2cbc797b9f501742593226106e,Bacteria,Proteobacteria,Alphaproteobacteria,Rhizobiales,Beijerinckiaceae,Psychroglaciecola,uncultured_bacterium
f5634ccf3778ceb296427f8398231c6c,Bacteria,Actinobacteriota,Actinobacteria,Kineosporiales,Kineosporiaceae,Quadrisphaera,uncultured_bacterium
fab36fed8422b57daf15bfeaa047aa5b,Bacteria,Proteobacteria,Alphaproteobacteria,Rhizobiales,Beijerinckiaceae,1174-901-12,uncultured_bacterium
f37fc1dccfeba0004cbeb4f1ad6083c6,Bacteria,Proteobacteria,Gammaproteobacteria,Burkholderiales,Oxalobacteraceae,Duganella,Unassigned
4077452d97f1bb009e4f1eefcc8ca367,Bacteria,Unassigned,Unassigned,Unassigned,Unassigned,Unassigned,Unassigned
358f62273fa5fd536367484ed8db85f3,Bacteria,Acidobacteriota,Acidobacteriae,Bryobacterales,Bryobacteraceae,Bryobacter,uncultured_bacterium
c551814b03ad4be379f89561de1467d7,Bacteria,Proteobacteria,Alphaproteobacteria,Rhizobiales,Beijerinckiaceae,uncultured,uncultured_bacterium
ef911b2a67a8a636ef4d7916e09bbbbb,Bacteria,Proteobacteria,Gammaproteobacteria,Gammaproteobacteria_Incertae_Sedis,Unknown_Family,Candidatus_Berkiella,uncultured_bacterium
a1ed615a4ed0b08c534fcc504a4608b2,Bacteria,Actinobacteriota,Actinobacteria,Micrococcales,Promicromonosporaceae,Cellulosimicrobium,Unassigned
2a41b9e3a5feeceb493f16d8754e6145,Bacteria,Bacteroidota,Bacteroidia,Sphingobacteriales,Sphingobacteriaceae,Pedobacter,Unassigned
c0c6dea060404ea17972053bc9e98ae7,Bacteria,Proteobacteria,Gammaproteobacteria,Burkholderiales,Burkholderiaceae,Limnobacter,Unassigned
03d0d413db63f7848ecd4d2569336e80,Bacteria,Cyanobacteria,Cyanobacteriia,Chloroplast,Chloroplast,Chloroplast,Monoraphidium_neglectum
153c10820774273b40755b07af5bebfd,Bacteria,Actinobacteriota,Actinobacteria,Propionibacteriales,Nocardioidaceae,Marmoricola,Unassigned
d68f525366c1dfdc0984a90b89867e95,Bacteria,Actinobacteriota,Actinobacteria,Frankiales,Sporichthyaceae,Longivirga,uncultured_bacterium
01abfdd712811f9af880298aa5c6bcd3,Bacteria,Proteobacteria,Alphaproteobacteria,Rickettsiales,Mitochondria,Mitochondria,Rhynchosporium_secalis
ac92104e39218b0004ab2f5c0e692092,Bacteria,Actinobacteriota,Actinobacteria,Propionibacteriales,Nocardioidaceae,Nocardioides,Unassigned
b977cebe2a414bebca7d64c8a8520f4a,Bacteria,Cyanobacteria,Cyanobacteriia,Chloroplast,Chloroplast,Chloroplast,Unassigned
21eabbee70737b8e83eefe326b179966,Bacteria,Cyanobacteria,Cyanobacteriia,Unassigned,Unassigned,Unassigned,Unassigned
255c1991c7f2f08ca59ad18ec187bf3b,Bacteria,Proteobacteria,Gammaproteobacteria,Legionellales,Legionellaceae,Legionella,metagenome
5413641895e9710a0a83008371c6023e,Bacteria,Myxococcota,Polyangia,Polyangiales,Polyangiaceae,Aetherobacter,uncultured_bacterium
340920aa4419dd4aeace01d58c1276b8,Bacteria,Proteobacteria,Gammaproteobacteria,Coxiellales,Coxiellaceae,Coxiella,uncultured_bacterium
1e261831700d5565ba8b54f3124145c3,Bacteria,Proteobacteria,Alphaproteobacteria,Acetobacterales,Acetobacteraceae,Roseomonas,Unassigned
fdf2693c4d77dc21feb6941da776d966,Bacteria,Actinobacteriota,Actinobacteria,Frankiales,Geodermatophilaceae,Blastococcus,Blastococcus_sp.
ea0592ed7fefc9a02cf32f60b82a8dda,Bacteria,Chloroflexi,Chloroflexia,Thermomicrobiales,JG30-KF-CM45,JG30-KF-CM45,uncultured_soil
f1554c22d6d84c3d277f11d7a173399a,Bacteria,Proteobacteria,Alphaproteobacteria,Rhizobiales,Xanthobacteraceae,uncultured,Unassigned
81374a0808cb90d3c63322907e32169a,Bacteria,Cyanobacteria,Cyanobacteriia,Chloroplast,Chloroplast,Chloroplast,Chlorotetraedron_incus
bc3676c17839094c4fa8e33268905268,Archaea,Crenarchaeota,Nitrososphaeria,Nitrososphaerales,Nitrososphaeraceae,Candidatus_Nitrocosmicus,Unassigned
8d74b6abd117c22ed46b1badc514ea26,Bacteria,Planctomycetota,Planctomycetes,Isosphaerales,Isosphaeraceae,Tundrisphaera,uncultured_bacterium
e7bfd667918971a63a111a7f89e636e9,Bacteria,Unassigned,Unassigned,Unassigned,Unassigned,Unassigned,Unassigned
cce3acbf8df1211ca02cc9ad5d11b7d6,Bacteria,Proteobacteria,Alphaproteobacteria,Rickettsiales,Mitochondria,Mitochondria,Unassigned
613c2d790100e2d580f8a783bd1f01c3,Bacteria,Firmicutes,Bacilli,Paenibacillales,Paenibacillaceae,Paenibacillus,Unassigned
54e9438be267e86696802cf3af8e629c,Bacteria,Proteobacteria,Gammaproteobacteria,Legionellales,Legionellaceae,Legionella,uncultured_bacterium
6e2cf962f4350bbaa11711f659c3987e,Bacteria,Planctomycetota,Planctomycetes,Pirellulales,Pirellulaceae,uncultured,uncultured_sludge
c81c8ec072b2e22eb42a47dabd18e5df,Bacteria,Actinobacteriota,Actinobacteria,Frankiales,Frankiaceae,Jatrophihabitans,uncultured_bacterium
02e2f53ad22208ea596141447c3d6d3f,Bacteria,Proteobacteria,Alphaproteobacteria,Rhodobacterales,Rhodobacteraceae,Unassigned,Unassigned
4ff66ce71f7a330c866148296bd41e28,Bacteria,Proteobacteria,Gammaproteobacteria,Oceanospirillales,Marinomonadaceae,Marinomonas,Unassigned
dfb6fe321932a7e1353d8f8a1bf56a17,Bacteria,Proteobacteria,Alphaproteobacteria,Rickettsiales,Mitochondria,Mitochondria,Botryosphaeria_dothidea
cfb3d67c84e4ae22dcd353ea3d86f322,Bacteria,Actinobacteriota,Actinobacteria,Streptosporangiales,Streptosporangiales_Incertae_Sedis,Motilibacter,uncultured_bacterium
fc3aca93d4d603040ef5a3682e700d01,Bacteria,Proteobacteria,Gammaproteobacteria,Oceanospirillales,Nitrincolaceae,Neptuniibacter,Unassigned
2ea1c77374a8222565d803d66d4e5463,Bacteria,Actinobacteriota,Actinobacteria,Corynebacteriales,Corynebacteriaceae,Corynebacterium,Unassigned
36dc5ea6badbe7ebb63fbf571aac7865,Bacteria,Firmicutes,Bacilli,Bacillales,Planococcaceae,Lysinibacillus,Unassigned
102fc16adc262f00c457357b35540be5,Bacteria,Planctomycetota,Planctomycetes,Planctomycetales,Rubinisphaeraceae,uncultured,Unassigned
e71c86754bc9e5d7e0aa0f297bd99dda,Bacteria,Proteobacteria,Alphaproteobacteria,Sphingomonadales,Sphingomonadaceae,Sphingomonas,metagenome
e071d3b95d0cf1ed07cffc47707f9a1b,Bacteria,Planctomycetota,Planctomycetes,Pirellulales,Pirellulaceae,Pirellula,Unassigned
e0daf7fb23a3e9053c033115b7fd9674,Bacteria,Proteobacteria,Gammaproteobacteria,Cellvibrionales,Halieaceae,Luminiphilus,Unassigned
f35f013ad610c87a6aa2b570459e7423,Bacteria,Proteobacteria,Alphaproteobacteria,Reyranellales,Reyranellaceae,Reyranella,Unassigned
209f3cece355c93d5e5b1a7527c7967e,Bacteria,Cyanobacteria,Cyanobacteriia,Cyanobacteriales,Chroococcidiopsaceae,uncultured,uncultured_bacterium
b70cd974e0c791b94448e634f3dc615a,Bacteria,Planctomycetota,Planctomycetes,Isosphaerales,Isosphaeraceae,Tundrisphaera,Unassigned
529e853eceb15e9b2508c5a99c76d0db,Bacteria,Chloroflexi,KD4-96,KD4-96,KD4-96,KD4-96,uncultured_bacterium
b37098e41c1745cba09ac5c94bbb57d3,Bacteria,Unassigned,Unassigned,Unassigned,Unassigned,Unassigned,Unassigned
09706de95cef63c19899c8a7039d38e7,Bacteria,Proteobacteria,Alphaproteobacteria,Rickettsiales,Mitochondria,Mitochondria,Unassigned
aafb6ca6537c21f170ece1de474769ab,Bacteria,Firmicutes,Bacilli,Staphylococcales,Staphylococcaceae,Staphylococcus,Unassigned
02e3f08e40f0beeea5e80aa1a7109c59,Bacteria,Proteobacteria,Alphaproteobacteria,Rhizobiales,Hyphomicrobiaceae,Hyphomicrobium,metagenome
12994e2c41e2d0461ace0d3eadc7872e,Bacteria,Proteobacteria,Alphaproteobacteria,Rickettsiales,Mitochondria,Mitochondria,Unassigned
b40c841757d6e3bc7530ae4ba1026acf,Bacteria,Proteobacteria,Gammaproteobacteria,Burkholderiales,Comamonadaceae,Unassigned,Unassigned
7f7c1f10036cfa98ac70e913f7bc7f6c,Bacteria,Proteobacteria,Gammaproteobacteria,Burkholderiales,Oxalobacteraceae,Unassigned,Unassigned
18924e21635881988f049accd1c548f5,Bacteria,Proteobacteria,Alphaproteobacteria,Rickettsiales,Mitochondria,Mitochondria,Unassigned
2f79ecf620a80b515f5b68b7cdf5897e,Bacteria,Proteobacteria,Alphaproteobacteria,Holosporales,Holosporaceae,uncultured,Unassigned
2d665ac074ffc88b739b12f754dd505f,Bacteria,Proteobacteria,Alphaproteobacteria,Acetobacterales,Acetobacteraceae,Acidiphilium,Unassigned
7d83671e5dd2d8d1fa17b61f27177d2e,Bacteria,Cyanobacteria,Cyanobacteriia,Chloroplast,Chloroplast,Chloroplast,Monoraphidium_neglectum
7ae808cd4ae2caf0e35da0589ee28745,Bacteria,Actinobacteriota,Actinobacteria,Micrococcales,Microbacteriaceae,Rathayibacter,Unassigned
7bfe9e2c96155af6078263554454da73,Bacteria,Bacteroidota,Bacteroidia,Flavobacteriales,Flavobacteriaceae,Flavobacterium,Flavobacterium_cheonhonense
d46e2205f0c6ecf67b51f83d111c509c,Bacteria,Proteobacteria,Gammaproteobacteria,Enterobacterales,Enterobacteriaceae,Escherichia-Shigella,Unassigned
426a58d7fde254d8ff01fac25e36ff0e,Bacteria,Bacteroidota,Bacteroidia,Bacteroidales,Prevotellaceae,Alloprevotella,uncultured_Bacteroidetes
8c46ebd0a248fe82636f79086d5499fd,Bacteria,Bacteroidota,Bacteroidia,Sphingobacteriales,Sphingobacteriaceae,Pedobacter,Unassigned
0a165844daf38d8ce2008c94a5b4565e,Bacteria,Proteobacteria,Alphaproteobacteria,Sphingomonadales,Sphingomonadaceae,Sphingomonas,Sphingomonas_glacialis
7b1950b51af4192b6d678dc161cf14ba,Bacteria,Proteobacteria,Alphaproteobacteria,Rickettsiales,Mitochondria,Mitochondria,Rhynchosporium_secalis
01b633c4023d7deced1fd80bb0d1d999,Archaea,Halobacterota,Halobacteria,Halobacterales,Halomicrobiaceae,Natronomonas,Unassigned
e20fe16bdee3e67cf3113697a667b6d3,Bacteria,Proteobacteria,Gammaproteobacteria,Burkholderiales,Oxalobacteraceae,Unassigned,Unassigned
b8c545c99dea06d010eb0bf2c6572d1c,Bacteria,Firmicutes,Bacilli,Bacillales,Bacillaceae,Bacillus,Unassigned
e7181919f63e2f843302fde623a110f2,Bacteria,Bacteroidota,Bacteroidia,Chitinophagales,Chitinophagaceae,Sediminibacterium,Unassigned
0f5f48d793a468de8ec2131049a25f1e,Bacteria,Proteobacteria,Gammaproteobacteria,Burkholderiales,Oxalobacteraceae,Noviherbaspirillum,Unassigned
d3fcb5afd919401afeba8b9db4bb344e,Bacteria,Cyanobacteria,Cyanobacteriia,Chloroplast,Chloroplast,Chloroplast,Tetradesmus_obliquus
7a7272948670340ec2d4c0886c52cacc,Bacteria,Proteobacteria,Alphaproteobacteria,Acetobacterales,Acetobacteraceae,Roseococcus,Unassigned
37675a9e6f7bea688d2f18b004eb6cca,Bacteria,Proteobacteria,Alphaproteobacteria,Rickettsiales,Mitochondria,Mitochondria,Botryosphaeria_dothidea
106f8c3edef16b2c93ba03144a42ff0c,Bacteria,Firmicutes,Bacilli,Bacillales,Salisediminibacteriaceae,Salipaludibacillus,Unassigned
9fa28fb4dc6052568042fc274679e107,Bacteria,Cyanobacteria,Cyanobacteriia,Chloroplast,Chloroplast,Chloroplast,Prasiolopsis_sp.
1a0cc45dffb2f66affefae0503b26ff8,Bacteria,Bacteroidota,Bacteroidia,Sphingobacteriales,Sphingobacteriaceae,Pedobacter,Unassigned
3bac14d2805bf995afe9d316a5777b1e,Bacteria,Firmicutes,Bacilli,Lactobacillales,Lactobacillaceae,Lactobacillus,Unassigned
f9cc723d9c0d34a25322446890fb4047,Bacteria,Proteobacteria,Alphaproteobacteria,Rickettsiales,Mitochondria,Mitochondria,Botryosphaeria_dothidea
e2cf99fdfcf742ff1db41d7bc207f794,Bacteria,Unassigned,Unassigned,Unassigned,Unassigned,Unassigned,Unassigned
17419c7af3067de4241c637a206fd34b,Bacteria,Planctomycetota,Planctomycetes,Isosphaerales,Isosphaeraceae,Paludisphaera,Unassigned
63391699ab63785ce38012a784ef3df9,Bacteria,Planctomycetota,Planctomycetes,Gemmatales,Gemmataceae,Gemmata,uncultured_planctomycete
dcba105f35d8ebc9e22269c7491ad3a7,Bacteria,Proteobacteria,Gammaproteobacteria,Xanthomonadales,Xanthomonadaceae,Stenotrophomonas,Unassigned
18478e336a8345dc4f82247b83204cb4,Bacteria,Bacteroidota,Bacteroidia,Flavobacteriales,Flavobacteriaceae,Flavobacterium,Unassigned
ccdac0c45658b3f8b7e6299f69f0e9b4,Bacteria,Proteobacteria,Alphaproteobacteria,Rickettsiales,Mitochondria,Mitochondria,Unassigned
29cada874cc7595c11c668375d8805d9,Bacteria,Proteobacteria,Alphaproteobacteria,Reyranellales,Reyranellaceae,Reyranella,metagenome
7774ab1b89ba49ed49c0399e8319b71a,Bacteria,Proteobacteria,Alphaproteobacteria,Acetobacterales,Acetobacteraceae,Acidiphilium,uncultured_bacterium
8443c06ffa5d07e5bac552aa70cde49c,Bacteria,Actinobacteriota,Thermoleophilia,Solirubrobacterales,Solirubrobacteraceae,Solirubrobacter,uncultured_bacterium
9c2559966a995e71d9cc015e5fc2cf72,Bacteria,Unassigned,Unassigned,Unassigned,Unassigned,Unassigned,Unassigned
c9662f76a41322f86d83dea5b02246c4,Bacteria,Unassigned,Unassigned,Unassigned,Unassigned,Unassigned,Unassigned
7d88cb85b80e0024b54a61e7a6da3bf0,Bacteria,Firmicutes,Bacilli,Bacillales,Bacillaceae,Bacillus,Unassigned
696c31443f33dbb17b31b25efbafeec0,Bacteria,Acidobacteriota,Acidobacteriae,Bryobacterales,Bryobacteraceae,Bryobacter,uncultured_bacterium
a290c363c3e4288f5486ebb4e4d9d204,Bacteria,Proteobacteria,Alphaproteobacteria,Puniceispirillales,SAR116_clade,SAR116_clade,Unassigned
2c674dd5dcc493fc0bad82c12f46397e,Bacteria,Proteobacteria,Alphaproteobacteria,SAR11_clade,Clade_I,Clade_Ia,Unassigned
7ae0402e0f7a840c64e80c2de499c17a,Bacteria,Firmicutes,Negativicutes,Veillonellales-Selenomonadales,Sporomusaceae,Pelosinus,Unassigned
39c47f3d76baee36a286c74330d36b6f,Bacteria,Actinobacteriota,Actinobacteria,Pseudonocardiales,Pseudonocardiaceae,Pseudonocardia,Unassigned
3d5199a202544aa6836f48de8c22655e,Bacteria,Proteobacteria,Alphaproteobacteria,Rickettsiales,Mitochondria,Mitochondria,Unassigned
6192892ebc8c3084f2fc528c23723ee0,Bacteria,Proteobacteria,Alphaproteobacteria,Acetobacterales,Acetobacteraceae,Acidiphilium,uncultured_bacterium
ca9908d85d0b07ee9df4d0d839c2b0fa,Bacteria,Firmicutes,Bacilli,Paenibacillales,Paenibacillaceae,Paenibacillus,Paenibacillus_arcticus
5edfe5d95f21159909370fc1005cdf31,Bacteria,Cyanobacteria,Cyanobacteriia,Chloroplast,Chloroplast,Chloroplast,uncultured_Chlorophyta
4595f883f7b01daa55336813c2d8898d,Bacteria,Proteobacteria,Alphaproteobacteria,Rickettsiales,Mitochondria,Mitochondria,Unassigned
f37d89376367b7b4564713fdda79135e,Bacteria,Proteobacteria,Alphaproteobacteria,Rhizobiales,Rhizobiales_Incertae_Sedis,Phreatobacter,Unassigned
1c0052ee18456de481857ab168d199d1,Bacteria,Verrucomicrobiota,Chlamydiae,Chlamydiales,Parachlamydiaceae,Candidatus_Protochlamydia,metagenome
eaf5997f090ca0df5daf1889d3e60bb0,Bacteria,Proteobacteria,Alphaproteobacteria,Rhodobacterales,Rhodobacteraceae,Rubellimicrobium,uncultured_bacterium
a7c725b951d62e6f6814fb8ca64a356e,Bacteria,Firmicutes,Clostridia,Lachnospirales,Lachnospiraceae,Tyzzerella,uncultured_Eubacteriaceae
603757bdd78164f5052740710b1a54ba,Bacteria,Bacteroidota,Bacteroidia,Bacteroidales,Dysgonomonadaceae,Proteiniphilum,uncultured_bacterium
3f4b8aa688016d3cabf960f346062752,Bacteria,Planctomycetota,Planctomycetes,Gemmatales,Gemmataceae,uncultured,uncultured_bacterium
43bf2e05902a9f38eb400647f5b1e0a0,Bacteria,Proteobacteria,Gammaproteobacteria,Vibrionales,Vibrionaceae,Vibrio,Unassigned
8612a638846acf832935cb932a1f0398,Bacteria,Bacteroidota,Bacteroidia,Flavobacteriales,Weeksellaceae,Cloacibacterium,Unassigned
cb80be4ac2def4c41b4338fe839038be,Bacteria,Actinobacteriota,Thermoleophilia,Solirubrobacterales,Solirubrobacteraceae,uncultured,Unassigned
912f795ef3617aeb65ff9ad69b9567a8,Bacteria,Proteobacteria,Gammaproteobacteria,Xanthomonadales,Xanthomonadaceae,Stenotrophomonas,Unassigned
3b6fd7be1d9b5827f77b4942a55be2e3,Bacteria,Proteobacteria,Alphaproteobacteria,Sphingomonadales,Sphingomonadaceae,uncultured,Unassigned
fedbc7e590329e65cf2af9f3c7e768cc,Bacteria,Planctomycetota,Planctomycetes,Isosphaerales,Isosphaeraceae,Tundrisphaera,Unassigned
c7cb0743071e36e0861b864d2b5ca8b4,Bacteria,Unassigned,Unassigned,Unassigned,Unassigned,Unassigned,Unassigned
6f28034e8effb4e825d77f0090168ff0,Bacteria,Actinobacteriota,Thermoleophilia,Gaiellales,uncultured,uncultured,Unassigned
56a48d182ce85d6bede502b5d1d48194,Bacteria,Bacteroidota,Bacteroidia,Sphingobacteriales,Sphingobacteriaceae,Pedobacter,Unassigned
cca184b1de9bb792987f205bcca65635,Bacteria,Proteobacteria,Alphaproteobacteria,Rhizobiales,Beijerinckiaceae,Unassigned,Unassigned
58339e39c86430195c7bfb67726f46b9,Bacteria,Proteobacteria,Alphaproteobacteria,Rhizobiales,Rhizobiales_Incertae_Sedis,uncultured,uncultured_bacterium
a72b78c1f8a5d5e6cb290ab7f2bedcf8,Bacteria,Proteobacteria,Gammaproteobacteria,Burkholderiales,Comamonadaceae,Unassigned,Unassigned
627a99dd1114c5212eb902a0d47d6f37,Bacteria,Bacteroidota,Bacteroidia,Flavobacteriales,Flavobacteriaceae,Flavobacterium,Unassigned
bcc950fd1862b5e017645f7862d4d074,Bacteria,Proteobacteria,Alphaproteobacteria,Rickettsiales,Mitochondria,Mitochondria,Arachis_hypogaea
ef7a4512d4015c9033eadf3946331bbd,Bacteria,Proteobacteria,Gammaproteobacteria,Legionellales,Legionellaceae,Legionella,uncultured_bacterium
a1d49eb41c32aad11364676316f74ed1,Bacteria,Planctomycetota,Planctomycetes,Isosphaerales,Isosphaeraceae,Unassigned,Unassigned
67dc80c3003888f1092e6be71e793e6f,Bacteria,Actinobacteriota,Actinobacteria,Pseudonocardiales,Pseudonocardiaceae,Actinomycetospora,Unassigned
162dcb3929e23b071e65fda88174be74,Bacteria,Actinobacteriota,Actinobacteria,Corynebacteriales,Corynebacteriaceae,Corynebacterium,Unassigned
06f825b512d903b9230e1a55d87359ee,Bacteria,Firmicutes,Bacilli,Lactobacillales,Streptococcaceae,Streptococcus,Unassigned
2c018541c191cc0cf5c9b426025498fa,Bacteria,Unassigned,Unassigned,Unassigned,Unassigned,Unassigned,Unassigned
195a54476a1802d75e0e773601fe964b,Bacteria,Actinobacteriota,Actinobacteria,Corynebacteriales,Corynebacteriaceae,Corynebacterium,Unassigned
a91108c92f693afd91f04b849e036d52,Bacteria,Proteobacteria,Alphaproteobacteria,Rhizobiales,Beijerinckiaceae,Unassigned,Unassigned
81c839961739b100d28f8415f4e69bc2,Bacteria,Cyanobacteria,Cyanobacteriia,Chloroplast,Chloroplast,Chloroplast,Coccomyxa_sp.
96e33458e8a180df0ae170b1e16d9e52,Bacteria,Proteobacteria,Gammaproteobacteria,Burkholderiales,Comamonadaceae,Tepidimonas,Unassigned
c6b78ba285d5e250ea1aaab94551ebdc,Bacteria,Bacteroidota,Bacteroidia,Flavobacteriales,Flavobacteriaceae,Flavobacterium,Unassigned
cc834d75f1bf4ed6fe2b75cdd16de2ab,Bacteria,Proteobacteria,Alphaproteobacteria,Rhizobiales,Devosiaceae,uncultured,Unassigned
d213218a9dc4d986af1990fde5fd378e,Bacteria,Proteobacteria,Gammaproteobacteria,Burkholderiales,Comamonadaceae,Unassigned,Unassigned
d29e75fe79a572f17464f15eebcb4040,Bacteria,Unassigned,Unassigned,Unassigned,Unassigned,Unassigned,Unassigned
e3b27014eb549f7cad4db45abaa414e1,Bacteria,Planctomycetota,Planctomycetes,Pirellulales,Pirellulaceae,Pir4_lineage,Unassigned
230abee2c248c1b0b251b327671a0fac,Bacteria,Planctomycetota,Planctomycetes,Gemmatales,Gemmataceae,uncultured,uncultured_bacterium
edb02840fe91e2472e2935917600da98,Bacteria,Bacteroidota,Bacteroidia,Bacteroidales,Prevotellaceae,Prevotella,Prevotella_corporis
b49e29340dd6d4f020b7d78e71f01f33,Bacteria,Proteobacteria,Alphaproteobacteria,Holosporales,Holosporaceae,uncultured,metagenome
ba0da0d44180ef83260459a2b3443a8c,Bacteria,Proteobacteria,Gammaproteobacteria,Burkholderiales,Comamonadaceae,Comamonas,Unassigned
200b5471f5592e6b943ba3f624489a54,Bacteria,Proteobacteria,Alphaproteobacteria,Rickettsiales,Mitochondria,Mitochondria,Unassigned
c4fca1f7177aa5b1a5f2b04a5dabf8f2,Bacteria,Planctomycetota,Planctomycetes,Gemmatales,Gemmataceae,Fimbriiglobus,uncultured_bacterium
6bd8bdc08257c42a63097ae67d5590ff,Bacteria,Verrucomicrobiota,Verrucomicrobiae,Verrucomicrobiales,Verrucomicrobiaceae,uncultured,uncultured_soil
5b4813ca6b6206f445bd0058ff26d4a2,Bacteria,Cyanobacteria,Cyanobacteriia,Chloroplast,Chloroplast,Chloroplast,groundwater_metagenome
4b6b290b567d0f144904c6e0b6f4cab1,Bacteria,Proteobacteria,Alphaproteobacteria,Rhodobacterales,Rhodobacteraceae,uncultured,Unassigned
9c0de7908dd6ef3d536b42d9e11e0779,Bacteria,Proteobacteria,Gammaproteobacteria,Burkholderiales,Comamonadaceae,Unassigned,Unassigned
e4efe4c2a010733dcc1e7b9f7002b638,Bacteria,Unassigned,Unassigned,Unassigned,Unassigned,Unassigned,Unassigned
516a67156dacfa4341327a7e2a22f877,Bacteria,Firmicutes,Bacilli,Bacillales,Bacillaceae,Geobacillus,Unassigned
725e8ece78732f5a169a553e6c5c5da6,Bacteria,Planctomycetota,Planctomycetes,Gemmatales,Gemmataceae,Fimbriiglobus,uncultured_bacterium
31c862c1b2e0ffdd72b11a0b50c208f6,Bacteria,Firmicutes,Bacilli,Bacillales,Bacillaceae,Bacillus,Unassigned
bcba47620c299fd34809f143e3d26dff,Bacteria,Proteobacteria,Alphaproteobacteria,Sphingomonadales,Sphingomonadaceae,Sphingomonas,Unassigned
886813d6c66ef41ef648c9b92ffde619,Bacteria,Actinobacteriota,Actinobacteria,Corynebacteriales,Corynebacteriaceae,Corynebacterium,Unassigned
b0d693ab9aa8555ab7b36731bf98bdf5,Bacteria,Proteobacteria,Alphaproteobacteria,Acetobacterales,Acetobacteraceae,Acidiphilium,metagenome
9477d45e83a2f8d1f61fd3cb9db73a0f,Bacteria,Proteobacteria,Alphaproteobacteria,Rhizobiales,Beijerinckiaceae,Unassigned,Unassigned
d3530350480a2196e24a004fa0027558,Bacteria,Proteobacteria,Gammaproteobacteria,Burkholderiales,Comamonadaceae,Unassigned,Unassigned
e48e3b3d89c48e5958ad6d5d72ebba81,Bacteria,Firmicutes,Bacilli,Lactobacillales,Enterococcaceae,Enterococcus,Unassigned
472f5284a1977566f3f5bd962b12adaf,Bacteria,Planctomycetota,Planctomycetes,Pirellulales,Pirellulaceae,Pirellula,Unassigned
81370252050be0cfd3143342624f3c77,Bacteria,Proteobacteria,Alphaproteobacteria,Acetobacterales,Acetobacteraceae,Acidiphilium,uncultured_bacterium
f984cf044ac3646f2fc24c2f9a36b317,Bacteria,Proteobacteria,Gammaproteobacteria,Legionellales,Legionellaceae,Legionella,Unassigned
49854c8281f9b90014e73d94a59c8c30,Bacteria,Proteobacteria,Alphaproteobacteria,Sphingomonadales,Sphingomonadaceae,Rhizorhapis,Unassigned
8a8895d160b2fda424ad5446e9bf8f4e,Bacteria,Firmicutes,Desulfitobacteriia,Desulfitobacteriales,Desulfitobacteriaceae,Desulfosporosinus,Unassigned
a10b5f6532c166294286df8ff32212b8,Bacteria,Dependentiae,Babeliae,Babeliales,Babeliaceae,Babeliaceae,uncultured_bacterium
360327535d0855ecc5990f8aca1aaf92,Bacteria,Unassigned,Unassigned,Unassigned,Unassigned,Unassigned,Unassigned
510282ab2c5fa95af9ef3c68d6f84e6f,Bacteria,Planctomycetota,Planctomycetes,Gemmatales,Gemmataceae,Fimbriiglobus,uncultured_bacterium
cabaae4b8b41e7b071c4109b6fa89fbf,Bacteria,Proteobacteria,Alphaproteobacteria,Rickettsiales,Mitochondria,Mitochondria,Unassigned
125f726d333b036882f2ce20b8c6abb9,Bacteria,Firmicutes,Clostridia,Peptostreptococcales-Tissierellales,Anaerovoracaceae,Anaerovorax,Unassigned
f0f13ad84e95b717837db4c1286830ef,Bacteria,Actinobacteriota,Thermoleophilia,Solirubrobacterales,67-14,67-14,metagenome
d1cd2997caaca35295923e13a4b553c9,Bacteria,Planctomycetota,Planctomycetes,Isosphaerales,Isosphaeraceae,uncultured,Unassigned
add03d35be0d7121787a450e12e7251b,Bacteria,Planctomycetota,Planctomycetes,Pirellulales,Pirellulaceae,uncultured,metagenome
494d3353ffeb9c4a876bb7776cf7096a,Bacteria,Unassigned,Unassigned,Unassigned,Unassigned,Unassigned,Unassigned
c10a9c28fd0c00b5bb7df7cf7d902257,Bacteria,Actinobacteriota,Actinobacteria,Frankiales,Frankiaceae,Jatrophihabitans,Unassigned
fd496fd32dc8c08ade2e8b6c9d8ee13d,Bacteria,Firmicutes,Bacilli,Lactobacillales,Streptococcaceae,Streptococcus,Streptococcus_salivarius
2cc25c139fab6946f49957c7f279d402,Bacteria,Proteobacteria,Gammaproteobacteria,Enterobacterales,Enterobacteriaceae,Unassigned,Unassigned
c88e419f2e89896c59d69c1cb2406d78,Bacteria,Actinobacteriota,Actinobacteria,Corynebacteriales,Mycobacteriaceae,Mycobacterium,Unassigned
605ac9a7e88d47be1bf40c55de175d79,Bacteria,Proteobacteria,Alphaproteobacteria,Rhizobiales,Beijerinckiaceae,Methylobacterium-Methylorubrum,Unassigned
18a907bd87393e02bfc406236ec68aba,Bacteria,Proteobacteria,Alphaproteobacteria,Rhizobiales,Rhizobiaceae,Aliihoeflea,Unassigned
e80055d5a1ad581ee9d8da5c1434efb7,Bacteria,Cyanobacteria,Cyanobacteriia,Chloroplast,Chloroplast,Chloroplast,Tetradesmus_obliquus
32d73e930303e9dc7482a1cfc3cb6dcd,Bacteria,Proteobacteria,Alphaproteobacteria,Parvibaculales,PS1_clade,PS1_clade,uncultured_bacterium
82a7a1dc07c8bf9012341f1a51649c32,Bacteria,Cyanobacteria,Cyanobacteriia,Chloroplast,Chloroplast,Chloroplast,Unassigned
d3635fbe2e21789d6348c8517c130124,Bacteria,Unassigned,Unassigned,Unassigned,Unassigned,Unassigned,Unassigned
4349d061b8e96eb429c2e2647872b46d,Bacteria,Unassigned,Unassigned,Unassigned,Unassigned,Unassigned,Unassigned
69ed0f903ef00d18113a0bb324deb46b,Bacteria,Actinobacteriota,Thermoleophilia,Solirubrobacterales,Solirubrobacteraceae,uncultured,Unassigned
8aa480fab0c10eb95a3a46c7c6bc24fc,Bacteria,Planctomycetota,Planctomycetes,Isosphaerales,Isosphaeraceae,uncultured,uncultured_bacterium
d6323862ee96a5a7458912e40ef606f3,Bacteria,Proteobacteria,Alphaproteobacteria,Rickettsiales,Mitochondria,Mitochondria,Arachis_hypogaea
92f1720367db58c68a96eceb9feb416a,Bacteria,Proteobacteria,Alphaproteobacteria,Rhizobiales,Beijerinckiaceae,Methylobacterium-Methylorubrum,Unassigned
aee0ba7b5e7cc29a62081311f4f94ba1,Bacteria,Planctomycetota,Planctomycetes,Isosphaerales,Isosphaeraceae,uncultured,Isosphaera_sp.
528deb8dbe1e2d52a82ea880206a5df0,Bacteria,Dependentiae,Babeliae,Babeliales,Babeliaceae,Babeliaceae,uncultured_bacterium
42126f3f88a8b61a702dab169bb24326,Bacteria,Proteobacteria,Alphaproteobacteria,Rickettsiales,Mitochondria,Mitochondria,Botryosphaeria_dothidea
1e82e84be0b476787ae52e8c4628fa58,Bacteria,Planctomycetota,Planctomycetes,Isosphaerales,Isosphaeraceae,Candidatus_Nostocoida,uncultured_bacterium
aa9b3a1418d146c262ec63305292065a,Bacteria,Actinobacteriota,Actinobacteria,Corynebacteriales,Corynebacteriaceae,Corynebacterium,Unassigned
f43836fb3dbc1fe9a3f95af640d01a85,Bacteria,Actinobacteriota,Actinobacteria,Micrococcales,Bogoriellaceae,Georgenia,uncultured_bacterium
e6760ae34268a37a68c5017499ae2b7d,Bacteria,Proteobacteria,Alphaproteobacteria,Acetobacterales,Acetobacteraceae,Rhodovastum,Unassigned
65643211787aef8c35b52708d456a5ea,Bacteria,Planctomycetota,Planctomycetes,Isosphaerales,Isosphaeraceae,uncultured,Isosphaera_sp.
6890f132e9504ca5bd48b472b3f44037,Bacteria,Proteobacteria,Alphaproteobacteria,Acetobacterales,Acetobacteraceae,Acidiphilium,uncultured_bacterium
a2d59d7783b3a846549f2c0bfa3658cb,Bacteria,Proteobacteria,Alphaproteobacteria,Rhizobiales,Beijerinckiaceae,uncultured,uncultured_bacterium
3be4e860bd905ca4bd6f38a103d0672c,Bacteria,Actinobacteriota,Actinobacteria,Frankiales,Sporichthyaceae,Longivirga,metagenome
ffb33882941159e894a06b7eb78532fe,Bacteria,Proteobacteria,Alphaproteobacteria,Rickettsiales,Mitochondria,Mitochondria,Silene_dioica
e580fb98b5e6c3fbd501d3bbe4259e3a,Bacteria,Planctomycetota,Planctomycetes,Isosphaerales,Isosphaeraceae,Tundrisphaera,uncultured_bacterium
8b3790b21bd385857999b8ed4af28e45,Bacteria,Cyanobacteria,Cyanobacteriia,Oxyphotobacteria_Incertae_Sedis,Unknown_Family,Calothrix_KVSF5,uncultured_bacterium
5fa9fae5adb7d04f6eafb186c32d49de,Bacteria,Proteobacteria,Alphaproteobacteria,Rickettsiales,Mitochondria,Mitochondria,Lecanora_strobilina
c0517c7c1944746514f950047044c1ab,Bacteria,Proteobacteria,Gammaproteobacteria,Legionellales,Legionellaceae,Legionella,Legionella_sp.
8d9f334c06a30c6036fdde35a4c0df94,Bacteria,Unassigned,Unassigned,Unassigned,Unassigned,Unassigned,Unassigned
5efb182b9d0acb4ede67f48ac51a54cb,Bacteria,Firmicutes,Clostridia,Clostridia,Hungateiclostridiaceae,Unassigned,Unassigned
e2b8423af47eff641b63edd620d2f699,Bacteria,Proteobacteria,Alphaproteobacteria,Rickettsiales,Mitochondria,Mitochondria,Unassigned
13fb597f26667383d9af922f66759cdc,Bacteria,Proteobacteria,Gammaproteobacteria,Burkholderiales,Oxalobacteraceae,Herminiimonas,Unassigned
67804521f0f8c48a2feec43839c29cb4,Bacteria,Cyanobacteria,Cyanobacteriia,Chloroplast,Chloroplast,Chloroplast,Prasiolopsis_sp.
61c3333c23c4970147f43bfc751e60ee,Bacteria,Proteobacteria,Alphaproteobacteria,Rickettsiales,Mitochondria,Mitochondria,Unassigned
0ce4ec54273941d26cb907c5c9c6d945,Bacteria,Proteobacteria,Alphaproteobacteria,Rickettsiales,Mitochondria,Mitochondria,Unassigned
5c8e0403dd45175bd327d182c371a491,Bacteria,Proteobacteria,Alphaproteobacteria,Rhizobiales,Beijerinckiaceae,Unassigned,Unassigned
31b2bc3e7863076fd81cf5fd0a43e18e,Bacteria,Proteobacteria,Alphaproteobacteria,Rhizobiales,Hyphomicrobiaceae,Unassigned,Unassigned
dfe18dabc9b4321e0bb15e6152cdf2b0,Bacteria,Cyanobacteria,Cyanobacteriia,Oxyphotobacteria_Incertae_Sedis,Unknown_Family,Calothrix_KVSF5,uncultured_bacterium
0ef5f3a1b97c90a63f3cd9084bc7c3d6,Bacteria,Planctomycetota,Planctomycetes,Isosphaerales,Isosphaeraceae,Tundrisphaera,Unassigned
167b7b1138ca5bb15005c516f62ef2ec,Bacteria,Cyanobacteria,Cyanobacteriia,Chloroplast,Chloroplast,Chloroplast,Unassigned
10dc0811cf67e561ad0097a92ebc6914,Bacteria,Cyanobacteria,Cyanobacteriia,Cyanobacteriales,Chroococcidiopsaceae,uncultured,uncultured_cyanobacterium
95212d298113d275405121d5d8e7b00c,Bacteria,Cyanobacteria,Cyanobacteriia,Chloroplast,Chloroplast,Chloroplast,Vischeria_sp.
3b81998d89c6a0371ede35c5d7146472,Bacteria,Actinobacteriota,Actinobacteria,Frankiales,Frankiaceae,Jatrophihabitans,uncultured_bacterium
d65c255448756ecb09b4697d86fdd020,Bacteria,Cyanobacteria,Cyanobacteriia,Chloroplast,Chloroplast,Chloroplast,Unassigned
814e9fbcf10cc27f60c5a8699cd23c5c,Bacteria,Planctomycetota,Planctomycetes,Gemmatales,Gemmataceae,Fimbriiglobus,Gemmata_sp.
73b910ac73296d7e4812540979437665,Bacteria,Proteobacteria,Alphaproteobacteria,Sphingomonadales,Sphingomonadaceae,Sphingorhabdus,uncultured_bacterium
918d87935ba40cb3b9a31aabdd00ba02,Bacteria,Verrucomicrobiota,Chlamydiae,Chlamydiales,Parachlamydiaceae,Unassigned,Unassigned
28c60604801f5625d45bb5950254a18e,Bacteria,Campilobacterota,Campylobacteria,Campylobacterales,Arcobacteraceae,uncultured,Unassigned
3e01b0a6555a217ba2dbdc0ff727aabc,Bacteria,Planctomycetota,Planctomycetes,Isosphaerales,Isosphaeraceae,uncultured,uncultured_bacterium
1652b79425a243ab5f1ecdff9294aff5,Bacteria,Myxococcota,Polyangia,Polyangiales,Phaselicystidaceae,Phaselicystis,Unassigned
1ba6254eab38043e3846f084eaef5b41,Bacteria,Proteobacteria,Alphaproteobacteria,Rickettsiales,Mitochondria,Mitochondria,Unassigned
9b5f2003d2db74ec00c3f9c74eb0c3e8,Bacteria,Proteobacteria,Alphaproteobacteria,Rhizobiales,Beijerinckiaceae,uncultured,uncultured_bacterium
a2a460394c97bad0631cf57bbe1ab8e7,Bacteria,Planctomycetota,Planctomycetes,Isosphaerales,Isosphaeraceae,uncultured,Unassigned
a29f41d711eed4a7d0fc75556839706a,Bacteria,Firmicutes,Clostridia,Lachnospirales,Lachnospiraceae,Tyzzerella,Unassigned
14c428882ecf423e1cc18d6fc2f7126d,Bacteria,Proteobacteria,Alphaproteobacteria,Rickettsiales,Mitochondria,Mitochondria,Unassigned
e898620b82d3ae5814a1888c8888639a,Bacteria,Proteobacteria,Gammaproteobacteria,Pseudomonadales,Pseudomonadaceae,Pseudomonas,Unassigned
73373d2d94551b3c53c3e01b6a02aeb3,Bacteria,Actinobacteriota,Actinobacteria,Micrococcales,Microbacteriaceae,Microbacterium,Unassigned
ded0a6e82bcef3a1ea9ffd8dc6f1d8c6,Bacteria,Chloroflexi,Chloroflexia,Thermomicrobiales,JG30-KF-CM45,JG30-KF-CM45,Unassigned
4c66d872d8f3783a9c4d578fb2545872,Bacteria,Cyanobacteria,Cyanobacteriia,Chloroplast,Chloroplast,Chloroplast,Prasiolopsis_sp.
5815644b726b481693fd93a9040a2f25,Bacteria,Planctomycetota,Planctomycetes,Planctomycetales,Schlesneriaceae,Schlesneria,metagenome
befd5fc271450d6689cb4199e5019357,Bacteria,Cyanobacteria,Cyanobacteriia,Chloroplast,Chloroplast,Chloroplast,Monoraphidium_neglectum
1c2081ba6182497ed3942fb5deb235e4,Bacteria,Planctomycetota,Planctomycetes,Isosphaerales,Isosphaeraceae,Tundrisphaera,Unassigned
c50b8e61d1522b657734463426662b5d,Bacteria,Actinobacteriota,Thermoleophilia,Solirubrobacterales,Solirubrobacteraceae,Solirubrobacter,uncultured_bacterium
1aa45332969575442e0a457ef371669d,Bacteria,Verrucomicrobiota,Verrucomicrobiae,Verrucomicrobiales,Rubritaleaceae,Luteolibacter,Unassigned
cca06e2efc4654cf1c5650feee28f8a8,Bacteria,Proteobacteria,Alphaproteobacteria,Rhizobiales,Rhizobiales_Incertae_Sedis,Phreatobacter,Phreatobacter_sp.
f0422912eecd4677affb5340f412990d,Bacteria,Proteobacteria,Alphaproteobacteria,Rickettsiales,Mitochondria,Mitochondria,Lecanora_strobilina
7092928ece07816cb3a547da0c69a254,Unassigned,Unassigned,Unassigned,Unassigned,Unassigned,Unassigned,Unassigned
00cdc7e7e224ea3c39aa99681ce64431,Bacteria,Firmicutes,Bacilli,Lactobacillales,Streptococcaceae,Streptococcus,Unassigned
406ee0577d84e778372ca01e5228f885,Bacteria,Proteobacteria,Alphaproteobacteria,Rhizobiales,Beijerinckiaceae,1174-901-12,uncultured_Alphaproteobacteria
8e175abe6a746b8f33bae9cd7c8192bb,Bacteria,Firmicutes,Clostridia,Oscillospirales,Ruminococcaceae,Faecalibacterium,Unassigned
571caff85904d8c4238bcc2c4c44d644,Bacteria,Actinobacteriota,Actinobacteria,Frankiales,Sporichthyaceae,uncultured,uncultured_bacterium
7f1a18b9ab3ed3eec52b90536bd614e0,Bacteria,Actinobacteriota,Actinobacteria,Micrococcales,Micrococcaceae,Micrococcus,Unassigned
bf3a1a4c1b84ea31505d1050de6beab1,Bacteria,Proteobacteria,Alphaproteobacteria,Rhizobiales,Methyloligellaceae,Methyloligellaceae,uncultured_bacterium
3b2924f3a687660ca10f58f1f12d86e4,Bacteria,Proteobacteria,Gammaproteobacteria,Oceanospirillales,Marinomonadaceae,Marinomonas,Unassigned
ed7118b99212b4b84bde17d76459bb02,Bacteria,Planctomycetota,Planctomycetes,Pirellulales,Pirellulaceae,uncultured,Unassigned
98c33dc4b0b226e9a269dc7a804035c1,Bacteria,Bacteroidota,Bacteroidia,Chitinophagales,Chitinophagaceae,Hydrotalea,Hydrotalea_sandarakina
d4e0aab0d4256c6f4c0d8fd6990f7c51,Bacteria,Proteobacteria,Gammaproteobacteria,Pseudomonadales,Pseudomonadaceae,Pseudomonas,Unassigned
acfd660a997999993c295f121d5d8bff,Bacteria,Chloroflexi,Chloroflexia,Thermomicrobiales,JG30-KF-CM45,JG30-KF-CM45,uncultured_Sphaerobacter
c4f19234f876ce160045f86271dc6232,Bacteria,Actinobacteriota,Actinobacteria,Streptomycetales,Streptomycetaceae,Unassigned,Unassigned
b05e5fdce9d1c40bb22414c1431ea80a,Bacteria,Proteobacteria,Alphaproteobacteria,Rhizobiales,Hyphomicrobiaceae,Hyphomicrobium,metagenome
2c21592f097d245bd353899b16ee9696,Bacteria,Actinobacteriota,Thermoleophilia,Solirubrobacterales,Solirubrobacteraceae,Conexibacter,uncultured_bacterium
eac7bb08e1442899e994f40ddb0f4c20,Bacteria,Actinobacteriota,Actinobacteria,Propionibacteriales,Nocardioidaceae,Nocardioides,Marmoricola_sp.
00fa000d2cfe6b468080198608744524,Bacteria,Actinobacteriota,Actinobacteria,Pseudonocardiales,Pseudonocardiaceae,Actinomycetospora,Unassigned
59a404b72a503b9ab429fd5695a0c310,Bacteria,Bacteroidota,Bacteroidia,Chitinophagales,Chitinophagaceae,uncultured,uncultured_Chitinophagaceae
52f626275d6df4271fc858221efe9988,Bacteria,Firmicutes,Clostridia,Peptostreptococcales-Tissierellales,Peptostreptococcales-Tissierellales,Anaerococcus,uncultured_bacterium
f0e3f2a4dff0433f425c142d916feebf,Bacteria,Firmicutes,Bacilli,Bacillales,Bacillaceae,Pseudogracilibacillus,Pseudogracilibacillus_auburnensis
f4d148e3bb4431988af3d3273c802a0b,Bacteria,Actinobacteriota,Actinobacteria,Frankiales,Nakamurellaceae,Nakamurella,Unassigned
f22b4868ef9392907c828fc09ed2f0b2,Bacteria,Proteobacteria,Alphaproteobacteria,Rhizobiales,Beijerinckiaceae,Bosea,Unassigned
6db5b7684e2e7c2b7db12a3745bb048b,Bacteria,Proteobacteria,Alphaproteobacteria,Rhizobiales,Devosiaceae,Devosia,Devosia_limi
54203df0198187a66da80da74d02d18d,Bacteria,Actinobacteriota,Actinobacteria,Corynebacteriales,Nocardiaceae,Rhodococcus,Unassigned
303707ebecf381b8bc1c7c6d3368d20b,Bacteria,Proteobacteria,Alphaproteobacteria,Paracaedibacterales,Paracaedibacteraceae,Candidatus_Paracaedibacter,metagenome
829ee8a0adb1727f6e14ca409d68b966,Bacteria,Proteobacteria,Alphaproteobacteria,Rickettsiales,Mitochondria,Mitochondria,uncultured_bacterium
eed4445c6828c17a10169e46afa6fa5c,Bacteria,Bacteroidota,Bacteroidia,Sphingobacteriales,Sphingobacteriaceae,Pedobacter,Unassigned
678fb01da075bf5aa5d0deac6f4623cc,Bacteria,Bacteroidota,Bacteroidia,Sphingobacteriales,Sphingobacteriaceae,Pedobacter,Unassigned
0db58ce1f7ccf7f9cfe9011d9ad5f0a6,Bacteria,Chloroflexi,Chloroflexia,Thermomicrobiales,JG30-KF-CM45,JG30-KF-CM45,uncultured_soil
824cf20ee605d76910cb36e15a4b7868,Bacteria,Firmicutes,Negativicutes,Veillonellales-Selenomonadales,Sporomusaceae,Pelosinus,Unassigned
4b005828a1cb2add3f80a8d6f4d87519,Bacteria,Proteobacteria,Alphaproteobacteria,Sphingomonadales,Sphingomonadaceae,Novosphingobium,Unassigned
3d141a31f0774d5220f1701ad5f037c1,Bacteria,Actinobacteriota,Actinobacteria,Micrococcales,Cellulomonadaceae,Unassigned,Unassigned
9e3c5431b5c90e4eaff48ce80b11383e,Bacteria,Proteobacteria,Alphaproteobacteria,Rickettsiales,Mitochondria,Mitochondria,Sarocladium_implicatum
b0837a3f6c4032b918842871fcf22591,Bacteria,Planctomycetota,Planctomycetes,Isosphaerales,Isosphaeraceae,Tundrisphaera,Unassigned
08a6fed4eb402b6b303425a34496df46,Bacteria,Proteobacteria,Alphaproteobacteria,Rhizobiales,Devosiaceae,Devosia,Devosia_limi
89e8f050be302b3f857d15b2e106e602,Bacteria,Actinobacteriota,Actinobacteria,Propionibacteriales,Nocardioidaceae,Marmoricola,Unassigned
9fcfcb539b007ab6f5ed1c12674fb93b,Bacteria,Firmicutes,Bacilli,Alicyclobacillales,Alicyclobacillaceae,Alicyclobacillus,Unassigned
fd1098cd571337c869bc804919b0f630,Bacteria,Firmicutes,Bacilli,Bacillales,Unassigned,Unassigned,Unassigned
362153e5b9f18ef3ea60317d9d161239,Bacteria,Planctomycetota,Planctomycetes,Isosphaerales,Isosphaeraceae,Tundrisphaera,uncultured_bacterium
e1a9430f9c3611fc149a9f8e65bf5259,Bacteria,Proteobacteria,Alphaproteobacteria,Rhodobacterales,Rhodobacteraceae,Pseudorhodobacter,Unassigned
6626f9c2e3859382d416f81cb71595bb,Bacteria,Firmicutes,Negativicutes,Veillonellales-Selenomonadales,Sporomusaceae,Pelosinus,Unassigned
47b6f0ce1d401b49eccd64dfcc4df531,Bacteria,Cyanobacteria,Cyanobacteriia,Chloroplast,Chloroplast,Chloroplast,Xylochloris_irregularis
386cccd88b1c36cb8246efb2bfffde20,Bacteria,Proteobacteria,Alphaproteobacteria,Rickettsiales,Mitochondria,Mitochondria,Rhynchosporium_secalis
45c64ba772cfe230fbb8e3fa016fb8cc,Bacteria,Planctomycetota,Planctomycetes,Gemmatales,Gemmataceae,uncultured,Unassigned
a170a7edcc7c696078eadb2483ce58bb,Bacteria,Unassigned,Unassigned,Unassigned,Unassigned,Unassigned,Unassigned
374b724806294b861c4ed5cfb74e2f31,Bacteria,Proteobacteria,Alphaproteobacteria,Rhizobiales,Beijerinckiaceae,Methylobacterium-Methylorubrum,Unassigned
4ad293f56fd0b3b943faf27b15572cad,Bacteria,Bacteroidota,Bacteroidia,Bacteroidales,Prevotellaceae,Prevotella,Unassigned
72a92aec455db02b81b177cd9bb6ca29,Bacteria,Cyanobacteria,Cyanobacteriia,Chloroplast,Chloroplast,Chloroplast,Myrmecia_israeliensis
f2691e65001fcf77f31d84ad40e6328f,Bacteria,Planctomycetota,Planctomycetes,Gemmatales,Gemmataceae,uncultured,uncultured_bacterium
0ed82bed84de7c737439d2658891e5e2,Bacteria,Actinobacteriota,Actinobacteria,Propionibacteriales,Nocardioidaceae,Nocardioides,Unassigned
bec7e35c109fb92e0dd4a5068673f9bb,Bacteria,Proteobacteria,Alphaproteobacteria,Rhizobiales,Xanthobacteraceae,Unassigned,Unassigned
e4244dfca562f3cc66dfcfcf4cfde36f,Bacteria,Proteobacteria,Alphaproteobacteria,Rickettsiales,Mitochondria,Mitochondria,Unassigned
fdd33a5b090f2d0471673ad8a5636297,Bacteria,Firmicutes,Bacilli,Thermoactinomycetales,Thermoactinomycetaceae,Laceyella,Unassigned
50ee79daf42fe2ce17aee02ea25fe4ed,Bacteria,Planctomycetota,Planctomycetes,Isosphaerales,Isosphaeraceae,uncultured,uncultured_bacterium
f1236f4f3ba0f4a4538e99ead7bb9f40,Bacteria,Proteobacteria,Gammaproteobacteria,Legionellales,Legionellaceae,Legionella,uncultured_bacterium
d7c175c5b206160e3c14ffd3ae2019d7,Bacteria,Proteobacteria,Gammaproteobacteria,Alteromonadales,Pseudoalteromonadaceae,Pseudoalteromonas,Unassigned
00205028faf87604dfd316f9b965e25f,Bacteria,Actinobacteriota,Thermoleophilia,Solirubrobacterales,67-14,67-14,uncultured_bacterium
ee329169e46997aa38b54913a333cbcb,Bacteria,Proteobacteria,Alphaproteobacteria,Rhizobiales,Beijerinckiaceae,Psychroglaciecola,uncultured_bacterium
86499c072ecdaddf6d533b4d4571b51a,Bacteria,Proteobacteria,Alphaproteobacteria,Rhizobiales,Devosiaceae,Devosia,Unassigned
27d4944f3ff782443a5b8be18619e7b8,Bacteria,Firmicutes,Bacilli,Paenibacillales,Paenibacillaceae,Paenibacillus,Unassigned
a984770b3f1a624ed8077c78798c3d9d,Bacteria,Proteobacteria,Gammaproteobacteria,Legionellales,Legionellaceae,Legionella,uncultured_bacterium
f8ec009ea7d958c2429fc4d8931f6c25,Bacteria,Proteobacteria,Alphaproteobacteria,Rhizobiales,Beijerinckiaceae,1174-901-12,uncultured_bacterium
3c21678376f6b2dde2acfe7ef4fe86c2,Bacteria,Proteobacteria,Alphaproteobacteria,Rickettsiales,Mitochondria,Mitochondria,Rhynchosporium_secalis
d665b88719adc6b05ccc541f423c7663,Bacteria,Proteobacteria,Alphaproteobacteria,Rickettsiales,Mitochondria,Mitochondria,Unassigned
21695523d5fde86e331942ca2aa84b5b,Bacteria,Proteobacteria,Alphaproteobacteria,Unassigned,Unassigned,Unassigned,Unassigned
b09d5993cd67b541558dbed853b03dfa,Bacteria,Proteobacteria,Alphaproteobacteria,Holosporales,Holosporaceae,uncultured,uncultured_bacterium
1b6a09fe4dd57beb02de6feda5dee9e3,Bacteria,Unassigned,Unassigned,Unassigned,Unassigned,Unassigned,Unassigned
4968157e27516b4b395db4ae64eee41d,Bacteria,Proteobacteria,Alphaproteobacteria,Sphingomonadales,Sphingomonadaceae,Rhizorhapis,uncultured_bacterium
912802646b23af619ccc76a49b439981,Bacteria,Proteobacteria,Alphaproteobacteria,Rhizobiales,Hyphomicrobiaceae,Hyphomicrobium,Unassigned
2c16378eb83fb581fa19dc7850ef14e4,Bacteria,Firmicutes,Bacilli,Paenibacillales,Paenibacillaceae,Paenibacillus,Unassigned
9b09cec809ced78b237729c513ddabac,Bacteria,Actinobacteriota,Thermoleophilia,Solirubrobacterales,67-14,67-14,uncultured_actinobacterium
c77e5fdc82fa358d813c4276d2f795b0,Bacteria,Actinobacteriota,Actinobacteria,Corynebacteriales,Mycobacteriaceae,Mycobacterium,Unassigned
480d0b0b34492332984c1721bd462297,Bacteria,Proteobacteria,Alphaproteobacteria,Rickettsiales,Mitochondria,Mitochondria,Unassigned
fc21fe7f3dd3b74e196bc4d66364e4df,Bacteria,Proteobacteria,Alphaproteobacteria,Rickettsiales,Mitochondria,Mitochondria,Botryosphaeria_dothidea
5b3931b12e1d1cc6c7b580e2eaddfa2d,Bacteria,Actinobacteriota,Actinobacteria,Corynebacteriales,Nocardiaceae,Rhodococcus,Unassigned
0d6bb2f2a1cb29ad755b9e54a5f9e48d,Bacteria,Proteobacteria,Alphaproteobacteria,Rhizobiales,Rhizobiaceae,Unassigned,Unassigned
113381e3893ed86fffe77e3fce5dd07f,Bacteria,Proteobacteria,Alphaproteobacteria,Rhizobiales,Rhizobiales_Incertae_Sedis,uncultured,Unassigned
066745e32b73c7628ef7b4f109484bbc,Bacteria,Planctomycetota,Planctomycetes,Planctomycetales,Schlesneriaceae,Schlesneria,uncultured_bacterium
5a7b179b1b45f0fe2282f260bf073f60,Bacteria,Actinobacteriota,Actinobacteria,Propionibacteriales,Propionibacteriaceae,Cutibacterium,Unassigned
31e4f50395ab55f58cab672d0d7b57a7,Bacteria,Planctomycetota,Planctomycetes,Gemmatales,Gemmataceae,uncultured,Unassigned
d6934515bf09caa5a2bd23a998bee553,Bacteria,Proteobacteria,Alphaproteobacteria,Rickettsiales,Mitochondria,Mitochondria,Unassigned
9271a528475724613e7bacd917dded27,Bacteria,Actinobacteriota,Actinobacteria,Frankiales,Frankiaceae,Jatrophihabitans,Jatrophihabitans_sp.
b6777eda2f2c4d8e7c104089572735e9,Archaea,Euryarchaeota,Methanobacteria,Methanobacteriales,Methanothermobacteriaceae,Methanothermobacter,Unassigned
667056e7769500e21052bd12d4ffde76,Bacteria,Proteobacteria,Gammaproteobacteria,Alteromonadales,Colwelliaceae,Colwellia,Unassigned
8425d4cf5f4dc882ae2abe971230a45c,Bacteria,Cyanobacteria,Cyanobacteriia,Chloroplast,Chloroplast,Chloroplast,Unassigned
4a1d3785f3440d622ae28c02c04b7729,Bacteria,Actinobacteriota,Actinobacteria,Frankiales,Acidothermaceae,Acidothermus,Unassigned
a16ab965f2a8f07cc6ee10b718720789,Bacteria,Cyanobacteria,Cyanobacteriia,Cyanobacteriales,Chroococcidiopsaceae,uncultured,uncultured_bacterium
5ae195c8007b0cbbb6d2010b797083ba,Bacteria,Firmicutes,Bacilli,Thermoactinomycetales,Thermoactinomycetaceae,Thermoactinomyces,uncultured_bacterium
ea1c353eb7ff5e1ff8cdebe4e17be2c2,Bacteria,Actinobacteriota,Acidimicrobiia,Microtrichales,Iamiaceae,Iamia,Unassigned
1f491443692d9a0326aca262e11709ef,Bacteria,Verrucomicrobiota,Chlamydiae,Chlamydiales,Parachlamydiaceae,Neochlamydia,uncultured_bacterium
32d0b229848093d86e4559e6d03a0690,Bacteria,Proteobacteria,Alphaproteobacteria,Rhizobiales,Devosiaceae,Devosia,Unassigned
44780ce9b4aaaa3d04d582c7ce4739c9,Bacteria,Cyanobacteria,Cyanobacteriia,Chloroplast,Chloroplast,Chloroplast,Prasiolopsis_sp.
e4db14e44f5db7ff17a982b4d39d363f,Bacteria,Bacteroidota,Bacteroidia,Cytophagales,Amoebophilaceae,Candidatus_Amoebophilus,uncultured_bacterium
232dbd5715d1bea5e78cdd5eac11aabe,Bacteria,Patescibacteria,Saccharimonadia,Saccharimonadales,Unassigned,Unassigned,Unassigned
41e6c0b55654af1d5cd503359fb77d18,Bacteria,Proteobacteria,Alphaproteobacteria,Caulobacterales,Caulobacteraceae,Brevundimonas,Unassigned
c55da16f7bb7e9f858929286c9a8bffd,Bacteria,Proteobacteria,Gammaproteobacteria,Pseudomonadales,Pseudomonadaceae,Pseudomonas,Pseudomonas_xanthomarina
1b43d527f6a044128c01d64c61249efd,Bacteria,Proteobacteria,Alphaproteobacteria,Rhizobiales,Unassigned,Unassigned,Unassigned
3c23f53610f71c681d43b0e584cee349,Bacteria,Actinobacteriota,Acidimicrobiia,Microtrichales,Iamiaceae,Iamia,Aquihabitans_daechungensis
abe4546ada79d04e094fa1e005a76d71,Bacteria,Proteobacteria,Gammaproteobacteria,Alteromonadales,Alteromonadaceae,Alteromonas,Unassigned
294258f32408213aae352e5019b09938,Bacteria,Planctomycetota,Planctomycetes,Isosphaerales,Isosphaeraceae,Tundrisphaera,Unassigned
1e0e23d0b2d3040784ca3bb103abf809,Bacteria,Proteobacteria,Alphaproteobacteria,Rhizobiales,Hyphomicrobiaceae,Hyphomicrobium,uncultured_bacterium
ef082017c0bfefb9dcf9ac41e878ea1c,Bacteria,Bacteroidota,Bacteroidia,Cytophagales,Hymenobacteraceae,Hymenobacter,Unassigned
42213576437cc634dcf899e7469072ff,Bacteria,Proteobacteria,Alphaproteobacteria,Rhizobiales,Beijerinckiaceae,uncultured,uncultured_Methylocella
731d2c7d2b54694082957d78644d18d7,Bacteria,Proteobacteria,Alphaproteobacteria,Rickettsiales,Mitochondria,Mitochondria,Unassigned
5b65c43d2a48254c06340d1a2c24c33c,Bacteria,Planctomycetota,Planctomycetes,Isosphaerales,Isosphaeraceae,Candidatus_Nostocoida,uncultured_bacterium
b74bc27c66c5c288f53e3e60f45b2a2f,Bacteria,Proteobacteria,Gammaproteobacteria,Gammaproteobacteria_Incertae_Sedis,Unknown_Family,Candidatus_Ovatusbacter,uncultured_bacterium
922d33a2963d3e87a3d4df6b82371235,Bacteria,Firmicutes,Bacilli,Staphylococcales,Staphylococcaceae,Staphylococcus,Unassigned
cfb24c073acbc5960a138704b4fd1e9f,Bacteria,Proteobacteria,Alphaproteobacteria,Rickettsiales,Mitochondria,Mitochondria,Unassigned
3022aecd3cf0ed1b4e11f5f364b31690,Bacteria,Proteobacteria,Gammaproteobacteria,Alteromonadales,Alteromonadaceae,Paraglaciecola,Unassigned
2873443b1e5bd4369b16812152555323,Bacteria,Proteobacteria,Alphaproteobacteria,Acetobacterales,Acetobacteraceae,Unassigned,Unassigned
6f0bf7ad6715bf79b70f0beb65d28b43,Bacteria,Proteobacteria,Gammaproteobacteria,Pseudomonadales,Moraxellaceae,Acinetobacter,Unassigned
c3e61d082fff419660280b66479f4b91,Bacteria,Cyanobacteria,Cyanobacteriia,Chloroplast,Chloroplast,Chloroplast,Prasiolopsis_sp.
c37a993fbdf345ae69a83c35e5fe3b3e,Bacteria,Proteobacteria,Alphaproteobacteria,Acetobacterales,Acetobacteraceae,Acidiphilium,Unassigned
a9204b25bbbe349dd4c65dadb00c9ad4,Bacteria,Proteobacteria,Alphaproteobacteria,Sphingomonadales,Sphingomonadaceae,Sphingorhabdus,Unassigned
d44652cd51d9254df47d08feaa91f4a3,Bacteria,Proteobacteria,Alphaproteobacteria,Acetobacterales,Acetobacteraceae,Acidiphilium,Unassigned
1208c046e85700eca980b903aac81330,Bacteria,Proteobacteria,Alphaproteobacteria,Rickettsiales,Mitochondria,Mitochondria,Unassigned
cff2ddac8afa48992ee94249da838061,Bacteria,Proteobacteria,Gammaproteobacteria,Burkholderiales,Oxalobacteraceae,Noviherbaspirillum,Unassigned
ea0775224cd8633d000ddb73403d26a8,Bacteria,Firmicutes,Bacilli,Paenibacillales,Paenibacillaceae,Paenibacillus,Unassigned
6f5d8974b5bf593494a462777e588825,Bacteria,Proteobacteria,Alphaproteobacteria,Rickettsiales,Mitochondria,Mitochondria,Monodopsis_sp.
917c58b7e53968273add4ef6dc0fbae8,Bacteria,Proteobacteria,Gammaproteobacteria,SAR86_clade,SAR86_clade,SAR86_clade,uncultured_bacterium
8242d378e3680fee8a7d094f5a63b733,Bacteria,Actinobacteriota,Thermoleophilia,Gaiellales,Gaiellaceae,Gaiella,Unassigned
e449e2fcbe21a82e02ea309125487c00,Bacteria,Actinobacteriota,Acidimicrobiia,Unassigned,Unassigned,Unassigned,Unassigned
db7cd93dfbe1d47fe3e1633ede128b3c,Bacteria,Unassigned,Unassigned,Unassigned,Unassigned,Unassigned,Unassigned
cc761daf51f27c423da57f3f1f0ff5cc,Bacteria,Proteobacteria,Gammaproteobacteria,Enterobacterales,Erwiniaceae,Pantoea,Unassigned
9580aa8a52ec18a4e92e701cdb595faa,Bacteria,Firmicutes,Clostridia,Clostridiales,Clostridiaceae,Clostridium_sensu_stricto_1,Clostridium_perfringens
6d7383825af6eb6ab316572e098a6a43,Bacteria,Planctomycetota,Planctomycetes,Isosphaerales,Isosphaeraceae,uncultured,Unassigned
a8550f206e6084d4964e10f58705caba,Bacteria,Proteobacteria,Alphaproteobacteria,Sphingomonadales,Sphingomonadaceae,Sphingorhabdus,Unassigned
2f98cd1d4ed3112ff2bceffb6408476f,Bacteria,Proteobacteria,Alphaproteobacteria,Rhizobiales,Hyphomicrobiaceae,Hyphomicrobium,uncultured_bacterium
af09457ca82d1db1fe0a78e59c57ca2e,Bacteria,Planctomycetota,Planctomycetes,Isosphaerales,Isosphaeraceae,Unassigned,Unassigned
8635b1db2f378da50367b0dddf0676ee,Bacteria,Verrucomicrobiota,Chlamydiae,Chlamydiales,Parachlamydiaceae,uncultured,metagenome
4e036c9705c46b73356647009ea52ed1,Bacteria,Planctomycetota,Planctomycetes,Pirellulales,Pirellulaceae,Pir4_lineage,Unassigned
0f46c35d6629feaffa5e8f4b256e255b,Bacteria,Bacteroidota,Bacteroidia,Flavobacteriales,Flavobacteriaceae,NS3a_marine_group,Unassigned
a900b6678ce86851fb16bfafb87f3326,Bacteria,Proteobacteria,Gammaproteobacteria,Thiomicrospirales,Thioglobaceae,SUP05_cluster,Unassigned
46aff2098fd4b41a97ca9e51430e85fc,Bacteria,Firmicutes,Bacilli,RsaHf231,RsaHf231,RsaHf231,uncultured_bacterium
eb28b1a40981d38e6a0aab251174dae1,Bacteria,Actinobacteriota,Actinobacteria,Kineosporiales,Kineosporiaceae,Kineosporia,Unassigned
ace8c4d90542e6f0a413762e0e24bf53,Archaea,Halobacterota,Halobacteria,Halobacterales,Haloferacaceae,Haloparvum,uncultured_archaeon
a186b8d34e65e13718d8e4b71bc4c9ab,Bacteria,Proteobacteria,Alphaproteobacteria,Rickettsiales,Mitochondria,Mitochondria,Botryosphaeria_dothidea
82bd67ead0e6dd0b266ac8e2075097fa,Bacteria,Actinobacteriota,Actinobacteria,Propionibacteriales,Propionibacteriaceae,Friedmanniella,uncultured_bacterium
9f835d6ad27e8888a1fee36d430e9ca8,Bacteria,Proteobacteria,Alphaproteobacteria,Rickettsiales,Mitochondria,Mitochondria,Fusarium_circinatum
e3404a64116ffb8cad31daf9b93e5b5d,Bacteria,Proteobacteria,Alphaproteobacteria,Rickettsiales,Mitochondria,Mitochondria,Unassigned
a7a76190d4b825cc5da40c6435e1dc7c,Bacteria,Unassigned,Unassigned,Unassigned,Unassigned,Unassigned,Unassigned
da173f952352bdb4b35a35ba174c6685,Bacteria,Firmicutes,Bacilli,Erysipelotrichales,Erysipelotrichaceae,Erysipelothrix,uncultured_Firmicutes
ec01cedfda6f91956caff1e2f96b94aa,Bacteria,Actinobacteriota,Thermoleophilia,Solirubrobacterales,67-14,67-14,Unassigned
36329922a1362ae8a46533a6d2207f8b,Bacteria,Proteobacteria,Gammaproteobacteria,Gammaproteobacteria_Incertae_Sedis,Unknown_Family,Candidatus_Ovatusbacter,uncultured_bacterium
4c79a8b465738012d58c0736378b4d5c,Bacteria,Proteobacteria,Alphaproteobacteria,Rhizobiales,Beijerinckiaceae,Psychroglaciecola,Unassigned
9a775f252545e605a34eed8be83a7049,Bacteria,Proteobacteria,Alphaproteobacteria,Rhodobacterales,Rhodobacteraceae,Sulfitobacter,Unassigned
919391e8ecf220e459ce0ceb45c47428,Bacteria,Proteobacteria,Alphaproteobacteria,Rhodobacterales,Rhodobacteraceae,Yoonia-Loktanella,Unassigned
5dc6690a7f12491cd2ca676ec0fef600,Bacteria,Proteobacteria,Alphaproteobacteria,Acetobacterales,Acetobacteraceae,Acidiphilium,uncultured_bacterium
c39f053543b64f3e01a67fe8aac089f9,Bacteria,Proteobacteria,Alphaproteobacteria,Rhizobiales,Devosiaceae,Devosia,Devosia_limi
e77d9703fdf9a93896cf43f1c9c85f40,Bacteria,Planctomycetota,Planctomycetes,Isosphaerales,Isosphaeraceae,Tundrisphaera,Unassigned
226fac2b189b7d5948a3579365d6a8d0,Bacteria,Planctomycetota,Planctomycetes,Gemmatales,Gemmataceae,uncultured,Unassigned
a8d9d70cd3c7980f14f3040f601aca87,Bacteria,Firmicutes,Clostridia,Clostridia,Hungateiclostridiaceae,uncultured,uncultured_Ruminococcaceae
fc2ebc9a8392c455a7c393667ee88273,Bacteria,Actinobacteriota,Acidimicrobiia,Microtrichales,Ilumatobacteraceae,uncultured,metagenome
9cb31c46685bd9ff73654a38694e93ac,Bacteria,Proteobacteria,Alphaproteobacteria,Rhizobiales,Devosiaceae,Arsenicitalea,Unassigned
33295f1846cff2bf9c88e15798fbc91d,Bacteria,Firmicutes,Bacilli,Bacillales,Bacillaceae,Anoxybacillus,Unassigned
1592e98cccb3fcdb07b8dd542a8e5716,Bacteria,Planctomycetota,Planctomycetes,Gemmatales,Gemmataceae,uncultured,Unassigned
3263314beb6c746dee12289193181815,Bacteria,Actinobacteriota,Actinobacteria,Micrococcales,Micrococcaceae,Nesterenkonia,Nesterenkonia_sp.
08bba2b13f77afcdadc48cb743847e2f,Bacteria,Unassigned,Unassigned,Unassigned,Unassigned,Unassigned,Unassigned
865c97c9ec637b412c8e9ce3ff932400,Bacteria,Firmicutes,Clostridia,Clostridiales,Clostridiaceae,Clostridium_sensu_stricto_12,Unassigned
84b24e18a78548a20fc5451abd02e6e9,Bacteria,Actinobacteriota,Actinobacteria,Pseudonocardiales,Pseudonocardiaceae,Pseudonocardia,Unassigned
a7f46a2a21c54ef8c9d0b79456388ebe,Bacteria,Proteobacteria,Alphaproteobacteria,Rickettsiales,Mitochondria,Mitochondria,Monodopsis_sp.
64b36bf0aac06447401665d7e118ba14,Bacteria,Proteobacteria,Gammaproteobacteria,Legionellales,Legionellaceae,Legionella,uncultured_bacterium
57a3a1dc8b44bc66323c2f9f69e2f1c1,Bacteria,Proteobacteria,Gammaproteobacteria,Burkholderiales,Comamonadaceae,Comamonas,Unassigned
948fb837a38c52c1e1a811c11715df86,Bacteria,Actinobacteriota,Acidimicrobiia,Microtrichales,Ilumatobacteraceae,CL500-29_marine_group,metagenome
1ab85e21a7fda017c2b4f8a523904209,Bacteria,Planctomycetota,Planctomycetes,Isosphaerales,Isosphaeraceae,uncultured,uncultured_bacterium
535c3bda7642545511dbb084099901c6,Bacteria,Proteobacteria,Alphaproteobacteria,Rhizobiales,Beijerinckiaceae,uncultured,uncultured_Alphaproteobacteria
0aa21468abef5cd37c0ebc7bd49c6e56,Bacteria,Cyanobacteria,Cyanobacteriia,Chloroplast,Chloroplast,Chloroplast,Watanabea_reniformis
0f1d3d9a959243d83e7bc2548df8d203,Bacteria,Proteobacteria,Alphaproteobacteria,Rickettsiales,Mitochondria,Mitochondria,Unassigned
8807ba54805d89d5497d94ceeab45b43,Bacteria,Unassigned,Unassigned,Unassigned,Unassigned,Unassigned,Unassigned
fe7b8b8c7bfa1408565826417896146b,Bacteria,Dependentiae,Babeliae,Babeliales,Babeliaceae,Babeliaceae,uncultured_bacterium
05c2d2963f606b1530be56ab8ce2e427,Bacteria,Actinobacteriota,Actinobacteria,Bifidobacteriales,Bifidobacteriaceae,Bifidobacterium,Unassigned
06b79ef377f389567e2c2c0f086257cf,Bacteria,Bacteroidota,Bacteroidia,Flavobacteriales,Flavobacteriaceae,NS5_marine_group,Unassigned
bed7e34abc502076ac36041cbef322ce,Bacteria,Cyanobacteria,Cyanobacteriia,Chloroplast,Chloroplast,Chloroplast,Coccomyxa_sp.
4a3ff0ccd4777dee9f343fc96b50854b,Bacteria,Planctomycetota,Planctomycetes,Gemmatales,Gemmataceae,Gemmata,Gemmata_sp.
7df8a31412c193d2b35e9e3b2ba98652,Bacteria,Planctomycetota,Planctomycetes,Gemmatales,Gemmataceae,Fimbriiglobus,uncultured_bacterium
39dd195906b00c96f2fc6b9d685e3316,Bacteria,Planctomycetota,Planctomycetes,Isosphaerales,Isosphaeraceae,uncultured,uncultured_bacterium
1b3a9f34a7f704adf76e6abed0954ef2,Bacteria,Planctomycetota,Planctomycetes,Isosphaerales,Isosphaeraceae,Tundrisphaera,uncultured_bacterium
ac3c16be02ca51368da858ed7d4bdcb1,Bacteria,Cyanobacteria,Cyanobacteriia,Chloroplast,Chloroplast,Chloroplast,Unassigned
ca04af74472ae45465b2bf15ccf076ce,Bacteria,Proteobacteria,Alphaproteobacteria,Rhizobiales,Beijerinckiaceae,alphaI_cluster,Unassigned
76addc8524e10c6faff0161e36a1987a,Unassigned,Unassigned,Unassigned,Unassigned,Unassigned,Unassigned,Unassigned
97ec31e7ec52d001f1dc3efd8bdfc169,Bacteria,Proteobacteria,Alphaproteobacteria,Rhizobiales,Rhizobiales_Incertae_Sedis,Phreatobacter,uncultured_bacterium
0dbf680e00aa85eb226b129f0adeff7e,Bacteria,Actinobacteriota,Actinobacteria,Micrococcales,Dermacoccaceae,Dermacoccus,Unassigned
fd68eb94bbe16fb71cf1da0285542026,Bacteria,Actinobacteriota,Actinobacteria,Streptosporangiales,Nocardiopsaceae,Nocardiopsis,Unassigned
29cd02c86fd81d90ee226fa00d64c889,Bacteria,Bacteroidota,Bacteroidia,Chitinophagales,Chitinophagaceae,Aurantisolimonas,uncultured_bacterium
1484b845a59a2c8a1a1c56a132eeca42,Bacteria,Proteobacteria,Alphaproteobacteria,Rickettsiales,Mitochondria,Mitochondria,Chlorella_pyrenoidosa
8495a7602793efbeca7e9822804d198a,Bacteria,Proteobacteria,Alphaproteobacteria,Rhodobacterales,Rhodobacteraceae,Unassigned,Unassigned
cd9401a6bce4a63af516d06d2a843f9d,Bacteria,Firmicutes,Negativicutes,Veillonellales-Selenomonadales,Veillonellaceae,Veillonella,Unassigned
4f17506f0225342e21fe3a46cff8fe93,Bacteria,Chloroflexi,Chloroflexia,Thermomicrobiales,JG30-KF-CM45,JG30-KF-CM45,uncultured_Sphaerobacter
c5f125e904ccb8a4f577539baf9d54fd,Bacteria,Proteobacteria,Gammaproteobacteria,Legionellales,Legionellaceae,Legionella,Unassigned
eba80591a75566e2d2f87d63bc0dd9ea,Bacteria,Verrucomicrobiota,Verrucomicrobiae,Verrucomicrobiales,Rubritaleaceae,Luteolibacter,Unassigned
75b1691ef521ae4d21ff81cf7d6f4146,Bacteria,Cyanobacteria,Cyanobacteriia,Chloroplast,Chloroplast,Chloroplast,Monoraphidium_neglectum
71c1e74a04b20d0cd415e1b1a06375e8,Bacteria,Proteobacteria,Alphaproteobacteria,Rickettsiales,Mitochondria,Mitochondria,Unassigned
87a48b531cc7e5d37f55d15876eeba03,Bacteria,Proteobacteria,Gammaproteobacteria,Pseudomonadales,Pseudomonadaceae,Pseudomonas,Unassigned
308a153757b3c6b7dd7f1797c1884569,Bacteria,Planctomycetota,Planctomycetes,Isosphaerales,Isosphaeraceae,Singulisphaera,Unassigned
2a1112ac27725160abe1923ba6e5c231,Bacteria,Proteobacteria,Alphaproteobacteria,Rhizobiales,Xanthobacteraceae,Unassigned,Unassigned
42f2e599edf4bd362a662858e2031d39,Bacteria,Proteobacteria,Gammaproteobacteria,Alteromonadales,Alteromonadaceae,Paraglaciecola,Paraglaciecola_arctica
a88c7185aef3702edc0b54f1fd4107df,Bacteria,Actinobacteriota,Actinobacteria,Pseudonocardiales,Pseudonocardiaceae,Pseudonocardia,Unassigned
2f480edddb486ec090f97cc75640d225,Bacteria,Cyanobacteria,Cyanobacteriia,Chloroplast,Chloroplast,Chloroplast,Planctonema_lauterbornii
c863504f5c3764dd221df348ebd34bd0,Bacteria,Verrucomicrobiota,Verrucomicrobiae,Chthoniobacterales,Chthoniobacteraceae,LD29,uncultured_bacterium
4369f1c5c9e61ef8c5496ac8832c959c,Bacteria,Planctomycetota,Planctomycetes,Gemmatales,Gemmataceae,Gemmata,Unassigned
ed916cca7683a8d3da90aee83f0007b8,Bacteria,Planctomycetota,Planctomycetes,Gemmatales,Gemmataceae,uncultured,uncultured_bacterium
db51f7dc46bbc02779ea2865e0a0e210,Bacteria,Actinobacteriota,Actinobacteria,PeM15,PeM15,PeM15,Unassigned
58de1167a7b6355407c959d658bf1d1e,Bacteria,Unassigned,Unassigned,Unassigned,Unassigned,Unassigned,Unassigned
c178210bd4607a374dcd5d040e9f2e61,Bacteria,Proteobacteria,Alphaproteobacteria,Rickettsiales,Mitochondria,Mitochondria,Unassigned
41b176b0f3166682b5226521cfd45224,Bacteria,Cyanobacteria,Cyanobacteriia,Chloroplast,Chloroplast,Chloroplast,Hydra_vulgaris
946d0c874c0395a7da247b201efc5228,Bacteria,Proteobacteria,Alphaproteobacteria,Acetobacterales,Acetobacteraceae,Roseomonas,Unassigned
146195f72933e590d98b89c38d6eda33,Bacteria,Actinobacteriota,Actinobacteria,Frankiales,Geodermatophilaceae,Klenkia,Unassigned
b7c93aea4a75d7a5977f5382e3b4dea3,Bacteria,Firmicutes,Bacilli,Bacillales,Bacillaceae,Bacillus,Unassigned
21b2aa88958ea17fe2858dcfe7ecfd5b,Bacteria,Planctomycetota,Planctomycetes,Isosphaerales,Isosphaeraceae,uncultured,Unassigned
326d767ced2f2c2e6d269dd212b65dd9,Bacteria,Firmicutes,Bacilli,Alicyclobacillales,Alicyclobacillaceae,Alicyclobacillus,Unassigned
2df958b8051d87029ea894acec47ea45,Bacteria,Actinobacteriota,Actinobacteria,Micrococcales,Micrococcaceae,Kocuria,Unassigned
6c3fb343f46983254cdb83e99fa07a49,Bacteria,Proteobacteria,Alphaproteobacteria,Rhodobacterales,Rhodobacteraceae,Unassigned,Unassigned
b1d2fb87cbf8cca0b41914652393d6e1,Bacteria,Verrucomicrobiota,Chlamydiae,Chlamydiales,Parachlamydiaceae,Unassigned,Unassigned
432f29ad5b70e0b468584e93accf6d47,Bacteria,Actinobacteriota,Actinobacteria,Kineosporiales,Kineosporiaceae,Unassigned,Unassigned
028447afe9e43c219798c9b2806923a3,Bacteria,Unassigned,Unassigned,Unassigned,Unassigned,Unassigned,Unassigned
aac4d10780a0faac4869c0f2c0afaf9d,Bacteria,Planctomycetota,Planctomycetes,Gemmatales,Gemmataceae,uncultured,uncultured_bacterium
74d7f4c342dd064c837e5505a4912cac,Bacteria,Proteobacteria,Alphaproteobacteria,Sphingomonadales,Sphingomonadaceae,Unassigned,Unassigned
ad505094de2a741d408153ff88de28a7,Bacteria,Planctomycetota,Planctomycetes,Pirellulales,Pirellulaceae,Pirellula,Unassigned
9690ca66e3de1677239b5f06ed14f58c,Bacteria,Planctomycetota,Planctomycetes,Pirellulales,Pirellulaceae,uncultured,uncultured_bacterium
3288acd40b5c0b3d4c36e6dc1ffe1e36,Bacteria,Unassigned,Unassigned,Unassigned,Unassigned,Unassigned,Unassigned
0cfda007b8766a47bebad44f2a500789,Bacteria,Proteobacteria,Alphaproteobacteria,Rhizobiales,Xanthobacteraceae,uncultured,Unassigned
ac28dd3308b17cf1728e1458cb5d5d1e,Bacteria,Firmicutes,Clostridia,Lachnospirales,Lachnospiraceae,Tyzzerella,Unassigned
45ca91f0d724eda8fe1036b729ba7c9b,Bacteria,Proteobacteria,Gammaproteobacteria,Unassigned,Unassigned,Unassigned,Unassigned
76169cba023a251c6039e08cff9ab028,Bacteria,Proteobacteria,Alphaproteobacteria,Acetobacterales,Acetobacteraceae,Rhodovarius,uncultured_bacterium
55711cc619cfa305510194e9dd01c519,Bacteria,Proteobacteria,Alphaproteobacteria,Sphingomonadales,Sphingomonadaceae,Novosphingobium,Unassigned
86268aca097dd92ee755df50b13d3e98,Bacteria,Proteobacteria,Alphaproteobacteria,Rickettsiales,Mitochondria,Mitochondria,Unassigned
0ebd7fffe2cc28935b17c8208c6c2a51,Bacteria,Actinobacteriota,Actinobacteria,Frankiales,Frankiaceae,Jatrophihabitans,Unassigned
03bafc61337bc88adb8c6f8e34feedb7,Bacteria,Proteobacteria,Alphaproteobacteria,Sphingomonadales,Sphingomonadaceae,Novosphingobium,Unassigned
e24e3982184bd22876bc0e35dc3bf53b,Bacteria,Unassigned,Unassigned,Unassigned,Unassigned,Unassigned,Unassigned
d88eaabd6c58e330417460b0805579b7,Bacteria,Actinobacteriota,Thermoleophilia,Solirubrobacterales,Solirubrobacteraceae,Conexibacter,uncultured_endolithic
72853914bbe52ae2646e6f4585ba60c3,Bacteria,Planctomycetota,Planctomycetes,Isosphaerales,Isosphaeraceae,uncultured,Unassigned
fe0b139ead8552cf0813868bc8fc75c7,Bacteria,Actinobacteriota,Actinobacteria,Micrococcales,Intrasporangiaceae,Phycicoccus,Unassigned
2148b10c7679b1c24780a20bad95f546,Bacteria,Actinobacteriota,Acidimicrobiia,Microtrichales,uncultured,uncultured,uncultured_bacterium
75ef9842e1cafba9ead39ff91a86b3a5,Bacteria,Chloroflexi,Ktedonobacteria,Ktedonobacterales,Ktedonobacteraceae,uncultured,uncultured_Ktedobacteria
ba774432cea724a9df46d7aad4fbc4bd,Bacteria,Actinobacteriota,Actinobacteria,Propionibacteriales,Nocardioidaceae,Kribbella,Unassigned
eb41d6c3bdb7f697c24d5c59a7e4b43e,Bacteria,Actinobacteriota,Actinobacteria,Pseudonocardiales,Pseudonocardiaceae,Pseudonocardia,Unassigned
f4cb7c8c8bbf0e5d9937b05f1dae4c4a,Bacteria,Proteobacteria,Alphaproteobacteria,Rickettsiales,Mitochondria,Mitochondria,uncultured_bacterium
169ca2df8051f7f6e80e617ec4335b52,Bacteria,Chloroflexi,Ktedonobacteria,Ktedonobacterales,Ktedonobacteraceae,uncultured,uncultured_Ktedobacteria
57eaf39d2eedd9e2b0c1c66c271ec94f,Bacteria,Cyanobacteria,Cyanobacteriia,Chloroplast,Chloroplast,Chloroplast,Vaucheria_litorea
210df99c3dcaa6b4b1755ca980728c08,Bacteria,Acidobacteriota,Acidobacteriae,Acidobacteriales,Acidobacteriaceae_(Subgroup_1),Granulicella,Unassigned
10de7c04ff0b9dc89e4a6a1876a7b989,Bacteria,Firmicutes,Clostridia,Clostridiales,Clostridiaceae,Clostridium_sensu_stricto_3,Unassigned
4f60c11f2b5b756fe6cd624efd89350d,Bacteria,Verrucomicrobiota,Chlamydiae,Chlamydiales,Parachlamydiaceae,Neochlamydia,metagenome
f9bab89c6df879974d01981397eb04d3,Bacteria,Planctomycetota,Planctomycetes,Gemmatales,Gemmataceae,uncultured,uncultured_bacterium
4f3ef6c5f326dbef1b67b8ce3373ddcf,Bacteria,Planctomycetota,Planctomycetes,Gemmatales,Gemmataceae,uncultured,uncultured_bacterium
d7ce932b3b7fd20cc7a13918ee716f0a,Bacteria,Firmicutes,Desulfitobacteriia,Desulfitobacteriales,Desulfitobacteriaceae,Desulfosporosinus,Unassigned
01932b12b9026bc09beb1ecd6f5665c5,Bacteria,Planctomycetota,Planctomycetes,Isosphaerales,Isosphaeraceae,Tundrisphaera,Unassigned
7d217addfd80cb5393d81dae5f160367,Bacteria,Proteobacteria,Gammaproteobacteria,Burkholderiales,Comamonadaceae,Schlegelella,uncultured_bacterium
f132f7332ee8d79407176f076464d88e,Bacteria,Firmicutes,Clostridia,Clostridiales,Clostridiaceae,Clostridium_sensu_stricto_1,uncultured_Clostridia
8aa609575a6f2a577308fff16958a512,Archaea,Halobacterota,Halobacteria,Halobacterales,Halomicrobiaceae,Natronomonas,Unassigned
aff9b3e5a4e37ce72be870db42e762b5,Bacteria,Firmicutes,Clostridia,Oscillospirales,Ruminococcaceae,Candidatus_Soleaferrea,uncultured_Firmicutes
9664cae1104ed11cba60a2552c35cae7,Bacteria,Proteobacteria,Gammaproteobacteria,Enterobacterales,Enterobacteriaceae,Unassigned,Unassigned
b5d5b357776b228a2211ba5f7af3c21b,Bacteria,Cyanobacteria,Cyanobacteriia,Chloroplast,Chloroplast,Chloroplast,Coccomyxa_sp.
18c8defc21cac5c078f9e98d2ab778df,Bacteria,Planctomycetota,Planctomycetes,Gemmatales,Gemmataceae,uncultured,Unassigned
770fcce9b0de42a8599e6813e0dca961,Bacteria,Cyanobacteria,Cyanobacteriia,Chloroplast,Chloroplast,Chloroplast,Oscillatoriales_cyanobacterium
b71d0b29bc15a9bede8997c48d0238ec,Bacteria,Proteobacteria,Gammaproteobacteria,Burkholderiales,Comamonadaceae,Unassigned,Unassigned
57ef8f1e0f7e971f18a7752840457d5e,Bacteria,Verrucomicrobiota,Verrucomicrobiae,Chthoniobacterales,Chthoniobacteraceae,Candidatus_Udaeobacter,uncultured_cyanobacterium
f00418a8ea1e57896f054dc0182ac4db,Bacteria,Cyanobacteria,Cyanobacteriia,Cyanobacteriales,Microcystaceae,Microcystis_PCC-7914,Unassigned
6112d362565c5797eb555106a550d353,Bacteria,Proteobacteria,Gammaproteobacteria,Cellvibrionales,Cellvibrionaceae,Cellvibrio,Unassigned
c1a587bf96056fada1228734b2197ec1,Bacteria,Cyanobacteria,Cyanobacteriia,Chloroplast,Chloroplast,Chloroplast,Unassigned
5295a2780284e189aa19c5c6c7d8127f,Bacteria,Proteobacteria,Alphaproteobacteria,Rickettsiales,Mitochondria,Mitochondria,Penicillium_sp.
96eea48fcb98f8e2652ec7c251fc3d8f,Bacteria,Cyanobacteria,Cyanobacteriia,Chloroplast,Chloroplast,Chloroplast,Hydra_vulgaris
12dd8c8b64b2df22369472badd68a4fb,Bacteria,Actinobacteriota,Acidimicrobiia,Microtrichales,Iamiaceae,Iamia,Unassigned
aa93c00531f870333e8a28eafb206161,Bacteria,Proteobacteria,Alphaproteobacteria,Rhizobiales,Beijerinckiaceae,Methylobacterium-Methylorubrum,uncultured_Methylobacterium
98dda401b8ca3e109ffca9be21056071,Bacteria,Proteobacteria,Alphaproteobacteria,Rhizobiales,uncultured,uncultured,uncultured_bacterium
0278639f012e21f07140177e64a3cd7c,Bacteria,Actinobacteriota,Actinobacteria,Micrococcales,Cellulomonadaceae,Cellulomonas,Unassigned
0eddd205eed0bccf0e042d99f7f81d65,Bacteria,Bacteroidota,Bacteroidia,Flavobacteriales,Weeksellaceae,Empedobacter,Unassigned
72143fd9e63fe40c1258948d2f0d79c3,Bacteria,Proteobacteria,Alphaproteobacteria,SAR11_clade,Clade_I,Clade_Ia,Unassigned
0e7e8de12f98dd4207db3a17377c80b0,Bacteria,Proteobacteria,Alphaproteobacteria,Rickettsiales,Mitochondria,Mitochondria,Rhynchosporium_secalis
d6a1756a38090c2a1aad25836ac439ea,Bacteria,Chloroflexi,Chloroflexia,Thermomicrobiales,JG30-KF-CM45,JG30-KF-CM45,uncultured_bacterium
161bef77b668110527a1efbc9802b71e,Bacteria,Unassigned,Unassigned,Unassigned,Unassigned,Unassigned,Unassigned
e8340195e18e6c8ef0bebf8a109401d0,Bacteria,Firmicutes,Bacilli,Bacillales,Sporolactobacillaceae,Sporolactobacillus,uncultured_bacterium
c214c8ccae7fd9741e3a2ae295956424,Bacteria,Proteobacteria,Alphaproteobacteria,Rhizobiales,Beijerinckiaceae,Bosea,Unassigned
93a37486418f4dc372717218c837a25b,Bacteria,Proteobacteria,Alphaproteobacteria,Rickettsiales,Mitochondria,Mitochondria,Unassigned
3689bb06fa35ae19266ded0a81345236,Bacteria,Proteobacteria,Alphaproteobacteria,Rhizobiales,Hyphomicrobiaceae,Pedomicrobium,Unassigned
f5a0e3190b5b5cdf562544808802f932,Bacteria,Deinococcota,Deinococci,Deinococcales,Deinococcaceae,Deinococcus,Unassigned
798d6eb8bc9a7497952d01904f77e826,Bacteria,Proteobacteria,Alphaproteobacteria,Rickettsiales,Mitochondria,Mitochondria,Rhodogorgon_sp.
99905c0b3f3d4db98fc85647332bcaf5,Bacteria,Dependentiae,Babeliae,Babeliales,UBA12409,UBA12409,uncultured_bacterium
b2fe3622918e4087ff9cb5c77bba0478,Bacteria,Proteobacteria,Alphaproteobacteria,Sphingomonadales,Sphingomonadaceae,Qipengyuania,Unassigned
a9bedbb5669dca5398275d753e4f9c89,Bacteria,Planctomycetota,Planctomycetes,Gemmatales,Gemmataceae,uncultured,uncultured_bacterium
254bb5c1f43ad2ea910b5fbfabb1ed67,Bacteria,Actinobacteriota,Actinobacteria,Frankiales,uncultured,uncultured,Actinomycetales_bacterium
4f9aa9c273749eff9385c62484b4272e,Bacteria,Firmicutes,Bacilli,Brevibacillales,Brevibacillaceae,Brevibacillus,Unassigned
7b7a3bfbf9a08175e7f2cbea0428cb2a,Bacteria,Actinobacteriota,Actinobacteria,Frankiales,uncultured,uncultured,Unassigned
3b56b0b20148ee4ddd28333bff52eb40,Bacteria,Proteobacteria,Gammaproteobacteria,Pseudomonadales,Moraxellaceae,Enhydrobacter,Unassigned
7e3efc1e194ba8169646decbfc3b4462,Bacteria,Unassigned,Unassigned,Unassigned,Unassigned,Unassigned,Unassigned
46a1c72b5cf2e7a59049496fcca23523,Bacteria,Proteobacteria,Alphaproteobacteria,Rickettsiales,Mitochondria,Mitochondria,Botryosphaeria_dothidea
ef0024b7bfe9ce34a69a4bd72d0dd758,Bacteria,Cyanobacteria,Cyanobacteriia,Chloroplast,Chloroplast,Chloroplast,Unassigned
fd3b35179578688ec0f77b52bab1f7eb,Bacteria,Proteobacteria,Alphaproteobacteria,Acetobacterales,Acetobacteraceae,Acidiphilium,uncultured_bacterium
5f16e9a69d5ec1d1585829725f526130,Bacteria,Proteobacteria,Alphaproteobacteria,Rhizobiales,Hyphomicrobiaceae,Hyphomicrobium,uncultured_bacterium
a1e8de28483a4bd12e1fe78a6584fa49,Bacteria,Proteobacteria,Alphaproteobacteria,Rickettsiales,Mitochondria,Mitochondria,Unassigned
cfd7bfd4f6317a09dc5f1a1c636c68e4,Bacteria,Acidobacteriota,Acidobacteriae,Bryobacterales,Bryobacteraceae,Bryobacter,Unassigned
170bf0fcb73ba32ccda00768ec4342fa,Bacteria,Planctomycetota,Planctomycetes,Pirellulales,Pirellulaceae,uncultured,uncultured_bacterium
8cdb6fe0df758c566854ed3b67b109d1,Bacteria,Firmicutes,Clostridia,Lachnospirales,Lachnospiraceae,Tyzzerella,Unassigned
a651919970c7928c537ce434cf2ee7c7,Unassigned,Unassigned,Unassigned,Unassigned,Unassigned,Unassigned,Unassigned
1b826dac619ee32d5c253545360c5ab8,Bacteria,Planctomycetota,Planctomycetes,Gemmatales,Gemmataceae,Fimbriiglobus,metagenome
888025abd7d178ccd7e144d76ea55377,Bacteria,Unassigned,Unassigned,Unassigned,Unassigned,Unassigned,Unassigned
15d42dc249618c7326229450b0f46b39,Bacteria,Proteobacteria,Alphaproteobacteria,Rickettsiales,Mitochondria,Mitochondria,Unassigned
8f0fb68673a8b3c26f3fd210e29b7916,Bacteria,Firmicutes,Clostridia,Clostridiales,Clostridiaceae,Clostridium_sensu_stricto_13,Unassigned
808cb7ba87433ed71b68a4738a86ed32,Bacteria,Planctomycetota,Planctomycetes,Gemmatales,Gemmataceae,uncultured,metagenome
b8f4b792a7569c5f07c33e036d449dc4,Bacteria,Actinobacteriota,Actinobacteria,Propionibacteriales,Nocardioidaceae,Nocardioides,Unassigned
7addfe3632d50074374d26524845af3f,Bacteria,Verrucomicrobiota,Verrucomicrobiae,Chthoniobacterales,Xiphinematobacteraceae,Candidatus_Xiphinematobacter,metagenome
f0b32e7cf2dbe98d3bc8df40dee06303,Bacteria,Proteobacteria,Alphaproteobacteria,Rhizobiales,Beijerinckiaceae,Bosea,Unassigned
b8e322f20339f6641ba75bd9fd31dc44,Bacteria,Cyanobacteria,Cyanobacteriia,Chloroplast,Chloroplast,Chloroplast,Hazenia_capsulata
1ae9841062c0d00814ec83a80db8f85a,Bacteria,Proteobacteria,Alphaproteobacteria,Rickettsiales,Mitochondria,Mitochondria,Botryosphaeria_dothidea
cf266fe3f143f21f054b3c86a089cda7,Bacteria,Proteobacteria,Gammaproteobacteria,Burkholderiales,Oxalobacteraceae,Janthinobacterium,Unassigned
77fd69b4ebf1af194961495a49400247,Bacteria,Bacteroidota,Bacteroidia,Cytophagales,Cyclobacteriaceae,Algoriphagus,Unassigned
61c901297973162caaee28a638a3d9d9,Bacteria,Actinobacteriota,Thermoleophilia,Solirubrobacterales,Solirubrobacteraceae,uncultured,Phytoplasma_sp.
fcda853a7c877ef96f25fcb2150f1c91,Bacteria,Cyanobacteria,Cyanobacteriia,Chloroplast,Chloroplast,Chloroplast,Chlorotetraedron_incus
29c3dceba3d7ae2c3c2a89b427ae0c69,Bacteria,Actinobacteriota,Actinobacteria,Micrococcales,Intrasporangiaceae,Terrabacter,Unassigned
f394055a657f150961cedb8acb47cd60,Bacteria,Firmicutes,Bacilli,Paenibacillales,Paenibacillaceae,Paenibacillus,Unassigned
fed994607b23b9ef5ee2a22cd40a317f,Archaea,Halobacterota,Halobacteria,Halobacterales,Haloferacaceae,Haloplanus,Haloplanus_vescus
c6e6c4e84dcd4b3492c37d11a09d3970,Bacteria,Actinobacteriota,Rubrobacteria,Rubrobacterales,Rubrobacteriaceae,Rubrobacter,uncultured_bacterium
cae6a99635f967483cca9869c4f60efb,Bacteria,Actinobacteriota,Actinobacteria,Streptomycetales,Streptomycetaceae,Streptomyces,Unassigned
747d772ddd235a008763c8a5a7e64b5a,Bacteria,Proteobacteria,Alphaproteobacteria,Sphingomonadales,Sphingomonadaceae,Sphingomonas,Unassigned
3d5baff45729bf2214074c2e9f77ad10,Bacteria,Proteobacteria,Gammaproteobacteria,Pseudomonadales,Moraxellaceae,Acinetobacter,Unassigned
f82551eaa500ef94c976c7e6f5c5d27c,Bacteria,Actinobacteriota,Thermoleophilia,Solirubrobacterales,Solirubrobacteraceae,Solirubrobacter,uncultured_bacterium
a0f66881fe314c7b691aca4fab4e9b57,Bacteria,Unassigned,Unassigned,Unassigned,Unassigned,Unassigned,Unassigned
5f59e389e3c60f24a238ac5a1ce0bc4e,Bacteria,Proteobacteria,Alphaproteobacteria,Rickettsiales,Mitochondria,Mitochondria,Unassigned
8d555b4bd54b4a17921ea84573aa0492,Bacteria,Planctomycetota,Planctomycetes,Gemmatales,Gemmataceae,Fimbriiglobus,metagenome
ae97ec870a4d2e5753fa9ad725dc626f,Bacteria,Proteobacteria,Alphaproteobacteria,Rickettsiales,Mitochondria,Mitochondria,Unassigned
958d54f6c2724fdc04ad01d39d59aaca,Bacteria,Bacteroidota,Bacteroidia,Bacteroidales,Prevotellaceae,Prevotella,Prevotella_timonensis
c17b9f556b16dd11584378735ea5fe9d,Bacteria,Proteobacteria,Alphaproteobacteria,Caulobacterales,Caulobacteraceae,Asticcacaulis,uncultured_bacterium
99717fca2d9767973185774021018d61,Bacteria,Firmicutes,Bacilli,Lactobacillales,Streptococcaceae,Streptococcus,Streptococcus_suis
2fac845da336657d55f1a9f350c6bc09,Bacteria,Proteobacteria,Alphaproteobacteria,Rhizobiales,Methyloligellaceae,uncultured,Unassigned
1835981378a65bfa64e620665391cc65,Bacteria,Spirochaetota,Spirochaetia,Spirochaetales,Spirochaetaceae,Treponema,uncultured_bacterium
6f358e6181ce91215e961bf3966f00e3,Bacteria,Firmicutes,Bacilli,Bacillales,Bacillaceae,Bacillus,Unassigned
0dbb63d9aee197333df0c4a7ef521939,Bacteria,Actinobacteriota,Actinobacteria,Micrococcales,Microbacteriaceae,Pseudoclavibacter,Unassigned
8abd92f60eef6c287cd6af16d0f1daee,Bacteria,Unassigned,Unassigned,Unassigned,Unassigned,Unassigned,Unassigned
211194018effb4cd0d0409dca97cc03f,Bacteria,Proteobacteria,Alphaproteobacteria,Reyranellales,Reyranellaceae,Reyranella,metagenome
53905b68513c2de2b6e69580ea5c4b58,Bacteria,Proteobacteria,Alphaproteobacteria,Acetobacterales,Acetobacteraceae,Acidiphilium,Unassigned
ad8dac660f6a81d0835d045b4dfae1ab,Bacteria,Proteobacteria,Alphaproteobacteria,Rickettsiales,Mitochondria,Mitochondria,Botryosphaeria_dothidea
3e628d6691800d7384dad0e563ce5885,Bacteria,Proteobacteria,Alphaproteobacteria,Rickettsiales,Mitochondria,Mitochondria,Rhynchosporium_secalis
3bcdfd460cf168981b560df0f1d0471d,Bacteria,Proteobacteria,Alphaproteobacteria,Rhizobiales,Xanthobacteraceae,Unassigned,Unassigned
6ba72159a4456e1a2b75e0573ad436d2,Bacteria,Planctomycetota,Planctomycetes,Isosphaerales,Isosphaeraceae,Tundrisphaera,uncultured_bacterium
5c1813019c13e72f7594ebe33744e8fb,Bacteria,Proteobacteria,Gammaproteobacteria,Burkholderiales,Comamonadaceae,Unassigned,Unassigned
12e70b3993694b57744afef3b3300ae9,Bacteria,Actinobacteriota,Thermoleophilia,Solirubrobacterales,Solirubrobacteraceae,Conexibacter,Unassigned
ec9ff6fe16d86f9e4b1bd860a62e03fc,Bacteria,Proteobacteria,Gammaproteobacteria,Pseudomonadales,Moraxellaceae,Acinetobacter,Unassigned
1b3ab31378bec1762458af796e6f4b08,Bacteria,Proteobacteria,Alphaproteobacteria,Sphingomonadales,Sphingomonadaceae,Blastomonas,Unassigned
9cc944f171dbb46c1b2bac689d663635,Bacteria,Firmicutes,Clostridia,Oscillospirales,Oscillospiraceae,Sporobacter,Unassigned
374b8ef71b42f0519e85070970e0f53b,Bacteria,Proteobacteria,Alphaproteobacteria,Rickettsiales,Mitochondria,Mitochondria,Lecanora_strobilina
91ada6fb397c5c20b7d5c013f14347d2,Bacteria,Firmicutes,Clostridia,Clostridiales,Clostridiaceae,Clostridium_sensu_stricto_5,Clostridium_sp.
1e994910b44683e96c37da4cd04862a4,Bacteria,Cyanobacteria,Cyanobacteriia,Cyanobacteriales,Phormidiaceae,Tychonema_CCAP_1459-11B,Unassigned
17053a0fc0c75d132e7bc92b2d2e8b40,Bacteria,Firmicutes,Clostridia,Clostridiales,Clostridiaceae,Clostridium_sensu_stricto_1,Unassigned
525cb4813e9d9ceb3771c27300f3be3c,Bacteria,Planctomycetota,Planctomycetes,Gemmatales,Gemmataceae,Gemmata,Gemmata_sp.
45828e9a2628c03299009390e6643581,Bacteria,Cyanobacteria,Cyanobacteriia,Chloroplast,Chloroplast,Chloroplast,Unassigned
15031386084491abf916245b43fac1d6,Bacteria,Bacteroidota,Bacteroidia,Sphingobacteriales,Sphingobacteriaceae,Mucilaginibacter,Unassigned
e7bdc7a930f41fcf4168f8a00f3c7078,Bacteria,Firmicutes,Clostridia,Clostridiales,Clostridiaceae,Unassigned,Unassigned
204eaa9c3ec2f5b4d86c67f35b3fa0ff,Bacteria,Proteobacteria,Alphaproteobacteria,Sphingomonadales,Sphingomonadaceae,Unassigned,Unassigned
035224aaf37e70de3121ad6f3edb9edb,Bacteria,Chloroflexi,Ktedonobacteria,Ktedonobacterales,Ktedonobacteraceae,uncultured,uncultured_Ktedobacteria
1126214d2bc452188094b056c1591eb0,Bacteria,Actinobacteriota,Actinobacteria,Propionibacteriales,Nocardioidaceae,Nocardioides,Unassigned
dcd4a34b0d797bae9619ac87c6a783e6,Bacteria,Unassigned,Unassigned,Unassigned,Unassigned,Unassigned,Unassigned
7e8fb6b42916c7f7d3019d441d26df3f,Bacteria,Actinobacteriota,Actinobacteria,Micrococcales,Microbacteriaceae,Leucobacter,Leucobacter_sp.
6e6f306a337ba255a7f4a7f8469ff691,Bacteria,Proteobacteria,Gammaproteobacteria,Cellvibrionales,Cellvibrionaceae,Cellvibrio,uncultured_Cellvibrio
4a9433b1c572ef72830d650954cb4189,Bacteria,Proteobacteria,Alphaproteobacteria,Rhizobiales,Beijerinckiaceae,Unassigned,Unassigned
8df26f96b232622b32781544fdbae976,Bacteria,Proteobacteria,Alphaproteobacteria,Rhizobiales,Hyphomicrobiaceae,Hyphomicrobium,Unassigned
e4d45b94f551a57033bb5020d11ea685,Bacteria,Myxococcota,Myxococcia,Myxococcales,Myxococcaceae,P3OB-42,uncultured_bacterium
12779c95ed9ec6cc2cbf47d267872fa1,Bacteria,Proteobacteria,Alphaproteobacteria,Reyranellales,Reyranellaceae,Reyranella,Unassigned
7c4024ad1cfcaa3f717e944a1ebe5f09,Bacteria,Proteobacteria,Gammaproteobacteria,Coxiellales,Coxiellaceae,Coxiella,Unassigned
970d3fb9c483ef73c754650060f1c944,Bacteria,Proteobacteria,Alphaproteobacteria,Sphingomonadales,Sphingomonadaceae,Sphingomonas,Unassigned
6a76955128cfb566023f7275b2c82984,Bacteria,Proteobacteria,Alphaproteobacteria,Rhodobacterales,Rhodobacteraceae,Jannaschia,Unassigned
675c847bccbc53942ebb7b8cbb4efc4d,Bacteria,Bacteroidota,Bacteroidia,Bacteroidales,Prevotellaceae,Prevotella,Unassigned
2289e59f3b3a65a8cc9b9cdc6af74202,Bacteria,Unassigned,Unassigned,Unassigned,Unassigned,Unassigned,Unassigned
cf94a0e7518cf3616339d88f70954fe4,Bacteria,Firmicutes,Bacilli,Lactobacillales,Unassigned,Unassigned,Unassigned
21b1383f658560a44a3b075dda442e61,Bacteria,Unassigned,Unassigned,Unassigned,Unassigned,Unassigned,Unassigned
be7ec9c7687e707d58487591824173f2,Bacteria,Planctomycetota,Planctomycetes,Isosphaerales,Isosphaeraceae,uncultured,uncultured_bacterium
70a19175aac3eb29bd89571fdc23b026,Bacteria,Armatimonadota,Armatimonadia,Armatimonadales,Armatimonadales,Armatimonadales,uncultured_soil
a8d763d1d106b69b8ec24f88166b8689,Bacteria,Proteobacteria,Alphaproteobacteria,Rickettsiales,Mitochondria,Mitochondria,Trichoderma_gamsii
eb0c1770f8003ef04e74ce5daed81b65,Bacteria,Proteobacteria,Alphaproteobacteria,Rhizobiales,Rhizobiaceae,Mesorhizobium,Unassigned
7fbf7fdb9c48eaadaba889037b61b06a,Bacteria,Planctomycetota,Planctomycetes,Pirellulales,Pirellulaceae,Pirellula,bacterium_enrichment
15e7fd8aaf29fda916cad68324bf8d59,Bacteria,Actinobacteriota,Actinobacteria,Frankiales,Unassigned,Unassigned,Unassigned
dc334c5bd23870f771bc4f51c12d4491,Bacteria,Proteobacteria,Alphaproteobacteria,Rhizobiales,Hyphomicrobiaceae,Hyphomicrobium,Unassigned
abc65ed1dd6c5651ba815b00ad6605d4,Bacteria,Proteobacteria,Alphaproteobacteria,Acetobacterales,Acetobacteraceae,Unassigned,Unassigned
a629fc58960ed599e04ef9f9470642de,Bacteria,Unassigned,Unassigned,Unassigned,Unassigned,Unassigned,Unassigned
95fb4e30920754b951aa6b62a0cc87b4,Bacteria,Proteobacteria,Alphaproteobacteria,Sphingomonadales,Sphingomonadaceae,Novosphingobium,Unassigned
73eb8fa8648db35bd2f286bbbe6791da,Bacteria,Proteobacteria,Alphaproteobacteria,Rhizobiales,Beijerinckiaceae,1174-901-12,uncultured_bacterium
702076fd0784c1daee31bb83735c4c73,Bacteria,Actinobacteriota,Actinobacteria,Kineosporiales,Kineosporiaceae,Quadrisphaera,uncultured_bacterium
8472028621a2396a3aa8d5140405fb59,Bacteria,Firmicutes,Bacilli,Bacillales,Bacillaceae,Oceanobacillus,uncultured_bacterium
1366d9756c030f7fd4e6f09b91e2fc06,Bacteria,Unassigned,Unassigned,Unassigned,Unassigned,Unassigned,Unassigned
2fea59f03d4c766b8560cf69071b70b9,Bacteria,Planctomycetota,Planctomycetes,Pirellulales,Pirellulaceae,uncultured,uncultured_Planctomycetaceae
5c1dd48ef0a674513626f5c85ea126ee,Bacteria,Bacteroidota,Bacteroidia,Bacteroidales,Prevotellaceae,Prevotella,Prevotella_timonensis
273b9cc2ba6a07c2129e8cc7a856a962,Bacteria,Actinobacteriota,Actinobacteria,Pseudonocardiales,Pseudonocardiaceae,Pseudonocardia,Unassigned
2089a11b321c801a75b8464f8fea3364,Bacteria,Proteobacteria,Alphaproteobacteria,Rickettsiales,Mitochondria,Mitochondria,Unassigned
6aabaf770297321eeed2ef01d8672fff,Bacteria,Proteobacteria,Alphaproteobacteria,Acetobacterales,Acetobacteraceae,uncultured,Unassigned
def2e1dcdc7be47a82fd709f08a3a25c,Bacteria,Proteobacteria,Alphaproteobacteria,Rhizobiales,Devosiaceae,uncultured,Unassigned
c52aec1ace05d725b0b020b1d1ccc908,Bacteria,Proteobacteria,Gammaproteobacteria,Legionellales,Legionellaceae,Legionella,Legionella_sp.
1d27231f3efbdaf1032e43c9ec2b5a85,Bacteria,Proteobacteria,Alphaproteobacteria,Caulobacterales,Caulobacteraceae,Caulobacter,Unassigned
d465ee248ce81e096572ed9edc2082c7,Bacteria,Chloroflexi,Chloroflexia,Thermomicrobiales,JG30-KF-CM45,JG30-KF-CM45,uncultured_soil
d73eb5d492c879495da4a5ee21d294c5,Bacteria,Proteobacteria,Alphaproteobacteria,Rickettsiales,Mitochondria,Mitochondria,Unassigned
034aa7ea68b6dc89ae8555417127ed6f,Bacteria,Proteobacteria,Gammaproteobacteria,Burkholderiales,Alcaligenaceae,Verticiella,uncultured_bacterium
168b0d43669656df207291eef0253630,Bacteria,Proteobacteria,Gammaproteobacteria,Gammaproteobacteria_Incertae_Sedis,Unknown_Family,Candidatus_Ovatusbacter,Unassigned
4b966ae28cad32f116f7245de6bc05be,Bacteria,Proteobacteria,Alphaproteobacteria,Rickettsiales,Mitochondria,Mitochondria,Botryosphaeria_dothidea
2f54da92a52b22e86fb6039303c46ac3,Bacteria,Bacteroidota,Bacteroidia,Bacteroidales,Dysgonomonadaceae,Dysgonomonas,uncultured_Porphyromonadaceae
71f8b5e822a9fb255c04e591fca8c4b5,Bacteria,Firmicutes,Bacilli,Erysipelotrichales,Erysipelotrichaceae,ZOR0006,uncultured_bacterium
02620bfe8bf2c063e42e49c4029dcd43,Bacteria,Proteobacteria,Alphaproteobacteria,Rickettsiales,Mitochondria,Mitochondria,Unassigned
fea9533a246376fec58e19ed9e3648ea,Bacteria,Actinobacteriota,Actinobacteria,Micrococcales,Demequinaceae,Unassigned,Unassigned
cb004c14f3da223959fdd807e5a1b6d4,Bacteria,Proteobacteria,Alphaproteobacteria,Rhizobiales,Hyphomicrobiaceae,Hyphomicrobium,Unassigned
c626f6a2b08313d337133a5326a2c4bc,Bacteria,Cyanobacteria,Cyanobacteriia,Chloroplast,Chloroplast,Chloroplast,Chlamydomonas_reinhardtii
768cccbf764e75507ee82daee67a91ea,Bacteria,Proteobacteria,Alphaproteobacteria,Rhizobiales,Methyloligellaceae,uncultured,Unassigned
ed22dc2adede5ab5b66c7527782c345e,Bacteria,Proteobacteria,Alphaproteobacteria,Rickettsiales,Mitochondria,Mitochondria,Unassigned
e3a68c1ea6b7195c000c2c8c64f24e2f,Bacteria,Actinobacteriota,Thermoleophilia,Solirubrobacterales,67-14,67-14,uncultured_soil
06d01bf46d3656ca20876053b077566c,Bacteria,Firmicutes,Clostridia,Clostridiales,Clostridiaceae,Clostridium_sensu_stricto_1,Unassigned
1368aca6d12ec4a9bbf16a2ff67104e1,Bacteria,Actinobacteriota,Actinobacteria,Micrococcales,Micrococcaceae,Kocuria,Unassigned
d3bbe8ecf9814ac35b05fbabfc848570,Bacteria,Proteobacteria,Gammaproteobacteria,Burkholderiales,Comamonadaceae,Unassigned,Unassigned
47bd11cee7a09c061e61ba9d312d6dfa,Bacteria,Cyanobacteria,Cyanobacteriia,Chloroplast,Chloroplast,Chloroplast,Unassigned
fe65188a9af9ce07b9915ca91d797edf,Bacteria,Proteobacteria,Alphaproteobacteria,Rhizobiales,Hyphomicrobiaceae,Hyphomicrobium,Unassigned
42da94b71ff6b20e89f446c2b2c0b940,Bacteria,Proteobacteria,Gammaproteobacteria,Burkholderiales,Oxalobacteraceae,Janthinobacterium,Unassigned
f63f2dd8f25956b28aa79012a074eac4,Bacteria,Planctomycetota,Planctomycetes,Isosphaerales,Isosphaeraceae,Tundrisphaera,uncultured_bacterium
e83cc8c5f79685be8cb6ac912a658d6c,Bacteria,Cyanobacteria,Cyanobacteriia,Chloroplast,Chloroplast,Chloroplast,Oscillatoriales_cyanobacterium
65ee01b0708b36307afbe0b049729c72,Unassigned,Unassigned,Unassigned,Unassigned,Unassigned,Unassigned,Unassigned
d62c655f9fe941f3e24f3c5efccc806d,Bacteria,Actinobacteriota,Acidimicrobiia,uncultured,uncultured,uncultured,uncultured_Acidimicrobiia
becc44438d1df779e71538e53dbde827,Bacteria,Planctomycetota,Planctomycetes,Gemmatales,Gemmataceae,uncultured,Unassigned
76be7c942d91404a10a8daf0378064d2,Bacteria,Actinobacteriota,Actinobacteria,Frankiales,Frankiaceae,Jatrophihabitans,Jatrophihabitans_sp.
da95e4df5f4a8ed96fd85442ff47fb6b,Bacteria,Planctomycetota,Planctomycetes,Gemmatales,Gemmataceae,Fimbriiglobus,uncultured_planctomycete
a81874433e01ea58a918fa59a46d5dc6,Bacteria,Proteobacteria,Alphaproteobacteria,Rhizobiales,Beijerinckiaceae,uncultured,uncultured_endolithic
95023643c5a5ca0712adc65476daa60a,Bacteria,Planctomycetota,Planctomycetes,Isosphaerales,Isosphaeraceae,Unassigned,Unassigned
f42cc0032892dc469acee18317f2572a,Bacteria,Actinobacteriota,Actinobacteria,Corynebacteriales,Corynebacteriaceae,Corynebacterium,Unassigned
1382dea98dce278a43ed4bd915a7671f,Bacteria,Unassigned,Unassigned,Unassigned,Unassigned,Unassigned,Unassigned
d7ad95b67eb9e5b9112e4c06d9a52577,Bacteria,Campilobacterota,Campylobacteria,Campylobacterales,Arcobacteraceae,uncultured,Unassigned
86f444f5a0a18c12c83bf2123896740a,Bacteria,Proteobacteria,Gammaproteobacteria,Gammaproteobacteria_Incertae_Sedis,Unknown_Family,Marinicella,uncultured_gamma
ad114374affebd0c1283c9b7181f1385,Bacteria,Proteobacteria,Gammaproteobacteria,Pseudomonadales,Moraxellaceae,Psychrobacter,Psychrobacter_immobilis
18a5e782e14c0701d9083a80e513df5b,Bacteria,Proteobacteria,Alphaproteobacteria,Rhizobiales,Xanthobacteraceae,uncultured,Unassigned
613f9dbd22c6b0c4bca9044cdcf23462,Bacteria,Unassigned,Unassigned,Unassigned,Unassigned,Unassigned,Unassigned
483474844b4aca9abf183a605f3538c4,Bacteria,Planctomycetota,Planctomycetes,Gemmatales,Gemmataceae,uncultured,uncultured_bacterium
5bbf37ca8a362dfb3e5a0c4b3b8c687e,Bacteria,Proteobacteria,Alphaproteobacteria,Sphingomonadales,Sphingomonadaceae,Unassigned,Unassigned
f4f4b06e19e2a1e6f856cebfcd2d4fa5,Bacteria,Proteobacteria,Alphaproteobacteria,Rickettsiales,Mitochondria,Mitochondria,Berkeleya_fennica
297d3e6043982a2f00bab67641ed6eb9,Bacteria,Unassigned,Unassigned,Unassigned,Unassigned,Unassigned,Unassigned
46b0c7d8dadb5cbb6c70be8be041f767,Bacteria,Proteobacteria,Alphaproteobacteria,Rhizobiales,Beijerinckiaceae,Unassigned,Unassigned
b82e10965963b707451d2239533fb8a7,Bacteria,Cyanobacteria,Cyanobacteriia,Chloroplast,Chloroplast,Chloroplast,Unassigned
86333d44e6b487fed1735a5aabd937ab,Bacteria,Proteobacteria,Alphaproteobacteria,Rhizobiales,Devosiaceae,Devosia,Unassigned
d09f7d4386090fc8621479cb088aab18,Bacteria,Planctomycetota,Planctomycetes,Isosphaerales,Isosphaeraceae,Aquisphaera,uncultured_bacterium
d089705a4c1f1b871ea3d8602623f5a8,Bacteria,Cyanobacteria,Cyanobacteriia,Chloroplast,Chloroplast,Chloroplast,Pseudochlorella_signiensis
fb5110a5e5a3ba485975d4aaff78ca25,Bacteria,Firmicutes,Bacilli,Paenibacillales,Paenibacillaceae,Paenibacillus,Unassigned
f5b155ce0e5516a1152a293e1252b35c,Bacteria,Actinobacteriota,Thermoleophilia,Solirubrobacterales,Solirubrobacteraceae,Solirubrobacter,Unassigned
c4d959b9d0b0c06f56cdd7490ad4e8e0,Bacteria,Cyanobacteria,Cyanobacteriia,Chloroplast,Chloroplast,Chloroplast,Unassigned
f2cb3c654f5b42e4032f57d378a2b725,Bacteria,Firmicutes,Bacilli,Brevibacillales,Brevibacillaceae,Brevibacillus,Brevibacillus_thermoruber
f8f15ba2f43911192a80435d929ac51e,Bacteria,Proteobacteria,Gammaproteobacteria,Xanthomonadales,Xanthomonadaceae,Arenimonas,uncultured_gamma
89e0e2f70acbb2b76c8edeb8d90b3f07,Bacteria,Planctomycetota,Planctomycetes,Pirellulales,Pirellulaceae,uncultured,Unassigned
565b59725452b37f481c73bbb7e4ff26,Bacteria,Proteobacteria,Gammaproteobacteria,Oceanospirillales,Halomonadaceae,Halomonas,Unassigned
c798f1d527256bfa17e9901b04e91eff,Bacteria,Planctomycetota,Planctomycetes,Isosphaerales,Isosphaeraceae,Unassigned,Unassigned
cb91b156bc757d5bdbf3d529f8a2deaa,Bacteria,Planctomycetota,Planctomycetes,Gemmatales,Gemmataceae,uncultured,uncultured_bacterium
254ec6d751c5a8df4f8b67105d3a8b0e,Archaea,Halobacterota,Halobacteria,Halobacterales,Unassigned,Unassigned,Unassigned
09243cf64e130c2850992a2972367e62,Bacteria,Actinobacteriota,Actinobacteria,Micrococcales,Microbacteriaceae,Leucobacter,metagenome
7534ebb03e015882f4c3ee027ecdf46d,Bacteria,Unassigned,Unassigned,Unassigned,Unassigned,Unassigned,Unassigned
0179bdff20a8442e20fa6227bd3698a7,Bacteria,Proteobacteria,Alphaproteobacteria,Acetobacterales,Acetobacteraceae,Craurococcus-Caldovatus,uncultured_bacterium
b604cb7617391c04d7454d73604c56e7,Bacteria,Proteobacteria,Alphaproteobacteria,Paracaedibacterales,Paracaedibacteraceae,Candidatus_Paracaedibacter,metagenome
a547dc0eda6a78774cc0b46a9bb310ee,Bacteria,Firmicutes,Bacilli,Lactobacillales,Aerococcaceae,Eremococcus,uncultured_bacterium
02948a1b9518c0cf3f3e1cef2035c567,Bacteria,Unassigned,Unassigned,Unassigned,Unassigned,Unassigned,Unassigned
c66014dd87cee965919280edd2ebdabc,Bacteria,Proteobacteria,Alphaproteobacteria,Sphingomonadales,Sphingomonadaceae,Sphingomonas,bacterium_815Y
4f6f12c1983a7c7a339ba8b21c544a84,Bacteria,Proteobacteria,Gammaproteobacteria,Burkholderiales,Burkholderiaceae,Cupriavidus,Unassigned
63a82d94c996589b9be3ad8dfc151307,Bacteria,Actinobacteriota,Actinobacteria,Streptosporangiales,Nocardiopsaceae,Nocardiopsis,Nocardiopsis_sp.
866b6a5cbbde1a3fb3d77e54c4be61eb,Bacteria,Proteobacteria,Gammaproteobacteria,Burkholderiales,Comamonadaceae,Unassigned,Unassigned
36c82e90c9e0d4ccf3437ea4c3d45c17,Bacteria,Verrucomicrobiota,Chlamydiae,Chlamydiales,Chlamydiaceae,Chlamydiaceae,metagenome
61cbf14286a642ba3b68fb298fc7fe55,Bacteria,Actinobacteriota,Acidimicrobiia,Microtrichales,uncultured,uncultured,Unassigned
889f1bc31887efea2354ba099342a203,Bacteria,Actinobacteriota,Actinobacteria,Streptomycetales,Streptomycetaceae,Streptomyces,Unassigned
c6da7524c5e6946e51f341bb663e5053,Bacteria,Unassigned,Unassigned,Unassigned,Unassigned,Unassigned,Unassigned
7df62aff96542e709b665ee2d0cf826c,Bacteria,Actinobacteriota,Actinobacteria,Micrococcales,Intrasporangiaceae,Phycicoccus,Unassigned
ba0151a0285863c9a74b064db0e74177,Bacteria,Actinobacteriota,Actinobacteria,Micrococcales,Microbacteriaceae,Pseudoclavibacter,Unassigned
1c7948f3b89667c04b6aecc6464edbdb,Bacteria,Actinobacteriota,Thermoleophilia,Solirubrobacterales,67-14,67-14,uncultured_actinobacterium
800e3539e8905a898bbab9b55b8e9c30,Bacteria,Proteobacteria,Alphaproteobacteria,Sphingomonadales,Sphingomonadaceae,Sphingobium,Unassigned
046b21bf1cf24719404b172466e891f5,Bacteria,Proteobacteria,Gammaproteobacteria,Legionellales,Legionellaceae,Legionella,Unassigned
293339d97e4205e4d9d790bb9bad19cc,Bacteria,Planctomycetota,Planctomycetes,Gemmatales,Gemmataceae,uncultured,uncultured_bacterium
1f2040f5618bd15528948ec0b4e29166,Bacteria,Actinobacteriota,Thermoleophilia,Solirubrobacterales,Solirubrobacteraceae,uncultured,Colobanthus_quitensis
c9a4825a4e1eb072683ede39e918f705,Bacteria,Proteobacteria,Alphaproteobacteria,Rickettsiales,Mitochondria,Mitochondria,Unassigned
3dfa8df2687d92ac8b25a5b1b107b1f0,Bacteria,Cyanobacteria,Cyanobacteriia,Cyanobacteriales,Xenococcaceae,Pleurocapsa_PCC-7319,Unassigned
7ddb617321622a7b4a25b4c840b679e5,Bacteria,Actinobacteriota,Actinobacteria,Kineosporiales,Kineosporiaceae,Unassigned,Unassigned
55f7dc5a9fe5600d5c579d958842299a,Bacteria,Proteobacteria,Alphaproteobacteria,Rhizobiales,Xanthobacteraceae,Unassigned,Unassigned
9493853a8c7e91b44c14fafb97ba8a8a,Bacteria,Planctomycetota,Planctomycetes,Gemmatales,Gemmataceae,Fimbriiglobus,metagenome
36d5b11cbf757e4cf78cb3aaabee0973,Bacteria,Actinobacteriota,Thermoleophilia,Solirubrobacterales,Solirubrobacteraceae,Conexibacter,Unassigned
38772fb99f5924a44ab3b0f3e981829c,Bacteria,Firmicutes,Bacilli,Paenibacillales,Paenibacillaceae,Paenibacillus,Unassigned
d4940efd66c9f54704b84aba4fe8f4e9,Bacteria,Proteobacteria,Gammaproteobacteria,Gammaproteobacteria_Incertae_Sedis,Unknown_Family,Candidatus_Berkiella,uncultured_bacterium
9c0613ed87d1c7c8fd1676367db1683e,Bacteria,Proteobacteria,Gammaproteobacteria,Burkholderiales,Comamonadaceae,Unassigned,Unassigned
31c878bd5bd4b245f1366587257e9a3f,Bacteria,Actinobacteriota,Actinobacteria,Streptosporangiales,Nocardiopsaceae,Nocardiopsis,Nocardiopsis_sp.
9358dffbd489e97ecbcc61eecca08db0,Bacteria,Proteobacteria,Gammaproteobacteria,Burkholderiales,Comamonadaceae,Unassigned,Unassigned
f42309a74e8f72143785a7207584b6f7,Bacteria,Firmicutes,Clostridia,Peptostreptococcales-Tissierellales,Peptostreptococcales-Tissierellales,Anaerococcus,Unassigned
fe35f69b35ed84e913a04f0285e46b19,Bacteria,Proteobacteria,Alphaproteobacteria,Rhizobiales,Beijerinckiaceae,Bosea,Unassigned
949a525dcd53e0d62b3da8c15a35ac5e,Bacteria,Bacteroidota,Bacteroidia,Bacteroidales,Paludibacteraceae,Paludibacter,uncultured_bacterium
476e7369112b797c4752ea20b5485067,Bacteria,Proteobacteria,Alphaproteobacteria,Sphingomonadales,Sphingomonadaceae,Sphingopyxis,Sphingopyxis_sp.
2d71c9a1ec94c06e313f08fb59ef9dd3,Unassigned,Unassigned,Unassigned,Unassigned,Unassigned,Unassigned,Unassigned
173ed17a35cd214314922533abae59d8,Bacteria,Unassigned,Unassigned,Unassigned,Unassigned,Unassigned,Unassigned
95d08381352f71ef3bc48445f8ccab02,Bacteria,Proteobacteria,Alphaproteobacteria,Sphingomonadales,Sphingomonadaceae,Novosphingobium,Unassigned
b08fbb5cabb5e0771eff4661f5c67e42,Bacteria,Verrucomicrobiota,Chlamydiae,Chlamydiales,Parachlamydiaceae,Unassigned,Unassigned
28ab461232eae72052e41010ad703b9b,Bacteria,Planctomycetota,Planctomycetes,Planctomycetales,uncultured,uncultured,metagenome
7b2262da08f217ee37583d595689b3d6,Bacteria,Proteobacteria,Alphaproteobacteria,Acetobacterales,Acetobacteraceae,Acidiphilium,uncultured_bacterium
2a36b8383299a87b92b869bdd18e8698,Bacteria,Firmicutes,Clostridia,Peptostreptococcales-Tissierellales,Anaerovoracaceae,Unassigned,Unassigned
c9f666023ae48d47977fecf369cb637e,Bacteria,Proteobacteria,Gammaproteobacteria,Oceanospirillales,Pseudohongiellaceae,Pseudohongiella,Unassigned
ffead206290ce486e06a05fcab99ff2f,Bacteria,Unassigned,Unassigned,Unassigned,Unassigned,Unassigned,Unassigned
8ee27a4a5235d499e8026f40fe938dd5,Bacteria,Actinobacteriota,Actinobacteria,Micrococcales,Microbacteriaceae,Unassigned,Unassigned
13cc099cc1af49abe9103ce30d059996,Bacteria,Proteobacteria,Alphaproteobacteria,Rickettsiales,Mitochondria,Mitochondria,Botryosphaeria_dothidea
8f38444cfcec6698384a767143875dd8,Bacteria,Planctomycetota,Planctomycetes,Isosphaerales,Isosphaeraceae,Tundrisphaera,uncultured_planctomycete
68de2010e81be9a1844c7a0eb89743a3,Bacteria,Proteobacteria,Alphaproteobacteria,Sphingomonadales,Sphingomonadaceae,Unassigned,Unassigned
a2500af4ebacada4e568c0c176eb45c5,Bacteria,Proteobacteria,Gammaproteobacteria,Cellvibrionales,Halieaceae,OM60(NOR5)_clade,Unassigned
3d0b6d6fbfd457ec31e2cca8051915f1,Bacteria,Unassigned,Unassigned,Unassigned,Unassigned,Unassigned,Unassigned
783bdea20a71b53867a270705cde539b,Bacteria,Proteobacteria,Alphaproteobacteria,Rhizobiales,Devosiaceae,Devosia,Devosia_limi
7fb08fa9b7b2eef6a3db57d0de769227,Bacteria,Firmicutes,Clostridia,Peptostreptococcales-Tissierellales,Peptostreptococcales-Tissierellales,Peptoniphilus,Unassigned
224c517eee55ce456266132b217cfdff,Bacteria,Unassigned,Unassigned,Unassigned,Unassigned,Unassigned,Unassigned
e799067093f42de5cf7e687f244db031,Bacteria,Actinobacteriota,Actinobacteria,Frankiales,uncultured,uncultured,Unassigned
6cd383a3684922aa8561181b1e245766,Bacteria,Cyanobacteria,Cyanobacteriia,Chloroplast,Chloroplast,Chloroplast,Unassigned
91c5bf5f3a1de770d2cd2027992a9b5d,Bacteria,Proteobacteria,Alphaproteobacteria,Rickettsiales,Mitochondria,Mitochondria,Unassigned
cf0bf80e5627f4a72af1c8ffd8c41af4,Bacteria,Cyanobacteria,Cyanobacteriia,Cyanobacteriales,Chroococcidiopsaceae,Aliterella,Unassigned
09de3dde6c465b74bcb8e6f8a478e4e0,Bacteria,Actinobacteriota,Actinobacteria,Corynebacteriales,Nocardiaceae,Rhodococcus,Unassigned
fa391e5f9dac24d6dcfd905358720892,Bacteria,Firmicutes,Clostridia,Peptostreptococcales-Tissierellales,Peptostreptococcales-Tissierellales,Tissierella,Unassigned
762ba63f640e2bcf4fe79c4c43854f4c,Bacteria,Proteobacteria,Alphaproteobacteria,Rhizobiales,Beijerinckiaceae,alphaI_cluster,metagenome
4dad3bd4bc35840fec7eb5e0387edb7a,Bacteria,Proteobacteria,Alphaproteobacteria,Rhizobiales,D05-2,D05-2,uncultured_bacterium
3384bd3ea58961b8717a8e12e839650c,Bacteria,Actinobacteriota,Actinobacteria,Frankiales,Frankiaceae,Jatrophihabitans,Unassigned
b1758c65c59839f41894f6e6bbce4598,Bacteria,Planctomycetota,Planctomycetes,Isosphaerales,Isosphaeraceae,Singulisphaera,Unassigned
e18d16ac3175e90e1be17d1ba1042838,Bacteria,Bacteroidota,Bacteroidia,Flavobacteriales,Weeksellaceae,Chryseobacterium,Unassigned
ce629f61427b03d5091331860c8d662f,Bacteria,Firmicutes,Bacilli,Lactobacillales,Streptococcaceae,Lactococcus,Unassigned
89adf5d3936c98e75bb8f58ee95d3368,Bacteria,Verrucomicrobiota,Chlamydiae,Chlamydiales,Unassigned,Unassigned,Unassigned
9b871f187a192448a967111a07fdb26f,Bacteria,Proteobacteria,Alphaproteobacteria,Rhizobiales,Rhizobiaceae,Allorhizobium-Neorhizobium-Pararhizobium-Rhizobium,Unassigned
ac0f2058f6f5401732ac5475c88d631e,Bacteria,Chloroflexi,Chloroflexia,Thermomicrobiales,JG30-KF-CM45,JG30-KF-CM45,uncultured_soil
a3313f7fa18c8389259711b9413a326a,Bacteria,Proteobacteria,Alphaproteobacteria,Sphingomonadales,Sphingomonadaceae,Sphingomonas,Unassigned
5464aaf9652cfc4d1903ade1f2735caf,Bacteria,Planctomycetota,Planctomycetes,Isosphaerales,Isosphaeraceae,uncultured,Unassigned
3df1ec7cd8b06c8c05dc1697e18c74f2,Bacteria,Verrucomicrobiota,Chlamydiae,Chlamydiales,Unassigned,Unassigned,Unassigned
47f04d53e72323256f62cf80306f20ac,Bacteria,Firmicutes,Bacilli,Bacillales,Bacillaceae,uncultured,uncultured_bacterium
b6f8ce70a4e2acad7b29a00d55f6fc86,Bacteria,Unassigned,Unassigned,Unassigned,Unassigned,Unassigned,Unassigned
41779d5e9be06cf9358e14f2021b48ac,Bacteria,Proteobacteria,Alphaproteobacteria,Sphingomonadales,Sphingomonadaceae,Sphingomonas,Unassigned
e863f26a9682425c390ad583d3007b6b,Bacteria,Proteobacteria,Alphaproteobacteria,Acetobacterales,Acetobacteraceae,Acidiphilium,Unassigned
4c78baa138a364fef410ce19f3d208b8,Bacteria,Proteobacteria,Alphaproteobacteria,Rhizobiales,Hyphomicrobiaceae,Hyphomicrobium,Unassigned
c5915a3da102ecbb091d482f70b239f4,Bacteria,Firmicutes,Bacilli,Thermoactinomycetales,Thermoactinomycetaceae,Thermoactinomyces,Unassigned
232feeba340b007e8b71b9a79422bcd2,Bacteria,Proteobacteria,Alphaproteobacteria,Rickettsiales,Mitochondria,Mitochondria,Rhynchosporium_secalis
86f1248ee4ea85afd8c5b67cc1b04d4c,Bacteria,Proteobacteria,Gammaproteobacteria,Burkholderiales,Burkholderiaceae,Burkholderia-Caballeronia-Paraburkholderia,Unassigned
3f7b18ab6a9b6c552b1d9edb794a7aa2,Bacteria,Deinococcota,Deinococci,Deinococcales,Trueperaceae,Truepera,Unassigned
19db057f91a65f17df6492951b7dffb0,Bacteria,Unassigned,Unassigned,Unassigned,Unassigned,Unassigned,Unassigned
0309c7ed0f9c96ecb7a22c32198d2a7b,Archaea,Halobacterota,Halobacteria,Halobacterales,Halomicrobiaceae,Natronomonas,Natronomonas_pharaonis
cdbed1e45e0c9b6b409d070acd87eab6,Bacteria,Proteobacteria,Alphaproteobacteria,Sphingomonadales,Sphingomonadaceae,Sphingomonas,Unassigned
23804775e60a952986d08327e1c08727,Bacteria,Chloroflexi,Chloroflexia,Thermomicrobiales,JG30-KF-CM45,JG30-KF-CM45,Unassigned
de681d9e1507c24f5ef365082335a040,Bacteria,Actinobacteriota,Acidimicrobiia,Microtrichales,Ilumatobacteraceae,uncultured,uncultured_bacterium
632ea7fff831314d906762e555f7307d,Bacteria,Proteobacteria,Alphaproteobacteria,Rickettsiales,Mitochondria,Mitochondria,Unassigned
d7bffceeff0c974e22584fa960695d3b,Bacteria,Proteobacteria,Alphaproteobacteria,Sphingomonadales,Sphingomonadaceae,Sphingomonas,Unassigned
7496fb58e3c382edb7ae1b780292e077,Bacteria,Actinobacteriota,Acidimicrobiia,Microtrichales,Microtrichaceae,IMCC26207,uncultured_bacterium
92656fd8f153966e97bb6e198d7c3d7b,Bacteria,Bacteroidota,Bacteroidia,Chitinophagales,Chitinophagaceae,Taibaiella,Taibaiella_sp.
975aeb133c95246b9fad2c7bb42ecd56,Bacteria,Proteobacteria,Alphaproteobacteria,Rhizobiales,Unassigned,Unassigned,Unassigned
8eeb9661604c138b537e6e44e6b7017b,Bacteria,Proteobacteria,Alphaproteobacteria,Rhizobiales,Rhizobiaceae,Allorhizobium-Neorhizobium-Pararhizobium-Rhizobium,Unassigned
627b4ae1d0aa871b7e38625a8973cda4,Bacteria,Proteobacteria,Alphaproteobacteria,Sphingomonadales,Sphingomonadaceae,Sphingomonas,Unassigned
a5c1695d4f67012fd7eb777ca17138d5,Bacteria,Proteobacteria,Alphaproteobacteria,Sphingomonadales,Sphingomonadaceae,Unassigned,Unassigned
d4ec311eb30f90df98a7582a92d2ddca,Bacteria,Cyanobacteria,Cyanobacteriia,Leptolyngbyales,Leptolyngbyaceae,Chamaesiphon_PCC-7430,uncultured_bacterium
923c4fa44cd8eab229dc58ed2fda4f16,Bacteria,Proteobacteria,Gammaproteobacteria,Xanthomonadales,Xanthomonadaceae,Stenotrophomonas,Unassigned
f3568df8761f514321bcc3925853154c,Bacteria,Actinobacteriota,Actinobacteria,PeM15,PeM15,PeM15,metagenome
7f89ca147d9dfb50780c63b0bab6c3bd,Bacteria,Proteobacteria,Alphaproteobacteria,Rhizobiales,Xanthobacteraceae,uncultured,Unassigned
5373d91726b6de681a68a5e381476e43,Bacteria,Patescibacteria,Saccharimonadia,Saccharimonadales,Saccharimonadales,Saccharimonadales,uncultured_gamma
711d885c3e034b48c2312fa7b6c09d52,Bacteria,Actinobacteriota,Actinobacteria,Micrococcales,Cellulomonadaceae,Cellulomonas,Unassigned
90ce54048797f9ef8209ce6cdbd600c4,Bacteria,Proteobacteria,Alphaproteobacteria,Rickettsiales,Mitochondria,Mitochondria,Triticum_aestivum
f4bb0816d7a7fb888a87c59510684b96,Bacteria,Proteobacteria,Alphaproteobacteria,Rhizobiales,Xanthobacteraceae,uncultured,Unassigned
41374cc15b9a20c36cc29f1919f953ab,Bacteria,Verrucomicrobiota,Chlamydiae,Chlamydiales,Parachlamydiaceae,uncultured,metagenome
fc34b613eccadf07831f819e8d5b250d,Bacteria,Proteobacteria,Alphaproteobacteria,Sphingomonadales,Sphingomonadaceae,Sphingorhabdus,uncultured_bacterium
5b24b579f2a4e3b8a548e6015359ad59,Bacteria,Proteobacteria,Gammaproteobacteria,Xanthomonadales,Xanthomonadaceae,Stenotrophomonas,Unassigned
ea4294d007a04d3b8c2e1efa6e9dd529,Bacteria,Firmicutes,Clostridia,Oscillospirales,Ruminococcaceae,uncultured,uncultured_Firmicutes
809beffca321761b6359fc67f7ef7554,Bacteria,Proteobacteria,Alphaproteobacteria,Rhizobiales,Rhizobiaceae,Allorhizobium-Neorhizobium-Pararhizobium-Rhizobium,Unassigned
5845151a90a512c12f46057d3cbb8eb2,Bacteria,Planctomycetota,Planctomycetes,Pirellulales,Pirellulaceae,Pirellula,Unassigned
d2f96b16f774434c7f8a3aea0cdd674c,Bacteria,Unassigned,Unassigned,Unassigned,Unassigned,Unassigned,Unassigned
f3bec5f5c3a8131955331c7fc8f19dc3,Bacteria,Unassigned,Unassigned,Unassigned,Unassigned,Unassigned,Unassigned
560bb4f9cfd40eef93a1f45092e975c2,Bacteria,Proteobacteria,Alphaproteobacteria,Rhizobiales,Rhizobiaceae,Allorhizobium-Neorhizobium-Pararhizobium-Rhizobium,Unassigned
3fc42b755f0d4f35b63396f331de6117,Bacteria,Proteobacteria,Alphaproteobacteria,Rhizobiales,Devosiaceae,Devosia,Unassigned
58e56003821d7d0b26561c2e79c8e5d3,Bacteria,Proteobacteria,Gammaproteobacteria,Alteromonadales,Alteromonadaceae,Unassigned,Unassigned
5395591dd27f5fc27c93eea34f4f801c,Bacteria,Proteobacteria,Alphaproteobacteria,Rhizobiales,Rhizobiaceae,Allorhizobium-Neorhizobium-Pararhizobium-Rhizobium,Unassigned
994cd53cf6ba1f29e2690148c4d190cd,Bacteria,Bacteroidota,Bacteroidia,Chitinophagales,Chitinophagaceae,Taibaiella,Unassigned
438bf1f20e7c8c2d9c61ebffefe731d3,Bacteria,Bacteroidota,Bacteroidia,Bacteroidales,Dysgonomonadaceae,Dysgonomonas,Unassigned
1d6e9e69be877bdf82df9784760954b2,Bacteria,Proteobacteria,Alphaproteobacteria,Acetobacterales,Acetobacteraceae,Acidiphilium,uncultured_bacterium
34c32091499f07f381beb5bc5e0a7128,Bacteria,Firmicutes,Clostridia,Unassigned,Unassigned,Unassigned,Unassigned
a57a1470550cb5a16e44240005b574f6,Bacteria,Planctomycetota,Planctomycetes,Isosphaerales,Isosphaeraceae,uncultured,Unassigned
d907ee78338937173c978029ced28fbe,Bacteria,Proteobacteria,Alphaproteobacteria,Rhodobacterales,Rhodobacteraceae,Rubellimicrobium,Unassigned
c8359ce706df9616a2dd4b26b52c86cb,Bacteria,Firmicutes,Bacilli,Bacillales,Bacillaceae,Geobacillus,Unassigned
72a676f233bf8537f75765dde7ff0bd6,Bacteria,Proteobacteria,Alphaproteobacteria,Rhizobiales,Beijerinckiaceae,Bosea,Unassigned
6bdcd42cc1c29666624471be19ccbd42,Bacteria,Verrucomicrobiota,Verrucomicrobiae,Verrucomicrobiales,Rubritaleaceae,Luteolibacter,Unassigned
b6d3254b6496ac6974846725152192f4,Bacteria,Proteobacteria,Alphaproteobacteria,Rhizobiales,Beijerinckiaceae,Psychroglaciecola,uncultured_bacterium
e0302e428b89f874eec21f5f5d37e7a9,Bacteria,Firmicutes,Bacilli,Paenibacillales,Paenibacillaceae,Paenibacillus,Unassigned
d142d0c9d72ea33786d16f4d1281181b,Bacteria,Proteobacteria,Alphaproteobacteria,Acetobacterales,Acetobacteraceae,Acidiphilium,uncultured_soil
251dee4a5705c4f50ccdbb635ed81d2f,Bacteria,Actinobacteriota,Acidimicrobiia,Microtrichales,Iamiaceae,Iamia,Unassigned
35cc480b02478b6f67592076d75d3671,Bacteria,Actinobacteriota,Actinobacteria,Frankiales,Frankiaceae,Unassigned,Unassigned
bcb04d1e78de537da97c273458f5be26,Bacteria,Proteobacteria,Alphaproteobacteria,Rhizobiales,Rhizobiales_Incertae_Sedis,uncultured,metagenome
dcaa173f5d1d911cd4765ed85bd540a3,Bacteria,Proteobacteria,Alphaproteobacteria,Rickettsiales,Mitochondria,Mitochondria,Rhynchosporium_secalis
682ad633ff214f27f2401b0334a0377b,Bacteria,Bacteroidota,Bacteroidia,Chitinophagales,Chitinophagaceae,uncultured,uncultured_Chitinophagaceae
a9e505d46e32a0b3c9e8db5aa58113eb,Bacteria,Planctomycetota,Planctomycetes,Gemmatales,Gemmataceae,uncultured,uncultured_bacterium
8675b734434e0fb2bc4eee675597d34e,Bacteria,Proteobacteria,Alphaproteobacteria,Rhizobiales,Beijerinckiaceae,Microvirga,Microvirga_sp.
ab1cedc885ae9ac8207f3885daaf2603,Bacteria,Actinobacteriota,Actinobacteria,Propionibacteriales,Nocardioidaceae,Nocardioides,Unassigned
c9b02490a7d23ead9a00a1e97e3c3219,Bacteria,Verrucomicrobiota,Verrucomicrobiae,Chthoniobacterales,Chthoniobacteraceae,Chthoniobacter,Unassigned
1abb680afaf846eb9352eac279c09a9b,Bacteria,Cyanobacteria,Cyanobacteriia,Chloroplast,Chloroplast,Chloroplast,Castanea_mollissima
939282d6e8beb85d85a6167c3d55e695,Bacteria,Proteobacteria,Alphaproteobacteria,Rhizobiales,Beijerinckiaceae,uncultured,uncultured_bacterium
8a57a3ad21e44a304b47be87e72b740a,Bacteria,Proteobacteria,Alphaproteobacteria,Acetobacterales,Acetobacteraceae,Unassigned,Unassigned
013205e293293be3ac12085a57d76b26,Bacteria,Planctomycetota,Planctomycetes,Isosphaerales,Isosphaeraceae,uncultured,uncultured_bacterium
dd3a124e0f04306cf546df311a52b727,Bacteria,Proteobacteria,Gammaproteobacteria,Burkholderiales,Burkholderiaceae,Cupriavidus,Unassigned
fbfaf1e42d16103cd5114814eed38fd4,Bacteria,Actinobacteriota,Actinobacteria,Propionibacteriales,Nocardioidaceae,Unassigned,Unassigned
8d8b937a155171e5cb6bc3a8a6dff4bd,Bacteria,Actinobacteriota,Actinobacteria,Frankiales,Frankiaceae,Jatrophihabitans,Unassigned
1c086fbae0565e9a3825835ebbb7800a,Bacteria,Proteobacteria,Gammaproteobacteria,Xanthomonadales,Rhodanobacteraceae,Luteibacter,Unassigned
eeec31ad15729db88bfdbe81b2978365,Bacteria,Chloroflexi,Chloroflexia,Thermomicrobiales,JG30-KF-CM45,JG30-KF-CM45,uncultured_bacterium
0cee32dae247bce2c87664d44605f750,Bacteria,Verrucomicrobiota,Verrucomicrobiae,Chthoniobacterales,Chthoniobacteraceae,Candidatus_Udaeobacter,Unassigned
d072845e6b8c0043c193f5dc9d24d3b4,Bacteria,Proteobacteria,Alphaproteobacteria,Sphingomonadales,Sphingomonadaceae,Sphingomonas,bacterium_815Y
8e28c1cd69a114d7b18e72210e1b24fe,Bacteria,Proteobacteria,Alphaproteobacteria,Rickettsiales,Mitochondria,Mitochondria,Unassigned
24f8a67e9618bad4056946702f4e8882,Bacteria,Bacteroidota,Bacteroidia,Flavobacteriales,Flavobacteriaceae,Flavobacterium,Unassigned
58d8326da4cdf5c25ff26ed5f6cf0155,Bacteria,Firmicutes,Bacilli,Paenibacillales,Paenibacillaceae,Thermobacillus,uncultured_compost
f3c601a92524c6fbd5ef0ebe617b26d4,Bacteria,Proteobacteria,Alphaproteobacteria,Rickettsiales,Mitochondria,Mitochondria,Unassigned
34fba004fb4652794d566e92fbf8e4a6,Bacteria,Proteobacteria,Gammaproteobacteria,Pseudomonadales,Moraxellaceae,Cavicella,uncultured_bacterium
f1a1926a75d0a63255e1b014dcafb4db,Bacteria,Bacteroidota,Bacteroidia,Flavobacteriales,Flavobacteriaceae,Flavobacterium,Unassigned
307ee854ef686e549c3f9b5300172d4d,Bacteria,Proteobacteria,Alphaproteobacteria,Rhizobiales,Beijerinckiaceae,uncultured,uncultured_bacterium
803d19e61aa75ccf26e2349540924abe,Bacteria,Proteobacteria,Alphaproteobacteria,Rhizobiales,Devosiaceae,Devosia,Devosia_limi
cd26944c73ecd4991299138862ddcbaf,Bacteria,Proteobacteria,Gammaproteobacteria,uncultured,uncultured,uncultured,metagenome
acffb228f3cb0fdf80662889867101a8,Bacteria,Actinobacteriota,Acidimicrobiia,Microtrichales,Microtrichaceae,uncultured,uncultured_Acidimicrobiia
d6dac27cf052a463a630c43f8ffe5174,Bacteria,Proteobacteria,Alphaproteobacteria,Rhizobiales,Kaistiaceae,Kaistia,uncultured_bacterium
54f300e7f38c4c512b8287d96b1745b9,Bacteria,Proteobacteria,Alphaproteobacteria,Acetobacterales,Acetobacteraceae,Unassigned,Unassigned
5d6edf5f1b979ee02336ef4f4e9e0566,Bacteria,Firmicutes,Moorellia,Desulfitibacterales,Desulfitibacteraceae,Desulfitibacter,uncultured_bacterium
8b2df0b988ed70390409c75292633da1,Archaea,Halobacterota,Halobacteria,Halobacterales,Haloferacaceae,Halorubrum,Halorubrum_gandharaense
87ab954304e22e5cd07b5cd96beec61b,Bacteria,Proteobacteria,Alphaproteobacteria,Rhizobiales,Devosiaceae,Arsenicitalea,Unassigned
516678e2c9ece57e21bf443711db2e10,Bacteria,Cyanobacteria,Cyanobacteriia,Cyanobacteriales,Chroococcidiopsaceae,Aliterella,Unassigned
c1e3578a301a6c37a016adf442b0e168,Bacteria,Actinobacteriota,Actinobacteria,Frankiales,Geodermatophilaceae,Blastococcus,Unassigned
69b36afa85bd710fae43dfd548d5ed12,Bacteria,Bacteroidota,Bacteroidia,Flavobacteriales,Weeksellaceae,Chryseobacterium,Unassigned
2983d5aa8673462ba19518e648d9a001,Bacteria,Proteobacteria,Alphaproteobacteria,Rickettsiales,Mitochondria,Mitochondria,Annulohypoxylon_stygium
f6d4f12f5952bf76014386202c1f6574,Bacteria,Actinobacteriota,Actinobacteria,Micrococcales,Microbacteriaceae,Unassigned,Unassigned
0834be03d20e101d484911d15baaf930,Bacteria,Bacteroidota,Bacteroidia,Sphingobacteriales,Sphingobacteriaceae,Pedobacter,Unassigned
40fd293faefeea530b4746751f78b575,Bacteria,Actinobacteriota,Actinobacteria,Propionibacteriales,Nocardioidaceae,Nocardioides,Unassigned
ef842304c4abd41a0d12022583c3e8be,Bacteria,Proteobacteria,Gammaproteobacteria,Burkholderiales,Comamonadaceae,Hydrogenophaga,Unassigned
f395298bf3d53db10b73e49d1e4fb192,Bacteria,Proteobacteria,Alphaproteobacteria,Puniceispirillales,SAR116_clade,Candidatus_Puniceispirillum,Unassigned
a6245deedad19f2e5640bd126fdb80d8,Bacteria,Cyanobacteria,Cyanobacteriia,Chloroplast,Chloroplast,Chloroplast,Unassigned
52ee8234d4ce768216c50617786394b8,Bacteria,Chloroflexi,TK10,TK10,TK10,TK10,Unassigned
631fa96c379412a5fff9d79eddbfda25,Bacteria,Firmicutes,Clostridia,Lachnospirales,Lachnospiraceae,Blautia,Unassigned
14068e1fc36759c2bef08bc0d925c873,Bacteria,Proteobacteria,Gammaproteobacteria,Vibrionales,Vibrionaceae,Vibrio,Unassigned
403dfa363126738da9a6a870970fd446,Bacteria,Bacteroidota,Bacteroidia,Bacteroidales,Dysgonomonadaceae,Dysgonomonas,uncultured_bacterium
f95068c8c247ac0e6b03f8f58d7090a4,Bacteria,Planctomycetota,Planctomycetes,Pirellulales,Pirellulaceae,Pirellula,Unassigned
2f6d04f8e6a3697b13a2c90d7da10f2c,Bacteria,Proteobacteria,Alphaproteobacteria,Rickettsiales,Mitochondria,Mitochondria,Unassigned
175affa7327745567c4d0e71542e38c4,Bacteria,Planctomycetota,Planctomycetes,Gemmatales,Gemmataceae,uncultured,Unassigned
c621dcc6eb3f029990b26117d9102ef0,Bacteria,Actinobacteriota,Actinobacteria,Frankiales,Frankiaceae,Unassigned,Unassigned
ec7bc63266e54105b714841ec7216762,Bacteria,Actinobacteriota,Acidimicrobiia,Microtrichales,Ilumatobacteraceae,Ilumatobacter,Unassigned
6fa683ac1a98a2b03957b06574000695,Bacteria,Proteobacteria,Alphaproteobacteria,Rhizobiales,Rhizobiaceae,Allorhizobium-Neorhizobium-Pararhizobium-Rhizobium,Pararhizobium_herbae
86c049dbebf28346fbcab63b05dd7560,Bacteria,Planctomycetota,Planctomycetes,Isosphaerales,Isosphaeraceae,Aquisphaera,uncultured_bacterium
f201f2cdea2f95550dd3592ba1ec9610,Bacteria,Cyanobacteria,Cyanobacteriia,Chloroplast,Chloroplast,Chloroplast,Tupiella_akineta
f318ed4271c12143cbc469e2df3de725,Bacteria,Bacteroidota,Bacteroidia,Flavobacteriales,Weeksellaceae,Chryseobacterium,Unassigned
e3abdf8da63e88e28319340a8f045301,Bacteria,Proteobacteria,Alphaproteobacteria,Rhizobiales,Hyphomicrobiaceae,Unassigned,Unassigned
60ea485a66e9ce8aa460914b3d03b661,Bacteria,Verrucomicrobiota,Chlamydiae,Chlamydiales,Parachlamydiaceae,Unassigned,Unassigned
18c8c4032ef9da0a865128114b0fceb1,Bacteria,Proteobacteria,Alphaproteobacteria,Rickettsiales,Mitochondria,Mitochondria,Rhynchosporium_secalis
eb7de2858b26a19cc0c0ccba136a122c,Bacteria,Firmicutes,Bacilli,Lactobacillales,Streptococcaceae,Lactococcus,Unassigned
3ad388f357b549bfad0ab81e7f9b4b2b,Bacteria,Verrucomicrobiota,Verrucomicrobiae,Chthoniobacterales,Chthoniobacteraceae,Chthoniobacter,Verrucomicrobia_bacterium
4837e1316fb2e6a0db33069a4361496c,Bacteria,Unassigned,Unassigned,Unassigned,Unassigned,Unassigned,Unassigned
86d9ea44f2c04fbd54f407dd135eb1d6,Bacteria,Proteobacteria,Gammaproteobacteria,Burkholderiales,Comamonadaceae,Unassigned,Unassigned
a9f60eba19abbff46594afbe0a499785,Bacteria,Cyanobacteria,Cyanobacteriia,Chloroplast,Chloroplast,Chloroplast,Tetradesmus_obliquus
c414763bd5d02623a8409aeac529dbb5,Bacteria,Firmicutes,Bacilli,Unassigned,Unassigned,Unassigned,Unassigned
f927d6b60bcf56f62844f8e5293e1beb,Bacteria,Verrucomicrobiota,Verrucomicrobiae,Verrucomicrobiales,Rubritaleaceae,Luteolibacter,Unassigned
50cd6326171ef8689dad8a3f273c9e46,Bacteria,Proteobacteria,Alphaproteobacteria,Rhizobiales,Rhizobiaceae,Unassigned,Unassigned
d95f9d43573270dd4ca9957a6e80eead,Bacteria,Firmicutes,Clostridia,Clostridiales,Clostridiaceae,Clostridium_sensu_stricto_1,Unassigned
c10628e1b600b1e844270bbdd2369ca7,Bacteria,Proteobacteria,Gammaproteobacteria,Burkholderiales,Oxalobacteraceae,Janthinobacterium,Unassigned
730ee034d2b557f7f2c9be0e821e6a4e,Bacteria,Actinobacteriota,Acidimicrobiia,Microtrichales,Microtrichaceae,uncultured,uncultured_Arthrobacter
8365c56e7d1f57079c8821b426206d94,Bacteria,Campilobacterota,Campylobacteria,Campylobacterales,Campylobacteraceae,Campylobacter,Campylobacter_hominis
41267fc33d4916b524af6a6a8a2d7345,Bacteria,Proteobacteria,Gammaproteobacteria,Burkholderiales,Rhodocyclaceae,Uliginosibacterium,uncultured_bacterium
5b0ad864a4e5589dcb803295e86ad9fe,Bacteria,Proteobacteria,Gammaproteobacteria,Xanthomonadales,Xanthomonadaceae,Stenotrophomonas,Unassigned
19a779b06d85c489c23dcd3d3817226b,Bacteria,Firmicutes,Clostridia,Peptostreptococcales-Tissierellales,Peptostreptococcales-Tissierellales,Peptoniphilus,Peptoniphilus_duerdenii
aa3807d6411a4a158610c9e79658f2b8,Bacteria,Proteobacteria,Alphaproteobacteria,Sphingomonadales,Sphingomonadaceae,Sphingobium,Unassigned
0dd4b2e6a4cf2060686834bd6330ee43,Bacteria,Bacteroidota,Bacteroidia,Bacteroidales,Dysgonomonadaceae,Dysgonomonas,Dysgonomonas_alginatilytica
1b505cf0cb77ef8ff6c2b6c9a18cc001,Bacteria,Unassigned,Unassigned,Unassigned,Unassigned,Unassigned,Unassigned
ee5f1cae39f5e79eb730dad4b7913aaa,Bacteria,Unassigned,Unassigned,Unassigned,Unassigned,Unassigned,Unassigned
0ba652c9dfca302449a0fa0534ffe124,Bacteria,Actinobacteriota,Actinobacteria,Streptosporangiales,Streptosporangiaceae,Microbispora,Unassigned
aed26bb392883397e2098ca913d2d5b4,Bacteria,Firmicutes,Bacilli,Lactobacillales,Enterococcaceae,Enterococcus,Unassigned
67f9d6b7fd5d053e28b99229b66a3c9c,Bacteria,Actinobacteriota,Thermoleophilia,Solirubrobacterales,Solirubrobacteraceae,Solirubrobacter,uncultured_bacterium
eb9562dc5264eedcffb398288a9241c0,Bacteria,Actinobacteriota,Actinobacteria,Bifidobacteriales,Bifidobacteriaceae,Gardnerella,Unassigned
d617e062960a3698c10e386d574e1641,Bacteria,Firmicutes,Bacilli,Staphylococcales,Staphylococcaceae,Jeotgalicoccus,Unassigned
f0253d12893628571c090681f53344ad,Bacteria,Verrucomicrobiota,Chlamydiae,Chlamydiales,Parachlamydiaceae,Unassigned,Unassigned
b58005a3926d1a949663f70b454205a7,Bacteria,Proteobacteria,Alphaproteobacteria,Rhizobiales,Beijerinckiaceae,Bosea,Unassigned
8b75ffcad223d8f6cc714e2f67360703,Bacteria,Actinobacteriota,Actinobacteria,Micrococcales,Demequinaceae,Demequina,uncultured_bacterium
f4b1ff9dc8a0d8a01245f6d5abade325,Archaea,Halobacterota,Halobacteria,Halobacterales,Haloferacaceae,Haloparvum,Unassigned
cac416e5fb33bc45c6a56d4618b45dc1,Bacteria,Actinobacteriota,Acidimicrobiia,Microtrichales,Microtrichaceae,IMCC26207,Unassigned
4e44bf098dd25d6b5fe27d4e8ce32d09,Bacteria,Firmicutes,Bacilli,Paenibacillales,Paenibacillaceae,Cohnella,Paenibacillus_sp.
b87b5ff3d030e028e8d4fb4d02b2db66,Bacteria,Cyanobacteria,Cyanobacteriia,Chloroplast,Chloroplast,Chloroplast,Koliella_longiseta
0a5e5fa5084025cebc8f428ddd35738d,Bacteria,Actinobacteriota,Actinobacteria,Propionibacteriales,Nocardioidaceae,Nocardioides,Marmoricola_sp.
1aef8bd62b4e76fbd49dfc1c3e77f1d3,Bacteria,Firmicutes,Bacilli,Paenibacillales,Paenibacillaceae,Paenibacillus,Unassigned
951a4e554de857362cd5774d8ce28b40,Bacteria,Planctomycetota,Planctomycetes,Pirellulales,Pirellulaceae,Unassigned,Unassigned
a8989f20b2385c413c4dc08db4667cf3,Bacteria,Firmicutes,Bacilli,RsaHf231,RsaHf231,RsaHf231,uncultured_bacterium
8675f104dd3b86ad43bfcf8d4fd023ba,Bacteria,Firmicutes,Clostridia,Peptostreptococcales-Tissierellales,Peptostreptococcales-Tissierellales,Fenollaria,uncultured_bacterium
ef9e7a80365d210f517630032c4a8d48,Bacteria,Planctomycetota,Planctomycetes,Gemmatales,Gemmataceae,Gemmata,metagenome
cc3b8c529d19ebb01cd70d3a825fc9ce,Bacteria,Planctomycetota,Planctomycetes,Gemmatales,Gemmataceae,Fimbriiglobus,uncultured_bacterium
53c0786ab21219d938099d8cda608c7f,Bacteria,Unassigned,Unassigned,Unassigned,Unassigned,Unassigned,Unassigned
76e02275324fba01c79b1d8b8681437f,Bacteria,Actinobacteriota,Actinobacteria,Propionibacteriales,Nocardioidaceae,Nocardioides,uncultured_organism
17ec3613ad12db6acadd217bb31764f8,Bacteria,Cyanobacteria,Cyanobacteriia,Chloroplast,Chloroplast,Chloroplast,Unassigned
a31ce88269648f100015fb70bdf34f6b,Bacteria,Unassigned,Unassigned,Unassigned,Unassigned,Unassigned,Unassigned
2ea2404a7069d8a98a1ed7b541cf04fd,Bacteria,Proteobacteria,Alphaproteobacteria,Rickettsiales,Mitochondria,Mitochondria,Unassigned
66c3fb3c1233ea68199f1f00d835eb53,Bacteria,Actinobacteriota,Actinobacteria,Frankiales,Geodermatophilaceae,Modestobacter,Unassigned
bbcb7bcfae2c25fb030f53c56e59823d,Bacteria,Proteobacteria,Alphaproteobacteria,Sphingomonadales,Sphingomonadaceae,Rhizorhapis,Unassigned
62903f2744d8e4b22bf69ae1859b90de,Bacteria,Actinobacteriota,Actinobacteria,Frankiales,Frankiaceae,Frankia,Unassigned
f320219ec5eb79bcdd824a6a944e6288,Bacteria,Proteobacteria,Alphaproteobacteria,Rhizobiales,Beijerinckiaceae,1174-901-12,uncultured_bacterium
0232c8f4f3f2b7268891c772901d4678,Bacteria,Planctomycetota,Planctomycetes,Pirellulales,Pirellulaceae,uncultured,metagenome
4b5648c8630f90b170d9e716829ec119,Bacteria,Actinobacteriota,Thermoleophilia,Solirubrobacterales,67-14,67-14,metagenome
3edd6dabb7c7a0266c77f0059c0a5584,Bacteria,Actinobacteriota,Actinobacteria,Propionibacteriales,Nocardioidaceae,Nocardioides,Unassigned
b212985eb0e2d937f415dc0671006523,Bacteria,Proteobacteria,Alphaproteobacteria,Sphingomonadales,Sphingomonadaceae,Sphingomonas,bacterium_815Y
8968a051e7b7a1aca77c843363225dae,Bacteria,Verrucomicrobiota,Verrucomicrobiae,Chthoniobacterales,Chthoniobacteraceae,Chthoniobacter,uncultured_bacterium
8a48673f451d399725bf2aaea287a4ef,Bacteria,Proteobacteria,Alphaproteobacteria,Rhizobiales,Devosiaceae,Devosia,Unassigned
1359cc952a572aa8ccbbccce7f7cd324,Bacteria,Acidobacteriota,Acidobacteriae,Bryobacterales,Bryobacteraceae,Bryobacter,uncultured_bacterium
19fdb9881772de0bcd454aceb27ec3d4,Bacteria,Planctomycetota,Planctomycetes,Gemmatales,Gemmataceae,Fimbriiglobus,metagenome
69dd6be40d3895b35e99a482a2dc6615,Bacteria,Cyanobacteria,Cyanobacteriia,Chloroplast,Chloroplast,Chloroplast,Planctonema_lauterbornii
79a179ee2e778cdf24e5810cb386ad85,Bacteria,Planctomycetota,Planctomycetes,Gemmatales,Gemmataceae,Fimbriiglobus,uncultured_bacterium
2a2cb8419c023e952248016daac1f4b7,Bacteria,Actinobacteriota,Actinobacteria,Frankiales,Geodermatophilaceae,Blastococcus,Unassigned
959084d0cf26b3ffe616d43345998c67,Bacteria,Proteobacteria,Alphaproteobacteria,Sphingomonadales,Sphingomonadaceae,Sphingobium,Unassigned
c20f1fcb0e1c2ec7156aa53050747ece,Bacteria,Firmicutes,Bacilli,Lactobacillales,Streptococcaceae,Lactococcus,Unassigned
d86d1fccd2f2c9d96d67fb951766946a,Bacteria,Firmicutes,Bacilli,Erysipelotrichales,Erysipelotrichaceae,ZOR0006,uncultured_bacterium
5eb41ba248477215fa2da49c6ba552c9,Bacteria,Planctomycetota,Planctomycetes,Gemmatales,Gemmataceae,uncultured,metagenome
2e2321c4d1452a596aebfd13e6f17f8f,Bacteria,Planctomycetota,Planctomycetes,Isosphaerales,Isosphaeraceae,Candidatus_Nostocoida,uncultured_bacterium
fc1ff8cad80cf36447d67132b7062507,Bacteria,Planctomycetota,Planctomycetes,Isosphaerales,Isosphaeraceae,Candidatus_Nostocoida,uncultured_bacterium
9edfdea96d7374131c9cc86080ba763e,Bacteria,Verrucomicrobiota,Verrucomicrobiae,Chthoniobacterales,Chthoniobacteraceae,Chthoniobacter,Unassigned
56f56efefc0859659fb5a238a95dc578,Bacteria,Actinobacteriota,Actinobacteria,Frankiales,uncultured,uncultured,Actinomycetales_bacterium
38eb6fef6477e0b7a221e8566cd255a6,Bacteria,Firmicutes,Bacilli,Paenibacillales,Paenibacillaceae,Paenibacillus,Unassigned
5143b6042476d6235df4681c5dda947a,Bacteria,Proteobacteria,Alphaproteobacteria,Acetobacterales,Acetobacteraceae,Acidiphilium,uncultured_Alphaproteobacteria
67a0075e80de9395025a60cb80bea9a8,Bacteria,Unassigned,Unassigned,Unassigned,Unassigned,Unassigned,Unassigned
a353c2fbccdea527a09ff3aa0be4e1ca,Bacteria,Proteobacteria,Alphaproteobacteria,Rhizobiales,Beijerinckiaceae,uncultured,uncultured_Methylocella
7ce405eaa2d34c9263a5355afc026151,Bacteria,Proteobacteria,Alphaproteobacteria,Rhizobiales,Beijerinckiaceae,Methylobacterium-Methylorubrum,Methylobacterium_goesingense
20d5233b518cb5c700f3de4037b2ef41,Bacteria,Proteobacteria,Alphaproteobacteria,Rickettsiales,Mitochondria,Mitochondria,Unassigned
0fcd1fbf953462ffe56725d81f88074f,Bacteria,Cyanobacteria,Cyanobacteriia,Chloroplast,Chloroplast,Chloroplast,Prasiolopsis_sp.
238acf27e69ac36f81c962317c4923a6,Bacteria,Proteobacteria,Gammaproteobacteria,Legionellales,Legionellaceae,Legionella,Unassigned
f99ef204e999a05fa9fd70503c167928,Bacteria,Proteobacteria,Alphaproteobacteria,Rickettsiales,Mitochondria,Mitochondria,Aspergillus_nidulans
f981d1a69e405eeea1eb4dd8aeef265e,Bacteria,Proteobacteria,Alphaproteobacteria,Rhodobacterales,Rhodobacteraceae,Paracoccus,Unassigned
dd93a5212cf24a278d626226f6441d93,Bacteria,Actinobacteriota,Actinobacteria,Micrococcales,Microbacteriaceae,Agromyces,Unassigned
aed7669f8f922ee30127690d89a52c08,Bacteria,Actinobacteriota,Actinobacteria,Streptosporangiales,Streptosporangiaceae,Unassigned,Unassigned
3735efaa015d97c55fbbc3d909a677ea,Bacteria,Proteobacteria,Alphaproteobacteria,Rhizobiales,Xanthobacteraceae,uncultured,uncultured_forest
18c95fb5b9dbfd87d20f1dcdc8488cba,Bacteria,Firmicutes,Clostridia,Clostridiales,Caloramatoraceae,Fonticella,uncultured_bacterium
c8754dfe0022eae1049ea8c2a60e6180,Bacteria,Actinobacteriota,Actinobacteria,Frankiales,uncultured,uncultured,Unassigned
8cd25dcd621a2f61ea0e1f62ed92f844,Bacteria,Proteobacteria,Alphaproteobacteria,Sphingomonadales,Sphingomonadaceae,Rhizorhapis,uncultured_Alphaproteobacteria
0f03fc2b23b39cc8fca86ed00cac3cd4,Bacteria,Actinobacteriota,Actinobacteria,Pseudonocardiales,Pseudonocardiaceae,Saccharopolyspora,Unassigned
e80920a404075a786c76dac0edeec948,Bacteria,Proteobacteria,Alphaproteobacteria,Rhizobiales,Unassigned,Unassigned,Unassigned
ca36d18da7f6229c5fbde1ac4c3056eb,Bacteria,Proteobacteria,Alphaproteobacteria,Rhizobiales,Beijerinckiaceae,Methylobacterium-Methylorubrum,Methylobacterium_goesingense
b2d8bebba6c7c3fb9c75b49a5c6466ca,Bacteria,Bacteroidota,Bacteroidia,Flavobacteriales,Flavobacteriaceae,Flavobacterium,Unassigned
88524099da8861dc2c52fc24611fdb63,Bacteria,Cyanobacteria,Cyanobacteriia,Chloroplast,Chloroplast,Chloroplast,Watanabea_reniformis
94e44251662880ffc5b82a1aca4ff1d8,Archaea,Crenarchaeota,Nitrososphaeria,Nitrososphaerales,Nitrososphaeraceae,Unassigned,Unassigned
124d6ff8a2f32342c992dcc12ce29ee0,Bacteria,Firmicutes,Clostridia,Peptostreptococcales-Tissierellales,Peptostreptococcales-Tissierellales,uncultured,uncultured_bacterium
22b67f584acb0af9cd3c4fd62994b6a1,Bacteria,Proteobacteria,Alphaproteobacteria,Rhizobiales,Hyphomicrobiaceae,Hyphomicrobium,Unassigned
225bb1c4693ce5446ce1a0622a9d5ba3,Bacteria,Actinobacteriota,Thermoleophilia,Solirubrobacterales,Solirubrobacteraceae,Solirubrobacter,uncultured_bacterium
96a384360d29de4c1af4ddad60207514,Bacteria,Firmicutes,Bacilli,Lactobacillales,Carnobacteriaceae,Carnobacterium,Unassigned
be6c138faafacdaebfd9d373803485c3,Bacteria,Planctomycetota,Planctomycetes,Gemmatales,Gemmataceae,uncultured,metagenome
a3657022b76ebd523a5cfa7ffabffb83,Bacteria,Chloroflexi,Chloroflexia,Kallotenuales,AKIW781,AKIW781,uncultured_bacterium
a58f74f8b9851705a44381e657073000,Bacteria,Proteobacteria,Alphaproteobacteria,Rhizobiales,Xanthobacteraceae,uncultured,Unassigned
a58eaed47d867044b5c38f0355cb70ad,Bacteria,Proteobacteria,Alphaproteobacteria,Rhizobiales,Devosiaceae,Devosia,Unassigned
c93e723f8ea7c9c78c5724f92122e087,Bacteria,Firmicutes,Bacilli,Paenibacillales,Paenibacillaceae,Paenibacillus,Unassigned
a8cfe32cf7687dd96c63511bc8add953,Bacteria,Actinobacteriota,Actinobacteria,Frankiales,Geodermatophilaceae,Blastococcus,Unassigned
693e9a91cbdd2c20e9cc63306b469b6d,Bacteria,Proteobacteria,Gammaproteobacteria,Legionellales,Legionellaceae,Legionella,Unassigned
719e61e84fb9ba056c9a6471067b5f29,Bacteria,Proteobacteria,Alphaproteobacteria,Rhizobiales,Beijerinckiaceae,Unassigned,Unassigned
644b0e3316b9830d6e3bf340064b43a6,Bacteria,Actinobacteriota,Actinobacteria,Frankiales,Unassigned,Unassigned,Unassigned
c6cfc6273cff94ceb006c1af52efa229,Bacteria,Firmicutes,Clostridia,Lachnospirales,Lachnospiraceae,Tyzzerella,Unassigned
fa373b25b3d7f277b99fd9c72a710554,Bacteria,Bacteroidota,Bacteroidia,Cytophagales,Spirosomaceae,Dyadobacter,metagenome
68dcae7a3749ebeecda8367ab2d55e5c,Bacteria,Planctomycetota,Planctomycetes,Gemmatales,Gemmataceae,uncultured,uncultured_bacterium
28fc5b4c98e618c2d8b58303c777ae23,Bacteria,Actinobacteriota,Actinobacteria,Micrococcales,Microbacteriaceae,Microbacteriaceae,uncultured_bacterium
5a343bebfe329ca965d4e6913f977d4b,Bacteria,Proteobacteria,Alphaproteobacteria,Caulobacterales,Caulobacteraceae,Brevundimonas,Unassigned
e6c4b218501c2235f51c7273438cb7f1,Bacteria,Proteobacteria,Gammaproteobacteria,uncultured,uncultured,uncultured,metagenome
538cbb905f1b4f9c9d1c3d3bbed50f7a,Bacteria,Proteobacteria,Alphaproteobacteria,Rhizobiales,Hyphomicrobiaceae,Hyphomicrobium,uncultured_bacterium
792920321a912378208a9fb331705943,Bacteria,Planctomycetota,Planctomycetes,Isosphaerales,Isosphaeraceae,Tundrisphaera,Unassigned
ded846a54ec5c9cc8b8667dbdb119074,Bacteria,Proteobacteria,Gammaproteobacteria,Burkholderiales,Comamonadaceae,Unassigned,Unassigned
8cf8fc0c604e8f5ab3c55a606e37aecb,Bacteria,Actinobacteriota,Actinobacteria,Micromonosporales,Micromonosporaceae,Unassigned,Unassigned
be88ec50f558971cca5a59364af78cf4,Bacteria,Firmicutes,Clostridia,Peptostreptococcales-Tissierellales,Anaerovoracaceae,Unassigned,Unassigned
bdcbc6ac8d1a54d87cc3d0279a276e31,Bacteria,Actinobacteriota,Actinobacteria,Frankiales,Frankiaceae,Jatrophihabitans,Unassigned
1c1890dee725b539748e4d7e77f51c31,Bacteria,Planctomycetota,Planctomycetes,Pirellulales,Pirellulaceae,Pirellula,uncultured_bacterium
a97b02a1f28bcbff04249f6f2e920570,Bacteria,Proteobacteria,Alphaproteobacteria,Rhizobiales,Devosiaceae,Devosia,Unassigned
f1bd4fbf49bf1af88a3a9cddd926dffc,Bacteria,Proteobacteria,Gammaproteobacteria,Gammaproteobacteria_Incertae_Sedis,Unknown_Family,Candidatus_Ovatusbacter,uncultured_bacterium
075a3218f8cff83e033c7f10327e0d27,Bacteria,Verrucomicrobiota,Verrucomicrobiae,Chthoniobacterales,Chthoniobacteraceae,Chthoniobacter,metagenome
c0af2ad0349b228d7383cb91844861f3,Bacteria,Verrucomicrobiota,Chlamydiae,Chlamydiales,Parachlamydiaceae,Neochlamydia,metagenome
ae02e0e9793907b8f6bcdc752c3624b8,Bacteria,Proteobacteria,Alphaproteobacteria,Rhizobiales,Devosiaceae,Devosia,Unassigned
289deabf3aa3e3cf90888ec4d2d13763,Bacteria,Planctomycetota,Planctomycetes,Pirellulales,Pirellulaceae,uncultured,Planctomycetaceae
5d873f8b81ccd0b921d9c51ff24f131d,Bacteria,Bacteroidota,Bacteroidia,Flavobacteriales,Flavobacteriaceae,Ulvibacter,uncultured_marine
6d860ce6a21d8351dcaa418bca2723dc,Bacteria,Verrucomicrobiota,Verrucomicrobiae,Chthoniobacterales,Chthoniobacteraceae,Chthoniobacter,uncultured_bacterium
62c649de78877a0d29cb44533f351e3f,Bacteria,Planctomycetota,Planctomycetes,Pirellulales,Pirellulaceae,Pirellula,uncultured_Planctomycetales
568a116a622dca86ca06dceaa0506eb3,Bacteria,Planctomycetota,Planctomycetes,Planctomycetales,uncultured,uncultured,metagenome
a7c85fc7ac3002f7d8ba025364e77c99,Bacteria,Proteobacteria,Alphaproteobacteria,Sphingomonadales,Sphingomonadaceae,Novosphingobium,Unassigned
f738976fd5606da13f5ef6928094e96a,Bacteria,Proteobacteria,Alphaproteobacteria,Rhizobiales,Rhizobiales_Incertae_Sedis,uncultured,Unassigned
ffe7b03c2c17676a263ef75c56c02740,Bacteria,Proteobacteria,Alphaproteobacteria,Holosporales,Holosporaceae,uncultured,uncultured_bacterium
34de0148044ecd417bc7c9f426fb49c9,Bacteria,Proteobacteria,Alphaproteobacteria,Unassigned,Unassigned,Unassigned,Unassigned
4eece9a4a949c1ca3a46fb2f6ca9e03c,Bacteria,Proteobacteria,Gammaproteobacteria,Pasteurellales,Pasteurellaceae,Pasteurella,Bisgaard_Taxon
1007e1fe8ca3958e7b884e8831fa7680,Bacteria,Proteobacteria,Gammaproteobacteria,Gammaproteobacteria_Incertae_Sedis,Unknown_Family,Candidatus_Ovatusbacter,uncultured_bacterium
c952f4ef5cd55aea5da95c3bcd5b3491,Bacteria,Planctomycetota,Planctomycetes,Isosphaerales,Isosphaeraceae,uncultured,Isosphaera_sp.
bcdcf0a9ba01697d44876bb380ac3082,Bacteria,Planctomycetota,Planctomycetes,Gemmatales,Gemmataceae,uncultured,uncultured_bacterium
14755713cec92e18af727446700197d6,Bacteria,Proteobacteria,Alphaproteobacteria,Sphingomonadales,Sphingomonadaceae,Sphingopyxis,Unassigned
3b2878f7285a091b4506679187436d7a,Bacteria,Firmicutes,Bacilli,Lactobacillales,Streptococcaceae,Lactococcus,Unassigned
9c22ba6cf0e6f1cf0523336f4ffc4610,Bacteria,Actinobacteriota,Actinobacteria,Micrococcales,Microbacteriaceae,Unassigned,Unassigned
d443222b3049cbd2e66d8bd65994a808,Bacteria,Cyanobacteria,Cyanobacteriia,SepB-3,SepB-3,SepB-3,uncultured_bacterium
8712f2f7857abf8d0f93f528ab789c44,Bacteria,Proteobacteria,Alphaproteobacteria,Rhizobiales,Beijerinckiaceae,Bosea,Unassigned
28e260728976404c3e3e1ef2357c68a6,Bacteria,Cyanobacteria,Cyanobacteriia,Chloroplast,Chloroplast,Chloroplast,Unassigned
08d1c28279e536f229cff5835e8225c3,Bacteria,Proteobacteria,Alphaproteobacteria,Rhizobiales,Beijerinckiaceae,Bosea,Unassigned
bdc8e842f2a1a5c169b8436bc1da77c2,Bacteria,Proteobacteria,Alphaproteobacteria,Rhizobiales,Rhizobiaceae,Unassigned,Unassigned
2bf713da9c3cc1772ff08492a57b6a76,Bacteria,Proteobacteria,Alphaproteobacteria,Sphingomonadales,Sphingomonadaceae,Blastomonas,Unassigned
4bed850a55c4e043f45d77d2218fdeba,Bacteria,Proteobacteria,Gammaproteobacteria,Burkholderiales,Comamonadaceae,Unassigned,Unassigned
e4fb0081d4b0d27e8f5f9c663cb660d5,Bacteria,Bacteroidota,Bacteroidia,Bacteroidales,Porphyromonadaceae,Porphyromonas,uncultured_microorganism
1f4d0d69a4e901b52f5023994a9902a2,Bacteria,Firmicutes,Clostridia,Clostridiales,Clostridiaceae,Clostridium_sensu_stricto_1,Unassigned
b0ccddbf36a182c5b418685e6afe3051,Bacteria,Proteobacteria,Alphaproteobacteria,Rhizobiales,Beijerinckiaceae,Unassigned,Unassigned
1c7e9002370159ece05a49f8522bfe63,Bacteria,Firmicutes,Clostridia,Oscillospirales,Ruminococcaceae,uncultured,Unassigned
03d99202c35f639f42385a6cf3a99c33,Bacteria,Actinobacteriota,Actinobacteria,Propionibacteriales,Nocardioidaceae,Marmoricola,Unassigned
6343cee7755950d12ba32da066caccbe,Bacteria,Proteobacteria,Gammaproteobacteria,Pseudomonadales,Pseudomonadaceae,Pseudomonas,Unassigned
ce39dc544711b1a06a0eaeb76dacfa4b,Bacteria,Cyanobacteria,Cyanobacteriia,Cyanobacteriales,Chroococcidiopsaceae,Aliterella,uncultured_bacterium
4ba8a06f0b1029eed489c982b08ddc31,Bacteria,Verrucomicrobiota,Chlamydiae,Chlamydiales,Parachlamydiaceae,Candidatus_Protochlamydia,metagenome
3a8ecf37b07a090ff2fa1a6f34fdb13b,Bacteria,Patescibacteria,Saccharimonadia,Saccharimonadales,Saccharimonadales,Saccharimonadales,Unassigned
ff455197e5f668acf0c4aaee9bd0812f,Bacteria,Proteobacteria,Alphaproteobacteria,Rhizobiales,Xanthobacteraceae,uncultured,Unassigned
6cb87b9319bdbc4a22f4b297518fb8c7,Bacteria,Proteobacteria,Alphaproteobacteria,Rhizobiales,Beijerinckiaceae,Unassigned,Unassigned
136eaeeef8dec365ca83aa807caa8ba2,Bacteria,Actinobacteriota,Actinobacteria,Micrococcales,Unassigned,Unassigned,Unassigned
d4444d120e1b27209119786336a7a19a,Bacteria,Verrucomicrobiota,Chlamydiae,Chlamydiales,Parachlamydiaceae,Neochlamydia,metagenome
6c3f0eff7c82c6adaaf22865ac5dfd5f,Bacteria,Planctomycetota,Planctomycetes,Isosphaerales,Isosphaeraceae,Singulisphaera,uncultured_bacterium
80dae8adc40ae641864b3bb942bced1c,Bacteria,Proteobacteria,Alphaproteobacteria,Rhizobiales,Rhizobiaceae,Allorhizobium-Neorhizobium-Pararhizobium-Rhizobium,Unassigned
7db405e0e4d8d42087e2b350b54f77b9,Bacteria,Verrucomicrobiota,Verrucomicrobiae,Chthoniobacterales,Chthoniobacteraceae,LD29,uncultured_bacterium
aa73d2c485650f5c8e5ba227daccb6f1,Bacteria,Proteobacteria,Alphaproteobacteria,Rickettsiales,Mitochondria,Mitochondria,Botryosphaeria_dothidea
6b35579c7aad23f3f123bf45a9226f46,Bacteria,Actinobacteriota,Actinobacteria,Corynebacteriales,Nocardiaceae,Rhodococcus,Rhodococcus_aerolatus
77366fb2dff2838c0ffcb6027f59ca28,Bacteria,Actinobacteriota,Thermoleophilia,Solirubrobacterales,67-14,67-14,metagenome
3562640ada0adaad1c372b447ed4bf1c,Bacteria,Verrucomicrobiota,Chlamydiae,Chlamydiales,Parachlamydiaceae,Neochlamydia,metagenome
1cb521cabd00144bce177de152c63f1b,Bacteria,Proteobacteria,Alphaproteobacteria,Rickettsiales,Mitochondria,Mitochondria,Unassigned
2f7e00c9cdca7d31508861a2ad306fce,Bacteria,Actinobacteriota,Actinobacteria,Propionibacteriales,Nocardioidaceae,Nocardioides,Unassigned
3ed68a87cea914062ceb9c4cba2aa703,Bacteria,Planctomycetota,Planctomycetes,Isosphaerales,Isosphaeraceae,Tundrisphaera,uncultured_planctomycete
99b70603a16d25437176d3ff5d7132cd,Bacteria,Actinobacteriota,Actinobacteria,Propionibacteriales,Nocardioidaceae,Nocardioides,Unassigned
039d855e68d9ca86473324222a2d01b6,Bacteria,Planctomycetota,Planctomycetes,Pirellulales,Pirellulaceae,Pirellula,uncultured_bacterium
1daac6c1ff41d06cdf8e689daaa5611d,Bacteria,Proteobacteria,Gammaproteobacteria,Alteromonadales,Alteromonadaceae,Unassigned,Unassigned
d21e29960a3d9e1914a278a67fbc8965,Bacteria,Deinococcota,Deinococci,Deinococcales,Trueperaceae,Truepera,Unassigned
3481a83653da4e642e7c746cb4b72129,Bacteria,Unassigned,Unassigned,Unassigned,Unassigned,Unassigned,Unassigned
e5f68a2a770c0f84620ca39acce8d0b7,Bacteria,Acidobacteriota,Acidobacteriae,Acidobacteriae,Acidobacteriae,Paludibaculum,uncultured_bacterium
5c6fcd86e50a69c8e2d9a5db3bcfd4e9,Bacteria,Proteobacteria,Alphaproteobacteria,Rhizobiales,D05-2,D05-2,uncultured_bacterium
052ed87a5bce8789c20b59effda065d6,Bacteria,Firmicutes,Clostridia,Peptostreptococcales-Tissierellales,Peptostreptococcales-Tissierellales,Fenollaria,uncultured_bacterium
0c68813b95e36814e46beb9322a3c894,Bacteria,Planctomycetota,Planctomycetes,Gemmatales,Gemmataceae,Fimbriiglobus,uncultured_bacterium
edba0be0bcedd92e7c0de6969d8f4a7e,Bacteria,Cyanobacteria,Cyanobacteriia,Chloroplast,Chloroplast,Chloroplast,Unassigned
ff76be0590c4f6c35ab16e76515d368a,Bacteria,Proteobacteria,Alphaproteobacteria,Sphingomonadales,Sphingomonadaceae,Unassigned,Unassigned
d15e3e7f7bf8ac658274581c35f412bf,Bacteria,Proteobacteria,Alphaproteobacteria,Rickettsiales,Mitochondria,Mitochondria,Berkeleya_fennica
c646916621c8f9ccb436f8712c1a6bb1,Bacteria,Bacteroidota,Bacteroidia,Bacteroidales,Prevotellaceae,Prevotella,Prevotella_bivia
3069bef2d988278b22adf3dc9ba62d9b,Bacteria,Proteobacteria,Alphaproteobacteria,Rickettsiales,Mitochondria,Mitochondria,Rhynchosporium_secalis
f5f5e0da89730462abaf6301a9557193,Bacteria,Firmicutes,Clostridia,Oscillospirales,Ruminococcaceae,Faecalibacterium,Unassigned
3b272d85878fcb37ea4e78bc70704744,Bacteria,Actinobacteriota,Actinobacteria,Micrococcales,Microbacteriaceae,Candidatus_Aquiluna,uncultured_bacterium
b14b992e461a6b76b389af54a7a2ea6f,Bacteria,Proteobacteria,Alphaproteobacteria,Rhizobiales,Beijerinckiaceae,Bosea,Unassigned
8b63e6d7c528f9aceda3e9b0aea5147f,Bacteria,Actinobacteriota,Actinobacteria,Frankiales,Frankiaceae,Frankia,Unassigned
1b805da02fbaeaa664300132c3365473,Bacteria,Proteobacteria,Alphaproteobacteria,Rhizobiales,Beijerinckiaceae,Bosea,Unassigned
6d7f932303cb8ce3b13ec6d15b25682e,Bacteria,Firmicutes,Negativicutes,Veillonellales-Selenomonadales,Veillonellaceae,Megasphaera,Unassigned
e56598fca7243dd28abc653fd13244c3,Bacteria,Verrucomicrobiota,Verrucomicrobiae,Chthoniobacterales,Chthoniobacteraceae,LD29,uncultured_bacterium
29d15c7d3cff5b1ef8580ca0f9e273e7,Bacteria,Actinobacteriota,Acidimicrobiia,Microtrichales,uncultured,uncultured,metagenome
10ea68ed1a4ecea7c88abdf85f5851e1,Bacteria,Planctomycetota,Planctomycetes,Isosphaerales,Isosphaeraceae,Unassigned,Unassigned
1e93fee4fd9dcd202c2fdbd510d981e0,Unassigned,Unassigned,Unassigned,Unassigned,Unassigned,Unassigned,Unassigned
363f39dae2d03c38b70057c1de0dfe93,Bacteria,Proteobacteria,Alphaproteobacteria,Rickettsiales,Mitochondria,Mitochondria,Lecanora_strobilina
1b3e93fcd4628a1380a4b66c86202ed0,Bacteria,Firmicutes,Bacilli,Paenibacillales,Paenibacillaceae,Paenibacillus,Unassigned
c4def24d4e9cea12f3f0a8a0ca43afda,Bacteria,Actinobacteriota,Acidimicrobiia,IMCC26256,IMCC26256,IMCC26256,Unassigned
e17bc76ea2ea0e1851ac0a7507ddbd91,Bacteria,Actinobacteriota,Acidimicrobiia,Microtrichales,uncultured,uncultured,Unassigned
376ebaffed4d23fa56ec59318cdf0360,Bacteria,Verrucomicrobiota,Chlamydiae,Chlamydiales,Parachlamydiaceae,Candidatus_Protochlamydia,metagenome
268f18e553cd4d30179bd325c0169994,Bacteria,Proteobacteria,Alphaproteobacteria,Rickettsiales,Mitochondria,Mitochondria,Rhynchosporium_secalis
f52e447f6f0407c39e9211e6eb95916d,Bacteria,Proteobacteria,Alphaproteobacteria,Rhizobiales,Devosiaceae,Devosia,Unassigned
8c890e3b06c8a5fac88146f9c8e04142,Bacteria,Patescibacteria,Saccharimonadia,Saccharimonadales,Saccharimonadales,Saccharimonadales,Unassigned
c95e9f3ecc3585260dbf369b685f6407,Bacteria,Bacteroidota,Bacteroidia,Flavobacteriales,Weeksellaceae,Chryseobacterium,Unassigned
a745fa8adcf729a3b4c9ec10a977199c,Bacteria,Proteobacteria,Alphaproteobacteria,Rhizobiales,Beijerinckiaceae,Methylobacterium-Methylorubrum,Unassigned
ffeba3008e76d9e5b6a41255f3f95f9a,Bacteria,Firmicutes,Bacilli,RsaHf231,RsaHf231,RsaHf231,uncultured_bacterium
11ec7f4a66a83a72cbdb94da9604c810,Archaea,Halobacterota,Halobacteria,Halobacterales,Halomicrobiaceae,Haloarcula,Unassigned
7dfc391efc02422c468427312c4200c8,Bacteria,Proteobacteria,Alphaproteobacteria,Rhizobiales,Beijerinckiaceae,Bosea,Unassigned
d46ddcb693142cc6030ee2ef77875411,Bacteria,Firmicutes,Bacilli,Lactobacillales,Unassigned,Unassigned,Unassigned
be46d71ad89636fb83b48c960a5c05ee,Bacteria,Proteobacteria,Alphaproteobacteria,Sphingomonadales,Sphingomonadaceae,Rhizorhapis,Unassigned
6ebe42f6405926241894439a87e98fca,Bacteria,Bacteroidota,Bacteroidia,Flavobacteriales,Flavobacteriaceae,Flavobacterium,Unassigned
f53abbfa92f3d0303d179465b85e733d,Bacteria,Actinobacteriota,Acidimicrobiia,Microtrichales,uncultured,uncultured,metagenome
6ed79bb75e8c01b49338cdb05e758428,Bacteria,Cyanobacteria,Cyanobacteriia,Chloroplast,Chloroplast,Chloroplast,Unassigned
45c3089fd2827734dd583762c2be5c9f,Bacteria,Proteobacteria,Gammaproteobacteria,Unassigned,Unassigned,Unassigned,Unassigned
340c28814a0cfa14123456a9325ad55f,Bacteria,Proteobacteria,Alphaproteobacteria,Rhizobiales,Devosiaceae,Devosia,Unassigned
8ec3ecc683210eb3d0135dc514fd92c3,Bacteria,Proteobacteria,Alphaproteobacteria,Rickettsiales,Mitochondria,Mitochondria,Unassigned
6e90f25a0a724691bf55fb9f1b7bb732,Bacteria,Unassigned,Unassigned,Unassigned,Unassigned,Unassigned,Unassigned
b940c8281573cee5ee7fe3e78c2d4a4b,Bacteria,Proteobacteria,Gammaproteobacteria,Pseudomonadales,Pseudomonadaceae,Pseudomonas,Unassigned
ac9e1b4b3703204c5548c3a3ab5ae146,Bacteria,Firmicutes,Clostridia,Peptostreptococcales-Tissierellales,Peptostreptococcales-Tissierellales,Tissierella,Unassigned
46f6b3857c8b5d76b2531b748005417d,Bacteria,Proteobacteria,Gammaproteobacteria,Pseudomonadales,Moraxellaceae,Acinetobacter,Unassigned
64aacd472cdb3eb540103505a65421cd,Bacteria,Proteobacteria,Alphaproteobacteria,Sphingomonadales,Sphingomonadaceae,Unassigned,Unassigned
45a1824d542c54216ccbc9feac093576,Bacteria,Actinobacteriota,Thermoleophilia,Solirubrobacterales,Solirubrobacteraceae,Unassigned,Unassigned
e1148e830f71e394e16390bafacfa599,Bacteria,Actinobacteriota,Acidimicrobiia,Microtrichales,Iamiaceae,Iamia,Unassigned
f8781017f75665a70763381b1a79f0a0,Bacteria,Actinobacteriota,Actinobacteria,Pseudonocardiales,Pseudonocardiaceae,Pseudonocardia,Unassigned
6486b558c07bcbe9cbe2684e0582375b,Bacteria,Firmicutes,Bacilli,Lactobacillales,Enterococcaceae,Enterococcus,Unassigned
fffe4b14eb1d37084d271a953b00ceba,Bacteria,Verrucomicrobiota,Verrucomicrobiae,Verrucomicrobiales,Rubritaleaceae,Luteolibacter,Unassigned
fdaae36b85e0a3ad0e9eac265fa8f036,Bacteria,Actinobacteriota,Thermoleophilia,Solirubrobacterales,67-14,67-14,uncultured_organism
65b3a61e5e6a3c8324ee4c3bf92c0056,Bacteria,Chloroflexi,Ktedonobacteria,Ktedonobacterales,Ktedonobacteraceae,uncultured,uncultured_Ktedobacteria
c850d9235e432d39809437e30212eb67,Bacteria,Proteobacteria,Alphaproteobacteria,Rhizobiales,Devosiaceae,Devosia,Unassigned
5ad655908c62015e8e734d1e1663ab94,Bacteria,Proteobacteria,Alphaproteobacteria,Rhizobiales,Beijerinckiaceae,Methylobacterium-Methylorubrum,Unassigned
fdbf71067b1009bbc6d40d20e3f8b94a,Archaea,Halobacterota,Halobacteria,Halobacterales,Haloferacaceae,Haloplanus,Unassigned
3a80dcf1459a3bc05141af81c44effca,Bacteria,Deinococcota,Deinococci,Deinococcales,Deinococcaceae,Deinococcus,Unassigned
d6a7a8873dbe4021d7302b0c6cf134a3,Bacteria,Actinobacteriota,Actinobacteria,Propionibacteriales,Nocardioidaceae,Nocardioides,Unassigned
8f896f705dd2083c8c4844e63e75499a,Bacteria,Proteobacteria,Alphaproteobacteria,Rhizobiales,Beijerinckiaceae,Psychroglaciecola,metagenome
fb50a2fcb59a14ba7a5a85f6a2602619,Bacteria,Desulfobacterota,Desulfomonilia,Desulfomonilales,Desulfomonilaceae,Desulfomonile,uncultured_bacterium
970dd45e40cf8b847e2575fc1cb5a3eb,Bacteria,Firmicutes,Bacilli,Lactobacillales,Leuconostocaceae,Weissella,Unassigned
30682b08cc34fb3d14b64b4caaf5a5f9,Bacteria,Proteobacteria,Alphaproteobacteria,Azospirillales,Azospirillaceae,Niveispirillum,uncultured_Rhodocista
23afcf6a426f54c40733bc86fb83ca75,Bacteria,Proteobacteria,Alphaproteobacteria,Rickettsiales,Mitochondria,Mitochondria,Unassigned
5421726a9d7525cdfa4c4e7e4cca045e,Bacteria,Bacteroidota,Bacteroidia,Bacteroidales,Dysgonomonadaceae,Dysgonomonas,uncultured_bacterium
c2403581ad4feacaf55787d3fa4dacd8,Bacteria,Firmicutes,Clostridia,Unassigned,Unassigned,Unassigned,Unassigned
4f4a505e0950986f69eabd885c0d0ba5,Bacteria,Planctomycetota,Planctomycetes,Isosphaerales,Isosphaeraceae,Tundrisphaera,uncultured_Singulisphaera
e76ea9b6dffe8673aba77483be4088ba,Bacteria,Firmicutes,Bacilli,Lactobacillales,Streptococcaceae,Lactococcus,Unassigned
fcfd4643319b9151cea9e2a81d55b2e1,Bacteria,Firmicutes,Bacilli,Lactobacillales,Unassigned,Unassigned,Unassigned
fa37f3dd6ccd3b1a8291714e694aff8a,Bacteria,Firmicutes,Bacilli,RsaHf231,RsaHf231,RsaHf231,uncultured_bacterium
d4968b27a23cf86c3ae69486645467f6,Bacteria,Firmicutes,Clostridia,Clostridiales,Clostridiaceae,Clostridium_sensu_stricto_1,Unassigned
507082b961057b2c165c2591466718d1,Bacteria,Firmicutes,Bacilli,Lactobacillales,Streptococcaceae,Lactococcus,Unassigned
2b0b4a4c80a560482ac7fc5db2f10a4d,Bacteria,Cyanobacteria,Cyanobacteriia,Chloroplast,Chloroplast,Chloroplast,Unassigned
36b07d0c19eb010035aeee0064645514,Bacteria,Proteobacteria,Alphaproteobacteria,Rhizobiales,Devosiaceae,Devosia,Devosia_limi
1b0089cac97d85a7b430045b954108b6,Bacteria,Proteobacteria,Alphaproteobacteria,Rhizobiales,Beijerinckiaceae,Bosea,Unassigned
3a9f9b6cab83a3a08ff850afca1d3b59,Bacteria,Actinobacteriota,Thermoleophilia,Solirubrobacterales,Solirubrobacteraceae,Conexibacter,Unassigned
ad85f617347ce13c5d2ebfe932270a40,Bacteria,Proteobacteria,Alphaproteobacteria,Rickettsiales,Mitochondria,Mitochondria,Unassigned
f71feab924144d97f906737143a53fa7,Bacteria,Actinobacteriota,Actinobacteria,Micrococcales,Intrasporangiaceae,Aquipuribacter,uncultured_bacterium
f6907f697361593491030f7dc8a198aa,Bacteria,Proteobacteria,Gammaproteobacteria,Oceanospirillales,Saccharospirillaceae,Oleispira,uncultured_bacterium
98438791f4b3956adea2bd24545b80e3,Bacteria,Acidobacteriota,Acidobacteriae,Bryobacterales,Bryobacteraceae,Bryobacter,Unassigned
af8d8f13007b5899d3149c9a2c7bfb27,Bacteria,Unassigned,Unassigned,Unassigned,Unassigned,Unassigned,Unassigned
7e954d4d9048ddf35473b903a71a5b03,Bacteria,Proteobacteria,Alphaproteobacteria,Rickettsiales,Mitochondria,Mitochondria,Unassigned
6811ce400ff7a27ea3c4f602c3686aa3,Bacteria,Proteobacteria,Alphaproteobacteria,Sphingomonadales,Sphingomonadaceae,Sphingopyxis,Unassigned
93e77b929d0700c6158fa3ee5d36d39e,Bacteria,Proteobacteria,Alphaproteobacteria,Sphingomonadales,Sphingomonadaceae,Porphyrobacter,Unassigned
14e12d95189c2ba1f0bd887fce05e3fe,Bacteria,Proteobacteria,Alphaproteobacteria,Rhizobiales,Hyphomicrobiaceae,Hyphomicrobium,Unassigned
73e69f4b32764d884c4fd89f7518b283,Bacteria,Proteobacteria,Alphaproteobacteria,Rhizobiales,Beijerinckiaceae,Bosea,Unassigned
cf97d52e06ac8ab9e9911ad0c9c9bf2f,Bacteria,Proteobacteria,Alphaproteobacteria,Rhizobiales,Beijerinckiaceae,Bosea,Unassigned
746d3273b2b7f23ca5a21f48c4211f15,Bacteria,Verrucomicrobiota,Chlamydiae,Chlamydiales,Parachlamydiaceae,Unassigned,Unassigned
131eb73fcc833e1c7a5b918ac9e1e73e,Bacteria,Proteobacteria,Alphaproteobacteria,Acetobacterales,Acetobacteraceae,Acidiphilium,uncultured_bacterium
f9d2e925f4a4157e0246a9e25c4600cc,Bacteria,Firmicutes,Bacilli,Lactobacillales,Streptococcaceae,Lactococcus,Unassigned
7a492a88d096c3d08bf29a6c930c447e,Bacteria,Proteobacteria,Alphaproteobacteria,Rhizobiales,Devosiaceae,Devosia,Devosia_limi
d89bf32bbc317eb44585e62713d368f7,Bacteria,Firmicutes,Unassigned,Unassigned,Unassigned,Unassigned,Unassigned
a0db822c58e4e92cdc9585c702d9f66c,Bacteria,Firmicutes,Clostridia,Clostridia,Hungateiclostridiaceae,Unassigned,Unassigned
58193618872981d4ca8be60c6f667b37,Bacteria,Cyanobacteria,Cyanobacteriia,Chloroplast,Chloroplast,Chloroplast,Tetradesmus_obliquus
4c27295d3e3d702dd9f57cc2885805a3,Bacteria,Proteobacteria,Gammaproteobacteria,Cardiobacteriales,Cardiobacteriales,Cardiobacteriales,uncultured_bacterium
a7e0ecc3f2c42ff570af957f564dbf1f,Bacteria,Proteobacteria,Alphaproteobacteria,Rhizobiales,Devosiaceae,Devosia,Unassigned
5cfa5b970581bee6f6fd1210ea45d49f,Bacteria,Proteobacteria,Alphaproteobacteria,Rickettsiales,Mitochondria,Mitochondria,Unassigned
5fbe2fe81e872dc4404522818c4ae0f2,Bacteria,Proteobacteria,Alphaproteobacteria,Rhizobiales,Beijerinckiaceae,Bosea,Unassigned
d71be9accd7f1cea9a8fcba1777f96c1,Bacteria,Unassigned,Unassigned,Unassigned,Unassigned,Unassigned,Unassigned
c6ad9637214d6c055cc1b8b43484f92d,Bacteria,Firmicutes,Clostridia,Eubacteriales,Eubacteriaceae,Acetobacterium,Unassigned
590573f54353a7f08e8b3afbba374381,Bacteria,Verrucomicrobiota,Chlamydiae,Chlamydiales,Parachlamydiaceae,Neochlamydia,metagenome
3371512da0b0f3735de9b9b763787564,Bacteria,Patescibacteria,Saccharimonadia,Saccharimonadales,Saccharimonadaceae,TM7a,uncultured_bacterium
6ab2ef46b059da3be8be080343a11e01,Bacteria,Proteobacteria,Gammaproteobacteria,Gammaproteobacteria_Incertae_Sedis,Unknown_Family,Candidatus_Ovatusbacter,uncultured_proteobacterium
aaf4900fed3c8d9fa4eceaf35d9c107c,Bacteria,Planctomycetota,Planctomycetes,Gemmatales,Gemmataceae,uncultured,uncultured_bacterium
d018c048ce6013350db115029e968140,Bacteria,Proteobacteria,Alphaproteobacteria,Rhizobiales,Beijerinckiaceae,Bosea,Unassigned
162accd0f82b05345fa43019bb8cee4c,Bacteria,Cyanobacteria,Cyanobacteriia,Unassigned,Unassigned,Unassigned,Unassigned
bfd80fd59485914377003ab74ee39328,Bacteria,Verrucomicrobiota,Chlamydiae,Chlamydiales,Parachlamydiaceae,Unassigned,Unassigned
4432d90f71e781f43f3f01fad0cd70ff,Bacteria,Proteobacteria,Alphaproteobacteria,Unassigned,Unassigned,Unassigned,Unassigned
2f883049d782cf1d5466c7cc65c27d50,Bacteria,Planctomycetota,Planctomycetes,Planctomycetales,uncultured,uncultured,uncultured_planctomycete
383650e66d8a9c115f81f57767b09456,Bacteria,Firmicutes,Bacilli,Lactobacillales,Streptococcaceae,Lactococcus,Unassigned
ffd660f96ba6668b2d8d86fc4e150862,Bacteria,Bacteroidota,Bacteroidia,Sphingobacteriales,env.OPS_17,env.OPS_17,Unassigned
4e47187d6d9c48380b9785769534510d,Bacteria,Bacteroidota,Bacteroidia,Chitinophagales,Chitinophagaceae,Taibaiella,Taibaiella_sp.
06d9de03961bf55f41a4837d20793586,Bacteria,Planctomycetota,Planctomycetes,Gemmatales,Gemmataceae,uncultured,uncultured_bacterium
c174b951587f1d65ac01e24532798437,Bacteria,Proteobacteria,Gammaproteobacteria,Burkholderiales,Comamonadaceae,Unassigned,Unassigned
418f7ab2e69d798a580fee942c50154b,Bacteria,Proteobacteria,Gammaproteobacteria,Pseudomonadales,Pseudomonadaceae,Pseudomonas,Unassigned
21223812351715568949fa7b7c49c65b,Bacteria,Firmicutes,Clostridia,Clostridiales,Clostridiaceae,Clostridium_sensu_stricto_1,Unassigned
c8b9a2dc989dca04be6c941656f63024,Bacteria,Firmicutes,Bacilli,Lactobacillales,Streptococcaceae,Lactococcus,Unassigned
27ded52997dd699926554fc0fc1cec7e,Bacteria,Proteobacteria,Alphaproteobacteria,Rhizobiales,Rhizobiaceae,Allorhizobium-Neorhizobium-Pararhizobium-Rhizobium,Unassigned
13bdcb9827441593dbec884d17d24619,Bacteria,Proteobacteria,Alphaproteobacteria,Rhizobiales,Rhizobiaceae,Mesorhizobium,Unassigned
6f1e532a5b20b271a256888af58cbb41,Bacteria,Proteobacteria,Alphaproteobacteria,Rhizobiales,Xanthobacteraceae,uncultured,Unassigned
72b66a7c3d9f36d7b538b8596eedaa8b,Bacteria,Verrucomicrobiota,Chlamydiae,Chlamydiales,Parachlamydiaceae,Candidatus_Protochlamydia,Unassigned
943fb94e6dc5ca6c1c5a7958a15de7bf,Bacteria,Proteobacteria,Alphaproteobacteria,Rhizobiales,Beijerinckiaceae,Bosea,Unassigned
acecf5e54529939ba68f8b97bbf743d7,Bacteria,Proteobacteria,Gammaproteobacteria,Xanthomonadales,Xanthomonadaceae,Stenotrophomonas,Unassigned
a58163439e3b9b09f200017e3e479b18,Bacteria,Proteobacteria,Gammaproteobacteria,Burkholderiales,Oxalobacteraceae,Janthinobacterium,Unassigned
9531bdf8e112419f17a79f9f09e96682,Bacteria,Proteobacteria,Alphaproteobacteria,Rhizobiales,Methyloligellaceae,uncultured,Unassigned
07eb166d091e1aebe641105881f4f2d3,Bacteria,Proteobacteria,Gammaproteobacteria,Burkholderiales,Rhodocyclaceae,Zoogloea,Unassigned
b3a2d951fe1889f36ec2e6235a47edbb,Bacteria,Proteobacteria,Gammaproteobacteria,Burkholderiales,Oxalobacteraceae,Unassigned,Unassigned
33613f39f2c24d35dc1e1fbaeab2ca71,Bacteria,Proteobacteria,Gammaproteobacteria,Legionellales,Legionellaceae,Legionella,uncultured_bacterium
f2dce5254c62372db52299db760a2390,Bacteria,Firmicutes,Clostridia,Clostridiales,Caloramatoraceae,Fonticella,uncultured_bacterium
fe8f1a625aa64ec983ab853359f8bf9a,Bacteria,Cyanobacteria,Cyanobacteriia,Chloroplast,Chloroplast,Chloroplast,Unassigned
dc833156df5cf571bb4d9ffca16a6fd9,Bacteria,Actinobacteriota,Actinobacteria,Corynebacteriales,Mycobacteriaceae,Mycobacterium,Unassigned
18d20cb3fb4a0b954849feec3efc2142,Bacteria,Proteobacteria,Gammaproteobacteria,Burkholderiales,Oxalobacteraceae,Massilia,Unassigned
74942e498b04e3dc6e761534c93398b6,Bacteria,Proteobacteria,Gammaproteobacteria,Burkholderiales,Oxalobacteraceae,Unassigned,Unassigned
2d9a9d6012e671d8135cb2df734d9edd,Bacteria,Gemmatimonadota,Gemmatimonadetes,Gemmatimonadales,Gemmatimonadaceae,Gemmatimonas,uncultured_bacterium
a3f60dfa680dd68ae623b59cd4102876,Bacteria,Firmicutes,Bacilli,Paenibacillales,Paenibacillaceae,Paenibacillus,Unassigned
5278d98fa2e869865658f44e222f3d87,Bacteria,Proteobacteria,Gammaproteobacteria,Burkholderiales,Comamonadaceae,Unassigned,Unassigned
a02dd53c3c55993beb80550c5b92ad4e,Bacteria,Verrucomicrobiota,Chlamydiae,Chlamydiales,Parachlamydiaceae,Unassigned,Unassigned
3f1c9a432be82902bc3d4ea28a1f18c2,Bacteria,Firmicutes,Bacilli,Lactobacillales,Streptococcaceae,Lactococcus,Unassigned
531f962e4c40c631c6ac8228a2af04c4,Bacteria,Planctomycetota,Planctomycetes,Planctomycetales,Schlesneriaceae,Schlesneria,uncultured_bacterium
a4cabcf4fb8c79db4ebb1158b42f1d3d,Bacteria,Myxococcota,Polyangia,Nannocystales,Nannocystaceae,Nannocystis,Nannocystis_exedens
31527e13913d663303493337e8c9bc80,Bacteria,Firmicutes,Clostridia,Clostridiales,Clostridiaceae,Clostridium_sensu_stricto_1,Unassigned
3b46db5d5041b0f6dedc2b7dc4d091fd,Archaea,Halobacterota,Halobacteria,Halobacterales,Halomicrobiaceae,Natronomonas,Natronomonas_sp.
cadec562c3a8c1ebf93cf4774ff71adb,Bacteria,Actinobacteriota,Acidimicrobiia,Microtrichales,Ilumatobacteraceae,CL500-29_marine_group,metagenome
cc02d8e02665dcb672be926e61f5d0ec,Bacteria,Actinobacteriota,Actinobacteria,Corynebacteriales,Corynebacteriaceae,Corynebacterium,Unassigned
2a3b19b57c1faa6a3c20ae1502316df3,Bacteria,Firmicutes,Bacilli,Lactobacillales,Unassigned,Unassigned,Unassigned
d619ecfb9a3c486817c9d2ad54708066,Bacteria,Actinobacteriota,Acidimicrobiia,IMCC26256,IMCC26256,IMCC26256,Unassigned
05296636b068896949e0cc84b758459f,Bacteria,Cyanobacteria,Cyanobacteriia,Chloroplast,Chloroplast,Chloroplast,Unassigned
a9c8079a2325a48fd39ae3f352ff8113,Bacteria,Actinobacteriota,Thermoleophilia,Solirubrobacterales,Solirubrobacteraceae,Solirubrobacter,uncultured_bacterium
ccbed7d38f14d59deccc9b37050112d2,Bacteria,Cyanobacteria,Cyanobacteriia,Chloroplast,Chloroplast,Chloroplast,Tetradesmus_obliquus
b601523842ad72a6325c507bedce9caf,Bacteria,Proteobacteria,Alphaproteobacteria,Rhizobiales,Devosiaceae,Devosia,Devosia_limi
318710af3856c3b1355493c81da13aea,Bacteria,Unassigned,Unassigned,Unassigned,Unassigned,Unassigned,Unassigned
94bc29be5112bafa65eb295541e09240,Bacteria,Planctomycetota,Planctomycetes,Pirellulales,Pirellulaceae,uncultured,metagenome
f6a55b39250a608bde9cc6b860e05480,Bacteria,Proteobacteria,Alphaproteobacteria,SAR11_clade,Clade_I,Clade_Ia,Unassigned
d27e818ff018bb06cd446f61aac03fc9,Bacteria,Proteobacteria,Gammaproteobacteria,Oceanospirillales,Nitrincolaceae,Corallomonas,Unassigned
b407c0316dbd17ba50708ee7a6bb48e6,Bacteria,Firmicutes,Clostridia,Peptostreptococcales-Tissierellales,Peptostreptococcales-Tissierellales,Peptoniphilus,Peptoniphilus_lacrimalis
d2b63d8c28dd2e1b75d5466253d6ba46,Bacteria,Planctomycetota,Planctomycetes,Gemmatales,Gemmataceae,Fimbriiglobus,metagenome
b7953e20c7beb14ad73ce86cc46077f4,Bacteria,Cyanobacteria,Cyanobacteriia,Chloroplast,Chloroplast,Chloroplast,uncultured_Chlorophyta
c37a8d1bf5cb60bd18f8945a2edb4b77,Bacteria,Proteobacteria,Gammaproteobacteria,Diplorickettsiales,Diplorickettsiaceae,uncultured,uncultured_bacterium
6c9a218fd5af930d43b86b9000f71033,Bacteria,Proteobacteria,Gammaproteobacteria,Legionellales,Legionellaceae,Legionella,Unassigned
374cc53f7e76381c5d37c80a30372f97,Bacteria,Unassigned,Unassigned,Unassigned,Unassigned,Unassigned,Unassigned
8231dbf8501ccfe3e410e2ba7be7cbf5,Bacteria,Proteobacteria,Alphaproteobacteria,Rhizobiales,Devosiaceae,Devosia,Devosia_limi
98e2eb5edaf118aa6f5a8f82625edbc1,Bacteria,Planctomycetota,Planctomycetes,Gemmatales,Gemmataceae,Gemmata,Unassigned
7a071ace42dc010fff8a9e08157287e0,Bacteria,Bacteroidota,Bacteroidia,Sphingobacteriales,Sphingobacteriaceae,Pedobacter,Unassigned
b73c403d185f82ca96847914257f1893,Bacteria,Proteobacteria,Alphaproteobacteria,Sphingomonadales,Sphingomonadaceae,Sphingomonas,Unassigned
fc7eac1f81889ad6f7b715c61abc0811,Bacteria,Proteobacteria,Alphaproteobacteria,Caulobacterales,Caulobacteraceae,Caulobacter,Unassigned
fe8bb4b42099f2e5bc94e8872cbbf7ea,Bacteria,Firmicutes,Clostridia,Clostridiales,Clostridiaceae,Clostridium_sensu_stricto_1,Unassigned
f481f716689eeab405d15e68593f680a,Bacteria,Actinobacteriota,Thermoleophilia,Solirubrobacterales,67-14,67-14,Unassigned
f926fdc794e7bb7bc713552427da9f80,Bacteria,Proteobacteria,Alphaproteobacteria,Rickettsiales,Mitochondria,Mitochondria,Unassigned
c41e38ec0abb37da79acd32fd3cd7c66,Bacteria,Actinobacteriota,Actinobacteria,Corynebacteriales,Corynebacteriaceae,Turicella,uncultured_bacterium
60d451d2390c6eb245d6a9e065e7d44a,Bacteria,Verrucomicrobiota,Verrucomicrobiae,Verrucomicrobiales,Rubritaleaceae,Luteolibacter,Unassigned
c0ac0652c4d58af0db9dd0c77b7ec18b,Bacteria,Proteobacteria,Alphaproteobacteria,Rhizobiales,Beijerinckiaceae,Bosea,Unassigned
7ff491e84b2d720b1f408b1cce3a7427,Bacteria,Proteobacteria,Alphaproteobacteria,Rickettsiales,Mitochondria,Mitochondria,Unassigned
0f2aa1d667dacf6ff32432a3763f6680,Bacteria,Proteobacteria,Alphaproteobacteria,Rickettsiales,Mitochondria,Mitochondria,Silene_dioica
fea33cda3f5cc46710b335992a78da80,Bacteria,Proteobacteria,Alphaproteobacteria,Rhizobiales,Beijerinckiaceae,1174-901-12,uncultured_bacterium
4327e4c53ee0f7cbca0c90ea2add5858,Bacteria,Firmicutes,Bacilli,Lactobacillales,Enterococcaceae,Enterococcus,Unassigned
595df17c326f43bb6e1981a9c6628ee7,Bacteria,Unassigned,Unassigned,Unassigned,Unassigned,Unassigned,Unassigned
343b81adb9bf3f23a72a9f9751136dfa,Bacteria,Proteobacteria,Gammaproteobacteria,Xanthomonadales,Xanthomonadaceae,Stenotrophomonas,Stenotrophomonas_nitritireducens
909ce7862435b077fe2fb9d5a125c76b,Bacteria,Verrucomicrobiota,Verrucomicrobiae,Chthoniobacterales,Chthoniobacteraceae,LD29,uncultured_bacterium
8e3ae45392a3842eaf026792668cefb2,Bacteria,Proteobacteria,Alphaproteobacteria,Rhizobiales,Beijerinckiaceae,Methylobacterium-Methylorubrum,uncultured_Methylobacterium
566351582916b7781c3dffd575390377,Bacteria,Planctomycetota,Planctomycetes,Isosphaerales,Isosphaeraceae,Candidatus_Nostocoida,uncultured_bacterium
379fe0b7c2e134e76f16a7093736df87,Bacteria,Chloroflexi,Chloroflexia,Thermomicrobiales,JG30-KF-CM45,JG30-KF-CM45,Unassigned
05ba697121d42be6f7cc1e5e598bf3c6,Bacteria,Proteobacteria,Alphaproteobacteria,Rickettsiales,Mitochondria,Mitochondria,Unassigned
b3bcbeb9195971f7b518dbdc06c48562,Bacteria,Proteobacteria,Alphaproteobacteria,Rhizobiales,Devosiaceae,Devosia,Unassigned
0d6a51af989a8cbacaed86658c759b00,Bacteria,Proteobacteria,Alphaproteobacteria,Rickettsiales,Mitochondria,Mitochondria,Unassigned
700afc5a48bf0b98ee28771f33225ff9,Bacteria,Bdellovibrionota,Oligoflexia,Oligoflexales,uncultured,uncultured,Unassigned
fe271939ebf0f1fcf008d9fb53c2c60c,Bacteria,Proteobacteria,Alphaproteobacteria,Rickettsiales,Mitochondria,Mitochondria,Unassigned
129adeaf14243c8698d709cdd3bcf897,Bacteria,Planctomycetota,Planctomycetes,Pirellulales,Pirellulaceae,Pirellula,Unassigned
cc60312357314937af544b9333c06feb,Bacteria,Actinobacteriota,Actinobacteria,Pseudonocardiales,Pseudonocardiaceae,Pseudonocardia,Unassigned
7e55d486c686bfc97cf81b29dc7ec0fc,Bacteria,Proteobacteria,Alphaproteobacteria,Acetobacterales,Acetobacteraceae,Roseomonas,Unassigned
c71798b14c62b41d1debac3d42eaa8e0,Bacteria,Bacteroidota,Bacteroidia,Sphingobacteriales,Sphingobacteriaceae,Pedobacter,Unassigned
6a9bef68ef247f7113ccdff953e6450f,Bacteria,Firmicutes,Clostridia,Clostridiales,Clostridiaceae,Clostridium_sensu_stricto_1,Unassigned
3cb34ab01a3ce2256bcd1b82fc58a1ee,Bacteria,Actinobacteriota,Actinobacteria,Propionibacteriales,Nocardioidaceae,Nocardioides,Unassigned
85fedb7a902d75a7278004472b887cdd,Bacteria,Actinobacteriota,Actinobacteria,Frankiales,uncultured,uncultured,Unassigned
47472061178168d83375cb51748e0826,Bacteria,Proteobacteria,Gammaproteobacteria,Diplorickettsiales,Diplorickettsiaceae,uncultured,bacterium_enrichment
81e1a0e3733bc0206aa909c08b41a1d8,Bacteria,Planctomycetota,Planctomycetes,Isosphaerales,Isosphaeraceae,uncultured,uncultured_bacterium
d0c1be201bcc0700089590d86500ead0,Bacteria,Proteobacteria,Alphaproteobacteria,Rickettsiales,Mitochondria,Mitochondria,Unassigned
8151eb038072bbbb38520c8d4bb9f21c,Bacteria,Actinobacteriota,Actinobacteria,Propionibacteriales,Nocardioidaceae,Kribbella,Unassigned
4a8a3855d4e68bc9b375f3a12179517c,Bacteria,Planctomycetota,Planctomycetes,Gemmatales,Gemmataceae,Gemmata,uncultured_bacterium
596c2a9b84a57b456812ca186e6ef1b8,Bacteria,Proteobacteria,Alphaproteobacteria,Rhizobiales,Devosiaceae,Devosia,Unassigned
524dceb0403e78e48cd1516281f9920c,Bacteria,Actinobacteriota,Actinobacteria,Micrococcales,Microbacteriaceae,Unassigned,Unassigned
ef83cac5e97c2f8e87f6f3e249c568fd,Bacteria,Firmicutes,Clostridia,Clostridiales,Clostridiaceae,Clostridium_sensu_stricto_1,Unassigned
6217601a2b3641a1e031df58e287103d,Bacteria,Proteobacteria,Alphaproteobacteria,Rhizobiales,Devosiaceae,Devosia,Unassigned
e05dff970936b3939388b043d3695851,Bacteria,Acidobacteriota,Acidobacteriae,Acidobacteriales,Acidobacteriaceae_(Subgroup_1),Granulicella,uncultured_bacterium
8ec223869c46eaf52ffbf419f138910b,Bacteria,Proteobacteria,Gammaproteobacteria,Oceanospirillales,Marinomonadaceae,Marinomonas,Marinomonas_communis
68beb68a54eb130a7dea93a4ec6d57f3,Bacteria,Myxococcota,Polyangia,Polyangiales,Polyangiaceae,Pajaroellobacter,metagenome
caf7b8f5dcb91933f65589ee1b1b7f7f,Bacteria,Proteobacteria,Alphaproteobacteria,Sphingomonadales,Sphingomonadaceae,Sphingomonas,Unassigned
69a4d3819233aedbc0d2ac6283c73e9e,Bacteria,Chloroflexi,Chloroflexia,Thermomicrobiales,JG30-KF-CM45,JG30-KF-CM45,Unassigned
c7e3dd8b6ee8eda70fc0781e945ba78a,Bacteria,Actinobacteriota,Actinobacteria,Micrococcales,Intrasporangiaceae,Unassigned,Unassigned
a61966610d0a51f5af01350077fdbd78,Bacteria,Proteobacteria,Alphaproteobacteria,Rhizobiales,Devosiaceae,Devosia,Devosia_limi
2c38f045169124ccc93eaccb722004ac,Bacteria,Planctomycetota,Planctomycetes,Isosphaerales,Isosphaeraceae,uncultured,uncultured_bacterium
35cbb315e019e0a8768d4b73862df415,Bacteria,Actinobacteriota,Coriobacteriia,Coriobacteriales,Coriobacteriaceae,Collinsella,Unassigned
69ab78bfeab214654a99e2c9c39049c8,Bacteria,Proteobacteria,Alphaproteobacteria,Rhizobiales,Devosiaceae,Devosia,Unassigned
22370b046763781a322f0ec0e105b348,Bacteria,Firmicutes,Bacilli,Lactobacillales,Streptococcaceae,Lactococcus,Unassigned
e740e913bfe49502ec9b2390333a78a3,Bacteria,Proteobacteria,Gammaproteobacteria,Burkholderiales,Comamonadaceae,Unassigned,Unassigned
4f5efd25dacb5d639316e7291ff6ff8b,Bacteria,Proteobacteria,Gammaproteobacteria,Burkholderiales,Neisseriaceae,Neisseria,Unassigned
c4718adb9e7f2d4fb74cbe549a5506a8,Bacteria,Proteobacteria,Gammaproteobacteria,Coxiellales,Coxiellaceae,Coxiella,Unassigned
4b27e1880ea2097c38d5670509974543,Bacteria,Proteobacteria,Alphaproteobacteria,Reyranellales,Reyranellaceae,Reyranella,Unassigned
1193bd8376d5a1a33687af6bfa65741e,Bacteria,Unassigned,Unassigned,Unassigned,Unassigned,Unassigned,Unassigned
ea3d94457bd00b734fc4fb2897c32a43,Bacteria,Unassigned,Unassigned,Unassigned,Unassigned,Unassigned,Unassigned
8a652d5f0fde48d79000d401d2331a5d,Bacteria,Cyanobacteria,Cyanobacteriia,Chloroplast,Chloroplast,Chloroplast,Oscillatoriales_cyanobacterium
072a7ae58455d627337e94958ae9bd77,Bacteria,Bacteroidota,Bacteroidia,Cytophagales,Amoebophilaceae,Candidatus_Amoebophilus,Unassigned
a7dd6d443a3b95e5c464da9a0f53fe0b,Bacteria,Cyanobacteria,Cyanobacteriia,Chloroplast,Chloroplast,Chloroplast,Coccomyxa_viridis
55a06913b39a651634dcd7f9e0d1ebba,Bacteria,Proteobacteria,Alphaproteobacteria,Acetobacterales,Acetobacteraceae,uncultured,Unassigned
9f724422e986359cac60dfba1f5178cc,Bacteria,Armatimonadota,Armatimonadia,Armatimonadales,Armatimonadales,Armatimonadales,uncultured_soil
685a1812a6e46f72d7cf1f4a060b8e96,Bacteria,Actinobacteriota,Actinobacteria,Corynebacteriales,Corynebacteriaceae,Corynebacterium,Unassigned
c7392f3e6053749407343b81536e0cb4,Bacteria,Chloroflexi,Chloroflexia,Thermomicrobiales,JG30-KF-CM45,JG30-KF-CM45,uncultured_endolithic
1cf6078dd619564b064c4580b7b89f39,Bacteria,Chloroflexi,Chloroflexia,Thermomicrobiales,JG30-KF-CM45,JG30-KF-CM45,uncultured_Sphaerobacter
428ad672a921fe342c49ea87eed4d6c7,Bacteria,Proteobacteria,Gammaproteobacteria,Burkholderiales,Alcaligenaceae,Achromobacter,Unassigned
dfca81dbcb380068413ca7c1236e7dd1,Bacteria,Firmicutes,Bacilli,Staphylococcales,Staphylococcaceae,Unassigned,Unassigned
2c42f5b4fca5a7fe2746d76f2b563747,Bacteria,Actinobacteriota,Actinobacteria,Micrococcales,Dermacoccaceae,Allobranchiibius,Unassigned
0af3e02da8acf7a538a518226838f2d4,Bacteria,Firmicutes,Clostridia,Oscillospirales,Oscillospiraceae,Colidextribacter,iron-reducing_bacterium
ab6b7b90747341ce39f82d0a22a1d37d,Bacteria,Proteobacteria,Alphaproteobacteria,Rhizobiales,Beijerinckiaceae,Methylobacterium-Methylorubrum,Unassigned
717909a38b901db6bec9d694f508789e,Bacteria,Planctomycetota,Planctomycetes,Isosphaerales,Isosphaeraceae,uncultured,uncultured_bacterium
85af20686557f555a1bd77eadd3b17b2,Bacteria,Actinobacteriota,Actinobacteria,Micrococcales,Micrococcaceae,Paenarthrobacter,Unassigned
01f4b6d42bde2c6c029931753f4a8bde,Bacteria,Armatimonadota,Armatimonadia,Armatimonadales,Armatimonadales,Armatimonadales,uncultured_soil
fee5bfae6c902b64bb55bf94af8c8f72,Bacteria,Actinobacteriota,Actinobacteria,Actinomycetales,Actinomycetaceae,Actinotignum,uncultured_bacterium
1a59faa9035c4f707cdfe0aafa5c134f,Bacteria,Proteobacteria,Gammaproteobacteria,Gammaproteobacteria_Incertae_Sedis,Unknown_Family,Candidatus_Ovatusbacter,uncultured_bacterium
4d15a37137ed803299a8aa1223022f6f,Bacteria,Proteobacteria,Alphaproteobacteria,Rhizobiales,Beijerinckiaceae,uncultured,uncultured_bacterium
650109e1c310e29fe5f6e0b3da47b3dd,Bacteria,Unassigned,Unassigned,Unassigned,Unassigned,Unassigned,Unassigned
8166781af31734249de6ca2615ce8f98,Bacteria,Actinobacteriota,Actinobacteria,Propionibacteriales,Nocardioidaceae,Marmoricola,Unassigned
e8741ae58880a57b12532416226d14bd,Unassigned,Unassigned,Unassigned,Unassigned,Unassigned,Unassigned,Unassigned
82732a1b13429c4931a80fdbae410fee,Bacteria,Actinobacteriota,Acidimicrobiia,Microtrichales,Microtrichaceae,uncultured,metagenome
8321f95c06498eb4027bbd0805df444f,Bacteria,Firmicutes,Clostridia,Peptostreptococcales-Tissierellales,Peptostreptococcales-Tissierellales,Finegoldia,uncultured_bacterium
b540737708ba783ee6412edbfec896e4,Bacteria,Bacteroidota,Bacteroidia,Flavobacteriales,Flavobacteriaceae,Flavobacterium,Unassigned
c229de8fc9506cca24c0f271f89e1386,Bacteria,Proteobacteria,Alphaproteobacteria,Rhizobiales,Hyphomicrobiaceae,Hyphomicrobium,uncultured_bacterium
df30b4292b5866cd17d2b9f2eb64047d,Bacteria,Planctomycetota,Planctomycetes,Isosphaerales,Isosphaeraceae,uncultured,Unassigned
adcf0747d473146f8c22131cdbbeb812,Bacteria,Actinobacteriota,Actinobacteria,Streptomycetales,Streptomycetaceae,Unassigned,Unassigned
8fabd5abea37ad2c13ad8b299d0d98d4,Bacteria,Firmicutes,Bacilli,Lactobacillales,Streptococcaceae,Lactococcus,Unassigned
c3a08b31d4b7a30c8cc00ba239c640d3,Bacteria,Proteobacteria,Gammaproteobacteria,Pseudomonadales,Pseudomonadaceae,Pseudomonas,Unassigned
bbec244a291aa93918dba8b4ea64f111,Bacteria,Unassigned,Unassigned,Unassigned,Unassigned,Unassigned,Unassigned
0d181f6ba522bc057090a65a064a6a97,Bacteria,Proteobacteria,Alphaproteobacteria,Sphingomonadales,Sphingomonadaceae,Unassigned,Unassigned
79e6dd41139cad2e7aa3d20765881874,Bacteria,Proteobacteria,Gammaproteobacteria,Enterobacterales,Hafniaceae,Hafnia-Obesumbacterium,Unassigned
ef10350c2e73a3b1679aab84d3d38421,Bacteria,Actinobacteriota,Actinobacteria,Corynebacteriales,Corynebacteriaceae,Corynebacterium,Corynebacterium_glucuronolyticum
19d92c8181b2a37becc4c1d2d4e0edda,Bacteria,Planctomycetota,Planctomycetes,Gemmatales,Gemmataceae,Gemmata,uncultured_bacterium
4741e68e59d837f501f21856e52c4a46,Bacteria,Planctomycetota,Planctomycetes,Pirellulales,Pirellulaceae,Pirellula,uncultured_bacterium
36945a7d43a43b2612ebe580c1e7e223,Bacteria,Proteobacteria,Alphaproteobacteria,Rhizobiales,Rhizobiaceae,Allorhizobium-Neorhizobium-Pararhizobium-Rhizobium,Unassigned
026b68ad384fbb3f5bb0f6769b1b4fce,Bacteria,Proteobacteria,Gammaproteobacteria,Burkholderiales,Oxalobacteraceae,Undibacterium,Unassigned
6693b7b79381e24eae80427d5456c181,Bacteria,Proteobacteria,Alphaproteobacteria,Rhizobiales,Rhizobiaceae,Allorhizobium-Neorhizobium-Pararhizobium-Rhizobium,Unassigned
754fa9bd6488419a42bfc72f9dbf7fd9,Bacteria,Actinobacteriota,Actinobacteria,Micrococcales,Promicromonosporaceae,Unassigned,Unassigned
d06ea3cdc2f216317633b69cc1672e29,Bacteria,Proteobacteria,Alphaproteobacteria,Reyranellales,Reyranellaceae,Reyranella,metagenome
229b601ac7f798651303538e2833051b,Bacteria,Acidobacteriota,Acidobacteriae,Solibacterales,Solibacteraceae,Candidatus_Solibacter,uncultured_forest
c5d6b76a1d361ed727bf9a0a372c8026,Bacteria,Firmicutes,Clostridia,Clostridia,Hungateiclostridiaceae,Ruminiclostridium,Unassigned
e319d5f5e5bf755cbeccc0c408bd85e1,Bacteria,Proteobacteria,Gammaproteobacteria,Pseudomonadales,Pseudomonadaceae,Pseudomonas,Unassigned
6154ddb7807456b02850475e9d21bb30,Bacteria,Planctomycetota,Planctomycetes,Gemmatales,Gemmataceae,uncultured,metagenome
4b9e10cd9f33d27db938ebf7dba21ba2,Bacteria,Myxococcota,Polyangia,Haliangiales,Haliangiaceae,Haliangium,uncultured_Myxococcales
493d7cb5efd97ba172dcdbf57131672f,Bacteria,Proteobacteria,Alphaproteobacteria,Rhizobiales,Beijerinckiaceae,Bosea,uncultured_bacterium
5adf032d93203e3926f72e2ce4929d40,Bacteria,Proteobacteria,Alphaproteobacteria,Rhizobiales,Beijerinckiaceae,Bosea,Unassigned
e1ac9cafa66e06d49d9868c63713a8dd,Bacteria,Proteobacteria,Alphaproteobacteria,Rickettsiales,Mitochondria,Mitochondria,Unassigned
244a0861f1c1d53e6cda8b28a8c4ffbe,Bacteria,Verrucomicrobiota,Chlamydiae,Chlamydiales,Parachlamydiaceae,Candidatus_Protochlamydia,metagenome
3412d58bee9cd3d63caf29c1862d9954,Bacteria,Proteobacteria,Alphaproteobacteria,Rhizobiales,Devosiaceae,Devosia,Unassigned
aa67f6182396118e19ea084b6a804f87,Bacteria,Planctomycetota,Planctomycetes,Planctomycetales,Schlesneriaceae,Schlesneria,uncultured_bacterium
141d36797a2447d1910625482f75135e,Bacteria,Proteobacteria,Alphaproteobacteria,Rickettsiales,Mitochondria,Mitochondria,Unassigned
761bc0900f64bdc2a39df8cfb237121f,Bacteria,Proteobacteria,Gammaproteobacteria,Pseudomonadales,Moraxellaceae,Acinetobacter,Unassigned
5831fcd9cc489914f93d5d15b0eca545,Bacteria,Planctomycetota,Planctomycetes,Isosphaerales,Isosphaeraceae,Singulisphaera,uncultured_Singulisphaera
5e5e1682554707a3cd2b96d2d7dbf019,Bacteria,Planctomycetota,Planctomycetes,Isosphaerales,Isosphaeraceae,uncultured,Isosphaera_sp.
252f86d0bdc23f05a00469a85a5a59fc,Bacteria,Proteobacteria,Alphaproteobacteria,Rickettsiales,Mitochondria,Mitochondria,Botryosphaeria_dothidea
075d10a84b6d63a84eb698ba1b825367,Bacteria,Proteobacteria,Alphaproteobacteria,Rickettsiales,Mitochondria,Mitochondria,Botryosphaeria_dothidea
003b7b0615c8f71650829cdf5d8960f6,Bacteria,Planctomycetota,Planctomycetes,Isosphaerales,Isosphaeraceae,Aquisphaera,Unassigned
46a32f8864386026238648b4af80a87c,Bacteria,Proteobacteria,Alphaproteobacteria,Rhizobiales,Beijerinckiaceae,Bosea,Unassigned
ddca3dacd4fe7e9b1a913b2207bfa074,Bacteria,Firmicutes,Bacilli,Paenibacillales,Paenibacillaceae,Paenibacillus,Unassigned
a8c3ab5893bacbe1bab432971646063c,Bacteria,Proteobacteria,Alphaproteobacteria,Rhizobiales,Xanthobacteraceae,Unassigned,Unassigned
f04fd67467d2628c366007e3e7b6aa6d,Bacteria,Proteobacteria,Gammaproteobacteria,Methylococcales,Methylomonadaceae,Crenothrix,uncultured_bacterium
0ae3fa05382c23614ec3d4487a720737,Bacteria,Proteobacteria,Alphaproteobacteria,Rhizobiales,Beijerinckiaceae,Bosea,Unassigned
e7db1e9da7915d03ddff4b024249450c,Bacteria,Planctomycetota,Planctomycetes,Gemmatales,Gemmataceae,Telmatocola,Telmatocola_sphagniphila
3e94f0a7ff930368cee445c69276fdbd,Bacteria,Proteobacteria,Alphaproteobacteria,Rhizobiales,Hyphomicrobiaceae,Hyphomicrobium,metagenome
7fe073bfbff8712df162b2e62f3ce893,Bacteria,Proteobacteria,Gammaproteobacteria,Diplorickettsiales,Diplorickettsiaceae,uncultured,metagenome
c6bec5e1f251db7c96c7162064ea6db0,Bacteria,Planctomycetota,Planctomycetes,Isosphaerales,Isosphaeraceae,uncultured,Isosphaera_sp.
8795c92be30511840c2dac71ba8664ce,Bacteria,Proteobacteria,Gammaproteobacteria,Cellvibrionales,Cellvibrionaceae,Cellvibrio,Unassigned
204943013d2ad581f41a83c6dc92dd27,Bacteria,Firmicutes,Clostridia,Lachnospirales,Lachnospiraceae,Unassigned,Unassigned
9f89118966ce47b7bc481d0e77f5ccf7,Archaea,Halobacterota,Halobacteria,Halobacterales,Halomicrobiaceae,uncultured,uncultured_archaeon
48b89d80b5ed94c45af56c00eb514742,Bacteria,Proteobacteria,Alphaproteobacteria,Rhizobiales,Beijerinckiaceae,Bosea,Unassigned
24eaea91b3142f3fa28533b54d567d73,Bacteria,Actinobacteriota,Actinobacteria,Micrococcales,Micrococcaceae,Kocuria,Unassigned
d5969d95838f8c6e0c172c1ce753a983,Bacteria,Proteobacteria,Alphaproteobacteria,Rhizobiales,Devosiaceae,Devosia,Devosia_psychrophila
ca0e5bc0776ea387246348c12c19ca01,Bacteria,Planctomycetota,Planctomycetes,Planctomycetales,Rubinisphaeraceae,SH-PL14,uncultured_planctomycete
33f1638b7157b1733701745da623d7b9,Bacteria,Proteobacteria,Alphaproteobacteria,Rickettsiales,Mitochondria,Mitochondria,Unassigned
78108a9759fe7255c529ee472bbe36b5,Bacteria,Firmicutes,Bacilli,RsaHf231,RsaHf231,RsaHf231,Unassigned
88bcffe921c82f413af13ba630301a4c,Bacteria,Proteobacteria,Alphaproteobacteria,Rickettsiales,Mitochondria,Mitochondria,Trichoderma_gamsii
5844f96f01bf12195cbc316fee1ba529,Bacteria,Proteobacteria,Gammaproteobacteria,Coxiellales,Coxiellaceae,Coxiella,Unassigned
71c53f12d2ffd3ea43eef1e95a9765fd,Bacteria,Bacteroidota,Bacteroidia,Bacteroidales,Dysgonomonadaceae,Dysgonomonas,uncultured_bacterium
3dea65f73f819235bdd61d7100438479,Bacteria,Actinobacteriota,Acidimicrobiia,Microtrichales,Ilumatobacteraceae,CL500-29_marine_group,metagenome
d30fedbd31e4ed38c0bbf17ef120fc33,Bacteria,Planctomycetota,Planctomycetes,Isosphaerales,Isosphaeraceae,uncultured,uncultured_bacterium
b459b33a19fef032eed05dd3e9392c0d,Bacteria,Cyanobacteria,Cyanobacteriia,Leptolyngbyales,Leptolyngbyaceae,Chamaesiphon_PCC-7430,uncultured_bacterium
179196fe05fe6bd256e061c2163474e7,Bacteria,Unassigned,Unassigned,Unassigned,Unassigned,Unassigned,Unassigned
6b77fe6a0c4d032cba6983636efda6e6,Bacteria,Firmicutes,Clostridia,Lachnospirales,Lachnospiraceae,Tyzzerella,Galloisiana_yuasai
30d16e2be190b29f21fa46fdf8f420e5,Bacteria,Proteobacteria,Alphaproteobacteria,Rickettsiales,Mitochondria,Mitochondria,Unassigned
44db3d859ededccdcc1d5e0643afda34,Bacteria,Proteobacteria,Alphaproteobacteria,Rickettsiales,Mitochondria,Mitochondria,Unassigned
1c2e4e8f9732bd5ac12848e052706155,Bacteria,Proteobacteria,Gammaproteobacteria,Diplorickettsiales,Diplorickettsiaceae,Aquicella,Unassigned
433791d3946ba2ec27d81d61fe8ba261,Bacteria,Firmicutes,Bacilli,Paenibacillales,Paenibacillaceae,Paenibacillus,Unassigned
1ac2ed335dcf311c664bf0b4fbddd6d3,Bacteria,Unassigned,Unassigned,Unassigned,Unassigned,Unassigned,Unassigned
d04d05d11a902354a6a3c8728b4e67d0,Bacteria,Proteobacteria,Alphaproteobacteria,Rhizobiales,Devosiaceae,Devosia,Devosia_limi
2a7adf91ce916c8bd9438dbf3ecae0dc,Bacteria,Planctomycetota,Planctomycetes,Isosphaerales,Isosphaeraceae,uncultured,uncultured_bacterium
ed36c5f9aba33f40fe7be4af343d2aee,Bacteria,Proteobacteria,Alphaproteobacteria,Rickettsiales,Mitochondria,Mitochondria,Unassigned
4c327505a6047f3d55fb7f6a74f1a0a8,Bacteria,Cyanobacteria,Cyanobacteriia,Cyanobacteriales,Phormidiaceae,Tychonema_CCAP_1459-11B,Unassigned
007ab398ddad8169d0f42e4111b0d259,Bacteria,Proteobacteria,Alphaproteobacteria,Rhizobiales,Beijerinckiaceae,Unassigned,Unassigned
2746209b9bcfde57f6f28f3ce8997e67,Bacteria,Bacteroidota,Bacteroidia,Bacteroidales,Rikenellaceae,Mucinivorans,Mucinivorans_hirudinis
3f45820cdff0b2612b7b8005f385e9b0,Bacteria,Proteobacteria,Gammaproteobacteria,Coxiellales,Coxiellaceae,Coxiella,uncultured_bacterium
f8e593c4aeeff94fee2ca2af70238ae2,Bacteria,Planctomycetota,Planctomycetes,Planctomycetales,uncultured,uncultured,uncultured_Planctomyces
c8b8c02bb7aa2a5fadf1b47db226140d,Bacteria,Bacteroidota,Bacteroidia,Bacteroidales,Dysgonomonadaceae,Dysgonomonas,Unassigned
3ea9568d4c99821aa005ea680b1a127d,Bacteria,Firmicutes,Clostridia,Clostridia,Hungateiclostridiaceae,Ruminiclostridium,Unassigned
77f2690eecf3afb1637f6a9b838cbb1a,Bacteria,Bacteroidota,Bacteroidia,Flavobacteriales,Flavobacteriaceae,Flavobacterium,Unassigned
c3aa42084484a19eeacb4701e5cf16d0,Bacteria,Proteobacteria,Alphaproteobacteria,Rhizobiales,Beijerinckiaceae,Bosea,Unassigned
f6beb0509cdcdb804f35492846815674,Bacteria,Proteobacteria,Gammaproteobacteria,Burkholderiales,Comamonadaceae,Unassigned,Unassigned
c7d0e20bfdd262b6b543475ed0219d48,Bacteria,Proteobacteria,Gammaproteobacteria,Gammaproteobacteria_Incertae_Sedis,Unknown_Family,Candidatus_Berkiella,uncultured_bacterium
f910469136f374b37089a904fcb9c0b4,Bacteria,Proteobacteria,Alphaproteobacteria,Rhizobiales,Devosiaceae,Devosia,Unassigned
ee330423dab94f8ea27d37f7a51a7ab7,Bacteria,Proteobacteria,Gammaproteobacteria,Thiomicrospirales,Thioglobaceae,SUP05_cluster,uncultured_marine
6151807052d305b34aa7692c83b26d48,Bacteria,Proteobacteria,Gammaproteobacteria,Alteromonadales,Alteromonadaceae,Glaciecola,Unassigned
0ec77328f1bc3ed20e740520acc22495,Bacteria,Actinobacteriota,Actinobacteria,Frankiales,Frankiaceae,Jatrophihabitans,uncultured_Frankineae
cb3f45c9f96ed7533edfffe6bb33437d,Bacteria,Actinobacteriota,Actinobacteria,Propionibacteriales,Nocardioidaceae,Unassigned,Unassigned
fed2ae64c7f2fa2527941bdf134c9438,Bacteria,Proteobacteria,Alphaproteobacteria,Rhizobiales,Devosiaceae,Unassigned,Unassigned
bb461918a7b6adc4f4f0f5a4ad412774,Bacteria,Proteobacteria,Alphaproteobacteria,Rhizobiales,Rhizobiaceae,Unassigned,Unassigned
74d467d02f7142b09f2512c41ee43329,Bacteria,Unassigned,Unassigned,Unassigned,Unassigned,Unassigned,Unassigned
b0d8ce8073a1589097604926f3ebbc6f,Bacteria,Proteobacteria,Alphaproteobacteria,Acetobacterales,Acetobacteraceae,Acidiphilium,uncultured_bacterium
f7c4bbbf56158581a4ccb466fa093f1c,Bacteria,Proteobacteria,Gammaproteobacteria,Xanthomonadales,Xanthomonadaceae,Stenotrophomonas,Unassigned
e464ed21eeaa88ecad3ad1355a69060b,Bacteria,Planctomycetota,Planctomycetes,Planctomycetales,uncultured,uncultured,metagenome
792e0df5d645f0e0680ad0fe0884cac8,Bacteria,Planctomycetota,Planctomycetes,Pirellulales,Pirellulaceae,uncultured,metagenome
110cc74ddbec4b24456f3040162898cd,Bacteria,Unassigned,Unassigned,Unassigned,Unassigned,Unassigned,Unassigned
c60c56ce639cafbf179cf5412842f7aa,Bacteria,Cyanobacteria,Cyanobacteriia,Chloroplast,Chloroplast,Chloroplast,Oscillatoriales_cyanobacterium
726898c829a8f8f14f728ef7d81ea342,Bacteria,WPS-2,WPS-2,WPS-2,WPS-2,WPS-2,metagenome
8e5fc5e61503e0494e9e93a5547c0248,Bacteria,Firmicutes,Clostridia,Lachnospirales,Lachnospiraceae,Tyzzerella,uncultured_Eubacteriaceae
f15568fa2cb6067123158cd43205d0b6,Bacteria,Proteobacteria,Gammaproteobacteria,Gammaproteobacteria_Incertae_Sedis,Unknown_Family,Candidatus_Ovatusbacter,uncultured_bacterium
b660d7ccf5f15369bfd265222da12146,Bacteria,Firmicutes,Bacilli,Erysipelotrichales,Erysipelotrichaceae,ZOR0006,Unassigned
ffa30979d946312753d1362a4dda4ac8,Bacteria,Cyanobacteria,Cyanobacteriia,Chloroplast,Chloroplast,Chloroplast,Myrmecia_israeliensis
d5628ff33d16375a364c516d814d9cbf,Bacteria,Actinobacteriota,Actinobacteria,Corynebacteriales,Corynebacteriaceae,Lawsonella,uncultured_bacterium
01754371e7ca8ff063304847f594948c,Bacteria,Bacteroidota,Bacteroidia,Sphingobacteriales,Sphingobacteriaceae,Pedobacter,Pedobacter_antarcticus
8e3c733a9530d82cde30cf71d4184ab0,Bacteria,Verrucomicrobiota,Verrucomicrobiae,Verrucomicrobiales,Rubritaleaceae,Luteolibacter,Unassigned
7ef0023b586897881d6835bc3344040c,Bacteria,Planctomycetota,Planctomycetes,Isosphaerales,Isosphaeraceae,Aquisphaera,uncultured_bacterium
c2ddc8bdd67b02d65a14d19b3543120d,Bacteria,Firmicutes,Clostridia,Clostridiales,Clostridiaceae,Clostridium_sensu_stricto_1,Unassigned
8ff92d272c3962f6b4e89f164abfe557,Bacteria,Proteobacteria,Alphaproteobacteria,Rickettsiales,Mitochondria,Mitochondria,Botryosphaeria_dothidea
65b8c5538a77737751029a4377e5e187,Bacteria,Planctomycetota,Planctomycetes,Gemmatales,Gemmataceae,Fimbriiglobus,metagenome
c53df148ba26f79ad1f5580bd0de1997,Bacteria,Proteobacteria,Alphaproteobacteria,Rickettsiales,Mitochondria,Mitochondria,Unassigned
20ba50af29633d0328aed5a4c1c43b25,Bacteria,Proteobacteria,Alphaproteobacteria,Rhizobiales,Devosiaceae,Devosia,Devosia_limi
15fb167d24a8d6a872f92b7e47c3e0b4,Bacteria,Proteobacteria,Gammaproteobacteria,Gammaproteobacteria_Incertae_Sedis,Unknown_Family,Candidatus_Berkiella,uncultured_bacterium
19f9f30d5492ed1f3f968da3d20389b1,Bacteria,Planctomycetota,Planctomycetes,Gemmatales,Gemmataceae,uncultured,uncultured_bacterium
bdc492c427fd1dafbbe2693f8d477038,Bacteria,Cyanobacteria,Cyanobacteriia,Chloroplast,Chloroplast,Chloroplast,Myrmecia_israeliensis
8fbafa012ccf83e015284577502b5cbb,Bacteria,Unassigned,Unassigned,Unassigned,Unassigned,Unassigned,Unassigned
e84f5db7166b577e20e63f5c72c23693,Bacteria,Proteobacteria,Alphaproteobacteria,Rhizobiales,Devosiaceae,Devosia,Unassigned
a97fe0e6f10365a5d522cf04c12fb5bb,Bacteria,Firmicutes,Bacilli,Erysipelotrichales,Erysipelotrichaceae,ZOR0006,Unassigned
fe3b4755af590e2bd019410bb43ad2a8,Bacteria,Proteobacteria,Gammaproteobacteria,Legionellales,Legionellaceae,Legionella,uncultured_bacterium
4dc1afd9bdd405cec15def6b7253a7ec,Bacteria,Proteobacteria,Alphaproteobacteria,Rhizobiales,Devosiaceae,Unassigned,Unassigned
5243c518e6caf7a95f6923cbac17be89,Bacteria,Proteobacteria,Alphaproteobacteria,Rickettsiales,Mitochondria,Mitochondria,Unassigned
7f49dbf76ab319f2905b2c13c449ca64,Bacteria,Planctomycetota,Planctomycetes,Isosphaerales,Isosphaeraceae,Candidatus_Nostocoida,uncultured_bacterium
1354ea00dbd3010210f4c290d72a7d6d,Bacteria,Cyanobacteria,Cyanobacteriia,Chloroplast,Chloroplast,Chloroplast,Unassigned
eaba31698cda03021e3e9bc90355d86f,Bacteria,Firmicutes,Clostridia,Clostridiales,Clostridiaceae,Clostridium_sensu_stricto_1,Unassigned
96d724b6285c4cf0e5fd317953b2a97b,Bacteria,Actinobacteriota,Acidimicrobiia,Microtrichales,uncultured,uncultured,Unassigned
cdbf709a59b2960ac1b7523311576251,Bacteria,Planctomycetota,Planctomycetes,Planctomycetales,Schlesneriaceae,Schlesneria,uncultured_bacterium
72c0b68197d6429c1c8aa938d801a4ee,Bacteria,Cyanobacteria,Cyanobacteriia,Chloroplast,Chloroplast,Chloroplast,Monoraphidium_neglectum
5b78e2fa95522ff9d79ec650d72264b4,Bacteria,Proteobacteria,Alphaproteobacteria,Acetobacterales,Acetobacteraceae,Rhodovarius,uncultured_bacterium
e6293ecbe1d3e06b33799772320f2a08,Bacteria,Firmicutes,Clostridia,Clostridiales,Clostridiaceae,Clostridium_sensu_stricto_1,Unassigned
c011f0700f196d97ee9bdc82756ec01c,Bacteria,Firmicutes,Bacilli,Lactobacillales,Leuconostocaceae,Leuconostoc,Unassigned
97552ee149f027385320dbdb21d2a43a,Bacteria,Proteobacteria,Alphaproteobacteria,Rhizobiales,Rhizobiaceae,Unassigned,Unassigned
b90d748aa1c06b1546ab969de35b68f4,Bacteria,Firmicutes,Bacilli,Lactobacillales,Vagococcaceae,Vagococcus,Vagococcus_salmoninarum
fcfe7aa012447b7d891ea26bbd537813,Bacteria,Cyanobacteria,Cyanobacteriia,Chloroplast,Chloroplast,Chloroplast,Unassigned
e896aaffb0331fcab67936f53e83f13a,Bacteria,Planctomycetota,Planctomycetes,Pirellulales,Pirellulaceae,uncultured,uncultured_Planctomycetaceae
a1b850f78d745c1676cfce0569a6c9de,Bacteria,Cyanobacteria,Cyanobacteriia,Chloroplast,Chloroplast,Chloroplast,Unassigned
8e7481724bf4e1578b4dcf120ef045ad,Bacteria,Proteobacteria,Alphaproteobacteria,Rhizobiales,Devosiaceae,Devosia,Unassigned
d646117844b78366a7f1574da645321b,Bacteria,Proteobacteria,Alphaproteobacteria,Rhizobiales,Xanthobacteraceae,Tardiphaga,Unassigned
7c322ae91f16c56bf784e9f1c5d75620,Bacteria,Chloroflexi,Chloroflexia,Thermomicrobiales,JG30-KF-CM45,JG30-KF-CM45,Unassigned
ba5d82175c32e9b6cc74cde9dbd05b81,Bacteria,Bacteroidota,Bacteroidia,Bacteroidales,Prevotellaceae,Prevotella,Prevotella_timonensis
f0bdfc4cca9137be102f20b8f69ec43b,Bacteria,Firmicutes,Clostridia,Peptostreptococcales-Tissierellales,Peptostreptococcales-Tissierellales,Anaerococcus,Unassigned
309daa3038690dbd1aa5acb108165296,Bacteria,Chloroflexi,Chloroflexia,Thermomicrobiales,JG30-KF-CM45,JG30-KF-CM45,Unassigned
c488314f15dcce7b07147a6d7dbf964d,Bacteria,Cyanobacteria,Cyanobacteriia,Chloroplast,Chloroplast,Chloroplast,Unassigned
2a8319a0fb3585bbbc22cc0005760d1b,Bacteria,Proteobacteria,Alphaproteobacteria,Rickettsiales,Mitochondria,Mitochondria,Unassigned
e76b8ae20bf22d0ea4422fde462ad167,Bacteria,Proteobacteria,Alphaproteobacteria,Rickettsiales,Mitochondria,Mitochondria,Lepraria_oxybapha
b5397345d87e696d6e408e2192bd3244,Bacteria,Unassigned,Unassigned,Unassigned,Unassigned,Unassigned,Unassigned
ecf23f7f25dc9d068c3305bff108e5b2,Bacteria,Proteobacteria,Alphaproteobacteria,Rhizobiales,Devosiaceae,Devosia,Devosia_limi
636a4dd90ba8e5a57171179f54e58fbe,Bacteria,Proteobacteria,Alphaproteobacteria,Rickettsiales,Mitochondria,Mitochondria,Unassigned
a64942f99192df8856a6878bbae336d8,Bacteria,Actinobacteriota,Actinobacteria,Propionibacteriales,Propionibacteriaceae,Friedmanniella,uncultured_bacterium
c93d436d4ef2766acbd1ab9c5dcf5501,Bacteria,Firmicutes,Clostridia,Peptostreptococcales-Tissierellales,Peptostreptococcales-Tissierellales,Gallicola,Unassigned
9b0d2a83b4d4b3c46a1a1f65b48af37a,Bacteria,Firmicutes,Clostridia,Peptostreptococcales-Tissierellales,Peptostreptococcales-Tissierellales,Murdochiella,Murdochiella_asaccharolytica
d27c2aa5b6cde079018ca54597fc242c,Bacteria,Spirochaetota,Spirochaetia,Spirochaetales,Spirochaetaceae,uncultured,bioreactor_sludge
1a1806b28b4bcf1464cf5559fff519fc,Bacteria,Proteobacteria,Alphaproteobacteria,Puniceispirillales,SAR116_clade,SAR116_clade,Unassigned
4ef7c49ce93da76659067cbabb76dcf1,Bacteria,Planctomycetota,Planctomycetes,Gemmatales,Gemmataceae,Fimbriiglobus,uncultured_bacterium
9663e200ba87b1a99d017dbb3baa9659,Bacteria,Proteobacteria,Gammaproteobacteria,Alteromonadales,Pseudoalteromonadaceae,Pseudoalteromonas,Unassigned
0d197b0ccf709e093995833028de72cd,Bacteria,Bacteroidota,Bacteroidia,Flavobacteriales,Flavobacteriaceae,Flavobacterium,Flavobacterium_hauense
bfdd54bed7b7327b8361435a145ef0f0,Bacteria,Planctomycetota,Planctomycetes,Isosphaerales,Isosphaeraceae,Tundrisphaera,Unassigned
72157e01d951b144c7e9174c09766338,Bacteria,Bacteroidota,Bacteroidia,Flavobacteriales,Weeksellaceae,Unassigned,Unassigned
4b3fc2d4d4c10ab3e64f233a4fff83a4,Bacteria,Bacteroidota,Bacteroidia,Flavobacteriales,Flavobacteriaceae,Flavobacterium,Flavobacterium_kingsejongi
c8e70b5c12f740a013317c2a3a555eee,Bacteria,Proteobacteria,Gammaproteobacteria,uncultured,uncultured,uncultured,metagenome
a8220356134f63f635782b61f1f4dfc2,Bacteria,Planctomycetota,Planctomycetes,Gemmatales,Gemmataceae,uncultured,Unassigned
170951c89d2e95c40e4b330e05cac494,Bacteria,Proteobacteria,Gammaproteobacteria,Cardiobacteriales,Cardiobacteriales,Cardiobacteriales,uncultured_bacterium
09fafbf7316e029880e88de868c1aeb5,Bacteria,Bdellovibrionota,Bdellovibrionia,Bdellovibrionales,Bdellovibrionaceae,Bdellovibrio,uncultured_bacterium
0252b0b7294d4c063b57636b40d45531,Bacteria,Actinobacteriota,Actinobacteria,Micrococcales,Cellulomonadaceae,Actinotalea,uncultured_bacterium
4268a05a7984a9de0f378be00d8255c5,Bacteria,Proteobacteria,Alphaproteobacteria,Rickettsiales,Mitochondria,Mitochondria,Unassigned
8902e939505ddd6c8e792f9d2505601c,Bacteria,Actinobacteriota,Actinobacteria,Propionibacteriales,Propionibacteriaceae,Friedmanniella,uncultured_bacterium
6288e98f32d8af941e5f24c95ad37250,Bacteria,Unassigned,Unassigned,Unassigned,Unassigned,Unassigned,Unassigned
1e866dd68c3f4939e9b6cfa5a38291ae,Bacteria,Cyanobacteria,Cyanobacteriia,Unassigned,Unassigned,Unassigned,Unassigned
2e921e7ec2248353243b1a63970e2d55,Bacteria,Proteobacteria,Alphaproteobacteria,Rhizobiales,Beijerinckiaceae,1174-901-12,uncultured_bacterium
3e6d5d88871bb7b190607fdbdfb82cb7,Bacteria,Cyanobacteria,Cyanobacteriia,Chloroplast,Chloroplast,Chloroplast,Prasiolopsis_sp.
c29afca0e44212ceff9dcd05ed8d082e,Bacteria,Unassigned,Unassigned,Unassigned,Unassigned,Unassigned,Unassigned
98e45695eb889ee507a1f84dbb4b7861,Bacteria,Proteobacteria,Alphaproteobacteria,Rickettsiales,Mitochondria,Mitochondria,Unassigned
baff6b14cc0365db695111f306f66d4f,Bacteria,Proteobacteria,Alphaproteobacteria,Puniceispirillales,SAR116_clade,Candidatus_Puniceispirillum,Unassigned
35aebc06c05eae9482cd21de7efefa4c,Bacteria,Bacteroidota,Bacteroidia,Cytophagales,Hymenobacteraceae,Hymenobacter,Unassigned
18ce81d2975060d2ffdc1448b0176ced,Bacteria,Proteobacteria,Gammaproteobacteria,Alteromonadales,Alteromonadaceae,Glaciecola,Unassigned
f453b31474d598f9755986407c494449,Bacteria,Cyanobacteria,Cyanobacteriia,Chloroplast,Chloroplast,Chloroplast,Unassigned
041ca7d65fa359c8f147ad8e5be1c31d,Bacteria,Cyanobacteria,Cyanobacteriia,Chloroplast,Chloroplast,Chloroplast,Unassigned
efb2ad93c8fbc35fccc3676418e13f51,Bacteria,Bacteroidota,Bacteroidia,Chitinophagales,Chitinophagaceae,Taibaiella,Unassigned
17192b55d76cfef8d53799f9c9c47ee8,Bacteria,Planctomycetota,Planctomycetes,Gemmatales,Gemmataceae,Fimbriiglobus,uncultured_bacterium
385197fd9f310da44597d7a6a8ad6916,Bacteria,Bacteroidota,Bacteroidia,Bacteroidales,Prevotellaceae,Prevotella,Prevotella_disiens
36ea55ed1bd07bab4b5fc8cc2d4b9f72,Bacteria,Proteobacteria,Alphaproteobacteria,Rickettsiales,Mitochondria,Mitochondria,Unassigned
fbb5cf8dc1bf9e72d8924381a90f92fb,Bacteria,Proteobacteria,Alphaproteobacteria,Acetobacterales,Acetobacteraceae,Acidiphilium,uncultured_Alphaproteobacteria
25acb3fe654cf4bcd636caef0df87e67,Bacteria,Acidobacteriota,Blastocatellia,Pyrinomonadales,Pyrinomonadaceae,RB41,uncultured_bacterium
b23173db367cbacaa4f5d71b288571ae,Bacteria,Verrucomicrobiota,Chlamydiae,Chlamydiales,Parachlamydiaceae,Neochlamydia,uncultured_Chlamydiales
72cbbc7d3257f8b80b7d8e00369cf084,Bacteria,Unassigned,Unassigned,Unassigned,Unassigned,Unassigned,Unassigned
fd1db912b0f7effb98886e1b43ab6f15,Bacteria,Proteobacteria,Alphaproteobacteria,Rhizobiales,Hyphomicrobiaceae,Hyphomicrobium,metagenome
3e893c404a2dc0b7da8acd92e634efc3,Bacteria,Verrucomicrobiota,Verrucomicrobiae,Chthoniobacterales,Chthoniobacteraceae,Candidatus_Udaeobacter,uncultured_Prosthecobacter
4c6e576b91c412436d06cab3c301c286,Bacteria,Proteobacteria,Alphaproteobacteria,Rickettsiales,Mitochondria,Mitochondria,Imshaugia_aleurites
c460db45ee89d24bbe7d929e54bc0eeb,Bacteria,Proteobacteria,Alphaproteobacteria,Paracaedibacterales,Paracaedibacteraceae,Candidatus_Paracaedibacter,metagenome
0ac193af2dcd77531d61684bf260971b,Bacteria,Proteobacteria,Alphaproteobacteria,Rickettsiales,Mitochondria,Mitochondria,Unassigned
af90ae1de0242197432619cac9c17ac2,Bacteria,Proteobacteria,Alphaproteobacteria,Rhizobiales,Beijerinckiaceae,Methylobacterium-Methylorubrum,Unassigned
42ea306ee4d542da01cab87914589c5c,Bacteria,Cyanobacteria,Cyanobacteriia,Chloroplast,Chloroplast,Chloroplast,Unassigned
268ff1ce1f897385cef833f41497c2c6,Bacteria,Proteobacteria,Alphaproteobacteria,Rickettsiales,Mitochondria,Mitochondria,Unassigned
f368de2eee4ac33d2358e731825c347d,Bacteria,Proteobacteria,Gammaproteobacteria,Pseudomonadales,Pseudomonadaceae,Pseudomonas,Unassigned
697d78e1dca6c58ada179f791bef6bd2,Archaea,Halobacterota,Halobacteria,Halobacterales,Halomicrobiaceae,Halapricum,uncultured_archaeon
51ce50b6e38a70c46082a83b4f5dff23,Bacteria,Verrucomicrobiota,Verrucomicrobiae,Verrucomicrobiales,Rubritaleaceae,Luteolibacter,uncultured_Verrucomicrobia
5aec244cd45f2f9ec82c7a0db9d89743,Bacteria,Proteobacteria,Alphaproteobacteria,Unassigned,Unassigned,Unassigned,Unassigned
9ea455d16632633f10b259148c60880d,Bacteria,Proteobacteria,Alphaproteobacteria,Rickettsiales,Mitochondria,Mitochondria,Botryosphaeria_dothidea
8350b37317f86595468e5102556a34e1,Bacteria,Proteobacteria,Alphaproteobacteria,Rickettsiales,Mitochondria,Mitochondria,Unassigned
6c59d5024f2f9e4da38b4c50c77a9f7b,Bacteria,Planctomycetota,Planctomycetes,Isosphaerales,Isosphaeraceae,uncultured,uncultured_bacterium
c016012ce8d94e1b84e51b8ace21da18,Bacteria,Proteobacteria,Alphaproteobacteria,Elsterales,uncultured,uncultured,uncultured_Alphaproteobacteria
0127acb52f146d62e438cc3c46bc240f,Bacteria,Proteobacteria,Alphaproteobacteria,Rhizobiales,Beijerinckiaceae,Bosea,Unassigned
0e0e85cc33dd2c086893aa2912ae1e6f,Bacteria,Proteobacteria,Alphaproteobacteria,Rhodobacterales,Rhodobacteraceae,Unassigned,Unassigned
17293345e3195df4c75e96846eaff7e3,Bacteria,Unassigned,Unassigned,Unassigned,Unassigned,Unassigned,Unassigned
6cfa9eb11793747a6e081030ef5ebc0e,Bacteria,Acidobacteriota,Acidobacteriae,Acidobacteriales,Acidobacteriaceae_(Subgroup_1),Terriglobus,uncultured_bacterium
40a0cc5abde093da8a0c8f547922d523,Bacteria,Proteobacteria,Alphaproteobacteria,Rickettsiales,Mitochondria,Mitochondria,Unassigned
da8f2857f284942ac200d74c3603c4d3,Bacteria,Proteobacteria,Alphaproteobacteria,Rhizobiales,Devosiaceae,Devosia,Unassigned
de8ccb5b1165eca0a34265e0846dda9a,Bacteria,Unassigned,Unassigned,Unassigned,Unassigned,Unassigned,Unassigned
51c9553d3fbdd3d9b2489b98cba8a164,Bacteria,Deinococcota,Deinococci,Deinococcales,Trueperaceae,Truepera,Unassigned
f7b931bb13c1fe7a40b005f3e9aa590a,Bacteria,Proteobacteria,Alphaproteobacteria,Rhodobacterales,Rhodobacteraceae,Unassigned,Unassigned
1b327bc3a0edab71d72b4ecbbad91da8,Bacteria,Unassigned,Unassigned,Unassigned,Unassigned,Unassigned,Unassigned
a6e12e3d9630ec54ca31136b1557856c,Bacteria,Proteobacteria,Gammaproteobacteria,Pseudomonadales,Pseudomonadaceae,Pseudomonas,Unassigned
24ef008b3431a0c63793ef0d8c9c0cd5,Bacteria,Proteobacteria,Alphaproteobacteria,Rhizobiales,Devosiaceae,Devosia,Devosia_limi
e8e819037ad5bd4203d87d0049ea4eab,Bacteria,Acidobacteriota,Vicinamibacteria,Vicinamibacterales,Vicinamibacteraceae,Vicinamibacteraceae,uncultured_Acidobacteriales
b9f8bc52aed2a65de58128ba22fb658e,Bacteria,Proteobacteria,Gammaproteobacteria,Alteromonadales,Alteromonadaceae,Glaciecola,Unassigned
e88d2d1dfa2949805d4fdea38601bc6d,Bacteria,Verrucomicrobiota,Chlamydiae,Chlamydiales,Parachlamydiaceae,uncultured,metagenome
63a1790eea0fb9d497d5f3efa8922bfa,Bacteria,Proteobacteria,Alphaproteobacteria,Sphingomonadales,Sphingomonadaceae,Sphingomonas,Unassigned
2e35501e31e564a14d2b217041a82a47,Bacteria,Proteobacteria,Alphaproteobacteria,Rhizobiales,Beijerinckiaceae,Methylobacterium-Methylorubrum,Unassigned
d29297b6f7765a4dde383a8ca3e57206,Bacteria,Cyanobacteria,Cyanobacteriia,Chloroplast,Chloroplast,Chloroplast,Coccomyxa_viridis
3a59e9a5c0b543590825780517035e81,Bacteria,Actinobacteriota,Actinobacteria,Propionibacteriales,Nocardioidaceae,Nocardioides,Unassigned
a47dc9e35972071b0c985d4bd922108e,Bacteria,Bacteroidota,Bacteroidia,Sphingobacteriales,Sphingobacteriaceae,Pedobacter,Unassigned
ae52c76404c3c88e0867cf7ca49da276,Bacteria,Proteobacteria,Unassigned,Unassigned,Unassigned,Unassigned,Unassigned
0337db652605aef7931179aa9195be92,Bacteria,Firmicutes,Bacilli,Erysipelotrichales,Erysipelotrichaceae,ZOR0006,uncultured_bacterium
39987a92b2a2700148080a276ef8d099,Bacteria,Proteobacteria,Alphaproteobacteria,Rhizobiales,Devosiaceae,Devosia,Unassigned
76d212d457bd6939c0920e70d331c6a7,Bacteria,Proteobacteria,Alphaproteobacteria,Rhizobiales,Beijerinckiaceae,Bosea,Unassigned
61cdfe787b976bcddf384b1713115838,Bacteria,Firmicutes,Clostridia,Clostridiales,Clostridiaceae,Clostridium_sensu_stricto_1,Unassigned
9b426247ecb3b038c196321af8d54a55,Bacteria,Bacteroidota,Bacteroidia,Sphingobacteriales,Sphingobacteriaceae,Pedobacter,Unassigned
b9914638fb680b8f141a2f9586e532be,Bacteria,Planctomycetota,Planctomycetes,Isosphaerales,Isosphaeraceae,uncultured,Unassigned
667e6d6a2ed046f83be268f9ee8b592d,Bacteria,Verrucomicrobiota,Chlamydiae,Chlamydiales,Parachlamydiaceae,Unassigned,Unassigned
662befd96dbf1b0e238c7f90cf4bef24,Bacteria,Proteobacteria,Alphaproteobacteria,Rhizobiales,Rhizobiaceae,Phyllobacterium,Unassigned
47df4aa03cc5310fe72a07a6267aa352,Bacteria,Proteobacteria,Gammaproteobacteria,Pseudomonadales,Moraxellaceae,Acinetobacter,Unassigned
eb56d35749d96f3842fb6860e28a0a88,Bacteria,Proteobacteria,Alphaproteobacteria,Rhizobiales,Rhizobiaceae,Unassigned,Unassigned
51d864fe9d41f59f3d46ddf6119f534b,Bacteria,Proteobacteria,Alphaproteobacteria,Rhizobiales,Devosiaceae,Devosia,Devosia_limi
75cba6923835ff7f4a39609b8eacf3eb,Bacteria,Verrucomicrobiota,Chlamydiae,Chlamydiales,Parachlamydiaceae,Neochlamydia,Unassigned
73d4299000fc9eee6cbe1b68e17114c4,Bacteria,Proteobacteria,Alphaproteobacteria,Rhizobiales,Beijerinckiaceae,Unassigned,Unassigned
4b8e2165cca24e8842c663570d9e3a7b,Bacteria,Actinobacteriota,Actinobacteria,PeM15,PeM15,PeM15,Unassigned
4377ace8e06c725fc58d9c60d40496f5,Bacteria,Proteobacteria,Alphaproteobacteria,Rickettsiales,Mitochondria,Mitochondria,Unassigned
d3fa05f26e56f19960900c46c8dee463,Bacteria,Proteobacteria,Alphaproteobacteria,Sphingomonadales,Sphingomonadaceae,Sphingomonas,bacterium_815Y
68b5c117c5447929ffde57e513e64811,Bacteria,Cyanobacteria,Cyanobacteriia,Chloroplast,Chloroplast,Chloroplast,Watanabea_reniformis
b337ad616357a98542dbe0f0ffecc51a,Bacteria,Unassigned,Unassigned,Unassigned,Unassigned,Unassigned,Unassigned
4471f6adbbf6bf946b86733efce7977d,Bacteria,Proteobacteria,Alphaproteobacteria,Acetobacterales,Acetobacteraceae,Unassigned,Unassigned
bb3c4fe52a6d780b487fbe02ca567a7a,Bacteria,Proteobacteria,Alphaproteobacteria,Rhizobiales,Rhizobiaceae,Unassigned,Unassigned
ac1228784affa1b67de13dc9d7b1da88,Bacteria,Chloroflexi,Chloroflexia,Thermomicrobiales,JG30-KF-CM45,JG30-KF-CM45,uncultured_soil
4943790284825952986e062a9c8fb7cc,Bacteria,Cyanobacteria,Cyanobacteriia,Chloroplast,Chloroplast,Chloroplast,Unassigned
f71fc50b9c00a04c96ea68658401085d,Bacteria,Verrucomicrobiota,Chlamydiae,Chlamydiales,Parachlamydiaceae,Unassigned,Unassigned
8d446d71f62d656d878b37aca1fdba5f,Bacteria,Cyanobacteria,Cyanobacteriia,Chloroplast,Chloroplast,Chloroplast,Coccomyxa_viridis
dd4b0bd513692559b8920e9f65eae9d6,Bacteria,Planctomycetota,Planctomycetes,Pirellulales,Pirellulaceae,uncultured,uncultured_sludge
03949591036dd8fe14473b78f21898d6,Bacteria,Proteobacteria,Alphaproteobacteria,Rickettsiales,Mitochondria,Mitochondria,Unassigned
af99b4fd82a2fefb1338c4ff27bfb68e,Bacteria,Verrucomicrobiota,Verrucomicrobiae,Chthoniobacterales,Chthoniobacteraceae,Chthoniobacter,Unassigned
12f1e2fc92c99fe6c47b3b821ab5b02c,Bacteria,Cyanobacteria,Cyanobacteriia,Chloroplast,Chloroplast,Chloroplast,Vaucheria_litorea
157a7c6518a3b3e70daf62add4531002,Bacteria,Proteobacteria,Gammaproteobacteria,WD260,WD260,WD260,uncultured_bacterium
5a7d8a959ea772e750892129a8dc8694,Bacteria,Verrucomicrobiota,Chlamydiae,Chlamydiales,Parachlamydiaceae,Neochlamydia,uncultured_bacterium
9bcb67346a2d2bb7bcb782abd5bb7d74,Bacteria,Myxococcota,Polyangia,Polyangiales,Polyangiaceae,Pajaroellobacter,Unassigned
64f492ec6b9e8b403da78549ccbed38c,Bacteria,Deinococcota,Deinococci,Deinococcales,Deinococcaceae,Deinococcus,Deinococcus_ruber
6b06dd42ab55d7725b0584af3160559e,Unassigned,Unassigned,Unassigned,Unassigned,Unassigned,Unassigned,Unassigned
b50c8a5f1e7cf2c24119d4a9f089b5d0,Bacteria,Proteobacteria,Alphaproteobacteria,Rhizobiales,Devosiaceae,Devosia,Unassigned
ab7389eabd615226f86d8b0566e74281,Bacteria,Proteobacteria,Alphaproteobacteria,Rhizobiales,Rhizobiaceae,Allorhizobium-Neorhizobium-Pararhizobium-Rhizobium,Unassigned
3829d6157e47a123761d72e3da67923e,Bacteria,Actinobacteriota,Actinobacteria,Streptosporangiales,Streptosporangiaceae,Unassigned,Unassigned
e15206914527c772cf7ade98644a17b9,Bacteria,Proteobacteria,Alphaproteobacteria,Sphingomonadales,Sphingomonadaceae,Sphingomonas,Unassigned
3f1d8365fd54a6e1b415239f5ce7fc38,Bacteria,Unassigned,Unassigned,Unassigned,Unassigned,Unassigned,Unassigned
143c53cd307b40bab1c9b491fee80217,Archaea,Crenarchaeota,Nitrososphaeria,Nitrososphaerales,Nitrososphaeraceae,Nitrososphaeraceae,Unassigned
c4cc0fbad36340578cd369f294006581,Bacteria,Proteobacteria,Alphaproteobacteria,Rhizobiales,Beijerinckiaceae,Bosea,Unassigned
8a627d3731c7831b6383ebb2724ddf6f,Bacteria,Proteobacteria,Alphaproteobacteria,Rhizobiales,Xanthobacteraceae,Unassigned,Unassigned
10fd3f0bec9c322bafe9bc94b4254097,Bacteria,Proteobacteria,Alphaproteobacteria,Sphingomonadales,Sphingomonadaceae,Polymorphobacter,Unassigned
48a556c5b6dabd61b1c42265697ff6dd,Bacteria,Firmicutes,Clostridia,Clostridiales,Clostridiaceae,Clostridium_sensu_stricto_1,uncultured_Clostridia
418897c8ec4a1d7098a7a4a36b674049,Bacteria,Proteobacteria,Gammaproteobacteria,Legionellales,Legionellaceae,Legionella,uncultured_bacterium
00199cd32714c6c9e639c0ca96fd3ab7,Bacteria,Proteobacteria,Alphaproteobacteria,Rhizobiales,Beijerinckiaceae,uncultured,uncultured_endolithic
96562794faf8fa6f5ab4d70d65c09476,Bacteria,Actinobacteriota,Actinobacteria,Propionibacteriales,Nocardioidaceae,Nocardioides,Unassigned
c1469619e3d91e2c1c4adc325348d62a,Bacteria,Bdellovibrionota,Oligoflexia,Oligoflexales,Oligoflexales,Oligoflexus,Thymallus_thymallus
ebff626135e77f8383884214673ba170,Bacteria,Proteobacteria,Alphaproteobacteria,Rhizobiales,Beijerinckiaceae,Psychroglaciecola,Unassigned
784fa59659dab517cd9a28d20c06b2ef,Bacteria,Proteobacteria,Alphaproteobacteria,Rhizobiales,Xanthobacteraceae,Unassigned,Unassigned
3569146768850c00b07a48eebd421a5b,Bacteria,Cyanobacteria,Cyanobacteriia,Chloroplast,Chloroplast,Chloroplast,Coccomyxa_viridis
b1b5aed86c237f136db7d035ff9804f4,Bacteria,Actinobacteriota,Actinobacteria,Pseudonocardiales,Pseudonocardiaceae,Unassigned,Unassigned
fbdad07b6682941915b97828481361ee,Bacteria,Bacteroidota,Bacteroidia,Flavobacteriales,Flavobacteriaceae,Flavobacterium,Flavobacterium_cheonhonense
03c6755293fbe304117520ab6a491d0d,Bacteria,Actinobacteriota,Thermoleophilia,Solirubrobacterales,67-14,67-14,uncultured_actinobacterium
fa18aca208ad391042ec46d589ce2381,Bacteria,Actinobacteriota,Thermoleophilia,Gaiellales,uncultured,uncultured,metagenome
e500df3b40480c59822bd0c0a9ba56c6,Bacteria,Verrucomicrobiota,Chlamydiae,Chlamydiales,Parachlamydiaceae,Candidatus_Protochlamydia,Candidatus_Protochlamydia
351c6368c4d75951056e03637ce5ff87,Bacteria,Cyanobacteria,Cyanobacteriia,Chloroplast,Chloroplast,Chloroplast,Symbiochloris_handae
d19c50013448669e48f3265c8d1f8e3e,Bacteria,Chloroflexi,Chloroflexia,Thermomicrobiales,JG30-KF-CM45,JG30-KF-CM45,Unassigned
80c9682344c9e0551ec6b145d50a07b4,Bacteria,Unassigned,Unassigned,Unassigned,Unassigned,Unassigned,Unassigned
872ab7f0dbfcaa5370ce1f17de876cf8,Bacteria,Proteobacteria,Alphaproteobacteria,Rhizobiales,Beijerinckiaceae,1174-901-12,Rhizobiales_bacterium
7a9d62ffdc329e85856b8dbab8b18dd1,Bacteria,Unassigned,Unassigned,Unassigned,Unassigned,Unassigned,Unassigned
09114a88243e296df09abfe47467a50a,Bacteria,Planctomycetota,Planctomycetes,Isosphaerales,Isosphaeraceae,Unassigned,Unassigned
6a407fd210b0f3b193aee01c2063139e,Bacteria,Actinobacteriota,Actinobacteria,Propionibacteriales,Nocardioidaceae,Nocardioides,Unassigned
f06fe9a4dec8c382ca0577faf1afcce5,Bacteria,Actinobacteriota,Actinobacteria,Corynebacteriales,Mycobacteriaceae,Mycobacterium,Unassigned
68aedb00ac1e0388827c75be808a95d3,Bacteria,Firmicutes,Bacilli,Lactobacillales,Streptococcaceae,Lactococcus,Unassigned
d7cb9e8fb6fc538f5013273420f8a4c4,Bacteria,Proteobacteria,Alphaproteobacteria,Rhizobiales,Beijerinckiaceae,Bosea,Unassigned
5c0d8e7bbc7d52b4d0dc8669621280b9,Bacteria,Proteobacteria,Alphaproteobacteria,Acetobacterales,Acetobacteraceae,Unassigned,Unassigned
e6ef27c4586df273089dd3724feb066f,Bacteria,Proteobacteria,Alphaproteobacteria,Rhizobiales,Methyloligellaceae,uncultured,uncultured_Rhodobium
e3620a87443a142150a1b20a237c48a2,Bacteria,Proteobacteria,Alphaproteobacteria,Rhizobiales,Xanthobacteraceae,Pseudolabrys,Unassigned
074a3230a795a08d62c858005181f989,Bacteria,Proteobacteria,Alphaproteobacteria,Rhizobiales,Devosiaceae,Devosia,Unassigned
e6d96e02b77ba784968dd07e7d16fd32,Bacteria,Firmicutes,Bacilli,Lactobacillales,Streptococcaceae,Lactococcus,Unassigned
c1a919c0a7f5072418d76d102ba6f037,Bacteria,Verrucomicrobiota,Verrucomicrobiae,Chthoniobacterales,Chthoniobacteraceae,Candidatus_Udaeobacter,uncultured_Prosthecobacter
3f1686e3c2aa7b678d716f8bb93de58d,Bacteria,Proteobacteria,Gammaproteobacteria,Burkholderiales,Oxalobacteraceae,Duganella,Unassigned
480a39f55b20210834f60f886323782c,Archaea,Halobacterota,Halobacteria,Halobacterales,Halomicrobiaceae,Natronomonas,Natronomonas_sp.
18fac040444097076e29d98fa7bd616d,Bacteria,Firmicutes,Bacilli,Unassigned,Unassigned,Unassigned,Unassigned
6389a9599ae17ce6e887a4e164f6d972,Bacteria,Proteobacteria,Alphaproteobacteria,Rickettsiales,Mitochondria,Mitochondria,Botryosphaeria_dothidea
f85d02950a47b0014504356f349308e6,Bacteria,Firmicutes,Clostridia,Clostridiales,Clostridiaceae,Clostridium_sensu_stricto_1,Unassigned
6f7f40fbf8935ba6ab333046ea85f4de,Unassigned,Unassigned,Unassigned,Unassigned,Unassigned,Unassigned,Unassigned
8068ed40bc04e3bfe74c4e36b22a021a,Bacteria,Proteobacteria,Gammaproteobacteria,Xanthomonadales,Xanthomonadaceae,Stenotrophomonas,Unassigned
ac8091cd571bfe8285f65579d0ae44b6,Bacteria,Proteobacteria,Alphaproteobacteria,Acetobacterales,Acetobacteraceae,Roseomonas,Acetobacteraceae_bacterium
83528ef27cffa47f68e967b80bb8a7a5,Bacteria,Planctomycetota,Planctomycetes,Gemmatales,Gemmataceae,uncultured,uncultured_bacterium
c0777f1678803e2b777eb9e6077eaebe,Bacteria,Planctomycetota,Planctomycetes,Pirellulales,Pirellulaceae,Pir4_lineage,metagenome
14c86c38b091a2ad4b5370353278ef2a,Bacteria,Firmicutes,Bacilli,RsaHf231,RsaHf231,RsaHf231,bacterium_PM5-3
eaf93e9dc8b748505c9b5250ba4910a8,Bacteria,Proteobacteria,Alphaproteobacteria,Rhizobiales,Beijerinckiaceae,Bosea,Unassigned
05877a4b1c31bb221f27ec9cb6af5140,Bacteria,Proteobacteria,Alphaproteobacteria,Rhizobiales,Rhizobiales_Incertae_Sedis,Phreatobacter,Unassigned
5cfb992bd0f26fd6138eb8edd320bf4e,Bacteria,Proteobacteria,Alphaproteobacteria,Rhizobiales,Kaistiaceae,Kaistia,uncultured_bacterium
a6448e254004bf0bac04543be2a18c98,Bacteria,Proteobacteria,Gammaproteobacteria,Cardiobacteriales,Unassigned,Unassigned,Unassigned
6facad0e3c257e188374799b9e2790d9,Bacteria,Planctomycetota,Planctomycetes,Pirellulales,Pirellulaceae,Pirellula,Unassigned
1c06fdb891e34a530bf9f1a67c07cb18,Bacteria,Planctomycetota,Planctomycetes,Planctomycetales,uncultured,uncultured,metagenome
24906fd1af05270073f23b42441a6b6c,Bacteria,Proteobacteria,Gammaproteobacteria,Burkholderiales,Oxalobacteraceae,Duganella,Unassigned
43561d98c3d99e83d392cbfb0f4bd947,Bacteria,Dependentiae,Babeliae,Babeliales,UBA12409,UBA12409,uncultured_bacterium
d69abb6ea1e94ea8fbfc1fabcf41a92e,Bacteria,Cyanobacteria,Cyanobacteriia,Chloroplast,Chloroplast,Chloroplast,Unassigned
4bed695d6a9a3d3b400b44ae0435de3e,Bacteria,Firmicutes,Clostridia,Lachnospirales,Lachnospiraceae,Lachnoclostridium,Unassigned
30c556e414cb71cbebe1c1a7abb4eba7,Unassigned,Unassigned,Unassigned,Unassigned,Unassigned,Unassigned,Unassigned
f77aaa8eb40ceff6b227d7fd45bcd85e,Bacteria,Cyanobacteria,Cyanobacteriia,Chloroplast,Chloroplast,Chloroplast,Chlamydomonas_reinhardtii
a6178d7e00e90bb496834f525305a61d,Bacteria,Firmicutes,Desulfitobacteriia,Desulfitobacteriales,Desulfitobacteriaceae,Desulfosporosinus,Unassigned
fd0e3dfc373f1b085e28d4f38797a89b,Bacteria,Actinobacteriota,Actinobacteria,Frankiales,Acidothermaceae,Acidothermus,uncultured_soil
993dea01666c300539b45f2dbebcc45c,Bacteria,Proteobacteria,Gammaproteobacteria,Pseudomonadales,Pseudomonadaceae,Pseudomonas,Unassigned
ec7e3f60bd8d8b8b318dcd98a165ad32,Bacteria,Unassigned,Unassigned,Unassigned,Unassigned,Unassigned,Unassigned
b04950f0b93a4c10f3aab66e4a6e05c0,Bacteria,Verrucomicrobiota,Chlamydiae,Chlamydiales,Unassigned,Unassigned,Unassigned
ac6e41a83a4ad9ecbec623934845d4b6,Bacteria,Planctomycetota,Planctomycetes,Gemmatales,Gemmataceae,uncultured,Unassigned
58a8b01e2364990502e05895b88ed2fb,Bacteria,Proteobacteria,Alphaproteobacteria,Sphingomonadales,Sphingomonadaceae,Unassigned,Unassigned
00e20ba458fe869bd2d5665f453b639e,Bacteria,Actinobacteriota,Thermoleophilia,Solirubrobacterales,Solirubrobacteraceae,Conexibacter,metagenome
11a5c05233f9ff32109e3bc55e78d548,Bacteria,Firmicutes,Bacilli,Erysipelotrichales,Erysipelotrichaceae,Unassigned,Unassigned
2879fbf135f0da15e5bec1f775190a6b,Bacteria,Proteobacteria,Alphaproteobacteria,Rickettsiales,Mitochondria,Mitochondria,Botryosphaeria_dothidea
dfd25005b7902a73578a17eb9ae6413c,Bacteria,Proteobacteria,Alphaproteobacteria,Rhizobiales,Methyloligellaceae,uncultured,Unassigned
21fcc8d1dc7c55b260042d993d05ccb7,Bacteria,Verrucomicrobiota,Chlamydiae,Chlamydiales,Chlamydiaceae,Chlamydiaceae,metagenome
f8a72f0e31c17d7bf73c642dd8786c7f,Bacteria,Firmicutes,Clostridia,Peptostreptococcales-Tissierellales,Peptostreptococcaceae,Romboutsia,Unassigned
e50a93a87a9dd27494753806f6a03986,Bacteria,Unassigned,Unassigned,Unassigned,Unassigned,Unassigned,Unassigned
24fc7a8df2d94a41dbef04bad63811b6,Bacteria,Proteobacteria,Gammaproteobacteria,Burkholderiales,Comamonadaceae,Unassigned,Unassigned
2148eff149e031e26959961fa9ac7a5c,Bacteria,Proteobacteria,Alphaproteobacteria,Rickettsiales,Mitochondria,Mitochondria,Unassigned
c60cddffba563e01f7d21069ecd6c18b,Bacteria,Actinobacteriota,Actinobacteria,Micrococcales,Microbacteriaceae,Unassigned,Unassigned
781aa2232de23f7f7fe5da5efedeb69b,Bacteria,Proteobacteria,Alphaproteobacteria,Rhizobiales,Devosiaceae,Unassigned,Unassigned
5286d2ee7cd95d149db60d5ff3c25e3b,Bacteria,Firmicutes,Clostridia,Unassigned,Unassigned,Unassigned,Unassigned
31618bebe56b030a2c5b0cbaf34f877a,Bacteria,Proteobacteria,Gammaproteobacteria,Cardiobacteriales,Cardiobacteriales,Cardiobacteriales,uncultured_bacterium
14a72f84e59518408473c7e69e407bad,Bacteria,Firmicutes,Bacilli,Lactobacillales,Enterococcaceae,Enterococcus,Unassigned
ac66c55e329708c5c4221d345bbf6980,Bacteria,Actinobacteriota,Actinobacteria,PeM15,PeM15,PeM15,Unassigned
f38cbb693ef9b33752c35f9b34d0d78f,Bacteria,Proteobacteria,Gammaproteobacteria,Burkholderiales,Comamonadaceae,Unassigned,Unassigned
bb00af8df7ce79d35aae194032ef3fa9,Bacteria,Bacteroidota,Bacteroidia,Bacteroidales,Williamwhitmaniaceae,Rs-D38_termite_group,uncultured_bacterium
5a4f7c035a3ecebcf2655325001bec4b,Bacteria,Proteobacteria,Gammaproteobacteria,Burkholderiales,Comamonadaceae,Unassigned,Unassigned
740ed4d1438739b11010743e8dd46454,Bacteria,Actinobacteriota,Thermoleophilia,Solirubrobacterales,Solirubrobacteraceae,Conexibacter,uncultured_bacterium
aee75016fef62d47795229a845b05d9e,Bacteria,Proteobacteria,Alphaproteobacteria,Reyranellales,Reyranellaceae,Reyranella,metagenome
79fa86e02fdb4ca53cbc5c20f4ce7f60,Bacteria,Actinobacteriota,Acidimicrobiia,IMCC26256,IMCC26256,IMCC26256,Unassigned
62d6d99786858d096cfee6d3c2a27d35,Bacteria,Proteobacteria,Gammaproteobacteria,Xanthomonadales,Xanthomonadaceae,Stenotrophomonas,Unassigned
d89db3db8933d268bc47340b6ab84eaa,Bacteria,Proteobacteria,Alphaproteobacteria,Rickettsiales,Mitochondria,Mitochondria,Unassigned
f2d6303772b9703400a442cc3a739a70,Bacteria,Proteobacteria,Alphaproteobacteria,Rhizobiales,Hyphomicrobiaceae,Pedomicrobium,Unassigned
6c12549ccdc1ef578471835b4cd0ee10,Bacteria,Planctomycetota,Planctomycetes,Gemmatales,Gemmataceae,Gemmata,uncultured_bacterium
41eb4e415797f0abdff3d9d558341316,Bacteria,Bacteroidota,Bacteroidia,Sphingobacteriales,Sphingobacteriaceae,Pedobacter,Unassigned
c5c2783010fd3a7df6a51abfd1cf8499,Bacteria,Proteobacteria,Alphaproteobacteria,Unassigned,Unassigned,Unassigned,Unassigned
68556b964d7ee2d5619e8971658183a8,Bacteria,Proteobacteria,Alphaproteobacteria,Rhizobiales,Devosiaceae,Devosia,Unassigned
19a53938b5298779bc03862cff2be46d,Bacteria,Planctomycetota,Planctomycetes,Isosphaerales,Isosphaeraceae,uncultured,Unassigned
d109e92c32984fda757facd2049141d3,Bacteria,Proteobacteria,Alphaproteobacteria,Rhizobiales,Beijerinckiaceae,Bosea,Unassigned
2969f2547a69f25d5298d4f597b326d3,Bacteria,Firmicutes,Bacilli,Exiguobacterales,Exiguobacteraceae,Exiguobacterium,Unassigned
a903cb08b18566ae3b521ff8d097e5ae,Bacteria,Firmicutes,Clostridia,Lachnospirales,Lachnospiraceae,Tyzzerella,Unassigned
ed480d191c01a8dd93f238210fa00db7,Bacteria,Planctomycetota,Planctomycetes,Isosphaerales,Isosphaeraceae,uncultured,agricultural_soil
5faab5a4edcdfbf46fe07bbd7ef77fc5,Bacteria,Proteobacteria,Gammaproteobacteria,Alteromonadales,Colwelliaceae,Colwellia,Unassigned
7c56dc2bed65622f88b1f4d50127dd23,Bacteria,Proteobacteria,Alphaproteobacteria,Rhizobiales,Devosiaceae,Devosia,Unassigned
245b2aa3f0304ce3a64102493b4261a1,Bacteria,Bacteroidota,Bacteroidia,Cytophagales,Spirosomaceae,Emticicia,Unassigned
19cd2dd342517b0d38f302cb09f5a81a,Bacteria,Planctomycetota,Planctomycetes,Planctomycetales,Rubinisphaeraceae,SH-PL14,uncultured_planctomycete
72d8b542ba9b13c15a899e676928db93,Bacteria,Planctomycetota,Planctomycetes,Planctomycetales,Rubinisphaeraceae,SH-PL14,uncultured_planctomycete
f51d5d718cfa0d919ef617d29f3a73cc,Bacteria,Bacteroidota,Bacteroidia,Cytophagales,Spirosomaceae,Spirosoma,uncultured_bacterium
7780d45c80c2cf5ffdfa07684a73a8ff,Bacteria,Planctomycetota,Planctomycetes,Pirellulales,Pirellulaceae,uncultured,uncultured_Planctomycetaceae
e34ebf2e44b09dac4048fb98726a584a,Bacteria,Firmicutes,Bacilli,Lactobacillales,Streptococcaceae,Lactococcus,Unassigned
ae9878857ee196e80d50a93308c45c04,Bacteria,Firmicutes,Clostridia,Clostridiales,Clostridiaceae,Clostridium_sensu_stricto_1,Unassigned
db9fae4c67eb5d1d963eb16b1d5afee6,Bacteria,Actinobacteriota,Actinobacteria,Propionibacteriales,Nocardioidaceae,uncultured,uncultured_bacterium
e0aa45b86f08cfe95ff80ba126f84904,Bacteria,Proteobacteria,Alphaproteobacteria,Acetobacterales,Acetobacteraceae,Acidiphilium,uncultured_bacterium
1875785c29204459f8da99352dbcf301,Bacteria,Firmicutes,Bacilli,Lactobacillales,Unassigned,Unassigned,Unassigned
1d2aeb2d444f8ac64f55766cade27a29,Bacteria,Proteobacteria,Gammaproteobacteria,uncultured,uncultured,uncultured,metagenome
59fb34548e8e72af8acec63011fdc56b,Bacteria,Proteobacteria,Gammaproteobacteria,Legionellales,Legionellaceae,Legionella,Unassigned
bea0a301bba8e9a6620e375d5c388e33,Bacteria,Proteobacteria,Alphaproteobacteria,Rhizobiales,Rhizobiales_Incertae_Sedis,uncultured,uncultured_bacterium
c3f8b3bcf4aaf0864acb031e5c5eb78b,Bacteria,Patescibacteria,Saccharimonadia,Saccharimonadales,Saccharimonadales,Saccharimonadales,uncultured_bacterium
e4cd1e3685b1b509db2d09a18197ec70,Bacteria,Proteobacteria,Alphaproteobacteria,Rhizobiales,Beijerinckiaceae,Bosea,Unassigned
94eacd19ad98499dee028959f372d2ee,Bacteria,Unassigned,Unassigned,Unassigned,Unassigned,Unassigned,Unassigned
a260ae618d62aa5c16b5f04fefa330d4,Bacteria,Firmicutes,Bacilli,RsaHf231,RsaHf231,RsaHf231,Unassigned
787aeb692ca8ff50b258b3a79b068e01,Bacteria,Planctomycetota,Planctomycetes,Pirellulales,Pirellulaceae,uncultured,metagenome
53fbc2ef4d65f702c9820cf34d6a398d,Bacteria,Firmicutes,Clostridia,Oscillospirales,Ruminococcaceae,uncultured,uncultured_Firmicutes
f3723b6b5d87e6ab7c04dbd320047da7,Bacteria,Cyanobacteria,Cyanobacteriia,Oxyphotobacteria_Incertae_Sedis,Unknown_Family,Calothrix_KVSF5,uncultured_bacterium
d2bfb6f067b9c3164e163808fdb5f985,Bacteria,Proteobacteria,Gammaproteobacteria,OM182_clade,OM182_clade,OM182_clade,marine_gamma
dd96d42f1a48279bcb720d8497634aad,Bacteria,Firmicutes,Clostridia,Clostridiales,Clostridiaceae,Clostridium_sensu_stricto_1,Unassigned
eac3b80eb025b43bf4a6333ec6b08938,Bacteria,Cyanobacteria,Cyanobacteriia,Chloroplast,Chloroplast,Chloroplast,Tupiella_akineta
8ebc7d8d2c80012c1fe84f9b3dee8d48,Bacteria,Unassigned,Unassigned,Unassigned,Unassigned,Unassigned,Unassigned
0a3a3968f5d953b75a7f95a207c473f2,Bacteria,Planctomycetota,Planctomycetes,Gemmatales,Gemmataceae,Fimbriiglobus,uncultured_bacterium
437a4e890cb96e67816a70c33eaec9ec,Bacteria,Proteobacteria,Alphaproteobacteria,Rhizobiales,Hyphomicrobiaceae,Hyphomicrobium,Unassigned
0f5c0090508413572d7853a46244d926,Bacteria,Proteobacteria,Alphaproteobacteria,Rhizobiales,Beijerinckiaceae,Bosea,Unassigned
cffd2ffb0cbb939067af45cbdc22fa75,Bacteria,Proteobacteria,Gammaproteobacteria,Cellvibrionales,Cellvibrionaceae,Cellvibrio,Unassigned
d2c1ff10fa8b95841234f174656a8092,Bacteria,Firmicutes,Clostridia,Lachnospirales,Lachnospiraceae,Tyzzerella,Unassigned
53dea437d0786f084855131f84c1909b,Bacteria,Proteobacteria,Alphaproteobacteria,Rhizobiales,Rhizobiaceae,Allorhizobium-Neorhizobium-Pararhizobium-Rhizobium,Unassigned
61cb8f9fd729776a59dd45644609866a,Bacteria,Proteobacteria,Gammaproteobacteria,uncultured,uncultured,uncultured,metagenome
ca39251b3dac65a8f1ebe6e4c6df330d,Unassigned,Unassigned,Unassigned,Unassigned,Unassigned,Unassigned,Unassigned
68c83eaeb1569cebda772f63d13997b8,Bacteria,Verrucomicrobiota,Chlamydiae,Chlamydiales,Parachlamydiaceae,Neochlamydia,uncultured_Chlamydiales
b5846d531dd9397188cf17562d77f9a4,Bacteria,Proteobacteria,Gammaproteobacteria,Pseudomonadales,Pseudomonadaceae,Pseudomonas,Unassigned
ec3f041d8eafad9b4055bf458fa8e41e,Bacteria,Chloroflexi,Chloroflexia,Thermomicrobiales,JG30-KF-CM45,JG30-KF-CM45,uncultured_soil
87b1c4b28a697caf924ac58695b72f3a,Bacteria,Unassigned,Unassigned,Unassigned,Unassigned,Unassigned,Unassigned
44163524b2333bb5e21a77e4331a5e08,Bacteria,Planctomycetota,Planctomycetes,Isosphaerales,Isosphaeraceae,Tundrisphaera,Unassigned
e59d15c6937309a94cc86be999e59954,Bacteria,Proteobacteria,Alphaproteobacteria,Paracaedibacterales,Paracaedibacteraceae,Candidatus_Captivus,metagenome
defd860fce66764443d798ff80e185b6,Bacteria,Firmicutes,Clostridia,Oscillospirales,Ruminococcaceae,Candidatus_Soleaferrea,Unassigned
bc270ba9f632359f99eb2d11f5d106bd,Bacteria,Proteobacteria,Gammaproteobacteria,Gammaproteobacteria_Incertae_Sedis,Unknown_Family,Candidatus_Berkiella,uncultured_bacterium
960651576000fc1ec018e07f29af09e0,Bacteria,Firmicutes,Bacilli,Bacillales,Bacillaceae,Geobacillus,Unassigned
0fc4b8682ed4a6e2b19091f483122730,Bacteria,Planctomycetota,Planctomycetes,Gemmatales,Gemmataceae,uncultured,uncultured_Zavarzinella
293f1b707f5021bbc0853afd3f24ad5a,Bacteria,Proteobacteria,Alphaproteobacteria,Rhizobiales,Devosiaceae,Devosia,Unassigned
5d10f5426c4398e2bd9f29b15060b1bb,Bacteria,Proteobacteria,Gammaproteobacteria,Diplorickettsiales,Diplorickettsiaceae,Aquicella,uncultured_bacterium
4e6cb45b9b5db30a6003919c4a2067fc,Bacteria,Firmicutes,Clostridia,Clostridiales,Clostridiaceae,Clostridium_sensu_stricto_13,Unassigned
e1183fc71a17652b4935b3bd194adcfa,Bacteria,Actinobacteriota,Actinobacteria,Frankiales,Sporichthyaceae,Longivirga,uncultured_bacterium
4d8fac9d4aa16217819da9bb4ad3023f,Bacteria,Proteobacteria,Alphaproteobacteria,Rickettsiales,Mitochondria,Mitochondria,Unassigned
8af75330356021fd860e2cbd5233649b,Bacteria,Firmicutes,Bacilli,Paenibacillales,Paenibacillaceae,Saccharibacillus,Saccharibacillus_deserti
2c860ee4996c5ea74183924a8b099c42,Bacteria,Proteobacteria,Alphaproteobacteria,Rhizobiales,Xanthobacteraceae,uncultured,uncultured_Bradyrhizobiaceae
411e920ff4a4fa7a709cbb59c954dd86,Bacteria,Firmicutes,Bacilli,RsaHf231,RsaHf231,RsaHf231,uncultured_bacterium
aa811eee06457b8e9e6faab6c6a3e6cd,Bacteria,Proteobacteria,Alphaproteobacteria,Rhizobiales,Hyphomicrobiaceae,Hyphomicrobium,uncultured_bacterium
5f850c4620db1c6953e0c2a894396db5,Bacteria,Proteobacteria,Gammaproteobacteria,Legionellales,Legionellaceae,Legionella,Unassigned
0af3b04688c96edee58ccbfbcd0bd26f,Bacteria,Proteobacteria,Alphaproteobacteria,Sphingomonadales,Sphingomonadaceae,Sphingorhabdus,Unassigned
ef7bad2f20509972ac065725cf31f00d,Bacteria,Firmicutes,Bacilli,Lactobacillales,Streptococcaceae,Lactococcus,Unassigned
63121e0f57ebade99299c3f31d723bdc,Bacteria,Proteobacteria,Alphaproteobacteria,Rhizobiales,Rhizobiaceae,Allorhizobium-Neorhizobium-Pararhizobium-Rhizobium,Unassigned
3eb4cd480e7145bb6210f0dbdfc4814d,Bacteria,Proteobacteria,Alphaproteobacteria,Rhizobiales,Rhizobiales_Incertae_Sedis,Phreatobacter,Unassigned
8be50f4ee7753caaae2186f38d15a9b4,Bacteria,Proteobacteria,Alphaproteobacteria,Rhizobiales,Devosiaceae,Devosia,Unassigned
9efda8fb9180b700ef132ebb9231cecc,Bacteria,Firmicutes,Bacilli,RsaHf231,RsaHf231,RsaHf231,bacterium_PM5-3
d24ba3e2bca71e0ab8255a046debb2a6,Bacteria,Bdellovibrionota,Bdellovibrionia,Bdellovibrionales,Bdellovibrionaceae,OM27_clade,uncultured_delta
e5fe81d3cf567303a04c352be5819582,Bacteria,Proteobacteria,Gammaproteobacteria,Burkholderiales,Comamonadaceae,Unassigned,Unassigned
5579b6342f35ddb51fd17fb11a74a24d,Bacteria,Planctomycetota,Planctomycetes,Gemmatales,Gemmataceae,Gemmata,uncultured_bacterium
746fc3203c835b6722ceb40645a4e336,Bacteria,Proteobacteria,Alphaproteobacteria,Sphingomonadales,Sphingomonadaceae,Sphingobium,metagenome
7e06be457a405a73244e29bd37c9e4d1,Bacteria,Verrucomicrobiota,Chlamydiae,Chlamydiales,Parachlamydiaceae,Neochlamydia,Unassigned
f2ce0281d43617732735f2359d8a63d4,Bacteria,Bacteroidota,Bacteroidia,Flavobacteriales,Weeksellaceae,Chryseobacterium,Unassigned
a1da6290659962248641e4252d5c653d,Bacteria,Planctomycetota,Planctomycetes,Gemmatales,Gemmataceae,uncultured,uncultured_bacterium
e7e134eb6c0e9424f2eb1965751dfacb,Bacteria,Deinococcota,Deinococci,Deinococcales,Deinococcaceae,Deinococcus,uncultured_bacterium
16643e7c25a2b6ded9dcf805ca1eb2c7,Bacteria,Verrucomicrobiota,Chlamydiae,Chlamydiales,Parachlamydiaceae,Candidatus_Protochlamydia,metagenome
f2b35866394beb7acc8b45c667657f89,Bacteria,Planctomycetota,Planctomycetes,Gemmatales,Gemmataceae,uncultured,Unassigned
9e7cd0008b3a14deb1830d17b8476ea6,Bacteria,Actinobacteriota,Actinobacteria,Frankiales,Sporichthyaceae,Longivirga,Unassigned
54c9efcc73d59c4518199f88d64f8e70,Bacteria,Proteobacteria,Alphaproteobacteria,Rhizobiales,Rhizobiales_Incertae_Sedis,Phreatobacter,uncultured_bacterium
c328b886dab46a53b62ca966832798e7,Bacteria,Planctomycetota,Planctomycetes,Planctomycetales,Rubinisphaeraceae,SH-PL14,uncultured_planctomycete
15199bf4673c4873aa757e32f6d4ef65,Bacteria,Proteobacteria,Alphaproteobacteria,Rhizobiales,Rhizobiaceae,Pseudochrobactrum,Unassigned
2d99eb0496272886b536ec586b424155,Bacteria,Firmicutes,Clostridia,Clostridiales,Clostridiaceae,Clostridium_sensu_stricto_1,Unassigned
1a74fc9cca983b7e330b93da4e417d3b,Bacteria,Firmicutes,Clostridia,Lachnospirales,Lachnospiraceae,Unassigned,Unassigned
b5bb169fcb3007ce50eabca82c5d0d27,Bacteria,Proteobacteria,Alphaproteobacteria,Rhizobiales,Beijerinckiaceae,Bosea,Unassigned
538311f0869de6894fdf095c8058e010,Bacteria,Firmicutes,Clostridia,Clostridiales,Clostridiaceae,Clostridium_sensu_stricto_1,Unassigned
3eb6566e114133563767d16da7955ca2,Bacteria,Planctomycetota,Planctomycetes,Pirellulales,Pirellulaceae,uncultured,uncultured_Planctomycetaceae
3e1ead14913ad5bb257fca6bddd3e418,Bacteria,Firmicutes,Desulfitobacteriia,Desulfitobacteriales,Desulfitobacteriaceae,Desulfosporosinus,Unassigned
e648cbcc9d229cb0c1a9c0963cf124f7,Bacteria,Acidobacteriota,Acidobacteriae,Acidobacteriales,Acidobacteriaceae_(Subgroup_1),Unassigned,Unassigned
9ff69118b4407c01674e9344b1662de9,Bacteria,Planctomycetota,Planctomycetes,Pirellulales,Pirellulaceae,Pirellula,uncultured_bacterium
b13a32fc1f4a84abac8cf43d443597a7,Bacteria,Planctomycetota,Planctomycetes,Gemmatales,Gemmataceae,Gemmata,Gemmata_sp.
577c1bd4d1bdb2e84cec7ce7fbad17f5,Eukaryota,Opalinata,Opalinata,Opalinata,Opalinata,Opalinata,Opalina_undulata
a1cb4d2e3ed44d67f10a3d0afead82fe,Bacteria,Cyanobacteria,Cyanobacteriia,Cyanobacteriales,Chroococcidiopsaceae,uncultured,uncultured_bacterium
e58b371840609491d52fe6f30d670cb6,Bacteria,Verrucomicrobiota,Chlamydiae,Chlamydiales,Chlamydiaceae,Chlamydiaceae,metagenome
7f5a56f701d31e0252a44a8be0f35f0a,Bacteria,Firmicutes,Clostridia,Lachnospirales,Lachnospiraceae,Unassigned,Unassigned
313ce1170aff390ae42aa9056c3d3c4c,Bacteria,Desulfobacterota,Desulfuromonadia,Geobacterales,Geobacteraceae,Geobacter,Unassigned
4d2cc63b0df7839280b1b73a406d7adc,Bacteria,Planctomycetota,Planctomycetes,Isosphaerales,Isosphaeraceae,uncultured,uncultured_bacterium
e9ed4d9e5bd9510c58e435778ed47815,Bacteria,Cyanobacteria,Cyanobacteriia,Chloroplast,Chloroplast,Chloroplast,Unassigned
ed00dc500e1c08aebec6ee257a23a29b,Bacteria,Planctomycetota,Planctomycetes,Pirellulales,Pirellulaceae,uncultured,uncultured_Planctomycetaceae
7c61ba7e25025f6935c043ca75b23369,Bacteria,Actinobacteriota,Actinobacteria,Propionibacteriales,Nocardioidaceae,Nocardioides,Unassigned
9210d2079edd6b45950df8c4fe4c29c4,Bacteria,Proteobacteria,Gammaproteobacteria,Legionellales,Legionellaceae,Legionella,uncultured_bacterium
d4edb299a95580a1e81958258218d059,Bacteria,Proteobacteria,Alphaproteobacteria,Rhizobiales,Beijerinckiaceae,Bosea,Unassigned
e44472b70ece9532aeb883bcf05790a5,Bacteria,Proteobacteria,Gammaproteobacteria,Xanthomonadales,Xanthomonadaceae,Unassigned,Unassigned
f8411c320f6d6de703f290bf02078e6d,Bacteria,Proteobacteria,Gammaproteobacteria,Xanthomonadales,Xanthomonadaceae,Stenotrophomonas,Unassigned
3ecbd955bac32e273551c1f83043a16c,Bacteria,Firmicutes,Clostridia,Clostridiales,Clostridiaceae,Clostridium_sensu_stricto_1,Unassigned
21a20e1b3496e8a19c27ef5e99f0f193,Bacteria,Actinobacteriota,Thermoleophilia,Solirubrobacterales,Solirubrobacteraceae,Conexibacter,Unassigned
fb685a2dd3f2a7699b2e7398537b1423,Bacteria,Proteobacteria,Gammaproteobacteria,Pseudomonadales,Pseudomonadaceae,Pseudomonas,Unassigned
7887a87f07633d4121c33711f1bf171c,Bacteria,Proteobacteria,Alphaproteobacteria,Rhizobiales,Devosiaceae,Devosia,Unassigned
4a49a04523ba1cc2b09d9cda15cd5fce,Bacteria,Proteobacteria,Alphaproteobacteria,Sphingomonadales,Sphingomonadaceae,Sphingobium,Sphingobium_sufflavum
98d5ff98982280e7ac9e78ed2cf2c77d,Bacteria,Proteobacteria,Alphaproteobacteria,Sphingomonadales,Sphingomonadaceae,Unassigned,Unassigned
997a6154cbf42caa8e70ec1c31e8b4cb,Bacteria,Proteobacteria,Alphaproteobacteria,Rhizobiales,Devosiaceae,Devosia,Unassigned
f16cc6884071f3cdb2a9c082e0baaf99,Bacteria,Proteobacteria,Alphaproteobacteria,Rhizobiales,Xanthobacteraceae,Rhodopseudomonas,Unassigned
e8c13c76b7d53e80749a50d66a225061,Bacteria,Firmicutes,Bacilli,Erysipelotrichales,Erysipelotrichaceae,Breznakia,Breznakia_pachnodae
75f2d1d4e493a1062fac904c1289fab4,Bacteria,Verrucomicrobiota,Verrucomicrobiae,Opitutales,Puniceicoccaceae,Verruc-01,Opitutae_bacterium
684defd4f9318c2e190e67b57c24c0a0,Bacteria,Firmicutes,Clostridia,Lachnospirales,Lachnospiraceae,Tyzzerella,Unassigned
f594351734974f02d47a3182bcfe6893,Bacteria,Proteobacteria,Alphaproteobacteria,Rhizobiales,Devosiaceae,Devosia,Unassigned
c69e72a3b1787a2aa9c1cc94071f06ce,Bacteria,Proteobacteria,Gammaproteobacteria,Burkholderiales,Oxalobacteraceae,Unassigned,Unassigned
6756c06772f83014848398ad397f583b,Bacteria,Cyanobacteria,Cyanobacteriia,Chloroplast,Chloroplast,Chloroplast,Prasiolopsis_sp.
7a613baaff79f933e4c382470f660a05,Bacteria,Firmicutes,Clostridia,Clostridiales,Clostridiaceae,Unassigned,Unassigned
64d72bda03a1da8d53d0bbc1d14559c2,Bacteria,Firmicutes,Clostridia,Lachnospirales,Lachnospiraceae,Tyzzerella,uncultured_Eubacteriaceae
81507bf244dabd18e309fd2b1c4e6c7f,Bacteria,Proteobacteria,Alphaproteobacteria,Acetobacterales,Acetobacteraceae,Unassigned,Unassigned
29b998c84f64166f64666c1ea3ea049c,Bacteria,Proteobacteria,Gammaproteobacteria,Burkholderiales,Comamonadaceae,Unassigned,Unassigned
97c1f7a338a1a116cdd201501ba41e5a,Bacteria,Proteobacteria,Alphaproteobacteria,Rickettsiales,Mitochondria,Mitochondria,Botryosphaeria_dothidea
4cae3ae7aa83fec605c30f8c869b207b,Bacteria,Proteobacteria,Alphaproteobacteria,Rhizobiales,Rhizobiaceae,Allorhizobium-Neorhizobium-Pararhizobium-Rhizobium,Unassigned
0d28103192354d4d3005fa1c1730ef3f,Bacteria,Proteobacteria,Alphaproteobacteria,Rhizobiales,Rhizobiaceae,Unassigned,Unassigned
8eebee079e89dc4daffa0f3f6d3261b2,Bacteria,Firmicutes,Bacilli,Paenibacillales,Paenibacillaceae,Paenibacillus,Unassigned
d71d8aa5b4355968ed2357a0bdb8519b,Bacteria,Actinobacteriota,Actinobacteria,Frankiales,Frankiaceae,Jatrophihabitans,Unassigned
006a19075ee6b8d0918490809bdae8dd,Bacteria,Firmicutes,Clostridia,Clostridiales,Clostridiaceae,Clostridium_sensu_stricto_1,Unassigned
35af0765e91de5b2228411940f843d48,Bacteria,Firmicutes,Bacilli,Thermoactinomycetales,Thermoactinomycetaceae,uncultured,uncultured_bacterium
8563e881b64278fbe3cd080e76e194a7,Bacteria,Proteobacteria,Gammaproteobacteria,Pseudomonadales,Pseudomonadaceae,Pseudomonas,Unassigned
895746bf93c3d6829616ef466e8b312c,Unassigned,Unassigned,Unassigned,Unassigned,Unassigned,Unassigned,Unassigned
196da1a6838ae2aaa1b06d73ad8eeff0,Bacteria,Proteobacteria,Alphaproteobacteria,Acetobacterales,Acetobacteraceae,Acidiphilium,uncultured_Alphaproteobacteria
7a5956bc98161402dde52d62e103a406,Bacteria,Proteobacteria,Gammaproteobacteria,Burkholderiales,Oxalobacteraceae,Unassigned,Unassigned
20e185e9be11c3e7f9b18cb16cab6016,Bacteria,Proteobacteria,Alphaproteobacteria,Rhizobiales,Rhizobiaceae,Unassigned,Unassigned
2b592737497aeae8603d6478f5641066,Bacteria,Proteobacteria,Gammaproteobacteria,Alteromonadales,Colwelliaceae,Colwellia,Unassigned
50b3ef6fa641dd06ac67edcb4dce6052,Bacteria,Proteobacteria,Gammaproteobacteria,Thiomicrospirales,Thioglobaceae,SUP05_cluster,Unassigned
81ef7b2f58f16e4f442e72c3e82d69f9,Bacteria,Cyanobacteria,Cyanobacteriia,Chloroplast,Chloroplast,Chloroplast,Chlorella_sorokiniana
8bf32d3aa252fd2239153b964d2c3242,Bacteria,Verrucomicrobiota,Verrucomicrobiae,Verrucomicrobiales,Rubritaleaceae,Luteolibacter,Unassigned
cd5fb65f2ea9c353caf1cec549077da5,Bacteria,Proteobacteria,Alphaproteobacteria,Sphingomonadales,Sphingomonadaceae,Sphingorhabdus,Sphingomonas_sp.
583962e57b6bc012df5e50985d86aed0,Bacteria,Planctomycetota,Phycisphaerae,Tepidisphaerales,Tepidisphaeraceae,Tepidisphaera,uncultured_bacterium
52c2c0c278ce2afcb25a3f38e4b0f876,Bacteria,Proteobacteria,Gammaproteobacteria,Diplorickettsiales,Diplorickettsiaceae,uncultured,uncultured_bacterium
e8b603c51f75d021d5667e5038a8886f,Bacteria,Firmicutes,Clostridia,Lachnospirales,Lachnospiraceae,Unassigned,Unassigned
5ac71c5ef1bd049d2713a38fd71bff73,Bacteria,Proteobacteria,Alphaproteobacteria,Rhizobiales,Beijerinckiaceae,Bosea,Unassigned
ab52dbacef166ea6bd9ac77895a25a3b,Bacteria,Bacteroidota,Bacteroidia,Bacteroidales,Paludibacteraceae,Paludibacter,Unassigned
0d4c12ea0ff7cb0954b84662f21b1b43,Bacteria,Chloroflexi,Ktedonobacteria,Ktedonobacterales,Ktedonobacteraceae,uncultured,uncultured_Ktedobacteria
917fda831ba618c1bb1654596944ff02,Bacteria,Proteobacteria,Alphaproteobacteria,Rhizobiales,Beijerinckiaceae,FFCH5858,uncultured_bacterium
dd02067c0ba9f5955e558cbe285f8d3b,Bacteria,Firmicutes,Bacilli,Lactobacillales,Streptococcaceae,Lactococcus,Unassigned
433e1c8705634ef2b9711f6f0fb3299d,Bacteria,Firmicutes,Bacilli,RsaHf231,RsaHf231,RsaHf231,Unassigned
868991c73ba79a8aa7d2ea3701eb0833,Bacteria,Actinobacteriota,Actinobacteria,Corynebacteriales,Corynebacteriaceae,Corynebacterium,Unassigned
07783564a84d2d9ffd1a63b4e6e7208d,Bacteria,Proteobacteria,Alphaproteobacteria,Rhizobiales,Beijerinckiaceae,uncultured,uncultured_Rhizobiales
c7be2770086fd836008da549fc1c17c7,Bacteria,Actinobacteriota,Acidimicrobiia,Microtrichales,uncultured,uncultured,metagenome
211d3ceb731bbb885939dbc87a788cba,Bacteria,Proteobacteria,Alphaproteobacteria,Sphingomonadales,Sphingomonadaceae,Unassigned,Unassigned
a8e1e968a7e91dae6c81a254b336f00d,Bacteria,Firmicutes,Negativicutes,Veillonellales-Selenomonadales,Veillonellaceae,Dialister,Unassigned
4f2e0db8ab996cf7529fe9d41f8cce7a,Bacteria,Actinobacteriota,Actinobacteria,Corynebacteriales,Corynebacteriaceae,Lawsonella,uncultured_bacterium
8832c468f4aa35a8261343d3d26c5cbc,Bacteria,Firmicutes,Bacilli,Lactobacillales,Listeriaceae,Brochothrix,Unassigned
e22a4060f3914eabf153cf2d0da459e7,Bacteria,Firmicutes,Bacilli,Lactobacillales,Unassigned,Unassigned,Unassigned
306885bb108656641ce13c5a740ef46c,Bacteria,Firmicutes,Clostridia,Peptostreptococcales-Tissierellales,Peptostreptococcales-Tissierellales,Murdochiella,Murdochiella_asaccharolytica
d381d51cfd53c1f31332de5d1ef9c386,Bacteria,Proteobacteria,Alphaproteobacteria,Rickettsiales,Mitochondria,Mitochondria,Unassigned
dacf64c72014077f5547822fc0eca6a2,Bacteria,Actinobacteriota,Rubrobacteria,Rubrobacterales,Rubrobacteriaceae,Rubrobacter,Unassigned
50b504f06f2a26c855765a754a39492b,Bacteria,Unassigned,Unassigned,Unassigned,Unassigned,Unassigned,Unassigned
ef67992b4501274f75230bc196b29099,Bacteria,Firmicutes,Clostridia,Clostridiales,Clostridiaceae,Clostridium_sensu_stricto_9,Unassigned
6389d28ae84df961eff0f52b0d666c04,Bacteria,Cyanobacteria,Cyanobacteriia,Chloroplast,Chloroplast,Chloroplast,Unassigned
d3446098155bbc9a9cc460ee1b792490,Bacteria,Firmicutes,Clostridia,Peptostreptococcales-Tissierellales,Peptostreptococcales-Tissierellales,Peptoniphilus,Peptoniphilus_lacrimalis
84fd32d75b4cbd001756c2ebe5a96893,Bacteria,Proteobacteria,Alphaproteobacteria,Rhizobiales,Devosiaceae,Unassigned,Unassigned
c56d440c9646154bc0b0d59170467813,Bacteria,Proteobacteria,Alphaproteobacteria,Rhizobiales,Unassigned,Unassigned,Unassigned
344a951fe6e1cb26259c060a869af650,Bacteria,Proteobacteria,Alphaproteobacteria,Sphingomonadales,Sphingomonadaceae,Sphingomonas,Unassigned
1eb52845e1255a7782fef88c8ae14865,Bacteria,Cyanobacteria,Cyanobacteriia,Chloroplast,Chloroplast,Chloroplast,Unassigned
d594219c7e58b9213a2cfe8f076d557f,Bacteria,Actinobacteriota,Thermoleophilia,Solirubrobacterales,67-14,67-14,metagenome
b51b5131d14133941506478327fd1dc5,Bacteria,Firmicutes,Bacilli,Lactobacillales,Unassigned,Unassigned,Unassigned
269e8ca95e69994780698ddfe69e4dcd,Bacteria,Planctomycetota,Planctomycetes,Isosphaerales,Isosphaeraceae,uncultured,uncultured_soil
fc627cdc6fc491736bc4375e3b421591,Bacteria,Proteobacteria,Alphaproteobacteria,Rhizobiales,Beijerinckiaceae,Psychroglaciecola,Unassigned
ba75973b96b762461948725b522e7cc1,Bacteria,Proteobacteria,Gammaproteobacteria,Legionellales,Legionellaceae,Legionella,Unassigned
c6ff22ae8cfd57e43583c7982f6a13a2,Bacteria,Dependentiae,Babeliae,Babeliales,Babeliales,Babeliales,uncultured_bacterium
73f18fe08dbfc5c25d373757d77f3296,Bacteria,Firmicutes,Bacilli,Unassigned,Unassigned,Unassigned,Unassigned
ed082e5e25f076925da48ac940a13cf0,Bacteria,Chloroflexi,Chloroflexia,Thermomicrobiales,JG30-KF-CM45,JG30-KF-CM45,uncultured_soil
03608c0e88604b609fdcc0d9d9a1baea,Bacteria,Synergistota,Synergistia,Synergistales,Synergistaceae,Jonquetella,Jonquetella_anthropi
da3148f2d9c7d4ce0b79af28888f6717,Bacteria,Chloroflexi,Chloroflexia,Thermomicrobiales,JG30-KF-CM45,JG30-KF-CM45,uncultured_bacterium
73f7246501d7291596f5eae038f41af2,Bacteria,Unassigned,Unassigned,Unassigned,Unassigned,Unassigned,Unassigned
ee72e57843183dc52ba7fbd88c718d76,Bacteria,Firmicutes,Bacilli,Lactobacillales,Streptococcaceae,Lactococcus,Unassigned
c5808a5a50973e74fe0756f9f22ac1d9,Bacteria,Planctomycetota,Planctomycetes,Gemmatales,Gemmataceae,uncultured,uncultured_bacterium
e66bce95fcfb06550b6dc2afee7f423a,Bacteria,Proteobacteria,Alphaproteobacteria,Rhizobiales,Beijerinckiaceae,Methylobacterium-Methylorubrum,Unassigned
2d9bd8e6cdc84cd4ec6b5ebdca5b3a06,Bacteria,Firmicutes,Bacilli,Paenibacillales,Paenibacillaceae,Paenibacillus,Unassigned
239c817163ee5644005385f24df6c5d0,Bacteria,Proteobacteria,Gammaproteobacteria,Xanthomonadales,Xanthomonadaceae,Stenotrophomonas,Stenotrophomonas_nitritireducens
f19da30d624fd214956b5db00cf82453,Bacteria,Actinobacteriota,Actinobacteria,Frankiales,Unassigned,Unassigned,Unassigned
0ed26daf14102dadff6b5c35146b3373,Unassigned,Unassigned,Unassigned,Unassigned,Unassigned,Unassigned,Unassigned
4d0c9de9184aa3c3dd5372468377cb92,Bacteria,Proteobacteria,Gammaproteobacteria,Burkholderiales,Comamonadaceae,Unassigned,Unassigned
11bcae31ee5e8eb170f4aa5bcdfee2ee,Bacteria,Proteobacteria,Gammaproteobacteria,Burkholderiales,Comamonadaceae,Unassigned,Unassigned
07363860b4a7c7c4d4d9dfed0f79d3e1,Bacteria,Unassigned,Unassigned,Unassigned,Unassigned,Unassigned,Unassigned
210612f48c1f08d4d3e40dd4fec38fa6,Bacteria,Planctomycetota,Planctomycetes,Planctomycetales,Rubinisphaeraceae,uncultured,metagenome
7b04609e0ae7658a1f2cc74e8f69fd98,Bacteria,Proteobacteria,Gammaproteobacteria,uncultured,uncultured,uncultured,metagenome
c3667adb7567742e721d206e5bddca61,Bacteria,Proteobacteria,Alphaproteobacteria,Rhizobiales,Devosiaceae,Devosia,Unassigned
f318147d44aaffa55300547530e64362,Bacteria,Bacteroidota,Bacteroidia,Flavobacteriales,Cryomorphaceae,Vicingus,Unassigned
b1f81c5df5a29b0a319e598bec60d21c,Bacteria,Chloroflexi,Ktedonobacteria,Ktedonobacterales,Ktedonobacteraceae,uncultured,uncultured_Ktedobacteria
a2a445cc145b798a31dba24eab13c298,Bacteria,Proteobacteria,Alphaproteobacteria,Rhizobiales,Devosiaceae,Devosia,Devosia_limi
4ef986232cac4d90fba150fb161f550b,Bacteria,Cyanobacteria,Cyanobacteriia,Chloroplast,Chloroplast,Chloroplast,Coccomyxa_simplex
ef3426f18c3c17d64bd6eb5a2f129ed1,Bacteria,Actinobacteriota,Actinobacteria,Corynebacteriales,Corynebacteriaceae,Corynebacterium,Unassigned
6e3c4dca384384814c14173d70793cb3,Bacteria,Cyanobacteria,Cyanobacteriia,Chloroplast,Chloroplast,Chloroplast,Unassigned
01a0a56edd3173e378eeadff26868835,Bacteria,Bacteroidota,Bacteroidia,Bacteroidales,Prevotellaceae,Prevotella,Prevotella_corporis
3df4acea39fc68b37d39ee69a3910c42,Bacteria,Planctomycetota,Planctomycetes,Pirellulales,Pirellulaceae,Pirellula,uncultured_bacterium
640fb993b9ae047d65b3a97ff7068e91,Bacteria,Actinobacteriota,Thermoleophilia,Solirubrobacterales,Solirubrobacteraceae,Conexibacter,uncultured_bacterium
9bf867b76cd96fa9a447d0d79c1e1853,Eukaryota,Unassigned,Unassigned,Unassigned,Unassigned,Unassigned,Unassigned
e07cc112ccc6649b7e3e4f00d1ff9890,Bacteria,Firmicutes,Bacilli,Lactobacillales,Unassigned,Unassigned,Unassigned
345ff2ca4bce68d7bd6088e1f79ebffe,Bacteria,Cyanobacteria,Cyanobacteriia,Chloroplast,Chloroplast,Chloroplast,Unassigned
2c982937754e6321f861027032db80f7,Bacteria,Bacteroidota,Bacteroidia,Bacteroidales,Bacteroidaceae,Bacteroides,Unassigned
62513004a73ce6211f31069b698d8750,Bacteria,Planctomycetota,Planctomycetes,Isosphaerales,Isosphaeraceae,uncultured,uncultured_bacterium
3bd58cc5852753c213d122f75e03e5a4,Bacteria,Cyanobacteria,Cyanobacteriia,Chloroplast,Chloroplast,Chloroplast,Chlorosarcina_brevispinosa
f74d0a4e7f22ac63d22ee9aee58cd825,Bacteria,Proteobacteria,Alphaproteobacteria,Rhizobiales,Xanthobacteraceae,Bradyrhizobium,Unassigned
f84098cf39cfb024a27a6376071286ee,Bacteria,Proteobacteria,Alphaproteobacteria,Rhodobacterales,Rhodobacteraceae,Unassigned,Unassigned
305fe70f59d04e7a270d5d056c419408,Bacteria,Firmicutes,Bacilli,Lactobacillales,Streptococcaceae,Lactococcus,Unassigned
513ce1cf19fbb2eca94650652ac446d8,Bacteria,Dependentiae,Babeliae,Babeliales,Vermiphilaceae,Vermiphilaceae,Unassigned
f5129c6c7df95ee49d85a602cc9629d0,Bacteria,Cyanobacteria,Cyanobacteriia,Chloroplast,Chloroplast,Chloroplast,Elliptochloris_bilobata
01dca08bdc622c85f31c85a68c651644,Unassigned,Unassigned,Unassigned,Unassigned,Unassigned,Unassigned,Unassigned
c24e0e391aa836b5eae25567c7eb89ee,Bacteria,Firmicutes,Clostridia,Lachnospirales,Lachnospiraceae,[Ruminococcus]_gnavus_group,Unassigned
a27db7f0043aeec6c5e46bc090f89fa4,Bacteria,Proteobacteria,Alphaproteobacteria,Rhizobiales,Devosiaceae,Devosia,Devosia_limi
76220212bc0255b3d42fc4d74e4eab1f,Bacteria,Proteobacteria,Gammaproteobacteria,Oceanospirillales,Marinomonadaceae,Marinomonas,Unassigned
25cc495f5dd327bdf825c4d0243bdfc3,Bacteria,Firmicutes,Clostridia,Peptostreptococcales-Tissierellales,Peptostreptococcales-Tissierellales,Finegoldia,uncultured_bacterium
fcddbff9366bfd39374dd93b26d73c8e,Bacteria,Actinobacteriota,Acidimicrobiia,Microtrichales,Iamiaceae,Iamia,Aquihabitans_daechungensis
901547ef57973550f8f7909aeed9f750,Bacteria,Planctomycetota,Planctomycetes,Gemmatales,Gemmataceae,Fimbriiglobus,uncultured_bacterium
36915b6a1201c9f4a1c96ffd1822f154,Bacteria,Proteobacteria,Alphaproteobacteria,Rhizobiales,Rhizobiales_Incertae_Sedis,Phreatobacter,Phreatobacter_sp.
3798d1722b79852baf921633606c7396,Bacteria,Cyanobacteria,Cyanobacteriia,Chloroplast,Chloroplast,Chloroplast,Myrmecia_israeliensis
df5ef680b5ccf726db78039492e5ccbe,Bacteria,Cyanobacteria,Cyanobacteriia,Chloroplast,Chloroplast,Chloroplast,uncultured_Chlorophyta
4dd27001d304d030ead5e3ee543f0fe0,Bacteria,Actinobacteriota,Thermoleophilia,Solirubrobacterales,Solirubrobacteraceae,Solirubrobacter,uncultured_bacterium
e2551d512e250d608df643268802b11b,Bacteria,Firmicutes,Bacilli,Paenibacillales,Paenibacillaceae,Paenibacillus,Unassigned
644de0a3ba951b785f8f7e52f62498ed,Bacteria,Desulfobacterota,Desulfobulbia,Desulfobulbales,Desulfocapsaceae,uncultured,Unassigned
41fddaaa8aad1aa61afb43e73af37466,Bacteria,Proteobacteria,Gammaproteobacteria,Pseudomonadales,Moraxellaceae,Psychrobacter,Unassigned
2c6985c1db39ade23700eabfa3fbba11,Bacteria,Bdellovibrionota,Bdellovibrionia,Bacteriovoracales,Bacteriovoracaceae,Peredibacter,uncultured_Peredibacter
5e9ae4a58fdf659a81f94752cf90f157,Bacteria,Bdellovibrionota,Bdellovibrionia,Bdellovibrionales,Bdellovibrionaceae,Bdellovibrio,uncultured_bacterium
deeaea3d9e86298816eeb0cb4182ab74,Bacteria,Cyanobacteria,Cyanobacteriia,Chloroplast,Chloroplast,Chloroplast,Unassigned
5643dec5db91731226e11662b2cf1027,Bacteria,Bacteroidota,Bacteroidia,Flavobacteriales,Flavobacteriaceae,NS3a_marine_group,Unassigned
8a7a18d54db4861d17e6df0aa1be65c7,Bacteria,Cyanobacteria,Cyanobacteriia,Chloroplast,Chloroplast,Chloroplast,Bracteacoccus_giganteus
8e03efef1a2659e0fcf5a6ed4c8ecace,Bacteria,Planctomycetota,Planctomycetes,Gemmatales,Gemmataceae,uncultured,uncultured_bacterium
758c19d5b9f276912ea5e27bfbcbd387,Bacteria,Proteobacteria,Gammaproteobacteria,Oceanospirillales,Nitrincolaceae,Neptuniibacter,Unassigned
1ae7cbbeb50ccc3440f0bf1ce9946659,Bacteria,Proteobacteria,Gammaproteobacteria,Alteromonadales,Alteromonadaceae,Paraglaciecola,uncultured_Glaciecola
d362c0d5edf4b0746d855b8b5f5c6998,Bacteria,Bacteroidota,Bacteroidia,Flavobacteriales,Flavobacteriaceae,Flavobacterium,Unassigned
aff46a770e2d4267c0489c2001f21000,Bacteria,Cyanobacteria,Cyanobacteriia,Chloroplast,Chloroplast,Chloroplast,uncultured_bacterium
e834fd2bda1d0df01ad07ed46f39eb31,Bacteria,Proteobacteria,Alphaproteobacteria,Sphingomonadales,Sphingomonadaceae,Sphingomonas,Unassigned
48d2318cfdf7091841bba425e1b7f899,Bacteria,Cyanobacteria,Cyanobacteriia,Chloroplast,Chloroplast,Chloroplast,Micromonas_commoda
d4bfe3bba25a4502addf9113fb7f554e,Bacteria,Proteobacteria,Alphaproteobacteria,Rhodobacterales,Rhodobacteraceae,Unassigned,Unassigned
62b9191d7ef2701e04aa51fc66400aaf,Bacteria,Cyanobacteria,Cyanobacteriia,Chloroplast,Chloroplast,Chloroplast,uncultured_Chlorophyta
8564222834b469263c4bc41f92e6e611,Bacteria,Cyanobacteria,Cyanobacteriia,Chloroplast,Chloroplast,Chloroplast,Chlorotetraedron_incus
f97c22823dae49a80bc034c60570d203,Bacteria,Proteobacteria,Alphaproteobacteria,Rickettsiales,Mitochondria,Mitochondria,Unassigned
98dff968a39799bb34cabb94a410222a,Bacteria,Proteobacteria,Alphaproteobacteria,Sphingomonadales,Sphingomonadaceae,Sphingopyxis,Unassigned
577df92950fb0d507c1ac745a5a36b28,Bacteria,Cyanobacteria,Cyanobacteriia,Chloroplast,Chloroplast,Chloroplast,Unassigned
98740105eea03277321d81b95f5db774,Bacteria,Firmicutes,Clostridia,Clostridiales,Clostridiaceae,Clostridium_sensu_stricto_13,Unassigned
23340ed705510c520a12c712b91e484e,Bacteria,Firmicutes,Bacilli,Lactobacillales,Enterococcaceae,Enterococcus,Unassigned
c0b44d4cf600b0adc542fc4660d93699,Bacteria,Proteobacteria,Alphaproteobacteria,SAR11_clade,Clade_I,Clade_Ia,Unassigned
1b4e1084229d41fc6443d7db8a2a1b33,Bacteria,Firmicutes,Bacilli,Lactobacillales,Unassigned,Unassigned,Unassigned
cfdd4a16dca6a73afb488483214142d8,Bacteria,Cyanobacteria,Cyanobacteriia,Chloroplast,Chloroplast,Chloroplast,Elliptochloris_bilobata
f5cb719fc37e5ca37d8b8b6f5af53dd1,Bacteria,Planctomycetota,Planctomycetes,Planctomycetales,Rubinisphaeraceae,SH-PL14,uncultured_planctomycete
db0c3bd52b9035d499893b1be7a77475,Bacteria,Firmicutes,Bacilli,Lactobacillales,Enterococcaceae,Enterococcus,Unassigned
6bc36611de761c43df19457852217424,Bacteria,Proteobacteria,Gammaproteobacteria,Legionellales,Legionellaceae,Legionella,uncultured_bacterium
d9f616041d63ba38e6c76acaa88e792f,Bacteria,Verrucomicrobiota,Verrucomicrobiae,Chthoniobacterales,Chthoniobacteraceae,Chthoniobacter,uncultured_bacterium
46fdcf3ae2943283b62113ebb0e8f104,Bacteria,Unassigned,Unassigned,Unassigned,Unassigned,Unassigned,Unassigned
30cafa19dea9fef3a61f1a8f80a3e85b,Bacteria,Planctomycetota,OM190,OM190,OM190,OM190,Unassigned
1d3ba68edf7111cc0355aecc3e1c182b,Bacteria,Cyanobacteria,Cyanobacteriia,Chloroplast,Chloroplast,Chloroplast,Vischeria_sp.
231e44ff8c2317477786fd3cbd095633,Bacteria,Cyanobacteria,Cyanobacteriia,Chloroplast,Chloroplast,Chloroplast,Xylochloris_irregularis
e395d0e78b88a53833952120e48f743e,Bacteria,Proteobacteria,Gammaproteobacteria,Burkholderiales,Alcaligenaceae,Advenella,Advenella_sp.
d94bc5da2869fe4e4d9a79d78ae5fbfb,Bacteria,Unassigned,Unassigned,Unassigned,Unassigned,Unassigned,Unassigned
76aa7c13d2279cc48d9363a7cba05513,Bacteria,Proteobacteria,Alphaproteobacteria,Rhizobiales,Devosiaceae,Unassigned,Unassigned
c62df1d8c19d5c517cd2ca5b1426080a,Bacteria,Proteobacteria,Alphaproteobacteria,Sphingomonadales,Sphingomonadaceae,Sphingomonas,Unassigned
e6684003dfac37f34b4214f950f43e15,Bacteria,Verrucomicrobiota,Verrucomicrobiae,Verrucomicrobiales,Rubritaleaceae,Luteolibacter,uncultured_Luteolibacter
a88013efa219e70b0351f6c16df383aa,Bacteria,Cyanobacteria,Cyanobacteriia,Chloroplast,Chloroplast,Chloroplast,Watanabea_reniformis
33dc30eeb8ffe92033abb200f3040895,Bacteria,Proteobacteria,Alphaproteobacteria,Rickettsiales,Mitochondria,Mitochondria,Lecanora_strobilina
a853bce4baf730eab15dfc19343d7f37,Bacteria,Proteobacteria,Alphaproteobacteria,Sphingomonadales,Sphingomonadaceae,Sphingomonas,Unassigned
8ade54f9fb842a5fbb0437659dd12992,Bacteria,Proteobacteria,Alphaproteobacteria,Rhodospirillales,AEGEAN-169_marine_group,AEGEAN-169_marine_group,Unassigned
2fae427f414d6cd5003f9102847d636d,Bacteria,Proteobacteria,Alphaproteobacteria,Rickettsiales,Mitochondria,Mitochondria,Unassigned
00bad153ba230b33d72123f341a9aed6,Bacteria,Chloroflexi,TK10,TK10,TK10,TK10,uncultured_bacterium
832138a8c6e23f2a836b67b0c309dac4,Bacteria,Unassigned,Unassigned,Unassigned,Unassigned,Unassigned,Unassigned
f9a2cdb7540c84d68d20b6d451adfce1,Bacteria,Proteobacteria,Alphaproteobacteria,Sphingomonadales,Sphingomonadaceae,Sphingomonas,Unassigned
534cf32c75b1d294b1bd2ef5b4c1d022,Bacteria,Proteobacteria,Alphaproteobacteria,Rickettsiales,Mitochondria,Mitochondria,Unassigned
89728332b287f113c637a13915dbc337,Bacteria,Proteobacteria,Alphaproteobacteria,Rhizobiales,Devosiaceae,Devosia,Unassigned
b186578012316461dd4b117490e28b00,Bacteria,Bacteroidota,Bacteroidia,Bacteroidales,Prevotellaceae,Alloprevotella,Prevotellaceae_bacterium
9a6da710513b4c9ccba97eb7bc03110f,Bacteria,Actinobacteriota,Acidimicrobiia,IMCC26256,IMCC26256,IMCC26256,Unassigned
e779e674b7dcf9b1d22a158dca7b9419,Bacteria,Planctomycetota,Planctomycetes,Gemmatales,Gemmataceae,Gemmata,uncultured_bacterium
6413c5018b4d8a5884afdfca70419705,Bacteria,Proteobacteria,Alphaproteobacteria,Sphingomonadales,Sphingomonadaceae,Unassigned,Unassigned
1b2e05e626c833b864d7e100c7976523,Bacteria,Proteobacteria,Alphaproteobacteria,Rickettsiales,Mitochondria,Mitochondria,Unassigned
ec54bb49cc90ecf837bf4f1abbce70a9,Bacteria,Unassigned,Unassigned,Unassigned,Unassigned,Unassigned,Unassigned
f2cd0dbf54443d08118a9ab51b4c7e73,Bacteria,Unassigned,Unassigned,Unassigned,Unassigned,Unassigned,Unassigned
fb0a25ef354ecc82aba7c24479a74a45,Bacteria,Cyanobacteria,Cyanobacteriia,Chloroplast,Chloroplast,Chloroplast,Unassigned
5ed6e015d73e73a12091baee37bf05a5,Bacteria,Proteobacteria,Alphaproteobacteria,Sphingomonadales,Sphingomonadaceae,Sphingomonas,Unassigned
159b6e880eb8799af0100c3b2a010789,Bacteria,Proteobacteria,Gammaproteobacteria,Oceanospirillales,Nitrincolaceae,Neptuniibacter,Unassigned
f03e75f774faf76384733b942fc9b1bd,Bacteria,Planctomycetota,Planctomycetes,Gemmatales,Gemmataceae,uncultured,uncultured_bacterium
2083eb31dfec1cb2468e58c479b2aa63,Bacteria,Cyanobacteria,Cyanobacteriia,Chloroplast,Chloroplast,Chloroplast,Myrmecia_israeliensis
fcd4f1369a7e61e6dfda99e1710ccc16,Bacteria,Proteobacteria,Gammaproteobacteria,Burkholderiales,Methylophilaceae,OM43_clade,Unassigned
d6d4042c9bb7330557d084da03fbd25f,Bacteria,Armatimonadota,Fimbriimonadia,Fimbriimonadales,Fimbriimonadaceae,Fimbriimonadaceae,uncultured_bacterium
a9f6f4c15c6a32aa6a42869e051a83e9,Bacteria,Bacteroidota,Bacteroidia,Sphingobacteriales,Sphingobacteriaceae,Pedobacter,Unassigned
a0ee78d06b287b116136e8f8eb79de5f,Bacteria,Cyanobacteria,Cyanobacteriia,Chloroplast,Chloroplast,Chloroplast,Unassigned
2f848fd83e15090208ff862cd03ad560,Bacteria,Firmicutes,Clostridia,Peptostreptococcales-Tissierellales,Peptostreptococcales-Tissierellales,Anaerococcus,Anaerococcus_sp.
db234e960cf6ea0efbf7e409ba71adba,Bacteria,Cyanobacteria,Cyanobacteriia,Synechococcales,Cyanobiaceae,Synechococcus_CC9902,uncultured_cyanobacterium
7428d3333f937c066b5c60f8040ab7c1,Bacteria,Proteobacteria,Alphaproteobacteria,Rhizobiales,Devosiaceae,Devosia,Unassigned
e5e763ff67d4d07813cdf23a3c132ec0,Bacteria,Proteobacteria,Gammaproteobacteria,Alteromonadales,Colwelliaceae,Colwellia,Unassigned
adf07458ad046fc158229460bd08067d,Bacteria,Cyanobacteria,Cyanobacteriia,Unassigned,Unassigned,Unassigned,Unassigned
118a3b5df45fe6722146e9aeabf9423b,Bacteria,Firmicutes,Bacilli,RsaHf231,RsaHf231,RsaHf231,uncultured_bacterium
2e7f8895fdc4b02922865bae2661c28d,Bacteria,Firmicutes,Bacilli,Lactobacillales,Enterococcaceae,Enterococcus,Unassigned
7a2c3337c9d31e2c536cd9536d8b081e,Bacteria,Proteobacteria,Gammaproteobacteria,Gammaproteobacteria_Incertae_Sedis,Unknown_Family,Candidatus_Berkiella,uncultured_bacterium
54596a54b919d9657ecce3cd409d38c5,Bacteria,Bacteroidota,Bacteroidia,Flavobacteriales,Flavobacteriaceae,Croceitalea,Unassigned
6d567acf90a3daf3bf6c028c15ee6c1c,Bacteria,Actinobacteriota,Actinobacteria,Micrococcales,Intrasporangiaceae,Unassigned,Unassigned
c29a47bb862ae741781557c6e9660384,Bacteria,Cyanobacteria,Cyanobacteriia,Chloroplast,Chloroplast,Chloroplast,Castanea_mollissima
5c4563e3dd7e12dcdf279783af929eaa,Bacteria,Firmicutes,Clostridia,Lachnospirales,Lachnospiraceae,Unassigned,Unassigned
e4ddfac4ddcfa555ef178f55b12d0749,Bacteria,Cyanobacteria,Cyanobacteriia,Chloroplast,Chloroplast,Chloroplast,Coccomyxa_viridis
8baab5deda41cd55ce1bdfd51606d5f3,Bacteria,Cyanobacteria,Cyanobacteriia,Chloroplast,Chloroplast,Chloroplast,Vaucheria_litorea
7b3b00a4419fec771f9c560aafcc4a82,Bacteria,Actinobacteriota,Thermoleophilia,Solirubrobacterales,Unassigned,Unassigned,Unassigned
8990e3b3ad0096e32a63466772160b6c,Bacteria,Bacteroidota,Bacteroidia,Sphingobacteriales,Sphingobacteriaceae,Pedobacter,Unassigned
45db05aef416a99b4191ab490a24d4f0,Bacteria,Bacteroidota,Bacteroidia,Bacteroidales,Prevotellaceae,Prevotella,Prevotella_disiens
1b0d278524c0a01d613f27d72f0b31b7,Bacteria,Proteobacteria,Alphaproteobacteria,Rickettsiales,Mitochondria,Mitochondria,Unassigned
124f8d45096d82ab59a1e0d712ad8630,Bacteria,Planctomycetota,Planctomycetes,Gemmatales,Gemmataceae,Fimbriiglobus,uncultured_bacterium
b68d622f7cd48187b9f37ba731fcef54,Bacteria,Actinobacteriota,Actinobacteria,Actinomycetales,Actinomycetaceae,Varibaculum,Unassigned
8cac6365c93b90a49aa32b1f6b11cad8,Bacteria,Proteobacteria,Alphaproteobacteria,Rhizobiales,Devosiaceae,Devosia,Devosia_limi
33a5225ffa73cc457bed5d7b96abd093,Bacteria,Verrucomicrobiota,Chlamydiae,Chlamydiales,Parachlamydiaceae,Candidatus_Protochlamydia,Unassigned
cfd7f3eaf135c00edcb582097ac5aaf4,Bacteria,Actinobacteriota,Thermoleophilia,Solirubrobacterales,Solirubrobacteraceae,Parviterribacter,uncultured_bacterium
0ba2e98461ddc570e1ce31772d1d093b,Bacteria,Cyanobacteria,Cyanobacteriia,Chloroplast,Chloroplast,Chloroplast,Coccomyxa_viridis
0b861a00ae43e13aea301587b0e12a2d,Bacteria,Proteobacteria,Alphaproteobacteria,Rhizobiales,Beijerinckiaceae,Bosea,Unassigned
31a0c4e14bc52dcb303b4c91414be339,Bacteria,Dependentiae,Babeliae,Babeliales,Babeliaceae,Babeliaceae,uncultured_bacterium
99445d504d991097ce5b8bc44b50545c,Bacteria,Actinobacteriota,Actinobacteria,Corynebacteriales,Nocardiaceae,Rhodococcus,Unassigned
e51f771e49d47deb47445729bacae51a,Bacteria,Firmicutes,Bacilli,Thermoactinomycetales,Thermoactinomycetaceae,Unassigned,Unassigned
003a46b2b561d5fff9a8806d1abc512d,Bacteria,Cyanobacteria,Cyanobacteriia,Chloroplast,Chloroplast,Chloroplast,Pseudomuriella_schumacherensis
444c4103cb653d2e219008ac841fb742,Bacteria,Proteobacteria,Gammaproteobacteria,Burkholderiales,Comamonadaceae,Unassigned,Unassigned
0607625894397248078182d4e0d573bd,Bacteria,Cyanobacteria,Cyanobacteriia,Chloroplast,Chloroplast,Chloroplast,Watanabea_reniformis
d9b3f3e93e94cbf38649592073c46578,Bacteria,Unassigned,Unassigned,Unassigned,Unassigned,Unassigned,Unassigned
9e27b12da68a87e509022323424d7b1b,Bacteria,Firmicutes,Bacilli,Lactobacillales,Leuconostocaceae,Leuconostoc,Unassigned
811fcfe0f6324d40342f09128cf3fcf1,Bacteria,Proteobacteria,Alphaproteobacteria,Rickettsiales,Mitochondria,Mitochondria,Botryosphaeria_dothidea
8a432ce36292c650b4a7c9ddbb397f7d,Bacteria,Unassigned,Unassigned,Unassigned,Unassigned,Unassigned,Unassigned
3bfcc59ee52433e41e13b606736c37fa,Bacteria,Proteobacteria,Alphaproteobacteria,Rickettsiales,Mitochondria,Mitochondria,Botryosphaeria_dothidea
135a197129c4f49249bb958f571e1a65,Bacteria,Proteobacteria,Alphaproteobacteria,Sphingomonadales,Sphingomonadaceae,Sphingomonas,Unassigned
6bdadff5f15271bf9e90fb57ad95f0d3,Bacteria,Cyanobacteria,Cyanobacteriia,Chloroplast,Chloroplast,Chloroplast,Coccomyxa_viridis
12dfa00bdefefbcf63938ea3b0ea9a31,Bacteria,Unassigned,Unassigned,Unassigned,Unassigned,Unassigned,Unassigned
17fb819ab4724827f8eb2b4be7dc9cb9,Bacteria,Cyanobacteria,Cyanobacteriia,Chloroplast,Chloroplast,Chloroplast,Watanabea_reniformis
fc5a5f312b5d8226510b14a065c94728,Bacteria,Actinobacteriota,Actinobacteria,Pseudonocardiales,Pseudonocardiaceae,Actinomycetospora,Unassigned
485a84f8167e318878650d2207ef9ae4,Bacteria,Proteobacteria,Gammaproteobacteria,Burkholderiales,Comamonadaceae,Unassigned,Unassigned
c835ab456edcbd4c74931f001673dad5,Bacteria,Cyanobacteria,Cyanobacteriia,Chloroplast,Chloroplast,Chloroplast,Unassigned
d3cf39f4b5abca1aa6a56afa18993f49,Bacteria,Cyanobacteria,Cyanobacteriia,Chloroplast,Chloroplast,Chloroplast,Unassigned
6a3ca954a9b195c1effdb08e5801b382,Bacteria,Proteobacteria,Alphaproteobacteria,Rhizobiales,Devosiaceae,Devosia,Unassigned
f951f3092f6ce9c5fcc0fafaf43bf694,Bacteria,Cyanobacteria,Cyanobacteriia,Chloroplast,Chloroplast,Chloroplast,Coccomyxa_simplex
f3177dc4df42671c4194be6945e0263e,Bacteria,Proteobacteria,Gammaproteobacteria,Oceanospirillales,Nitrincolaceae,uncultured,Unassigned
776c7d294ad689cff1df36e57cca3520,Bacteria,Proteobacteria,Alphaproteobacteria,Rhizobiales,Xanthobacteraceae,Bradyrhizobium,uncultured_Bradyrhizobiaceae
3001c4ebeeeef24232c52dd92ad9d4ee,Bacteria,Proteobacteria,Gammaproteobacteria,Burkholderiales,Comamonadaceae,Unassigned,Unassigned
44d66e1ef0073776ea1b61a52675acc9,Bacteria,Firmicutes,Clostridia,Lachnospirales,Lachnospiraceae,[Eubacterium]_ruminantium_group,uncultured_bacterium
e158e45a9fa950bb688a407bc19f435d,Bacteria,Firmicutes,Bacilli,Bacillales,Unassigned,Unassigned,Unassigned
3b4997e156d6b460996667e9e92390d8,Bacteria,Cyanobacteria,Cyanobacteriia,Chloroplast,Chloroplast,Chloroplast,Trebouxiophyceae_sp.
21e3d4eb561b41c689f8cf61f9a15db4,Bacteria,Actinobacteriota,Actinobacteria,Corynebacteriales,Corynebacteriaceae,Corynebacterium,Unassigned
dc5571c58bdbe2593ed9c731bdde5f0c,Bacteria,Actinobacteriota,Actinobacteria,Corynebacteriales,Corynebacteriaceae,Corynebacterium,Unassigned
b6cd028027467cbaf0e2eb20d3d1db1e,Bacteria,Proteobacteria,Alphaproteobacteria,Rhizobiales,Devosiaceae,Devosia,Devosia_limi
2b521c5dd6f1a2a7dcad9e3639e118d0,Bacteria,Proteobacteria,Gammaproteobacteria,Burkholderiales,Hydrogenophilaceae,Hydrogenophilus,Unassigned
20211764198dfa75368c403112c7bf63,Bacteria,Proteobacteria,Alphaproteobacteria,Rhizobiales,Beijerinckiaceae,Bosea,Unassigned
e687dfc90b67a3d03a5a26ae0b5571c3,Bacteria,Actinobacteriota,Actinobacteria,Corynebacteriales,Nocardiaceae,Rhodococcus,Unassigned
c01af040e45d2f8dff20a01bc75d774f,Bacteria,Proteobacteria,Gammaproteobacteria,Pseudomonadales,Pseudomonadaceae,Pseudomonas,Unassigned
5e2afb000d44d7c38a0c2550c7215458,Bacteria,Bacteroidota,Bacteroidia,Unassigned,Unassigned,Unassigned,Unassigned
183c0f123a17c69ee1ee0c53bb1f887e,Bacteria,Proteobacteria,Gammaproteobacteria,Burkholderiales,Oxalobacteraceae,Janthinobacterium,Unassigned
a90cc46011c19eb53dedb0b32ad074d3,Bacteria,Proteobacteria,Gammaproteobacteria,Burkholderiales,Comamonadaceae,Unassigned,Unassigned
303905ac6cefc89f189a3797c58adb8c,Bacteria,Firmicutes,Bacilli,RsaHf231,RsaHf231,RsaHf231,Unassigned
22488565168b9d05d240469ee4553ec7,Bacteria,Proteobacteria,Alphaproteobacteria,Sphingomonadales,Sphingomonadaceae,Sphingomonas,Unassigned
b09aeae6432a3d6564707a61d1dfc497,Bacteria,Cyanobacteria,Cyanobacteriia,Chloroplast,Chloroplast,Chloroplast,Unassigned
c81213cb1510e86107859fe5359d7e3f,Bacteria,Unassigned,Unassigned,Unassigned,Unassigned,Unassigned,Unassigned
9a3b322e7c65c8d643bbdb6bca1d0bed,Bacteria,Actinobacteriota,Acidimicrobiia,Microtrichales,Ilumatobacteraceae,CL500-29_marine_group,metagenome
6ab8957e95991cdf2fc4e625f5b17cd6,Bacteria,Firmicutes,Bacilli,Erysipelotrichales,Erysipelotrichaceae,ZOR0006,Unassigned
6850e1b049bf37a8a8e0122bb6954c5f,Bacteria,Planctomycetota,Planctomycetes,Isosphaerales,Isosphaeraceae,uncultured,uncultured_Singulisphaera
0c1d439bed7cd75007917f2d4730503b,Bacteria,Proteobacteria,Gammaproteobacteria,Burkholderiales,Oxalobacteraceae,Herminiimonas,Unassigned
8d7fe43cbe69aba20caff9435f7033e6,Bacteria,Acidobacteriota,Acidobacteriae,Acidobacteriales,Acidobacteriaceae_(Subgroup_1),Unassigned,Unassigned
dcef2c8830734aa1db649024add161a5,Bacteria,Cyanobacteria,Cyanobacteriia,Chloroplast,Chloroplast,Chloroplast,Colobanthus_quitensis
390d61d65516408e3ed21db0109a215d,Bacteria,Proteobacteria,Gammaproteobacteria,Burkholderiales,Comamonadaceae,Unassigned,Unassigned
a3a2347c4e9ac3e4c3837d3058407478,Bacteria,Actinobacteriota,Actinobacteria,Frankiales,Geodermatophilaceae,Unassigned,Unassigned
844a1aeed93bb4e4e89acdf0868f93f2,Bacteria,Acidobacteriota,Acidobacteriae,Bryobacterales,Bryobacteraceae,Bryobacter,Unassigned
714472f8c1115b67d10ce1926197785a,Bacteria,Cyanobacteria,Cyanobacteriia,Chloroplast,Chloroplast,Chloroplast,Watanabea_reniformis
6eed330dd81cad8de4e4018a99d96d3e,Bacteria,Firmicutes,Bacilli,Lactobacillales,Unassigned,Unassigned,Unassigned
d2eee8a4655c60d3fed787ace40ddf2c,Bacteria,Cyanobacteria,Cyanobacteriia,Chloroplast,Chloroplast,Chloroplast,Picea_glauca
395f14090c73f35e191680b6073a39e7,Bacteria,Cyanobacteria,Cyanobacteriia,Chloroplast,Chloroplast,Chloroplast,Prasiolopsis_sp.
1ecce129a0ef4a2a4dc3c8caec558ac9,Bacteria,Actinobacteriota,Actinobacteria,Corynebacteriales,Corynebacteriaceae,Lawsonella,uncultured_bacterium
226519130c0a85aac5e2824bf8dc5cdd,Bacteria,Firmicutes,Clostridia,Peptostreptococcales-Tissierellales,Peptostreptococcales-Tissierellales,Anaerococcus,Unassigned
d41c2f931f840160b1863380f5377613,Bacteria,Actinobacteriota,Actinobacteria,Frankiales,uncultured,uncultured,Actinomycetales_bacterium
e4791506188915135eae8401bc6cb2ba,Bacteria,Proteobacteria,Gammaproteobacteria,Burkholderiales,Comamonadaceae,Unassigned,Unassigned
cdaf4bc763f855a36ce7b944c13cb9a4,Eukaryota,Unassigned,Unassigned,Unassigned,Unassigned,Unassigned,Unassigned
9e181163b42ef80929a63e487086917a,Bacteria,Cyanobacteria,Cyanobacteriia,Chloroplast,Chloroplast,Chloroplast,Unassigned
1e39b1b3640ead26381fe0c497d16f9a,Bacteria,Unassigned,Unassigned,Unassigned,Unassigned,Unassigned,Unassigned
931463f212f9a26e43c2dbfc761addef,Bacteria,Cyanobacteria,Cyanobacteriia,Chloroplast,Chloroplast,Chloroplast,Monoraphidium_neglectum
d50a3e89145ee22c53efecd67d94e576,Bacteria,Firmicutes,Clostridia,Peptostreptococcales-Tissierellales,Peptostreptococcales-Tissierellales,Peptoniphilus,Unassigned
f4cae6b083c1cb44aa7ae06ca3c1a451,Bacteria,Proteobacteria,Alphaproteobacteria,Sphingomonadales,Sphingomonadaceae,Sphingomonas,groundwater_metagenome
db1b481817b38643afa3491ee3241980,Bacteria,Actinobacteriota,Acidimicrobiia,Microtrichales,Unassigned,Unassigned,Unassigned
29f52d046e76c5f65b0c8d539aa1b4a8,Bacteria,Proteobacteria,Alphaproteobacteria,Rhizobiales,Beijerinckiaceae,Bosea,Unassigned
bccd833929669995f0972038965b6dde,Bacteria,Actinobacteriota,Thermoleophilia,Gaiellales,uncultured,uncultured,Unassigned
53b3b808dc70e6ff0c55e4d7a605772e,Bacteria,Chloroflexi,Ktedonobacteria,C0119,C0119,C0119,uncultured_Chloroflexi
7a5150a2724a47d5aca2b404fd991570,Bacteria,Proteobacteria,Alphaproteobacteria,Rhizobiales,Beijerinckiaceae,Methylobacterium-Methylorubrum,uncultured_bacterium
8d4b19bbe392ceea0fb67bd914793844,Bacteria,Proteobacteria,Alphaproteobacteria,Rhizobiales,Devosiaceae,Devosia,Devosia_limi
1892d99435c4eab7a14ad0caf67d92f4,Bacteria,Bacteroidota,Bacteroidia,Cytophagales,Spirosomaceae,Dyadobacter,Unassigned
e521bb0e15530956a78fe995f5e4d326,Bacteria,Proteobacteria,Gammaproteobacteria,Cellvibrionales,Cellvibrionaceae,Cellvibrio,Unassigned
f083b173cd0bd337640f307d5daf97fe,Bacteria,Proteobacteria,Alphaproteobacteria,Rhizobiales,Hyphomicrobiaceae,Hyphomicrobium,uncultured_bacterium
68a12b2d73113fe08efef0476ca64cee,Bacteria,Proteobacteria,Alphaproteobacteria,Sphingomonadales,Sphingomonadaceae,Sphingomonas,Unassigned
9bf1a7c4eba5015bfed3c4bda75f8a63,Bacteria,Cyanobacteria,Cyanobacteriia,Chloroplast,Chloroplast,Chloroplast,Coccomyxa_viridis
27b7cbfd478578ae99ace7d2c29b3684,Bacteria,Bacteroidota,Bacteroidia,Flavobacteriales,Flavobacteriaceae,Polaribacter,Unassigned
2e6fd520faade03bdbfed41de62ca3e4,Bacteria,Proteobacteria,Alphaproteobacteria,Rhizobiales,Devosiaceae,Devosia,Devosia_limi
bd07b58a1b6ce31221b8c64f1ed69895,Bacteria,Bacteroidota,Bacteroidia,Chitinophagales,Chitinophagaceae,Taibaiella,Unassigned
a5690343d0d57a3b862f233ca1c196b0,Bacteria,Proteobacteria,Gammaproteobacteria,Alteromonadales,Colwelliaceae,Colwellia,Unassigned
c4cd58c6aab35cd04ed631410d524ad6,Bacteria,Bdellovibrionota,Oligoflexia,Oligoflexales,uncultured,uncultured,Unassigned
966e1f37da9246e5a9a8241d524c559e,Unassigned,Unassigned,Unassigned,Unassigned,Unassigned,Unassigned,Unassigned
a07268e67efd070636c66a47654edf37,Bacteria,Proteobacteria,Alphaproteobacteria,Rickettsiales,Mitochondria,Mitochondria,Unassigned
ca51606000e867ce1985da75e3a5219c,Bacteria,Actinobacteriota,Actinobacteria,Frankiales,Unassigned,Unassigned,Unassigned
6d201b8626188f2b87b6901d8fdf1b02,Bacteria,Unassigned,Unassigned,Unassigned,Unassigned,Unassigned,Unassigned
ae50f11c70c5e248197596809239317d,Bacteria,Cyanobacteria,Cyanobacteriia,Chloroplast,Chloroplast,Chloroplast,Chlorotetraedron_incus
48051730a373a694967420a3c5875464,Bacteria,Actinobacteriota,Acidimicrobiia,Microtrichales,uncultured,uncultured,Unassigned
d0d3d89b244a9f7f7609660e434be138,Bacteria,Firmicutes,Bacilli,Exiguobacterales,Exiguobacteraceae,Exiguobacterium,Unassigned
6bc9686771ab20625b32cd16207b5c1a,Bacteria,Firmicutes,Bacilli,Bacillales,Unassigned,Unassigned,Unassigned
703333db9be3884bce75a3480e38fc18,Bacteria,Cyanobacteria,Cyanobacteriia,Chloroplast,Chloroplast,Chloroplast,Vaucheria_litorea
2cfac087beca63305651b1cfdbb49a86,Unassigned,Unassigned,Unassigned,Unassigned,Unassigned,Unassigned,Unassigned
7764b6f246391f5bdfcdc9c4dc36b549,Bacteria,Planctomycetota,Planctomycetes,Gemmatales,Gemmataceae,Gemmata,uncultured_bacterium
06511fa67cd7b12556a6597b8ba28d98,Bacteria,Proteobacteria,Alphaproteobacteria,Acetobacterales,Acetobacteraceae,Acidiphilium,uncultured_bacterium
c8e4a99489a3ddbfbbcf353f320ad1d5,Bacteria,Proteobacteria,Gammaproteobacteria,Pseudomonadales,Moraxellaceae,Acinetobacter,Unassigned
4caef83f789e209e6267b0b3c2ad9756,Bacteria,Proteobacteria,Alphaproteobacteria,Rhizobiales,Devosiaceae,Devosia,Devosia_limi
25b96e26a335fe1c708ac3bea011332f,Bacteria,Firmicutes,Bacilli,Lactobacillales,Enterococcaceae,Enterococcus,Unassigned
9af5d0b907e0b82513163e812758c86a,Bacteria,Proteobacteria,Gammaproteobacteria,Oceanospirillales,Nitrincolaceae,Amphritea,Unassigned
8c284be5f78c52176de6fbc018aad339,Bacteria,Planctomycetota,Planctomycetes,Gemmatales,Gemmataceae,uncultured,Unassigned
32fa4140aabf30dbc0d2f3a7c996097f,Bacteria,Planctomycetota,Planctomycetes,Isosphaerales,Isosphaeraceae,uncultured,uncultured_bacterium
dd91aaf565efcd72fb18eb34320676c8,Bacteria,Firmicutes,Bacilli,Lactobacillales,Unassigned,Unassigned,Unassigned
14e644dd288987cbd321976188474ab6,Bacteria,Firmicutes,Bacilli,Lactobacillales,Enterococcaceae,Unassigned,Unassigned
85fa47cb4f421d432af5ffe7ead52464,Eukaryota,Unassigned,Unassigned,Unassigned,Unassigned,Unassigned,Unassigned
1224f3c92b0fa8f0de819da14159c345,Bacteria,Verrucomicrobiota,Chlamydiae,Chlamydiales,Parachlamydiaceae,Candidatus_Protochlamydia,metagenome
b8e9f96fb4adbfa6213bfbdf4dd5b255,Bacteria,Proteobacteria,Alphaproteobacteria,Rhizobiales,Beijerinckiaceae,Methylobacterium-Methylorubrum,Unassigned
e4688284333d7ae0ad05d0a82d7948a2,Bacteria,Planctomycetota,Planctomycetes,Isosphaerales,Isosphaeraceae,Unassigned,Unassigned
1d52a6fc4cfb8ab84efc233ec471884f,Bacteria,Actinobacteriota,Acidimicrobiia,uncultured,uncultured,uncultured,metagenome
7f776ca9a5e924d56fdcc134f7f1a385,Bacteria,Firmicutes,Bacilli,Erysipelotrichales,Erysipelotrichaceae,ZOR0006,Unassigned
ebbf4f5bfd6bb27391f07c25440c1276,Bacteria,Planctomycetota,Planctomycetes,Gemmatales,Gemmataceae,Fimbriiglobus,uncultured_bacterium
0fa49cae3014e1a8b188aed5d1587bac,Bacteria,Actinobacteriota,Actinobacteria,Frankiales,Nakamurellaceae,Nakamurella,Nakamurella_sp.
f12c75149a221a9c8e5e02b3cd7732a9,Bacteria,Proteobacteria,Unassigned,Unassigned,Unassigned,Unassigned,Unassigned
f1911fadf9ad6f121256881857883056,Bacteria,Actinobacteriota,Actinobacteria,Micrococcales,Micrococcaceae,Micrococcus,Unassigned
79a8296e4936794655c9448dbf27a022,Bacteria,Firmicutes,Bacilli,Lactobacillales,Unassigned,Unassigned,Unassigned
b57d4cde05ddae56d410a6aa2b229b9c,Bacteria,Proteobacteria,Alphaproteobacteria,Rickettsiales,Mitochondria,Mitochondria,Unassigned
2e27e4bd12f2a4bda5e077f6af7592e5,Bacteria,Unassigned,Unassigned,Unassigned,Unassigned,Unassigned,Unassigned
cfb3b5ca8e237d018e3ce290bf543719,Bacteria,Verrucomicrobiota,Verrucomicrobiae,Verrucomicrobiales,Rubritaleaceae,Luteolibacter,Unassigned
df1f07fc131643c892d3cf61346d05b9,Bacteria,Proteobacteria,Gammaproteobacteria,Cellvibrionales,Cellvibrionaceae,Cellvibrio,Unassigned
c29d89797ab6c31493992dacade4dc29,Bacteria,Firmicutes,Bacilli,Lactobacillales,Unassigned,Unassigned,Unassigned
68f4eeb86bad31e1275bc36b82fabaef,Bacteria,Actinobacteriota,Actinobacteria,Micrococcales,Cellulomonadaceae,Cellulomonas,Unassigned
6e171162f4c75114f11dcce1aac291a1,Bacteria,Cyanobacteria,Cyanobacteriia,Chloroplast,Chloroplast,Chloroplast,Unassigned
639b3920cc746d8fc0b051b5c410957f,Bacteria,Chloroflexi,Chloroflexia,Thermomicrobiales,JG30-KF-CM45,JG30-KF-CM45,uncultured_soil
b6dfa5bcd3623568b760bb029cc45de1,Bacteria,Actinobacteriota,Actinobacteria,Frankiales,Acidothermaceae,Acidothermus,uncultured_Thermomonosporaceae
7f21d9e35a8357da7051e768bfc13fdb,Bacteria,Proteobacteria,Alphaproteobacteria,Rhizobiales,Devosiaceae,Devosia,Unassigned
312a3e000ed925b3a1719fd8191741e0,Bacteria,Firmicutes,Bacilli,Lactobacillales,Enterococcaceae,Enterococcus,Unassigned
25de0fe4b3edc99690328fe28548159b,Bacteria,Proteobacteria,Gammaproteobacteria,Cellvibrionales,Cellvibrionaceae,Cellvibrio,Unassigned
2fe357a52e42c8c92b4303d759b65da9,Bacteria,Proteobacteria,Alphaproteobacteria,Puniceispirillales,SAR116_clade,Candidatus_Puniceispirillum,Unassigned
c4a157c96cdf5a6f0133a1e3a8f288d6,Bacteria,Proteobacteria,Alphaproteobacteria,Rickettsiales,Mitochondria,Mitochondria,uncultured_bacterium
bae4ea5bf7b16e5a4c96abc311f68511,Bacteria,Firmicutes,Bacilli,Paenibacillales,Paenibacillaceae,Paenibacillus,Unassigned
b76a28fbc305ee9c52dd5bcfa3c728ae,Bacteria,Proteobacteria,Alphaproteobacteria,Rhizobiales,Devosiaceae,Devosia,Unassigned
22a16372be26fb6f2849f58de39b24ff,Bacteria,Proteobacteria,Alphaproteobacteria,Rhizobiales,Beijerinckiaceae,Bosea,Unassigned
56b0f3d1d98b4a82c03287b47d18c17a,Bacteria,Bacteroidota,Bacteroidia,Flavobacteriales,Weeksellaceae,Chryseobacterium,Unassigned
0624a3b39e993eec5f4e5131ecbe9ed3,Bacteria,Firmicutes,Unassigned,Unassigned,Unassigned,Unassigned,Unassigned
b7de47d063634300dc762dacff0cc2d4,Bacteria,Proteobacteria,Gammaproteobacteria,Unassigned,Unassigned,Unassigned,Unassigned
d2a793647cffda79ce193ad8c0755e27,Bacteria,Firmicutes,Clostridia,Lachnospirales,Lachnospiraceae,Lachnoclostridium,Unassigned
a14647ac85722f4397b000fb9be7928f,Bacteria,Proteobacteria,Alphaproteobacteria,Caulobacterales,Caulobacteraceae,Caulobacter,metagenome
aad93ce5ecf90604d9c223ef4e7f8df5,Bacteria,Proteobacteria,Gammaproteobacteria,Xanthomonadales,Xanthomonadaceae,Unassigned,Unassigned
4be85c6db5b60ecb72d1b0bb0e185dbb,Bacteria,Actinobacteriota,MB-A2-108,MB-A2-108,MB-A2-108,MB-A2-108,uncultured_bacterium
a126a5354724e4c97bbaaa6abe043503,Bacteria,Actinobacteriota,Thermoleophilia,Gaiellales,uncultured,uncultured,Unassigned
78625141e8ca1295c7bb9d977cf1d307,Bacteria,Planctomycetota,Planctomycetes,Gemmatales,Gemmataceae,Fimbriiglobus,uncultured_bacterium
c8b22e192a80b7250240ae186bbdd5a1,Bacteria,Proteobacteria,Alphaproteobacteria,Rhizobiales,Beijerinckiaceae,Bosea,Unassigned
0a333ec0b4c3dcc1e722314974cbe528,Bacteria,Proteobacteria,Alphaproteobacteria,Rhizobiales,Devosiaceae,Devosia,Devosia_limi
2a6aa1aaa920d90c574a68a1a616b415,Bacteria,Proteobacteria,Gammaproteobacteria,Burkholderiales,Oxalobacteraceae,Janthinobacterium,Unassigned
8288851f251eebdef1f667427dc6ae0e,Bacteria,Proteobacteria,Gammaproteobacteria,Burkholderiales,Aquaspirillaceae,Microvirgula,Microvirgula_aerodenitrificans
82a6b20a4c26a7ca7e0e79d18f916f52,Bacteria,Planctomycetota,Planctomycetes,Planctomycetales,Rubinisphaeraceae,SH-PL14,uncultured_planctomycete
9d7c466a64de731736f2c8f9c826fc4f,Bacteria,Proteobacteria,Gammaproteobacteria,Coxiellales,Coxiellaceae,Coxiella,Unassigned
beebcff6bc3932beffbd394601afe501,Bacteria,Firmicutes,Clostridia,Clostridiales,Clostridiaceae,Clostridium_sensu_stricto_9,uncultured_bacterium
333029e090b876e2ad5a23b8eb8f6878,Bacteria,Planctomycetota,Planctomycetes,Pirellulales,Pirellulaceae,uncultured,uncultured_bacterium
e2524b904b2ac9006132d6de753f68c7,Bacteria,Proteobacteria,Alphaproteobacteria,Rhizobiales,Rhizobiaceae,Unassigned,Unassigned
be6f6f61bcc4c27fa52e6249090f0507,Bacteria,Cyanobacteria,Cyanobacteriia,Chloroplast,Chloroplast,Chloroplast,Unassigned
118bd35207ab4dc4fdbe0d3a50b59eef,Bacteria,Unassigned,Unassigned,Unassigned,Unassigned,Unassigned,Unassigned
6777f177d6d3efd474f86489a1b39ccd,Bacteria,Rs-K70_termite_group,Rs-K70_termite_group,Rs-K70_termite_group,Rs-K70_termite_group,Rs-K70_termite_group,uncultured_delta
cb09858ccc52e12f76c638af8f5cfca6,Bacteria,Cyanobacteria,Cyanobacteriia,Chloroplast,Chloroplast,Chloroplast,Myrmecia_israeliensis
e5958316884f1bf9bc91fd7b976cf4bc,Bacteria,Actinobacteriota,Actinobacteria,Actinomycetales,Actinomycetaceae,Actinomyces,uncultured_Actinomycetales
fa282ca41ee7b5cb867aaf220f977014,Bacteria,Proteobacteria,Alphaproteobacteria,Sphingomonadales,Sphingomonadaceae,Sphingobium,Sphingobium_japonicum
db55264f5efd8d34cb64dc3e9da5e777,Bacteria,Proteobacteria,Alphaproteobacteria,Reyranellales,Reyranellaceae,Reyranella,metagenome
918aacff114c0defcef36b73158f1b8a,Bacteria,Actinobacteriota,Actinobacteria,Streptomycetales,Streptomycetaceae,Streptomyces,Unassigned
e0214abdf6bc760450192c7860a294c0,Bacteria,Firmicutes,Bacilli,Unassigned,Unassigned,Unassigned,Unassigned
6db56c6b5ea3a89223a6fd7c599bbd12,Bacteria,Proteobacteria,Alphaproteobacteria,Caulobacterales,Caulobacteraceae,Caulobacter,Unassigned
b88b24de18db49c213abc8f0fe85c94b,Bacteria,Actinobacteriota,Actinobacteria,PeM15,PeM15,PeM15,Unassigned
a53af5820331994de1bf0eb17352aec0,Bacteria,Verrucomicrobiota,Chlamydiae,Chlamydiales,Parachlamydiaceae,Unassigned,Unassigned
24cb753c7bf2a6a60af6dcabbfbe4720,Bacteria,Proteobacteria,Alphaproteobacteria,Rhizobiales,Beijerinckiaceae,Unassigned,Unassigned
969fd1ade27a7e1b0dd5bd5db194dbf4,Bacteria,Firmicutes,Bacilli,Thermoactinomycetales,Thermoactinomycetaceae,Pasteuria,uncultured_Firmicutes
d451f72cb2d3d530c49bbb26fdf4cbdf,Bacteria,Proteobacteria,Alphaproteobacteria,Rhizobiales,Beijerinckiaceae,Bosea,Unassigned
b8aeeee119e5df7ac3426f144f0c2034,Bacteria,Planctomycetota,Planctomycetes,Planctomycetales,Rubinisphaeraceae,SH-PL14,uncultured_planctomycete
9915f6abf96bb74a4eac68f3495b2da9,Bacteria,Firmicutes,Bacilli,Paenibacillales,Paenibacillaceae,Paenibacillus,Unassigned
9cae1bf2ebf2f75c35b274233a67ff4d,Bacteria,Proteobacteria,Alphaproteobacteria,Rickettsiales,Mitochondria,Mitochondria,Unassigned
168ca590464b6f15f55ccc28e874b568,Bacteria,Chloroflexi,AD3,AD3,AD3,AD3,uncultured_Chloroflexi
dd9cad533ea8f374fa44322839cc3f46,Bacteria,Actinobacteriota,Actinobacteria,Actinomycetales,Actinomycetaceae,Actinomyces,uncultured_Actinomycetales
a6778569192960e4490d1a18a303f739,Bacteria,Proteobacteria,Alphaproteobacteria,Sphingomonadales,Sphingomonadaceae,Sphingobium,Unassigned
da6881b246a64b6cc68b95288dfcce55,Bacteria,Proteobacteria,Alphaproteobacteria,Rickettsiales,Mitochondria,Mitochondria,Lecanora_strobilina
dd93972af5ec9d5f0aa550614f0db40e,Bacteria,Planctomycetota,Planctomycetes,Pirellulales,Pirellulaceae,Pir4_lineage,Unassigned
778e31324f7e88fc6b16386c17eeaf48,Bacteria,Planctomycetota,Planctomycetes,Isosphaerales,Isosphaeraceae,Aquisphaera,uncultured_bacterium
f0da4a87832552b079415c130294c929,Bacteria,Planctomycetota,Planctomycetes,Gemmatales,Gemmataceae,uncultured,uncultured_bacterium
542ee4238d140d148205dbe85b4cf517,Bacteria,Planctomycetota,Planctomycetes,Pirellulales,Pirellulaceae,Pirellula,Unassigned
6376cedec24da2aab6bd0185e367b0fa,Bacteria,Planctomycetota,Planctomycetes,Pirellulales,Pirellulaceae,uncultured,Unassigned
afee27e7fba5f8add5d2f2942861f470,Bacteria,Actinobacteriota,Actinobacteria,Propionibacteriales,Nocardioidaceae,Marmoricola,Unassigned
6e83d8050d24446116e3aa7d75f7af87,Bacteria,Proteobacteria,Alphaproteobacteria,Rhizobiales,Beijerinckiaceae,Bosea,Unassigned
35bbd79e8f2e0a1fdce1d069cc5a945d,Bacteria,Proteobacteria,Alphaproteobacteria,Acetobacterales,Acetobacteraceae,uncultured,metagenome
74af281c1e2bd11c4f88e5dcb816e11d,Bacteria,Proteobacteria,Alphaproteobacteria,Sphingomonadales,Sphingomonadaceae,Novosphingobium,Unassigned
4ed1aac6e0f1e84301cf3fd63ba8c099,Bacteria,Proteobacteria,Alphaproteobacteria,Rhizobiales,Beijerinckiaceae,Bosea,Unassigned
9e259a68b8c744e38e12c3a3df1ca9b3,Bacteria,Verrucomicrobiota,Verrucomicrobiae,Chthoniobacterales,Chthoniobacteraceae,Candidatus_Udaeobacter,uncultured_cyanobacterium
00c58a2f6c6329ed6cc56817348e50f9,Bacteria,Bacteroidota,Bacteroidia,Flavobacteriales,Weeksellaceae,Chryseobacterium,Unassigned
087a67e685a67bb0aa9953e62438cebf,Bacteria,Proteobacteria,Alphaproteobacteria,Rickettsiales,Mitochondria,Mitochondria,Unassigned
a2f3868539c1bc3b028bf4079f69cc85,Bacteria,Proteobacteria,Alphaproteobacteria,Rhizobiales,Rhizobiaceae,Unassigned,Unassigned
2a71e8c52150be237a276471886b46fc,Bacteria,Proteobacteria,Alphaproteobacteria,Rhizobiales,Rhizobiaceae,Allorhizobium-Neorhizobium-Pararhizobium-Rhizobium,Unassigned
cdd1d7a84b76b7c91f8489902965f066,Bacteria,Proteobacteria,Alphaproteobacteria,Rhizobiales,Devosiaceae,Devosia,Unassigned
54da43142e2bb4176fdee94d783418e7,Bacteria,Firmicutes,Bacilli,RsaHf231,RsaHf231,RsaHf231,uncultured_bacterium
ed8313b187ef83e648d43eddbe1460fa,Bacteria,Cyanobacteria,Cyanobacteriia,Chloroplast,Chloroplast,Chloroplast,Unassigned
876469a35c9d871fd7d4f793a7269f10,Bacteria,Planctomycetota,Planctomycetes,Pirellulales,Pirellulaceae,Pir4_lineage,Unassigned
25173735b8600f3a45fd1e6171190465,Bacteria,Proteobacteria,Alphaproteobacteria,Rhizobiales,Rhizobiaceae,Allorhizobium-Neorhizobium-Pararhizobium-Rhizobium,Unassigned
2d3fb925ac0e47112ee9118c05025b35,Bacteria,Bacteroidota,Bacteroidia,Flavobacteriales,Flavobacteriaceae,Polaribacter,Unassigned
68a2a79465e971a18ec85f40d865dd49,Bacteria,Cyanobacteria,Cyanobacteriia,Chloroplast,Chloroplast,Chloroplast,Unassigned
9492474cd3ebb1be3f0670f953cb87e9,Bacteria,Proteobacteria,Alphaproteobacteria,Rhizobiales,Beijerinckiaceae,Bosea,Unassigned
d025ea5d6fbee7cda43455423ef0a34c,Bacteria,Actinobacteriota,Actinobacteria,Frankiales,uncultured,uncultured,Actinomycetales_bacterium
fc54be0d57a2df56ceabec749288ca74,Bacteria,Planctomycetota,Planctomycetes,Isosphaerales,Isosphaeraceae,uncultured,uncultured_bacterium
3a4c843bf7fda612343acaa9b155ab6c,Bacteria,Proteobacteria,Alphaproteobacteria,Rhizobiales,Rhizobiaceae,Allorhizobium-Neorhizobium-Pararhizobium-Rhizobium,Unassigned
5031eaf3c9927a9e0caf9e81f7d559d8,Bacteria,Planctomycetota,Planctomycetes,Planctomycetales,Rubinisphaeraceae,uncultured,Unassigned
20443d258a44ca4e2dae78b842504b74,Bacteria,Proteobacteria,Alphaproteobacteria,Rhizobiales,Devosiaceae,Devosia,Devosia_limi
59328aae4f87c0e865f0f5ee19791812,Bacteria,Proteobacteria,Alphaproteobacteria,Rickettsiales,Mitochondria,Mitochondria,Unassigned
4b561ebe5b15b91a98911651f93c83b7,Bacteria,Firmicutes,Clostridia,Unassigned,Unassigned,Unassigned,Unassigned
fe9ace2c43e89f11aae80a9cfaa5f5c7,Bacteria,Proteobacteria,Alphaproteobacteria,Acetobacterales,Acetobacteraceae,Roseococcus,uncultured_bacterium
7f5501e08b34a4c7c5a6688ec5d52bf9,Bacteria,Actinobacteriota,Actinobacteria,Micrococcales,Intrasporangiaceae,Unassigned,Unassigned
a699b4c79573f857493dac46a371234a,Bacteria,Patescibacteria,Saccharimonadia,Saccharimonadales,Unassigned,Unassigned,Unassigned
75fa49fa852e1fcb13f6775beca1b7c2,Bacteria,Proteobacteria,Gammaproteobacteria,Unassigned,Unassigned,Unassigned,Unassigned
b04df2920d4fed7e05e7c5e75ec7f4c9,Bacteria,Firmicutes,Bacilli,Paenibacillales,Paenibacillaceae,Paenibacillus,Unassigned
0bd6dc0c6f70f25b8a3d7c49e3bf67d7,Bacteria,Proteobacteria,Alphaproteobacteria,Rhizobiales,Beijerinckiaceae,Roseiarcus,Unassigned
ebc3693c9e2f0c2f72d733729cb5ba38,Bacteria,Proteobacteria,Alphaproteobacteria,Rhizobiales,Beijerinckiaceae,Bosea,Unassigned
3e0e6a5833a6dfca3f46d22402ea3844,Bacteria,Planctomycetota,Planctomycetes,Gemmatales,Gemmataceae,uncultured,Unassigned
d54b0075407a475fac684170138a96ba,Bacteria,Acidobacteriota,Acidobacteriae,Solibacterales,Solibacteraceae,Candidatus_Solibacter,Unassigned
1bf9a72bf883a3d6f5090388b793f01f,Bacteria,Proteobacteria,Alphaproteobacteria,Reyranellales,Reyranellaceae,Reyranella,Unassigned
73de0409cd3ae5a6992fd17d7bd6f038,Bacteria,Proteobacteria,Gammaproteobacteria,Enterobacterales,Hafniaceae,Hafnia-Obesumbacterium,Unassigned
a5ed256a1f1947bbfdcd49c205e0c00f,Bacteria,Proteobacteria,Alphaproteobacteria,Rhodobacterales,Rhodobacteraceae,Unassigned,Unassigned
7b8da1f63cf1263b00704c43251f99fd,Bacteria,Proteobacteria,Alphaproteobacteria,Rickettsiales,Mitochondria,Mitochondria,Rhynchosporium_secalis
046b388cee5ba3413177b2ffbc5f45b7,Bacteria,Proteobacteria,Gammaproteobacteria,Burkholderiales,Comamonadaceae,Unassigned,Unassigned
f46b168af219c819533b450d74f29e1e,Bacteria,Proteobacteria,Alphaproteobacteria,Rhizobiales,Devosiaceae,Devosia,Unassigned
9bbecef04dc342eb3f58304e0b6fdf27,Bacteria,Actinobacteriota,Acidimicrobiia,IMCC26256,IMCC26256,IMCC26256,uncultured_Ferrimicrobium
1d24a27c04327fac5bd46c6aa9256081,Bacteria,Proteobacteria,Gammaproteobacteria,Burkholderiales,Comamonadaceae,Unassigned,Unassigned
245a459e6a9b57639651ea077ae9287c,Bacteria,Proteobacteria,Gammaproteobacteria,Xanthomonadales,Xanthomonadaceae,Stenotrophomonas,Unassigned
e71652b563f37535e04060488363bf62,Bacteria,Firmicutes,Clostridia,Oscillospirales,Ruminococcaceae,uncultured,uncultured_Firmicutes
0055cecaf082f14a7beec50bb827e94f,Bacteria,Proteobacteria,Gammaproteobacteria,Burkholderiales,Comamonadaceae,Unassigned,Unassigned
2b5b7162dda6b2f9cb1ce853777662a4,Bacteria,Proteobacteria,Gammaproteobacteria,Legionellales,Legionellaceae,Legionella,Unassigned
8513fe5a7887e22a102d497ea52836fc,Bacteria,Proteobacteria,Gammaproteobacteria,Alteromonadales,Alteromonadaceae,Glaciecola,Unassigned
211ed77cb6270ad118fec3e259a9c7f9,Bacteria,Proteobacteria,Alphaproteobacteria,Rickettsiales,Mitochondria,Mitochondria,Unassigned
6316cc6d221b5aada9c219f6d41a66f8,Bacteria,Planctomycetota,Planctomycetes,Pirellulales,Pirellulaceae,uncultured,metagenome
163651887e567be30f54551e2c00e22d,Bacteria,Proteobacteria,Gammaproteobacteria,Coxiellales,Coxiellaceae,Coxiella,uncultured_bacterium
8e2a7341c117930ad437c19d8a4061cf,Bacteria,Proteobacteria,Alphaproteobacteria,Sphingomonadales,Sphingomonadaceae,Sphingopyxis,Unassigned
e98a919d0a64fa7ed410e37f6ee46976,Bacteria,Firmicutes,Bacilli,Lactobacillales,Streptococcaceae,Lactococcus,Unassigned
094af1d3d5f35e1bc66f80e128e0abc0,Bacteria,Planctomycetota,Planctomycetes,Gemmatales,Gemmataceae,Fimbriiglobus,Unassigned
7841ba1505f3dad98f0bf0209bfa913e,Bacteria,Proteobacteria,Alphaproteobacteria,Rhizobiales,Beijerinckiaceae,Bosea,Unassigned
7b2e9ee47a0737901c51e428e6d077a2,Bacteria,Bacteroidota,Bacteroidia,Flavobacteriales,Weeksellaceae,Chryseobacterium,Chryseobacterium_halperniae
646cf4f452d81b01ca64bc3f8f889442,Bacteria,Firmicutes,Clostridia,Lachnospirales,Lachnospiraceae,Unassigned,Unassigned
105232877c847a1f5bbea456761ee490,Bacteria,Unassigned,Unassigned,Unassigned,Unassigned,Unassigned,Unassigned
8263692bb074aa2c3c4022c0cb882349,Bacteria,Proteobacteria,Alphaproteobacteria,Rhizobiales,Rhizobiaceae,Unassigned,Unassigned
73f5a36b0ccc37ac957bee04c712fd92,Bacteria,Bacteroidota,Bacteroidia,Flavobacteriales,Weeksellaceae,Empedobacter,Empedobacter_brevis
844557c3937ffedf8d99ba00c5349548,Bacteria,Actinobacteriota,Actinobacteria,Pseudonocardiales,Pseudonocardiaceae,Actinomycetospora,Unassigned
1d2a33b40acf001bb98667cf41fbd74e,Bacteria,Actinobacteriota,Acidimicrobiia,IMCC26256,IMCC26256,IMCC26256,Unassigned
3b9033413ebc3d278d3d47e7830a9114,Bacteria,Bdellovibrionota,Oligoflexia,Oligoflexales,uncultured,uncultured,uncultured_bacterium
117a4557ae35be17cd90f046b465e6d4,Bacteria,Actinobacteriota,Actinobacteria,Frankiales,Frankiaceae,Frankia,Unassigned
daf0d6ea969fbd13ddcc6215feabbd58,Bacteria,Proteobacteria,Alphaproteobacteria,Rhizobiales,Devosiaceae,Devosia,Unassigned
621dcfc13ba44bfd60e6b87afbcb9e31,Bacteria,Cyanobacteria,Cyanobacteriia,Chloroplast,Chloroplast,Chloroplast,Unassigned
02f314523e78d0492658107a13efd8e2,Bacteria,Proteobacteria,Gammaproteobacteria,Burkholderiales,Comamonadaceae,Unassigned,Unassigned
d2d0e5ca9e0235127f518f26693368e5,Bacteria,Firmicutes,Bacilli,Lactobacillales,Unassigned,Unassigned,Unassigned
d3d81a470c849182b55d7823df87e2dd,Bacteria,Firmicutes,Clostridia,Lachnospirales,Lachnospiraceae,Lachnospira,Unassigned
26c6e3ed14694582e207478c1f23c21f,Bacteria,Firmicutes,Bacilli,Erysipelotrichales,Erysipelotrichaceae,Turicibacter,Unassigned
ad139328ba8ac39c2e5ccef543df2deb,Bacteria,Firmicutes,Clostridia,Oscillospirales,Ruminococcaceae,Incertae_Sedis,Unassigned
9586e4b95aece3e3b67fc924a2990901,Bacteria,Cyanobacteria,Cyanobacteriia,Chloroplast,Chloroplast,Chloroplast,Unassigned
243aff7e42ae2e3148b4430cc845d024,Bacteria,Firmicutes,Bacilli,Lactobacillales,Enterococcaceae,Enterococcus,Unassigned
125d3844345399d457bd24d15079e067,Bacteria,Chloroflexi,Chloroflexia,Thermomicrobiales,JG30-KF-CM45,JG30-KF-CM45,uncultured_soil
502a90e2098126e1ef4dbd3b4beb89b6,Bacteria,Actinobacteriota,Thermoleophilia,Solirubrobacterales,67-14,67-14,metagenome
e18cad0b07a8dfff2f62bd26b2c58823,Bacteria,Verrucomicrobiota,Chlamydiae,Chlamydiales,Unassigned,Unassigned,Unassigned
259fe18f6b7682f4eb450646924ab287,Bacteria,Dependentiae,Babeliae,Babeliales,Babeliaceae,Babeliaceae,uncultured_organism
042daf4b1be1d557b107902eb6f73427,Bacteria,Actinobacteriota,Actinobacteria,Corynebacteriales,Corynebacteriaceae,Corynebacterium,Unassigned
422c5f8007ef7ec19cefec26e0b4c7fa,Bacteria,Planctomycetota,Planctomycetes,Gemmatales,Gemmataceae,Fimbriiglobus,uncultured_bacterium
3fbfd9dfa092569e9471eb6c8b9805d9,Bacteria,Planctomycetota,Planctomycetes,Pirellulales,Pirellulaceae,uncultured,Planctomycetaceae
c56590d1d00d879c0544d6aaa49e93b6,Bacteria,Cyanobacteria,Cyanobacteriia,Chloroplast,Chloroplast,Chloroplast,uncultured_Chlorophyta
cc617cbacfea6240d94e5c9005ccd73c,Bacteria,Proteobacteria,Alphaproteobacteria,Rhizobiales,Devosiaceae,Devosia,Unassigned
80a63348c191d2f014f7b3f4840f7609,Bacteria,Cyanobacteria,Cyanobacteriia,Chloroplast,Chloroplast,Chloroplast,Porphyridium_aerugineum
3ccb3c91a07d6572a0b719f99e7425e3,Bacteria,Firmicutes,Bacilli,Lactobacillales,Enterococcaceae,Enterococcus,Unassigned
9e3df8f94c42e5d99e293666fa00dd81,Bacteria,Firmicutes,Bacilli,Unassigned,Unassigned,Unassigned,Unassigned
a80573aecd274960a5f90ed4a877b1b6,Bacteria,Firmicutes,Bacilli,Lactobacillales,Enterococcaceae,Enterococcus,Unassigned
dbfaa7950dbe96a5f326309a984c9e24,Bacteria,Bacteroidota,Bacteroidia,Sphingobacteriales,Sphingobacteriaceae,Pedobacter,Unassigned
e9ba438890b4605605ffe7aea09c9cb5,Bacteria,Firmicutes,Bacilli,Lactobacillales,Carnobacteriaceae,Carnobacterium,Unassigned
5fb2a5450a69d25ca7a2c3d97ea34ee9,Bacteria,Actinobacteriota,Actinobacteria,Corynebacteriales,Nocardiaceae,Nocardia,Unassigned
381f7b6f9dd00934e869682231567089,Bacteria,Proteobacteria,Alphaproteobacteria,Rickettsiales,Mitochondria,Mitochondria,Unassigned
2e981cb762c647316dcf31b3d4b53889,Bacteria,Cyanobacteria,Cyanobacteriia,Cyanobacteriales,Chroococcidiopsaceae,uncultured,Unassigned
0422e2bfe882be44a78c34ff7da4637b,Bacteria,Proteobacteria,Gammaproteobacteria,Xanthomonadales,Xanthomonadaceae,Stenotrophomonas,Unassigned
08f15c3d9d4fe372aa16d91c0f692c0c,Bacteria,Proteobacteria,Alphaproteobacteria,Rhizobiales,Devosiaceae,Devosia,Devosia_limi
3b26b282bb7c2564fd7344da346726cd,Bacteria,Planctomycetota,Planctomycetes,Pirellulales,Pirellulaceae,uncultured,Unassigned
53ed9dc13b3bcacdb7519291a257c599,Bacteria,Firmicutes,Bacilli,Staphylococcales,Staphylococcaceae,Staphylococcus,Unassigned
55556570395e2a38cc1402f33dd4d7e7,Bacteria,Bacteroidota,Bacteroidia,Flavobacteriales,Weeksellaceae,Chryseobacterium,Unassigned
c4df42d6e048a5985e77dccc8f53aa97,Bacteria,Planctomycetota,Planctomycetes,Pirellulales,Pirellulaceae,uncultured,Unassigned
cdb78bb09c49ae2ae1412eaa1825f367,Bacteria,Proteobacteria,Gammaproteobacteria,Pseudomonadales,Pseudomonadaceae,Pseudomonas,Unassigned
046fa036e6d5365e5ff744d5ddb0d310,Bacteria,Proteobacteria,Alphaproteobacteria,Rhodobacterales,Rhodobacteraceae,Unassigned,Unassigned
a4cdc7a124b184b61745f9183c94c4e3,Bacteria,Proteobacteria,Gammaproteobacteria,Pseudomonadales,Moraxellaceae,Acinetobacter,Unassigned
5c36516c211afd7afdf78d5c62fe8df6,Bacteria,Proteobacteria,Alphaproteobacteria,Rhizobiales,Beijerinckiaceae,Bosea,Unassigned
17191a9c9ee977b6a5cfc4533b52ce26,Bacteria,Firmicutes,Clostridia,Clostridiales,Clostridiaceae,Clostridium_sensu_stricto_1,Unassigned
50a007d05808f4bde9f30f272571a39d,Bacteria,Unassigned,Unassigned,Unassigned,Unassigned,Unassigned,Unassigned
ab531ad8e49999a7ecb0ceedb5ee0ee6,Bacteria,Proteobacteria,Alphaproteobacteria,Sphingomonadales,Sphingomonadaceae,Sandaracinobacter,Unassigned
a1c36d9dffa316d9024e60244d0958bd,Bacteria,Proteobacteria,Gammaproteobacteria,Cardiobacteriales,Wohlfahrtiimonadaceae,Ignatzschineria,swine_effluent
c49c43599e9d966df3a9ff120ea65bed,Bacteria,Firmicutes,Clostridia,Clostridia,Hungateiclostridiaceae,uncultured,Unassigned
7e7a1474e566523a1308359f0a2c681d,Bacteria,Proteobacteria,Alphaproteobacteria,Rhizobiales,Beijerinckiaceae,Bosea,Unassigned
250bfeee34599f8811639960304b55d4,Bacteria,Cyanobacteria,Cyanobacteriia,Chloroplast,Chloroplast,Chloroplast,Unassigned
4e613485224d415f4a85222146c6791a,Bacteria,Proteobacteria,Alphaproteobacteria,Rhizobiales,Beijerinckiaceae,uncultured,Unassigned
0d06a637bad290c47e22d5505526c251,Bacteria,Patescibacteria,Saccharimonadia,Saccharimonadales,LWQ8,LWQ8,uncultured_bacterium
cc1746cee8d0ba4b1cceedd1519657cc,Bacteria,Proteobacteria,Alphaproteobacteria,Rhizobiales,Beijerinckiaceae,Bosea,Unassigned
0a4288a61984d25b75903917b3cd520f,Bacteria,Proteobacteria,Gammaproteobacteria,Legionellales,Legionellaceae,Legionella,Unassigned
8b3aac9d1823a0f6d36b8c5122f56a88,Bacteria,Cyanobacteria,Cyanobacteriia,Chloroplast,Chloroplast,Chloroplast,Unassigned
919ca47a757f280e6fa33c3fbcb80d2b,Bacteria,Proteobacteria,Alphaproteobacteria,Rhizobiales,Beijerinckiaceae,Bosea,Unassigned
8215480287c992a54be5c2374d73b8cf,Bacteria,Proteobacteria,Gammaproteobacteria,Unassigned,Unassigned,Unassigned,Unassigned
83199780b73afcfe441f5f6ec71c2eac,Bacteria,Proteobacteria,Gammaproteobacteria,Xanthomonadales,Xanthomonadaceae,Stenotrophomonas,Unassigned
d2aa9f38a8223860fc217eebe6d38e0d,Bacteria,Actinobacteriota,Actinobacteria,Corynebacteriales,Nocardiaceae,Unassigned,Unassigned
feba02829607f150e170cea03132b74c,Bacteria,Actinobacteriota,Actinobacteria,Corynebacteriales,Corynebacteriaceae,Lawsonella,Unassigned
6f2617a824ea64962b8c70882fdce3ca,Bacteria,Unassigned,Unassigned,Unassigned,Unassigned,Unassigned,Unassigned
ef5f00f0a83224ecf6babfff1d4eb1a4,Bacteria,Actinobacteriota,Acidimicrobiia,Microtrichales,Ilumatobacteraceae,CL500-29_marine_group,metagenome
b2d2a067b4ce2be7640de10889fd8fb8,Bacteria,Proteobacteria,Gammaproteobacteria,Burkholderiales,Methylophilaceae,Methylotenera,Unassigned
dbbc081f4ce9f0f597c6d2696efc9742,Bacteria,Actinobacteriota,Acidimicrobiia,IMCC26256,IMCC26256,IMCC26256,uncultured_Acidimicrobiales
cd550b94ad8e3921283d403ed5ef15b3,Bacteria,Cyanobacteria,Cyanobacteriia,Chloroplast,Chloroplast,Chloroplast,groundwater_metagenome
77ea265bb47ecf7d236a82c61d75a1e3,Bacteria,Proteobacteria,Alphaproteobacteria,Rickettsiales,Mitochondria,Mitochondria,Spongospora_subterranea
0287696352745c956300d8d00a8c175d,Bacteria,Proteobacteria,Alphaproteobacteria,Rhizobiales,Unassigned,Unassigned,Unassigned
508e99e9ba3b45e3f24625fdb215b938,Bacteria,Cyanobacteria,Cyanobacteriia,Chloroplast,Chloroplast,Chloroplast,Vaucheria_litorea
6a8098ecf920a75cf3525f0b4c6654c0,Bacteria,Firmicutes,Bacilli,Lactobacillales,Streptococcaceae,Lactococcus,Unassigned
77c476ad7ab9a7ca5085525a2ab94ecc,Bacteria,Planctomycetota,Planctomycetes,Gemmatales,Gemmataceae,Fimbriiglobus,Unassigned
6f03faf188d632885fc598d47f27e09f,Bacteria,Cyanobacteria,Cyanobacteriia,Chloroplast,Chloroplast,Chloroplast,Tetradesmus_obliquus
8fe38028841c70141e00beb432355667,Bacteria,Proteobacteria,Gammaproteobacteria,Burkholderiales,Burkholderiaceae,uncultured,bacterium_endosymbiont
1122aeedb55c017c8f8e36da560268e7,Bacteria,Firmicutes,Bacilli,Erysipelotrichales,Erysipelotrichaceae,ZOR0006,uncultured_bacterium
b3adb3d0505e6807948161c3e9bf1f6e,Bacteria,Proteobacteria,Gammaproteobacteria,Oceanospirillales,Nitrincolaceae,Unassigned,Unassigned
37687326bbb1a8b7069e2a49bb27de83,Bacteria,Unassigned,Unassigned,Unassigned,Unassigned,Unassigned,Unassigned
77e8154d2c413fd93c6de999f11ea9af,Bacteria,Cyanobacteria,Cyanobacteriia,Chloroplast,Chloroplast,Chloroplast,Myrmecia_israeliensis
4ddfbe0fbd38eb2bb856d491b0e87e1c,Bacteria,Proteobacteria,Alphaproteobacteria,Rhizobiales,Hyphomicrobiaceae,Pedomicrobium,metagenome
7a68b1b1812ab9c4f9c333b90b8c7a4e,Bacteria,Proteobacteria,Alphaproteobacteria,Sphingomonadales,Sphingomonadaceae,Sphingomonas,Unassigned
ca4f2a16a66f8f0a169c8e16114b7eb8,Bacteria,Proteobacteria,Alphaproteobacteria,Rhizobiales,Devosiaceae,Devosia,Unassigned
3ff19407bc58bc1f98d29b6624dccdda,Bacteria,Unassigned,Unassigned,Unassigned,Unassigned,Unassigned,Unassigned
b1426d3b51985aeb1f097dc7a9312b22,Eukaryota,Microsporidia,Microsporidia,Microsporidia,Microsporidia,Microsporidia,Unassigned
7511414bee90682cbb46da4a3f927ead,Bacteria,Proteobacteria,Alphaproteobacteria,Rickettsiales,Mitochondria,Mitochondria,Annulohypoxylon_stygium
5a794af0917a0c840028685faf0bedb7,Bacteria,Bdellovibrionota,Oligoflexia,0319-6G20,0319-6G20,0319-6G20,uncultured_proteobacterium
9611c5d68e96676806ef4edf0836e286,Bacteria,Proteobacteria,Alphaproteobacteria,Rhodobacterales,Rhodobacteraceae,Unassigned,Unassigned
dd3474d480dd7ae32b4d1816157f2524,Bacteria,Proteobacteria,Alphaproteobacteria,Rhizobiales,Beijerinckiaceae,Bosea,Unassigned
6fab2e8ad98c04b2280493d1813061bd,Bacteria,Actinobacteriota,Actinobacteria,Corynebacteriales,Mycobacteriaceae,Mycobacterium,Unassigned
8e886283fc52e9f694f220c6c52177d2,Bacteria,Cyanobacteria,Cyanobacteriia,Chloroplast,Chloroplast,Chloroplast,groundwater_metagenome
c1142d7d96af8503abfbc7b30827e1d4,Bacteria,Planctomycetota,Planctomycetes,Planctomycetales,Rubinisphaeraceae,SH-PL14,uncultured_planctomycete
85265d08cf195b48c4e98d6b2ef45db6,Bacteria,Proteobacteria,Alphaproteobacteria,Rhizobiales,Rhizobiaceae,Unassigned,Unassigned
e2e70606eac5249939b20d827d48e49e,Bacteria,Proteobacteria,Alphaproteobacteria,Rickettsiales,Mitochondria,Mitochondria,Unassigned
dd620b5ed5bbebefddb902466cd20857,Bacteria,Proteobacteria,Gammaproteobacteria,Enterobacterales,Unassigned,Unassigned,Unassigned
1bc5ae4a24244ed63cfc6cd171ac2ce4,Bacteria,Firmicutes,Bacilli,Unassigned,Unassigned,Unassigned,Unassigned
88c54959a841f058f6bdafb62e4a756e,Bacteria,Planctomycetota,Planctomycetes,Planctomycetales,Rubinisphaeraceae,uncultured,Unassigned
ca0f4763929457415d20e6e71f4d56e8,Bacteria,Firmicutes,Bacilli,RsaHf231,RsaHf231,RsaHf231,bacterium_PM5-3
306d8d1a57d94877011a41e5188418e6,Bacteria,Proteobacteria,Alphaproteobacteria,Rickettsiales,Mitochondria,Mitochondria,Unassigned
8914e4eb999287796af82fe36081a190,Bacteria,Firmicutes,Clostridia,Clostridiales,Clostridiaceae,Clostridium_sensu_stricto_1,Unassigned
092da42bb6cccb7066e9a5748a8e782b,Bacteria,Bacteroidota,Bacteroidia,Sphingobacteriales,Sphingobacteriaceae,Pedobacter,Unassigned
4f52c3b2138c3e17056dea2eec046325,Bacteria,Bacteroidota,Bacteroidia,Sphingobacteriales,Sphingobacteriaceae,Pedobacter,Unassigned
1ff4c7da71a74a11a971f0bfa21f469f,Bacteria,Firmicutes,Clostridia,Clostridiales,Clostridiaceae,Clostridium_sensu_stricto_1,Unassigned
bbab7a9db617600716286a8fe4d49fec,Bacteria,Proteobacteria,Alphaproteobacteria,Rickettsiales,Mitochondria,Mitochondria,Unassigned
e64b0e41072e6177cbacd737dadc7cc7,Bacteria,Proteobacteria,Alphaproteobacteria,Rhizobiales,Rhizobiaceae,Allorhizobium-Neorhizobium-Pararhizobium-Rhizobium,Unassigned
cded9986076f331d44b6da7648268de5,Bacteria,Proteobacteria,Alphaproteobacteria,Rhizobiales,Beijerinckiaceae,Bosea,Unassigned
df76a83da35dc7e1af74186a906d7076,Bacteria,Proteobacteria,Alphaproteobacteria,Rhizobiales,Beijerinckiaceae,Bosea,Unassigned
4f0c090701b32c7167242573945c9834,Bacteria,Proteobacteria,Alphaproteobacteria,Rickettsiales,Mitochondria,Mitochondria,Diplazium_pycnocarpon
00694e6fcb11f7a7785dc54739d8fe82,Bacteria,Proteobacteria,Alphaproteobacteria,Rickettsiales,Mitochondria,Mitochondria,Unassigned
9928ac667246556bd4cec54d145f6a64,Bacteria,Cyanobacteria,Cyanobacteriia,Chloroplast,Chloroplast,Chloroplast,Unassigned
ba2ed88ebbcf4f61c1cebbca68899170,Bacteria,Firmicutes,Clostridia,Oscillospirales,Oscillospiraceae,Sporobacter,uncultured_Firmicutes
2c5b68e70ee7bba06a8e39823d788277,Bacteria,Actinobacteriota,Acidimicrobiia,IMCC26256,IMCC26256,IMCC26256,Unassigned
a55bcc366c757ab83c1fc7bec1f7b951,Bacteria,Unassigned,Unassigned,Unassigned,Unassigned,Unassigned,Unassigned
19dbddb2c5f3fa79405474da780745e2,Bacteria,Proteobacteria,Gammaproteobacteria,Xanthomonadales,Xanthomonadaceae,Stenotrophomonas,Unassigned
fbf75b9a4909a2d861de2fe214db11aa,Bacteria,Firmicutes,Clostridia,Clostridiales,Clostridiaceae,Clostridium_sensu_stricto_1,Unassigned
fbcbe080f96d56ce66bca5bdb2a464bf,Bacteria,Actinobacteriota,Actinobacteria,Corynebacteriales,Corynebacteriaceae,Lawsonella,uncultured_bacterium
30897f1951e16b67a22c3ef6b066de44,Bacteria,Proteobacteria,Alphaproteobacteria,Rhizobiales,Hyphomicrobiaceae,Hyphomicrobium,Unassigned
df2b8727a5b29c74fce27987abfa7ed9,Bacteria,Verrucomicrobiota,Chlamydiae,Chlamydiales,Parachlamydiaceae,Unassigned,Unassigned
9c4bfac77464b78fb27a8fc78422cd12,Bacteria,Deinococcota,Deinococci,Deinococcales,Deinococcaceae,Deinococcus,Deinococcus_budaensis
cec2f500bab859b9b6202a38afd3b41e,Bacteria,Proteobacteria,Gammaproteobacteria,Vibrionales,Vibrionaceae,Vibrio,Unassigned
7074871461858ad6caa10b5b81571c9c,Bacteria,Actinobacteriota,Actinobacteria,Micrococcales,Microbacteriaceae,Unassigned,Unassigned
3d7f6e8d2f71a11ddddd96987bb6d7ca,Bacteria,Proteobacteria,Alphaproteobacteria,Rhizobiales,Beijerinckiaceae,uncultured,uncultured_Rhizobiales
b73c0aa80c873a37e0d7ffd21cae95a5,Bacteria,Proteobacteria,Alphaproteobacteria,Sphingomonadales,Sphingomonadaceae,Sphingopyxis,Unassigned
fbfe7003074f030de30fad247229d11e,Bacteria,Verrucomicrobiota,Verrucomicrobiae,Chthoniobacterales,Chthoniobacteraceae,Candidatus_Udaeobacter,Unassigned
6a49a4b4e0801d5f2025da13e148b4e4,Bacteria,Planctomycetota,Planctomycetes,Pirellulales,Pirellulaceae,uncultured,Unassigned
9abfd84c8f492bb0a282841520f4682e,Bacteria,Proteobacteria,Alphaproteobacteria,Acetobacterales,Acetobacteraceae,Roseococcus,Sediminicoccus_rosea
31cea877ca3360805624d1257f068c73,Bacteria,Actinobacteriota,Actinobacteria,Micrococcales,Cellulomonadaceae,Actinotalea,uncultured_bacterium
60d27e1201fb7e24af19298827d93725,Bacteria,Proteobacteria,Alphaproteobacteria,Rhizobiales,Rhizobiales_Incertae_Sedis,Phreatobacter,uncultured_Alphaproteobacteria
7b7a9e004a6d03aae3b871dbc5b2c254,Bacteria,Actinobacteriota,Actinobacteria,Propionibacteriales,Nocardioidaceae,Unassigned,Unassigned
e146551b0fb83e759afe00ab8aed639b,Bacteria,Firmicutes,Limnochordia,Limnochordia,Limnochordia,Hydrogenispora,uncultured_bacterium
17f19a387c33be6667db78214ae89635,Bacteria,Proteobacteria,Alphaproteobacteria,Sphingomonadales,Sphingomonadaceae,Sphingopyxis,Unassigned
728e4d0ae6e4abe8e0ae217c7e1a2194,Bacteria,Proteobacteria,Alphaproteobacteria,Rhizobiales,Devosiaceae,Devosia,Unassigned
94e3993487b2e21fe9473d7d5804678b,Bacteria,Bacteroidota,Bacteroidia,Cytophagales,Spirosomaceae,Dyadobacter,Unassigned
0586d4b702c9c06cf93eacaa6cff38ea,Bacteria,Proteobacteria,Alphaproteobacteria,Rickettsiales,Mitochondria,Mitochondria,Unassigned
83cd7b5c87b40faa384d70fc0c5fbe9f,Bacteria,Proteobacteria,Alphaproteobacteria,uncultured,uncultured,uncultured,uncultured_Alphaproteobacteria
6dcf2bfff972380ce01e5e64bcb120c7,Bacteria,Proteobacteria,Alphaproteobacteria,Rhizobiales,Unassigned,Unassigned,Unassigned
1ab334a593754525e688ffacf4cd0aa3,Bacteria,Proteobacteria,Gammaproteobacteria,Burkholderiales,Comamonadaceae,Unassigned,Unassigned
14f3468c7bbb1252789f8373f324f1a6,Bacteria,Bacteroidota,Bacteroidia,Bacteroidales,Bacteroidaceae,Bacteroides,Unassigned
6ec2127a751b0f3688788d9dad5c9948,Bacteria,Proteobacteria,Alphaproteobacteria,Elsterales,uncultured,uncultured,Unassigned
96c96ce83d80a05bc3044a630be5ac20,Bacteria,Cyanobacteria,Cyanobacteriia,Chloroplast,Chloroplast,Chloroplast,Tetradesmus_obliquus
6abc66248e8679fc1863d78455ceaeeb,Bacteria,Proteobacteria,Gammaproteobacteria,Xanthomonadales,Xanthomonadaceae,Unassigned,Unassigned
f11a05a6f5df8ab6efa9b2903af4580b,Bacteria,Planctomycetota,OM190,OM190,OM190,OM190,planctomycete_A-2
51e3049b93b27c08ea2231d6e697f9f5,Bacteria,Firmicutes,Bacilli,Lactobacillales,Streptococcaceae,Lactococcus,Unassigned
599d335d2f492918b7645f460c91b365,Bacteria,Cyanobacteria,Cyanobacteriia,Chloroplast,Chloroplast,Chloroplast,Unassigned
5e59e8dcd26da8336846ccd9974de74f,Bacteria,Cyanobacteria,Cyanobacteriia,Chloroplast,Chloroplast,Chloroplast,Tetradesmus_obliquus
e3865b7d9c73cdbedcad62cef34f8d53,Bacteria,Proteobacteria,Alphaproteobacteria,Rhizobiales,Beijerinckiaceae,Bosea,Unassigned
bbfbf8c13192219ec0e3382dcecd4b74,Bacteria,Proteobacteria,Alphaproteobacteria,Rickettsiales,Mitochondria,Mitochondria,Unassigned
9cc818be1f737bfc4a4400b1ef06b320,Bacteria,Proteobacteria,Alphaproteobacteria,Rhizobiales,Devosiaceae,Devosia,Unassigned
a7a1c8131295b01972e82d7cc2be38ed,Bacteria,Planctomycetota,Planctomycetes,Planctomycetales,Rubinisphaeraceae,SH-PL14,uncultured_planctomycete
714b62883e7239ff2412fe6e1c654453,Bacteria,Proteobacteria,Alphaproteobacteria,Rhizobiales,Beijerinckiaceae,Bosea,Unassigned
9bbd23716de359ec2a8f3f5d6a012def,Bacteria,Bacteroidota,Bacteroidia,Bacteroidales,Dysgonomonadaceae,Dysgonomonas,Unassigned
9d30737a9207c5b11e6993bed6886664,Bacteria,Proteobacteria,Gammaproteobacteria,OM182_clade,OM182_clade,OM182_clade,Unassigned
10ebc2248a3429f93d3e2c1d82587b26,Bacteria,Proteobacteria,Alphaproteobacteria,Rickettsiales,Mitochondria,Mitochondria,Botryosphaeria_dothidea
a7283a52795a7022685bb75262338bcb,Bacteria,Actinobacteriota,Acidimicrobiia,Microtrichales,Microtrichaceae,uncultured,uncultured_bacterium
0256a024c2a9de469ca5435fc19fa57e,Bacteria,Bacteroidota,Bacteroidia,Chitinophagales,Chitinophagaceae,Taibaiella,uncultured_Sphingobacteriia
66f9a7c4365d64eebc0761e1a101b620,Bacteria,Bacteroidota,Bacteroidia,Bacteroidales,Dysgonomonadaceae,Dysgonomonas,Dysgonomonas_sp.
11e2d66ba2ef4371adcde3b68f3c06e0,Bacteria,Proteobacteria,Alphaproteobacteria,Rhizobiales,Rhizobiaceae,Allorhizobium-Neorhizobium-Pararhizobium-Rhizobium,Unassigned
d487d32defee2e64576415d55baf3cbe,Bacteria,Proteobacteria,Gammaproteobacteria,Gammaproteobacteria_Incertae_Sedis,Unknown_Family,Candidatus_Berkiella,uncultured_bacterium
a1b6eba7c31cfa0321b451001b93df6a,Bacteria,Proteobacteria,Gammaproteobacteria,Pseudomonadales,Pseudomonadaceae,Pseudomonas,Unassigned
abcd66eb2d9ba983235c1ff38cef2418,Bacteria,Planctomycetota,Planctomycetes,Planctomycetales,Rubinisphaeraceae,uncultured,uncultured_sludge
5b366a654ab220deabd1e5005a5dfaf7,Bacteria,Proteobacteria,Alphaproteobacteria,Rhizobiales,Beijerinckiaceae,Bosea,Unassigned
31eca03f1c9ee5db802ab5e46ba98c80,Bacteria,Planctomycetota,Planctomycetes,Isosphaerales,Isosphaeraceae,uncultured,uncultured_bacterium
9ebbd820ce55faa92b589b3557f9de81,Bacteria,Proteobacteria,Alphaproteobacteria,Rhizobiales,Devosiaceae,Devosia,Unassigned
d196357014f0d9d5fe7d9532f33a2c27,Bacteria,Cyanobacteria,Cyanobacteriia,Chloroplast,Chloroplast,Chloroplast,Unassigned
59c839aac50a42a6b13651c90b5592d3,Bacteria,Verrucomicrobiota,Chlamydiae,Chlamydiales,Parachlamydiaceae,Neochlamydia,metagenome
6815f403d906409c9718ce2c97623a32,Bacteria,Firmicutes,Clostridia,Clostridia,Hungateiclostridiaceae,Anaerobacterium,Unassigned
72e9c42ee4d9ea8823707d42c8851ecd,Bacteria,Actinobacteriota,Acidimicrobiia,Microtrichales,Iamiaceae,Iamia,Unassigned
640e02d555a9306200206fc21f42ef76,Bacteria,Verrucomicrobiota,Chlamydiae,Chlamydiales,Parachlamydiaceae,Neochlamydia,uncultured_Chlamydiales
c848f986832e385318388150b290fa9c,Bacteria,Actinobacteriota,Actinobacteria,Frankiales,Geodermatophilaceae,Unassigned,Unassigned
c1c9f472873fffe580a5e713ddfd4915,Bacteria,Planctomycetota,Planctomycetes,Gemmatales,Gemmataceae,uncultured,Unassigned
95016d392dae0a8d8ff7f81809e29b50,Bacteria,Cyanobacteria,Cyanobacteriia,Chloroplast,Chloroplast,Chloroplast,Cymbomonas_tetramitiformis
ceefc5d37bc49dfd2897c82e869fc695,Bacteria,Proteobacteria,Alphaproteobacteria,Reyranellales,Reyranellaceae,Reyranella,Unassigned
bc4f0c8edab1513ea7420e062c3a8240,Bacteria,Proteobacteria,Gammaproteobacteria,Xanthomonadales,Xanthomonadaceae,Stenotrophomonas,Unassigned
4c61bc95b3302f76c20ee00bc5d7073d,Bacteria,Actinobacteriota,Acidimicrobiia,Microtrichales,Ilumatobacteraceae,CL500-29_marine_group,metagenome
271b862e3c485ece561064793e084a41,Bacteria,Cyanobacteria,Cyanobacteriia,Leptolyngbyales,Leptolyngbyaceae,Chamaesiphon_PCC-7430,Unassigned
443c30be6dbee4052744cee72ae2c8ce,Bacteria,Planctomycetota,Planctomycetes,Isosphaerales,Isosphaeraceae,Tundrisphaera,uncultured_bacterium
72ba808c71de462f4969aac003b05d84,Bacteria,Proteobacteria,Alphaproteobacteria,Rhizobiales,Hyphomicrobiaceae,Hyphomicrobium,Unassigned
b3b50b118994d9ef0a352417a51f8419,Bacteria,Proteobacteria,Alphaproteobacteria,Unassigned,Unassigned,Unassigned,Unassigned
cd27b5a0cdf08c865375ce3debd9fde0,Bacteria,Proteobacteria,Gammaproteobacteria,Burkholderiales,Comamonadaceae,Unassigned,Unassigned
03c6285f6f28297fc9ebfcb26283efcc,Bacteria,Bdellovibrionota,Bdellovibrionia,Bacteriovoracales,Bacteriovoracaceae,Halobacteriovorax,uncultured_bacterium
d15e534f603efdf5e1d2834cdf0da85d,Bacteria,Planctomycetota,Planctomycetes,Gemmatales,Gemmataceae,Fimbriiglobus,uncultured_bacterium
5f2c0043b663df7171f08462a081a6c5,Bacteria,Proteobacteria,Alphaproteobacteria,Rhizobiales,Devosiaceae,Devosia,Unassigned
fef24f9835c48c96e374fd6a663ad6a5,Bacteria,Planctomycetota,Planctomycetes,Gemmatales,Gemmataceae,Gemmata,Unassigned
4991ef59335e1c322d13a96a5f0589f3,Bacteria,Planctomycetota,Planctomycetes,Planctomycetales,Schlesneriaceae,Schlesneria,Unassigned
88d22df14c590278a6e0ec2bb0a88d97,Bacteria,Actinobacteriota,Acidimicrobiia,IMCC26256,IMCC26256,IMCC26256,Unassigned
c75cc37fb7fa7b810b16ad1fe15b6c4f,Bacteria,Proteobacteria,Gammaproteobacteria,Oceanospirillales,Marinomonadaceae,Marinomonas,Unassigned
0d4fd16f40644075f7df7b4d8b6dd80b,Bacteria,Proteobacteria,Alphaproteobacteria,Rickettsiales,Mitochondria,Mitochondria,Unassigned
f4341cd9b9f838f809cacdaac8057492,Bacteria,Proteobacteria,Alphaproteobacteria,Acetobacterales,Acetobacteraceae,Roseococcus,Unassigned
265a622fe5010eb535d915ac797f2bec,Bacteria,Proteobacteria,Gammaproteobacteria,Burkholderiales,Comamonadaceae,Unassigned,Unassigned
4ae881fed03db39decde3786174e0b71,Bacteria,Proteobacteria,Gammaproteobacteria,Xanthomonadales,Xanthomonadaceae,Unassigned,Unassigned
14816d1caa7ec1ca50502b3ec76789c6,Bacteria,Proteobacteria,Gammaproteobacteria,Arenicellales,Arenicellaceae,HTCC5015,uncultured_gamma
441b2f03eba6dc41b96731d94adc3170,Bacteria,Proteobacteria,Alphaproteobacteria,Sphingomonadales,Sphingomonadaceae,Sphingorhabdus,Unassigned
05a9cf3f485610000a6f17e2e04b3951,Bacteria,Proteobacteria,Gammaproteobacteria,Pseudomonadales,Moraxellaceae,Acinetobacter,Unassigned
d43b03e49999433ae4a61452eecdd046,Bacteria,Proteobacteria,Alphaproteobacteria,Sphingomonadales,Sphingomonadaceae,Sphingopyxis,Unassigned
13d1aabb591fc0a78264420e8a8393e7,Bacteria,Bacteroidota,Bacteroidia,Flavobacteriales,Flavobacteriaceae,Polaribacter,Unassigned
905d2d4e16938fd21e9590fc4899122c,Bacteria,Proteobacteria,Gammaproteobacteria,Gammaproteobacteria_Incertae_Sedis,Unknown_Family,Candidatus_Ovatusbacter,uncultured_bacterium
02d26b7df15acadf191951be184e70b2,Bacteria,Proteobacteria,Alphaproteobacteria,Rhizobiales,Beijerinckiaceae,Bosea,Unassigned
23d4f6b93cc2212cd8b2b149a9aaa52b,Bacteria,Actinobacteriota,Actinobacteria,Frankiales,Frankiaceae,Jatrophihabitans,Unassigned
41ef453a0881451765cd292c474d02a6,Bacteria,Actinobacteriota,Acidimicrobiia,Microtrichales,Ilumatobacteraceae,Ilumatobacter,Unassigned
c69337bcdcdc7b2346be1af18a9b70ba,Unassigned,Unassigned,Unassigned,Unassigned,Unassigned,Unassigned,Unassigned
6e1d7a0b171c64cd244aec7090cbd014,Bacteria,Actinobacteriota,Actinobacteria,Frankiales,Nakamurellaceae,Nakamurella,Unassigned
048625245f683f20ca3f6db183596f77,Bacteria,Actinobacteriota,Actinobacteria,Corynebacteriales,Nocardiaceae,Nocardia,Unassigned
cbf3b13f623ec5a98b9dd53bb552e035,Bacteria,Bacteroidota,Bacteroidia,Bacteroidales,Porphyromonadaceae,Porphyromonas,Porphyromonas_somerae
665cdf4f926f0d35ee50f8a7aa7f8864,Bacteria,Firmicutes,Clostridia,Peptostreptococcales-Tissierellales,Peptostreptococcales-Tissierellales,Anaerococcus,Anaerococcus_prevotii
c713f80d1e6938a63a1faf63b128fb7b,Bacteria,Proteobacteria,Alphaproteobacteria,Rhizobiales,Rhizobiaceae,Unassigned,Unassigned
38291dc671146c71fe7561bd5aa826a6,Bacteria,Planctomycetota,Planctomycetes,Gemmatales,Gemmataceae,Gemmata,Unassigned
f3b6fa5595e29c606e2da77401ec1f4e,Bacteria,Proteobacteria,Gammaproteobacteria,Burkholderiales,Comamonadaceae,Unassigned,Unassigned
3abc5491bf8cbd6632486cf206f8aa85,Bacteria,Proteobacteria,Alphaproteobacteria,SAR11_clade,Clade_I,Clade_Ia,Unassigned
8612a8a3a594f77ab23ae980b6ef4e73,Bacteria,Bacteroidota,Bacteroidia,Flavobacteriales,Flavobacteriaceae,Flavobacterium,Unassigned
617127b46b4fcaf1b719608b5d52da9b,Bacteria,Actinobacteriota,Actinobacteria,Micrococcales,Micrococcaceae,Unassigned,Unassigned
aace39f9fa88cb2a65051839068a4080,Bacteria,Proteobacteria,Alphaproteobacteria,Rickettsiales,Mitochondria,Mitochondria,Arachis_hypogaea
5c065fcde87d145bd05aa8f636bb2a56,Bacteria,Proteobacteria,Alphaproteobacteria,Rickettsiales,Mitochondria,Mitochondria,Unassigned
cce61220c97b2afae7907c39bb38a2e9,Bacteria,Firmicutes,Clostridia,Clostridiales,Clostridiaceae,Clostridium_sensu_stricto_1,Unassigned
537ee031f53c8cbafcdc805d0d001a5b,Bacteria,Proteobacteria,Alphaproteobacteria,Rhizobiales,Rhizobiaceae,Unassigned,Unassigned
e6aedb2de2b4b726e9f20a43758729aa,Bacteria,Firmicutes,Unassigned,Unassigned,Unassigned,Unassigned,Unassigned
5960790d1c6ebebb97a7523835e45c19,Bacteria,Proteobacteria,Alphaproteobacteria,Rhizobiales,Hyphomicrobiaceae,Unassigned,Unassigned
c86fa613b1941564a2a17acb0cddc3ef,Bacteria,Patescibacteria,Saccharimonadia,Saccharimonadales,Saccharimonadales,Saccharimonadales,uncultured_bacterium
e7745c724cc17e196363421af3d9297f,Bacteria,Proteobacteria,Alphaproteobacteria,Rhizobiales,Beijerinckiaceae,Bosea,Unassigned
3e28dd3dbc8c50f5f6a9aea38d5ceb9b,Bacteria,Proteobacteria,Alphaproteobacteria,Rhizobiales,Beijerinckiaceae,Bosea,Unassigned
90c56279c7fea139303c6edbd0dbbeb4,Bacteria,Proteobacteria,Gammaproteobacteria,Burkholderiales,Comamonadaceae,Unassigned,Unassigned
03c2a37e4792e789d2e3ef4a5b21fe42,Bacteria,Proteobacteria,Alphaproteobacteria,Sphingomonadales,Sphingomonadaceae,Sphingomonas,Unassigned
ca6f96bcd324ac6d7ce6dd4f16483f0f,Bacteria,Proteobacteria,Alphaproteobacteria,Rickettsiales,Mitochondria,Mitochondria,Unassigned
6ec4639c0972739ba0e02306d1eb9273,Bacteria,Proteobacteria,Gammaproteobacteria,Tenderiales,Tenderiaceae,Candidatus_Tenderia,uncultured_gamma
be2337c4edaa4af26c522ccc30ae4de0,Bacteria,Proteobacteria,Alphaproteobacteria,Puniceispirillales,SAR116_clade,SAR116_clade,Unassigned
49d17c07f55606561b863d435bedd17a,Bacteria,Bacteroidota,Bacteroidia,Flavobacteriales,Flavobacteriaceae,Ulvibacter,uncultured_marine
c73b7f278721eeea059d82dc36ff4664,Bacteria,Proteobacteria,Gammaproteobacteria,Burkholderiales,Comamonadaceae,Unassigned,Unassigned
7cadb8e14a50c14b74121d5f13dd8486,Bacteria,Cyanobacteria,Cyanobacteriia,Chloroplast,Chloroplast,Chloroplast,Castanea_mollissima
138cc0496421e84be231161ec549336c,Bacteria,Proteobacteria,Alphaproteobacteria,Rickettsiales,Mitochondria,Mitochondria,Unassigned
5c676cd0aa58045f43213d397759a20f,Bacteria,Bacteroidota,Bacteroidia,Bacteroidales,Prevotellaceae,Prevotella,Prevotella_timonensis
e6e80bf88908fd1e5c7d10fe41ed3b09,Bacteria,Cyanobacteria,Cyanobacteriia,Chloroplast,Chloroplast,Chloroplast,Oscillatoriales_cyanobacterium
f44bc4c1ba686cc514290c0708064fcb,Bacteria,Firmicutes,Bacilli,Lactobacillales,Enterococcaceae,Enterococcus,Unassigned
218deb84aefc1dcb38013a132adcc9c7,Bacteria,Unassigned,Unassigned,Unassigned,Unassigned,Unassigned,Unassigned
8b28170e7eb7cd7d5f4522e754267648,Bacteria,Actinobacteriota,Actinobacteria,Micrococcales,Microbacteriaceae,Unassigned,Unassigned
f6493f9ddf85be5a6cc8b6592944904f,Bacteria,Proteobacteria,Alphaproteobacteria,Sphingomonadales,Sphingomonadaceae,Sphingomonas,Unassigned
7adf06a46296740ae86fbddace08d69e,Bacteria,Chloroflexi,TK10,TK10,TK10,TK10,metagenome
c400556c8ba1d6dfb53d03c69f38a59c,Bacteria,Unassigned,Unassigned,Unassigned,Unassigned,Unassigned,Unassigned
a43e96a72eb4f34ea5aaf44865f9a159,Bacteria,Proteobacteria,Alphaproteobacteria,Rhizobiales,Beijerinckiaceae,Methylobacterium-Methylorubrum,Unassigned
ec9ae3f8692686ce262da4cb38134eaa,Bacteria,Verrucomicrobiota,Verrucomicrobiae,Chthoniobacterales,Chthoniobacteraceae,Chthoniobacter,uncultured_bacterium
aae6561e665047f4b391f57a1db2a8c2,Bacteria,Proteobacteria,Alphaproteobacteria,Rickettsiales,Mitochondria,Mitochondria,Unassigned
28a86f04573e0f3f93d9b5c5752bf78e,Bacteria,Actinobacteriota,Actinobacteria,Micrococcales,Cellulomonadaceae,Cellulomonas,Unassigned
adb7061f2206976adfd7c3cff0bf4303,Bacteria,Unassigned,Unassigned,Unassigned,Unassigned,Unassigned,Unassigned
370dd06a211516e096a1bcd677d15857,Bacteria,Firmicutes,Bacilli,Lactobacillales,Unassigned,Unassigned,Unassigned
ca2ebd83b400edf9630027e1596c0263,Bacteria,Proteobacteria,Gammaproteobacteria,Gammaproteobacteria_Incertae_Sedis,Unknown_Family,Candidatus_Berkiella,uncultured_bacterium
e709b41f10c9eee86a28369174da6721,Bacteria,Planctomycetota,Planctomycetes,Pirellulales,Pirellulaceae,uncultured,metagenome
05392182025d96381fb452c2d4e3a251,Bacteria,Unassigned,Unassigned,Unassigned,Unassigned,Unassigned,Unassigned
0be39f481129a5c4aa1d67d59a186712,Bacteria,Firmicutes,Bacilli,Lactobacillales,Unassigned,Unassigned,Unassigned
3f7ca1dc1c3f2c9fa0f1d07477c9c55a,Bacteria,Proteobacteria,Alphaproteobacteria,Rhizobiales,Beijerinckiaceae,Methylobacterium-Methylorubrum,Methylobacterium_cerastii
f293de9c36d757572c5dc7cad04b78bd,Bacteria,Proteobacteria,Alphaproteobacteria,Rhizobiales,Devosiaceae,Devosia,Devosia_limi
006b4d5fcf9dc15446551ff5af40362c,Bacteria,Unassigned,Unassigned,Unassigned,Unassigned,Unassigned,Unassigned
49bd4a667c2a5d087ac5d7d3710452a3,Bacteria,Firmicutes,Clostridia,Lachnospirales,Lachnospiraceae,Unassigned,Unassigned
581dc10ec06cf5e3e953c6dc7e674fed,Bacteria,Firmicutes,Bacilli,RsaHf231,RsaHf231,RsaHf231,uncultured_bacterium
52453282d26d56457d278aebf8897dca,Bacteria,Actinobacteriota,Actinobacteria,Frankiales,Sporichthyaceae,Longivirga,Unassigned
2889f790ab04e7fae7af8cc642a31fb6,Bacteria,Firmicutes,Clostridia,Clostridiales,Clostridiaceae,Clostridium_sensu_stricto_1,Unassigned
48eb634474b837e1a82b0e99c501d7af,Bacteria,Cyanobacteria,Cyanobacteriia,Chloroplast,Chloroplast,Chloroplast,uncultured_Chlorophyta
792445929336970357951f0275142c65,Bacteria,Verrucomicrobiota,Chlamydiae,Chlamydiales,Parachlamydiaceae,uncultured,metagenome
121f847373d127971b71e44eb8b5ac10,Bacteria,Proteobacteria,Alphaproteobacteria,Rhizobiales,Beijerinckiaceae,Bosea,Unassigned
007751dfb8bf3b54ac37c16036f59981,Bacteria,Unassigned,Unassigned,Unassigned,Unassigned,Unassigned,Unassigned
3f33c780c14e06cd140e7f3b3870e21f,Bacteria,Proteobacteria,Alphaproteobacteria,Acetobacterales,Acetobacteraceae,Unassigned,Unassigned
927feb7f314a6efdd53cb2e60a6b65dc,Bacteria,Actinobacteriota,Thermoleophilia,Solirubrobacterales,67-14,67-14,metagenome
f91d91cb538809d8a433a91c01fa675d,Bacteria,Planctomycetota,Planctomycetes,Planctomycetales,Schlesneriaceae,Schlesneria,Unassigned
d0d9069ec96e12fae3578c266590b793,Bacteria,Firmicutes,Bacilli,Paenibacillales,Paenibacillaceae,Paenibacillus,Unassigned
fac9423912e178a625488363f5206b0b,Bacteria,Firmicutes,Bacilli,Thermoactinomycetales,Thermoactinomycetaceae,Thermoactinomyces,Unassigned
24ca62bca984a50bd7a890f6b54c444f,Bacteria,Proteobacteria,Gammaproteobacteria,Oceanospirillales,Oceanospirillaceae,Oceanospirillum,Unassigned
06fc13aef72cc37fd4a3546efdb70a8f,Bacteria,Proteobacteria,Alphaproteobacteria,Rickettsiales,Mitochondria,Mitochondria,Annulohypoxylon_stygium
95403ad206d7d43d6d1c9ab9b524ee1b,Bacteria,Proteobacteria,Alphaproteobacteria,Rhodospirillales,Magnetospirillaceae,Telmatospirillum,uncultured_bacterium
18de3fc8dc8c63ee07a4be50df5a4b93,Bacteria,Unassigned,Unassigned,Unassigned,Unassigned,Unassigned,Unassigned
25a17d837067388fca33fedae2cd3d0b,Bacteria,Verrucomicrobiota,Verrucomicrobiae,Chthoniobacterales,Unassigned,Unassigned,Unassigned
528fce70d34b9a365ffc1616ddc86c02,Bacteria,Proteobacteria,Gammaproteobacteria,Enterobacterales,Hafniaceae,Hafnia-Obesumbacterium,Unassigned
f072595146f687019ad0a51dbe256d52,Bacteria,Firmicutes,Bacilli,RsaHf231,RsaHf231,RsaHf231,Unassigned
3897c8f2f6687d5e6aacf663dba1ae02,Bacteria,Proteobacteria,Alphaproteobacteria,Rickettsiales,Mitochondria,Mitochondria,Lecanora_strobilina
f10ee61c9071bc7b970d3c24a6320a28,Bacteria,Proteobacteria,Alphaproteobacteria,Acetobacterales,Acetobacteraceae,Unassigned,Unassigned
6dbaab35f43640ff1ae7b4725b8d3ba1,Bacteria,Proteobacteria,Gammaproteobacteria,Enterobacterales,Hafniaceae,Hafnia-Obesumbacterium,Unassigned
f0aab287f8fc65d610ff66197f9dd5d7,Bacteria,Unassigned,Unassigned,Unassigned,Unassigned,Unassigned,Unassigned
5da06f9857e5b6459cfce2205debb7eb,Bacteria,Firmicutes,Bacilli,Lactobacillales,Streptococcaceae,Lactococcus,Unassigned
7eb6d331fbec037e01ea211d60173911,Bacteria,Firmicutes,Bacilli,Lactobacillales,Streptococcaceae,Lactococcus,Unassigned
619b70cca49db6867c9fc0c0f9bdae2f,Bacteria,Actinobacteriota,Actinobacteria,Frankiales,Acidothermaceae,Acidothermus,Unassigned
f3213ff5d727fcab502e7b96703581aa,Bacteria,Planctomycetota,Planctomycetes,Pirellulales,Pirellulaceae,Pirellula,uncultured_Planctomycetaceae
9db61bf470036f218914e0ff1b0d9ada,Bacteria,Cyanobacteria,Cyanobacteriia,Chloroplast,Chloroplast,Chloroplast,Tupiella_akineta
6463bab0de43ef9cdcf3c721408899e0,Bacteria,Proteobacteria,Alphaproteobacteria,Rhizobiales,Beijerinckiaceae,Bosea,Unassigned
9b58c178a2d9bfd6cf38ce6cb25854b8,Bacteria,Proteobacteria,Alphaproteobacteria,Acetobacterales,Acetobacteraceae,Acidiphilium,uncultured_Alphaproteobacteria
f7e2cf405d93de3b5d14b009b2f43f38,Bacteria,Unassigned,Unassigned,Unassigned,Unassigned,Unassigned,Unassigned
9565a09e630e8ff247e37aecd0b5f625,Bacteria,Planctomycetota,Planctomycetes,Isosphaerales,Isosphaeraceae,Tundrisphaera,Unassigned
3b9f0b054e739e7d2c880498efbebec7,Bacteria,Proteobacteria,Gammaproteobacteria,Oceanospirillales,Marinomonadaceae,Marinomonas,uncultured_marine
8ddff1b0a7072e9d7ebb2a2c205d5a11,Bacteria,Firmicutes,Negativicutes,Veillonellales-Selenomonadales,Veillonellaceae,Dialister,Unassigned
47cd452c50d36d744bcbf6aec5fbe248,Bacteria,Chloroflexi,Ktedonobacteria,Ktedonobacterales,Ktedonobacteraceae,uncultured,uncultured_Ktedobacteria
62f93a3867d6f5069b5304250a1e7331,Bacteria,Planctomycetota,Planctomycetes,Gemmatales,Gemmataceae,uncultured,uncultured_bacterium
f05aa78fada0e01f76d8234c0c03cdfe,Bacteria,Proteobacteria,Gammaproteobacteria,Burkholderiales,Comamonadaceae,Unassigned,Unassigned
627de8ad684072ba4e4260184c1ea58f,Bacteria,Proteobacteria,Alphaproteobacteria,Rhizobiales,Beijerinckiaceae,Methylobacterium-Methylorubrum,Unassigned
b645a293715555b4e310f111bd57f90a,Bacteria,Cyanobacteria,Cyanobacteriia,Chloroplast,Chloroplast,Chloroplast,Watanabea_reniformis
f840a9d63dcd47aa40a3e4bd3cc03bec,Bacteria,Cyanobacteria,Cyanobacteriia,Chloroplast,Chloroplast,Chloroplast,Prasiolopsis_sp.
1528b504de3bb0373d80603715fe18f6,Bacteria,Cyanobacteria,Cyanobacteriia,Chloroplast,Chloroplast,Chloroplast,Unassigned
685319d8435b3f937dc8cb62256238ef,Bacteria,Planctomycetota,Planctomycetes,Gemmatales,Gemmataceae,Fimbriiglobus,Unassigned
52a30d82093ee28bb9508c5e558f23c0,Unassigned,Unassigned,Unassigned,Unassigned,Unassigned,Unassigned,Unassigned
736af7c0f775dd1cc4e1f04960c091ee,Bacteria,Proteobacteria,Gammaproteobacteria,Burkholderiales,Comamonadaceae,Unassigned,Unassigned
73ad54acf18499d1196ec484feb41511,Bacteria,Cyanobacteria,Cyanobacteriia,Chloroplast,Chloroplast,Chloroplast,Unassigned
46fe4a493df9f60ba239dc9af7babf24,Bacteria,Cyanobacteria,Cyanobacteriia,Chloroplast,Chloroplast,Chloroplast,uncultured_Chlorophyta
5271b104123bc946d0a365ee9dc3af01,Bacteria,Planctomycetota,Planctomycetes,Pirellulales,Pirellulaceae,Pirellula,Unassigned
580918851228a04bac93ae5501555af6,Bacteria,Proteobacteria,Alphaproteobacteria,Rhizobiales,Xanthobacteraceae,Tardiphaga,Unassigned
2ceb158d49dcb33aac1f19a946e1fc8e,Bacteria,Actinobacteriota,Actinobacteria,Corynebacteriales,Nocardiaceae,Rhodococcus,Unassigned
6aa5de06411a436335cec48edead4d57,Bacteria,Proteobacteria,Alphaproteobacteria,Rhizobiales,Devosiaceae,Devosia,Devosia_limi
a1931ee354402b4ab3e8c48f32116b39,Bacteria,Proteobacteria,Gammaproteobacteria,Burkholderiales,Comamonadaceae,Unassigned,Unassigned
fa24233ee3409268baf9df2607f3901f,Bacteria,Bacteroidota,Bacteroidia,Sphingobacteriales,Sphingobacteriaceae,Pedobacter,Unassigned
b7437f8a58b96bb3f51b4806bcd20021,Bacteria,Cyanobacteria,Cyanobacteriia,Chloroplast,Chloroplast,Chloroplast,Unassigned
12c65a2204976a5df6f079dd540d4bb2,Bacteria,Firmicutes,Desulfitobacteriia,Desulfitobacteriales,Desulfitobacteriaceae,Desulfosporosinus,Unassigned
667e61a1ae8d8b3ab77cad5ccbeb81d3,Bacteria,Actinobacteriota,Actinobacteria,Corynebacteriales,Nocardiaceae,Rhodococcus,Unassigned
51ac1afbdc9b4ea4efd769aa5d4e40bc,Bacteria,Proteobacteria,Alphaproteobacteria,Rhizobiales,Unassigned,Unassigned,Unassigned
036a49754a1e131586607d113ebc86ec,Bacteria,Proteobacteria,Alphaproteobacteria,Rhizobiales,Beijerinckiaceae,Bosea,Unassigned
a558dd79b920dfa23f87b7979d23a87c,Bacteria,Actinobacteriota,Actinobacteria,Corynebacteriales,Corynebacteriaceae,Corynebacterium,Unassigned
bd0f12d259611d20765e96a70408c8bf,Bacteria,Cyanobacteria,Cyanobacteriia,Chloroplast,Chloroplast,Chloroplast,Paradoxia_multiseta
d10b5381d72fe2c59649c3d6a22015f7,Bacteria,Unassigned,Unassigned,Unassigned,Unassigned,Unassigned,Unassigned
c3f5e3d770cd946e79be3db5df2b9988,Bacteria,Acidobacteriota,Blastocatellia,Blastocatellales,Blastocatellaceae,Blastocatella,uncultured_bacterium
3668a2ddf4373a319254b7367dae5fe5,Bacteria,Cyanobacteria,Cyanobacteriia,Chloroplast,Chloroplast,Chloroplast,uncultured_Chlorophyta
c03e84e5aede44875154272f4089d8fd,Bacteria,Proteobacteria,Alphaproteobacteria,Rhizobiales,Beijerinckiaceae,Bosea,Unassigned
ff3202e3fd63a5a28cc275007505caf6,Bacteria,Proteobacteria,Alphaproteobacteria,Caulobacterales,Caulobacteraceae,Brevundimonas,Unassigned
21ff0cda5fe5d1ba8c41bc269436ee6a,Bacteria,Unassigned,Unassigned,Unassigned,Unassigned,Unassigned,Unassigned
10abdb9409d66e5ef21d9583f9dfc724,Bacteria,Proteobacteria,Gammaproteobacteria,Alteromonadales,Alteromonadaceae,Unassigned,Unassigned
f272b9753eb231a8481dc524b80033eb,Bacteria,Proteobacteria,Alphaproteobacteria,Rickettsiales,Mitochondria,Mitochondria,Unassigned
abbe13d9c738f2373d554a8c5a0b2b68,Bacteria,Unassigned,Unassigned,Unassigned,Unassigned,Unassigned,Unassigned
e0ee783f68514e745fb3e8a2c16eeb69,Bacteria,Proteobacteria,Gammaproteobacteria,Oceanospirillales,Nitrincolaceae,Neptuniibacter,bacterium_IS6
adcf00f2a92f97a7f8778e455720f183,Bacteria,Firmicutes,Bacilli,Lactobacillales,Unassigned,Unassigned,Unassigned
b9677fef0c6466e3c291faecf41876eb,Bacteria,Firmicutes,Bacilli,Lactobacillales,Unassigned,Unassigned,Unassigned
8e2a689a75c3060feae18b2093108e05,Bacteria,Actinobacteriota,Actinobacteria,Frankiales,Frankiaceae,Jatrophihabitans,Unassigned
9326bd26a1ed914270bbdb2f7a6192bd,Bacteria,Proteobacteria,Alphaproteobacteria,Sphingomonadales,Sphingomonadaceae,Sphingomonas,Unassigned
bc7a7e1153ee45fada585c37ff63d716,Bacteria,Proteobacteria,Alphaproteobacteria,Rhizobiales,Rhizobiales_Incertae_Sedis,uncultured,Unassigned
44bee12a91316bd70fff15aa0130674a,Bacteria,Proteobacteria,Alphaproteobacteria,Rhizobiales,Beijerinckiaceae,Methylobacterium-Methylorubrum,Unassigned
c3de51af8749f62255a51c429133a211,Bacteria,Proteobacteria,Alphaproteobacteria,Rhizobiales,Devosiaceae,Unassigned,Unassigned
9b0318012f5750b019b47a8b7beac1e7,Bacteria,Actinobacteriota,Acidimicrobiia,Microtrichales,Ilumatobacteraceae,CL500-29_marine_group,metagenome
d11d0f8173ad58269f32b61f94b27bdf,Bacteria,Proteobacteria,Alphaproteobacteria,Rhizobiales,Unassigned,Unassigned,Unassigned
7a369b4dd38604e2d9f7ba9321d6ea6c,Bacteria,Planctomycetota,Planctomycetes,Pirellulales,Pirellulaceae,Pir4_lineage,Unassigned
efd9fed60424cd3cb3fe95be7c88c91a,Bacteria,Planctomycetota,Planctomycetes,Gemmatales,Gemmataceae,Gemmata,bacterium_enrichment
5b9e2134140c9bf93aa8770ba8b6e226,Bacteria,Proteobacteria,Alphaproteobacteria,Rhizobiales,Xanthobacteraceae,Unassigned,Unassigned
c62455da0744ab8e4e53f489d55aaae5,Bacteria,Firmicutes,Bacilli,Lactobacillales,Unassigned,Unassigned,Unassigned
e4e8e329769b3ed4da4a5bf1d6606108,Bacteria,Actinobacteriota,Thermoleophilia,Solirubrobacterales,Solirubrobacteraceae,Parviterribacter,uncultured_bacterium
42ec17613593700da6bf609520fe7ac1,Bacteria,Proteobacteria,Gammaproteobacteria,Ectothiorhodospirales,Ectothiorhodospiraceae,uncultured,uncultured_marine
0efdd7cf64e903ea2940d6ea9c5a7e74,Bacteria,Actinobacteriota,Acidimicrobiia,Microtrichales,Microtrichaceae,IMCC26207,Unassigned
0165217c1d01173ff6ff4d43508dbff1,Bacteria,Unassigned,Unassigned,Unassigned,Unassigned,Unassigned,Unassigned
2f8c8ec553aa043178787a28b1754d3d,Bacteria,Firmicutes,Bacilli,Lactobacillales,Unassigned,Unassigned,Unassigned
ebf7fd9beaf0efc545f1955bb2ae0b10,Eukaryota,Unassigned,Unassigned,Unassigned,Unassigned,Unassigned,Unassigned
3bcc5f6deb8dd37d42f3e5e5c649da74,Bacteria,Actinobacteriota,Actinobacteria,Micrococcales,Intrasporangiaceae,Unassigned,Unassigned
73fd98e551350424a39f7b65c2b47ac8,Bacteria,Proteobacteria,Gammaproteobacteria,Enterobacterales,Erwiniaceae,Pantoea,Unassigned
2512b168f9db0cc4c9acee67ff9ffb8e,Bacteria,Proteobacteria,Alphaproteobacteria,Rickettsiales,Mitochondria,Mitochondria,Unassigned
15110f675b2cf5c25918f1bee7558a6e,Bacteria,Proteobacteria,Alphaproteobacteria,Rhizobiales,Beijerinckiaceae,uncultured,uncultured_bacterium
def3a5c91c18bedc0637ea55baf227b9,Bacteria,Actinobacteriota,Actinobacteria,Propionibacteriales,Nocardioidaceae,Marmoricola,Unassigned
c5a58f80bff6204956852638cd1eb7e2,Bacteria,Proteobacteria,Alphaproteobacteria,Rhizobiales,Rhizobiaceae,Rhizobiaceae,metagenome
248aa9b7c53161386fea8cae3eb6bc65,Bacteria,Actinobacteriota,Actinobacteria,Frankiales,Nakamurellaceae,Nakamurella,Unassigned
0d424ac7d3a035fe3820747cdb72a2b1,Bacteria,Firmicutes,Clostridia,Oscillospirales,Oscillospiraceae,UCG-002,uncultured_organism
15ec3e1709d042aacbe8280a0ea82128,Bacteria,Actinobacteriota,Thermoleophilia,Solirubrobacterales,67-14,67-14,uncultured_actinobacterium
9c8145ff7962fcbfcbe1b09377020ddf,Bacteria,Proteobacteria,Alphaproteobacteria,Rhizobiales,Devosiaceae,Devosia,Unassigned
2a151a7d611cbd13fd51aa4a5eaa950c,Bacteria,Cyanobacteria,Cyanobacteriia,Chloroplast,Chloroplast,Chloroplast,Castanea_mollissima
fdfdc6f3eca342b16be989f5e16abb49,Bacteria,Chloroflexi,Chloroflexia,Thermomicrobiales,JG30-KF-CM45,JG30-KF-CM45,uncultured_Sphaerobacter
053c7e530d0b34ac7351e56ac5a259d3,Bacteria,Proteobacteria,Alphaproteobacteria,Rhizobiales,Beijerinckiaceae,Bosea,Unassigned
b0361271c64420b23c0b61cd512e86b3,Bacteria,Cyanobacteria,Cyanobacteriia,Chloroplast,Chloroplast,Chloroplast,uncultured_Chlorophyta
fa579886746e96035e62876de340df8f,Bacteria,Unassigned,Unassigned,Unassigned,Unassigned,Unassigned,Unassigned
efa235d5ef54793580fd263e0e92c8ea,Bacteria,Proteobacteria,Alphaproteobacteria,Acetobacterales,Acetobacteraceae,Unassigned,Unassigned
0acfdef3f8a8757064008fbb5d67bac7,Bacteria,Cyanobacteria,Cyanobacteriia,Chloroplast,Chloroplast,Chloroplast,Trebouxiophyceae_sp.
1213e87c042dafaf667086068f158c74,Bacteria,Unassigned,Unassigned,Unassigned,Unassigned,Unassigned,Unassigned
a08cebd8cdc52c03a9f4137aafdba678,Bacteria,Actinobacteriota,Actinobacteria,Frankiales,Frankiaceae,Jatrophihabitans,Unassigned
6f36f3ce2739a4ecfd5750dda12f050b,Bacteria,Proteobacteria,Alphaproteobacteria,Rhizobiales,Devosiaceae,Devosia,Devosia_limi
9dc3eb0f5563bd43a4de0fe7475a025e,Bacteria,Acidobacteriota,Acidobacteriae,Acidobacteriales,Acidobacteriaceae_(Subgroup_1),Terriglobus,uncultured_bacterium
f5588828392c223e8908910ec75a1c7d,Bacteria,Proteobacteria,Alphaproteobacteria,Rhizobiales,Devosiaceae,Devosia,Devosia_limi
c411dcb2e0a161caf4c6681bc9d6e944,Bacteria,Proteobacteria,Alphaproteobacteria,Rhizobiales,Devosiaceae,Devosia,Devosia_limi
9a8ecd189655685c2ad84b876c12fe47,Bacteria,Proteobacteria,Alphaproteobacteria,Sphingomonadales,Sphingomonadaceae,Rhizorhapis,uncultured_Alphaproteobacteria
1735122f6452284cae1574c71c9a6eec,Bacteria,Firmicutes,Bacilli,Bacillales,Bacillaceae,Aeribacillus,Unassigned
74a611800b7504946f729982601e37cf,Bacteria,Proteobacteria,Alphaproteobacteria,Sphingomonadales,Sphingomonadaceae,Sphingomonas,Unassigned
2fd47300d53efe3670e32c75ca49d877,Bacteria,Proteobacteria,Alphaproteobacteria,Rhizobiales,Beijerinckiaceae,Bosea,Unassigned
25032262c4117f29bdf25cf2a557abf3,Bacteria,Cyanobacteria,Cyanobacteriia,Chloroplast,Chloroplast,Chloroplast,Unassigned
45ddc69a3fbf19ff4953211c157cb9ac,Bacteria,Bacteroidota,Bacteroidia,Bacteroidales,Prevotellaceae,Prevotella,Massiliprevotella_massiliensis
cf0ed47db2693f82bec87c4b9c647445,Bacteria,Proteobacteria,Alphaproteobacteria,Rhizobiales,Devosiaceae,Devosia,Unassigned
ab3d598ea9a395dc528314b17963b95b,Archaea,Halobacterota,Halobacteria,Halobacterales,Halomicrobiaceae,Halapricum,uncultured_archaeon
ecc193327f27b0e8feeeeb5b642752a0,Bacteria,Firmicutes,Bacilli,Paenibacillales,Paenibacillaceae,Saccharibacillus,Saccharibacillus_deserti
ce85205a482ab4b8d57f1be0ff86ef98,Bacteria,Proteobacteria,Alphaproteobacteria,Rickettsiales,Mitochondria,Mitochondria,Unassigned
acb83e0376af11057930fde9a4c80b19,Bacteria,Firmicutes,Bacilli,Lactobacillales,Unassigned,Unassigned,Unassigned
762800e3bc8773c9a9c17134731b9b6c,Bacteria,Proteobacteria,Alphaproteobacteria,Acetobacterales,Acetobacteraceae,Acidiphilium,Unassigned
0b2fd16a805c7480b1a4444c86640920,Bacteria,Planctomycetota,Planctomycetes,Gemmatales,Gemmataceae,Fimbriiglobus,uncultured_bacterium
199bf68d6cb2971107a20ad3fd82930d,Bacteria,Actinobacteriota,Actinobacteria,Corynebacteriales,Corynebacteriaceae,Lawsonella,uncultured_bacterium
3bba04d00f551826e1c20ae0388b9f3b,Bacteria,Proteobacteria,Alphaproteobacteria,Acetobacterales,Acetobacteraceae,Unassigned,Unassigned
c56b60b2d8b6db85efa27d93840b7bf1,Bacteria,Firmicutes,Clostridia,Oscillospirales,Ethanoligenenaceae,Incertae_Sedis,uncultured_bacterium
6dbed951f7c0ac45c1a755462ee2a9fa,Bacteria,Cyanobacteria,Cyanobacteriia,Chloroplast,Chloroplast,Chloroplast,Planctonema_lauterbornii
97b362d63e87f05096779943d4d9f177,Bacteria,Planctomycetota,Planctomycetes,Pirellulales,Pirellulaceae,uncultured,Planctomycetaceae
248af827a6a22402cf64e57b00f1f39f,Bacteria,Cyanobacteria,Cyanobacteriia,Chloroplast,Chloroplast,Chloroplast,uncultured_Chlorophyta
880ad15b005a627598744bc7d950c9f3,Bacteria,Cyanobacteria,Cyanobacteriia,Chloroplast,Chloroplast,Chloroplast,uncultured_Chlorophyta
41fd02e64072eca2c500006d3eddea8b,Bacteria,Unassigned,Unassigned,Unassigned,Unassigned,Unassigned,Unassigned
c0807be61f8a4741d6ce2d9406606b9e,Bacteria,Proteobacteria,Alphaproteobacteria,Rhizobiales,Beijerinckiaceae,Methylobacterium-Methylorubrum,Unassigned
6a4a872569cccbcf02668ce9f788b7ae,Bacteria,Unassigned,Unassigned,Unassigned,Unassigned,Unassigned,Unassigned
d263667c2cf8ba4bc9b1ec64beda9239,Bacteria,Unassigned,Unassigned,Unassigned,Unassigned,Unassigned,Unassigned
387083224eaa0f8f889a212383850177,Bacteria,Proteobacteria,Gammaproteobacteria,Xanthomonadales,Xanthomonadaceae,Stenotrophomonas,Stenotrophomonas_nitritireducens
788d568979c4dff8ffc0dd1a378be1d4,Bacteria,Firmicutes,Clostridia,Peptostreptococcales-Tissierellales,Peptostreptococcales-Tissierellales,Anaerococcus,Anaerococcus_lactolyticus
c677823cf00ea36523745e225e54cea9,Bacteria,Proteobacteria,Alphaproteobacteria,SAR11_clade,Clade_I,Clade_Ia,Unassigned
d5e9329dc1c79fffcc8382c6e359f139,Bacteria,Proteobacteria,Gammaproteobacteria,Burkholderiales,Comamonadaceae,Unassigned,Unassigned
ade10c9e904b838b66c1f1ffbb748e2a,Bacteria,Cyanobacteria,Cyanobacteriia,Chloroplast,Chloroplast,Chloroplast,Unassigned
98ec7be5cad6698a90372faf65182b59,Bacteria,Planctomycetota,Planctomycetes,Pirellulales,Pirellulaceae,uncultured,metagenome
c365e6ba0664b48fc1fc1d1379f12ed9,Bacteria,Firmicutes,Bacilli,Lactobacillales,Unassigned,Unassigned,Unassigned
877d62052fa829f812b8d7c1de470f3e,Bacteria,Proteobacteria,Gammaproteobacteria,Coxiellales,Coxiellaceae,Coxiella,uncultured_bacterium
17ea1796684ec9c3f1497ac7f1dcbd8c,Bacteria,Cyanobacteria,Cyanobacteriia,Chloroplast,Chloroplast,Chloroplast,uncultured_Chlorophyta
5f0974203a96098fb5ea027137c914d3,Bacteria,Bacteroidota,Bacteroidia,Flavobacteriales,Flavobacteriaceae,Flavobacterium,Unassigned
42f3cef1105d887da0e302e68a9844ee,Bacteria,Proteobacteria,Gammaproteobacteria,Burkholderiales,Comamonadaceae,Unassigned,Unassigned
964d27ad1a6d391e4c81f06040ad9ee4,Bacteria,Firmicutes,Bacilli,Lactobacillales,Enterococcaceae,Enterococcus,Unassigned
93960d6eca5007ace57173e4f1b8efe0,Bacteria,Firmicutes,Bacilli,RsaHf231,RsaHf231,RsaHf231,uncultured_bacterium
003059a8753396823a4e8255eba45b6c,Bacteria,Actinobacteriota,Thermoleophilia,Solirubrobacterales,Solirubrobacteraceae,Unassigned,Unassigned
1755a9d673bd7c56e5d3bd65a1495271,Bacteria,Proteobacteria,Gammaproteobacteria,Burkholderiales,Comamonadaceae,Unassigned,Unassigned
0ea369d80e6f6d360ea5aeac1274f5e2,Bacteria,Proteobacteria,Alphaproteobacteria,Rhizobiales,Xanthobacteraceae,Bradyrhizobium,Unassigned
c896d6da5929e78ad966d6628a1d5740,Bacteria,Unassigned,Unassigned,Unassigned,Unassigned,Unassigned,Unassigned
ab5446a3eed20a0c75eb50e0d63b7039,Bacteria,Proteobacteria,Alphaproteobacteria,Acetobacterales,Acetobacteraceae,Unassigned,Unassigned
c19af8ea81c88388d4ca9edee7ff705f,Bacteria,Proteobacteria,Alphaproteobacteria,Rhizobiales,Beijerinckiaceae,Bosea,Unassigned
d0fb3b3627df9bf409b28b45c19f1597,Bacteria,Proteobacteria,Alphaproteobacteria,Rhodospirillales,AEGEAN-169_marine_group,AEGEAN-169_marine_group,uncultured_Alphaproteobacteria
7102f261eec492a2dbcbaf4abf758bde,Bacteria,Cyanobacteria,Cyanobacteriia,Chloroplast,Chloroplast,Chloroplast,uncultured_Chlorophyta
1a8700d9616e02b839574124f9325695,Bacteria,Firmicutes,Bacilli,Paenibacillales,Paenibacillaceae,Saccharibacillus,Unassigned
b001c923db33e13ce17e2f200d91489c,Bacteria,Verrucomicrobiota,Chlamydiae,Chlamydiales,Parachlamydiaceae,Neochlamydia,uncultured_Chlamydiales
354ec6ac8c1087818c485a2533d23bc2,Bacteria,Actinobacteriota,Actinobacteria,Pseudonocardiales,Pseudonocardiaceae,Pseudonocardia,Unassigned
64a1e8d20eec934f3a338db264a676e3,Bacteria,Actinobacteriota,Actinobacteria,Micrococcales,Dermacoccaceae,Allobranchiibius,Unassigned
8d38d8643419db36d1c6b470c5c34f41,Bacteria,Actinobacteriota,Actinobacteria,Corynebacteriales,Nocardiaceae,Rhodococcus,Rhodococcus_aerolatus
79423cc935f66bfb12893e1de098ab29,Bacteria,Actinobacteriota,Actinobacteria,Micrococcales,Intrasporangiaceae,Unassigned,Unassigned
26625b6f9e44a31cdbe7ba07b51f231b,Bacteria,Deinococcota,Deinococci,Deinococcales,Trueperaceae,Truepera,uncultured_Deinococcus
84c3e82b27365fd3b60f4e25d87392b4,Bacteria,Proteobacteria,Alphaproteobacteria,SAR11_clade,Clade_II,Clade_II,Unassigned
1e104b993416995498346089f57fd3bf,Bacteria,Proteobacteria,Gammaproteobacteria,Burkholderiales,Methylophilaceae,Methylophilus,uncultured_bacterium
8bea227f3902885d965f8cea98852678,Bacteria,Proteobacteria,Alphaproteobacteria,Sphingomonadales,Sphingomonadaceae,Sphingomonas,Unassigned
d3b06b912075476cca01262c4f257acf,Bacteria,Proteobacteria,Gammaproteobacteria,Unassigned,Unassigned,Unassigned,Unassigned
923f521b9cf313f1f95c9367e09bbc1c,Bacteria,Firmicutes,Negativicutes,Veillonellales-Selenomonadales,Veillonellaceae,Veillonella,Unassigned
6f0f8506472842826e35a5ae374698e6,Bacteria,Patescibacteria,Saccharimonadia,Saccharimonadales,Saccharimonadales,Saccharimonadales,uncultured_bacterium
143e42b802e209c3ecb429e7f73b1cab,Bacteria,Firmicutes,Clostridia,Clostridiales,Clostridiaceae,Clostridium_sensu_stricto_1,Unassigned
cdb98f5a935c46d43a422c22a6e308de,Bacteria,Proteobacteria,Alphaproteobacteria,Rhizobiales,Beijerinckiaceae,Bosea,Unassigned
d4ecd9691a635b23279fbf9bf28e2245,Bacteria,Proteobacteria,Alphaproteobacteria,Rickettsiales,Mitochondria,Mitochondria,Unassigned
db9542fb4c66319665c8c0b10151fee6,Bacteria,Cyanobacteria,Cyanobacteriia,Chloroplast,Chloroplast,Chloroplast,Coccomyxa_sp.
a7446f9851284a0d8730da7705c9a808,Bacteria,Cyanobacteria,Cyanobacteriia,Chloroplast,Chloroplast,Chloroplast,Unassigned
9edc878a087e7438b5ad838c2363cd17,Bacteria,Firmicutes,Bacilli,Lactobacillales,Unassigned,Unassigned,Unassigned
3437b543c822ff93ea26883fd68b5774,Bacteria,Cyanobacteria,Cyanobacteriia,Chloroplast,Chloroplast,Chloroplast,Tetradesmus_obliquus
a197afb57d47eb9c1c76556b15f78f89,Bacteria,Cyanobacteria,Cyanobacteriia,Chloroplast,Chloroplast,Chloroplast,Oscillatoriales_cyanobacterium
75d0eb884b3086cfc9e3de464a17eddc,Bacteria,Cyanobacteria,Cyanobacteriia,Chloroplast,Chloroplast,Chloroplast,Elliptochloris_bilobata
0f31fab2263c3954c73cd22b84193730,Bacteria,Actinobacteriota,Actinobacteria,Unassigned,Unassigned,Unassigned,Unassigned
75e9c4a927470cd5a1ffc570f9878627,Bacteria,Cyanobacteria,Cyanobacteriia,Chloroplast,Chloroplast,Chloroplast,Myrmecia_israeliensis
878c8e33cea598b08fb0d3bdf040e052,Bacteria,Firmicutes,Clostridia,Peptostreptococcales-Tissierellales,Peptostreptococcales-Tissierellales,Peptoniphilus,Unassigned
448a86fe222dbc4a9a5308fd3f937777,Bacteria,Proteobacteria,Gammaproteobacteria,Pseudomonadales,Pseudomonadaceae,Pseudomonas,Unassigned
75dbfbae1dffd3e1ae58df348dfffcf6,Bacteria,Proteobacteria,Alphaproteobacteria,Sphingomonadales,Sphingomonadaceae,Sphingomonas,groundwater_metagenome
72946d2e6ad26c2f66eece32cd7056f2,Bacteria,Proteobacteria,Alphaproteobacteria,Rickettsiales,Mitochondria,Mitochondria,Unassigned
3de6414a7c288645647b33b2b0a2d787,Bacteria,Proteobacteria,Alphaproteobacteria,Rhizobiales,Devosiaceae,Devosia,Devosia_limi
f4ad9928832d0d39785b218ce7c1da4a,Bacteria,Planctomycetota,Planctomycetes,Isosphaerales,Isosphaeraceae,uncultured,uncultured_bacterium
eac2572218294f839d0e1f77dbb80de2,Bacteria,Proteobacteria,Gammaproteobacteria,Vibrionales,Vibrionaceae,Vibrio,Unassigned
c302c91a38dca283a68c01a94d4856b1,Bacteria,Planctomycetota,Planctomycetes,Gemmatales,Gemmataceae,uncultured,uncultured_bacterium
c56335525886fd8779834ea195e10fda,Bacteria,Bacteroidota,Bacteroidia,Cytophagales,Amoebophilaceae,Candidatus_Amoebophilus,uncultured_bacterium
f1fc85ba367ffb73d69e82468f081177,Bacteria,Proteobacteria,Alphaproteobacteria,Rickettsiales,Mitochondria,Mitochondria,Lecanora_strobilina
26399e8e4cb4824d9c3bd294e70aad3c,Bacteria,Proteobacteria,Gammaproteobacteria,Burkholderiales,Comamonadaceae,Unassigned,Unassigned
7921d73531733ba9004c44e499a29502,Bacteria,Planctomycetota,Planctomycetes,Gemmatales,Gemmataceae,Zavarzinella,Unassigned
d382922901099ff8a199acb7321892a0,Bacteria,Proteobacteria,Alphaproteobacteria,Rhizobiales,Devosiaceae,Devosia,Devosia_limi
43a3b9ecd05e37e0ee32c49c4d458807,Bacteria,Deinococcota,Deinococci,Deinococcales,Deinococcaceae,Deinococcus,Deinococcus_alpinitundrae
9fd147817e39d122b36db2fe8ebf09df,Bacteria,Proteobacteria,Gammaproteobacteria,Pseudomonadales,Moraxellaceae,Acinetobacter,Unassigned
80b79e163df6a7ea91ab1ae93aa2df45,Bacteria,Planctomycetota,Planctomycetes,Isosphaerales,Isosphaeraceae,uncultured,Unassigned
d836a1ae9da4253e158438e0a730ba9e,Bacteria,Cyanobacteria,Cyanobacteriia,Chloroplast,Chloroplast,Chloroplast,Castanea_mollissima
9dd73c2f024ee2db1efd90ae9e77e601,Bacteria,Proteobacteria,Alphaproteobacteria,Rhizobiales,Beijerinckiaceae,Bosea,Unassigned
57e04d4207ee9b727c9a40c346ffef7d,Bacteria,Proteobacteria,Alphaproteobacteria,Acetobacterales,Acetobacteraceae,Unassigned,Unassigned
94f413617b1afaccdb4812e862299bc4,Bacteria,Firmicutes,Clostridia,Peptostreptococcales-Tissierellales,Peptostreptococcales-Tissierellales,Fenollaria,uncultured_bacterium
28b8b8b17238a6935555047642ae3608,Bacteria,Proteobacteria,Alphaproteobacteria,Rickettsiales,Mitochondria,Mitochondria,Lecanora_strobilina
256be21f8916e2f84e1d538491510d5b,Bacteria,Proteobacteria,Alphaproteobacteria,Sphingomonadales,Sphingomonadaceae,Sphingomonas,Unassigned
6f83cea120ceb0dc623183aefc20fdb9,Archaea,Halobacterota,Halobacteria,Halobacterales,Haloferacaceae,Haloplanus,Unassigned
e8158dc5279f2edb751b4db427fc3fdd,Bacteria,Firmicutes,Clostridia,Peptostreptococcales-Tissierellales,Peptostreptococcales-Tissierellales,Finegoldia,uncultured_bacterium
66b68ed9c91318326b9e7202b59d2ca6,Bacteria,Unassigned,Unassigned,Unassigned,Unassigned,Unassigned,Unassigned
581c369a6e47d439c7f9093cf141cf30,Bacteria,Proteobacteria,Alphaproteobacteria,Rickettsiales,Mitochondria,Mitochondria,Botryosphaeria_dothidea
efc696cb59c2947dfbf2703f37c846b2,Bacteria,Cyanobacteria,Cyanobacteriia,Chloroplast,Chloroplast,Chloroplast,uncultured_Chlorophyta
1fcedecda82293ba5f337eff1c161691,Bacteria,Proteobacteria,Alphaproteobacteria,Rhizobiales,Beijerinckiaceae,1174-901-12,Unassigned
d18953f7380c627dca510dbc79d0f68a,Bacteria,Proteobacteria,Alphaproteobacteria,Rickettsiales,Mitochondria,Mitochondria,Unassigned
ade770a553746f587f92efb1fc5d769d,Bacteria,Firmicutes,Bacilli,Bacillales,Unassigned,Unassigned,Unassigned
13fc2ad9f926cefb78cd3c037a934749,Bacteria,Unassigned,Unassigned,Unassigned,Unassigned,Unassigned,Unassigned
28f10fa59de01e1de4f3ddfeb768239e,Bacteria,Proteobacteria,Gammaproteobacteria,Burkholderiales,Comamonadaceae,Curvibacter,Unassigned
44b2ffa90f8e2aa218e250f3267f94f5,Bacteria,Unassigned,Unassigned,Unassigned,Unassigned,Unassigned,Unassigned
d949782c575603c70412f63c7b87db84,Bacteria,Unassigned,Unassigned,Unassigned,Unassigned,Unassigned,Unassigned
cc57694907a4448fa7d0f67cee651ddb,Bacteria,Firmicutes,Bacilli,Paenibacillales,Paenibacillaceae,Saccharibacillus,Saccharibacillus_deserti
f9d5ecccae948e03e0f16d69d9cf7c59,Bacteria,Cyanobacteria,Cyanobacteriia,Chloroplast,Chloroplast,Chloroplast,Myrmecia_israeliensis
6212769eed868862a7e917133d21cefc,Bacteria,Actinobacteriota,Actinobacteria,Micrococcales,Microbacteriaceae,Microbacterium,Unassigned
877787bbf3de1d3320d0ba3f3bf31a8e,Bacteria,Proteobacteria,Alphaproteobacteria,Sphingomonadales,Sphingomonadaceae,Sphingomonas,bacterium_815Y
b7c2f8eed87de4cb82faa50c21163594,Bacteria,Cyanobacteria,Cyanobacteriia,Chloroplast,Chloroplast,Chloroplast,Unassigned
36dbd203c3494c8d80893e4503b7c94a,Bacteria,Cyanobacteria,Cyanobacteriia,Chloroplast,Chloroplast,Chloroplast,Unassigned
618b7656f41e86cb9e86ab36a9928001,Bacteria,Actinobacteriota,Actinobacteria,Pseudonocardiales,Pseudonocardiaceae,Actinomycetospora,Unassigned
00d8966e1a09c4e9312fa0155450e162,Bacteria,Desulfobacterota,Desulfuromonadia,Desulfuromonadia,Geothermobacteraceae,Geothermobacter,uncultured_bacterium
78367e082829acb96a56d23d408f14c8,Bacteria,Proteobacteria,Alphaproteobacteria,Rickettsiales,Mitochondria,Mitochondria,Botryosphaeria_dothidea
9ab63f99639701f7812d77ad3bda25e9,Bacteria,Proteobacteria,Alphaproteobacteria,Rhizobiales,Xanthobacteraceae,Unassigned,Unassigned
42b53b4d7f0b53aa591032d03b134f8e,Bacteria,Proteobacteria,Alphaproteobacteria,Rhizobiales,Beijerinckiaceae,Unassigned,Unassigned
5d43179001b749afbc6f5874249ad187,Bacteria,Actinobacteriota,Actinobacteria,Propionibacteriales,Propionibacteriaceae,Friedmanniella,Unassigned
3cd9c85922028b996593e1fbfaf6aebc,Bacteria,Actinobacteriota,Actinobacteria,Corynebacteriales,Mycobacteriaceae,Mycobacterium,Unassigned
816087147a393ddccb707c80b0250870,Bacteria,Proteobacteria,Alphaproteobacteria,Rhizobiales,Rhizobiaceae,Unassigned,Unassigned
6a2b02a7823c6a308591e53aed3aa1bb,Bacteria,Bacteroidota,Bacteroidia,Flavobacteriales,Flavobacteriaceae,Flavobacterium,Unassigned
0bc5374c9628811f10e61348bfd29856,Bacteria,Proteobacteria,Gammaproteobacteria,Pseudomonadales,Pseudomonadaceae,Pseudomonas,Unassigned
e91855ed5ec59afd3ee8c6400ba84f6e,Bacteria,Planctomycetota,Planctomycetes,Isosphaerales,Isosphaeraceae,Unassigned,Unassigned
02c33ec76e94a719fb71a99470958438,Bacteria,Proteobacteria,Alphaproteobacteria,Rhizobiales,Devosiaceae,Devosia,Unassigned
5856301b3ba3394ea42c5ecb81355f40,Bacteria,Proteobacteria,Alphaproteobacteria,Sphingomonadales,Sphingomonadaceae,Sphingorhabdus,Unassigned
cc99e1909543d95e086dae60396f333f,Bacteria,Firmicutes,Bacilli,Exiguobacterales,Exiguobacteraceae,Exiguobacterium,Unassigned
2d92aeb71376cceba01de434f5f36397,Bacteria,Firmicutes,Bacilli,Lactobacillales,Enterococcaceae,Enterococcus,Unassigned
db30003b17e07ae8a8dda0c1a5b291e4,Bacteria,Proteobacteria,Alphaproteobacteria,Rickettsiales,Mitochondria,Mitochondria,Unassigned
b1978984d4541d49dcb406004a2465b4,Bacteria,Proteobacteria,Alphaproteobacteria,Rhizobiales,Beijerinckiaceae,Bosea,Unassigned
ad0ecb399ffd032d8d32a52c0d6ad533,Bacteria,Proteobacteria,Gammaproteobacteria,Gammaproteobacteria_Incertae_Sedis,Unknown_Family,Candidatus_Ovatusbacter,uncultured_bacterium
20191650bb39b3aed29376346117f8e6,Bacteria,Actinobacteriota,Actinobacteria,Corynebacteriales,Mycobacteriaceae,Mycobacterium,Unassigned
d5c15b8f98a8ba8b26f215126f21fc1c,Bacteria,Proteobacteria,Alphaproteobacteria,Rickettsiales,Mitochondria,Mitochondria,Unassigned
1028085acd99b78b2ee2d62f52a88938,Bacteria,Cyanobacteria,Cyanobacteriia,Chloroplast,Chloroplast,Chloroplast,Attheya_septentrionalis
01c57b2e47ca0311f5734737d4d33cd4,Bacteria,Proteobacteria,Alphaproteobacteria,Rhizobiales,Devosiaceae,Devosia,Devosia_limi
639d223074c5cd44947a2b079ea1f879,Bacteria,Actinobacteriota,Rubrobacteria,Rubrobacterales,Rubrobacteriaceae,Rubrobacter,Unassigned
9a63ea55893db2a1efaea35021f236aa,Bacteria,Proteobacteria,Alphaproteobacteria,Rickettsiales,Mitochondria,Mitochondria,Unassigned
16f01d0cf7815909aa000925da1c128a,Bacteria,Cyanobacteria,Cyanobacteriia,Chloroplast,Chloroplast,Chloroplast,Coccomyxa_viridis
c137071325091de266a78a6e4467907a,Bacteria,Cyanobacteria,Cyanobacteriia,Chloroplast,Chloroplast,Chloroplast,Elliptochloris_bilobata
9e17d91ad79b5485181b6801feef3423,Bacteria,Proteobacteria,Alphaproteobacteria,Rhizobiales,Beijerinckiaceae,1174-901-12,Unassigned
adffe3914e7612184458d17c006bc4bc,Bacteria,Unassigned,Unassigned,Unassigned,Unassigned,Unassigned,Unassigned
01ec66f304643daf9336ea83ba28d3a0,Bacteria,Proteobacteria,Alphaproteobacteria,Rickettsiales,Mitochondria,Mitochondria,Unassigned
ed1f42ae41be11d34ab0a2c809a78b8a,Bacteria,Proteobacteria,Alphaproteobacteria,Rhizobiales,Devosiaceae,Devosia,Unassigned
deb74e678497bf1e6de9a36c402a03d2,Bacteria,Actinobacteriota,Thermoleophilia,Solirubrobacterales,Solirubrobacteraceae,Conexibacter,Solirubrobacterales_bacterium
0d2698b6714d474e0fad20ac5e2a8ab8,Bacteria,Dependentiae,Babeliae,Babeliales,Babeliales,Babeliales,uncultured_bacterium
7ac66e6d2089fce5fa11eaa61454023a,Bacteria,Cyanobacteria,Cyanobacteriia,Chloroplast,Chloroplast,Chloroplast,Unassigned
ce7820e426d5b519b917ca7fee041fc8,Bacteria,Firmicutes,Clostridia,Peptostreptococcales-Tissierellales,Peptostreptococcales-Tissierellales,Anaerococcus,Unassigned
2718f6a4ff0ef419b0e0028b53f35c6e,Bacteria,Unassigned,Unassigned,Unassigned,Unassigned,Unassigned,Unassigned
eac640381ba1b7c87f949a2e8fe07d42,Bacteria,Proteobacteria,Alphaproteobacteria,Rickettsiales,Mitochondria,Mitochondria,Unassigned
c7389f69e315b9711c476037ff272192,Bacteria,Actinobacteriota,Actinobacteria,Corynebacteriales,Corynebacteriaceae,Corynebacterium,Unassigned
b3f20577f90bcb323de6fae68c7df047,Bacteria,Proteobacteria,Alphaproteobacteria,Rickettsiales,Mitochondria,Mitochondria,Unassigned
f1b7c08c6838120f368551cf8b2f081c,Bacteria,Firmicutes,Clostridia,Clostridiales,Clostridiaceae,Clostridium_sensu_stricto_1,Unassigned
0e4b872c53169aeedaf8f0c62db8c205,Bacteria,Cyanobacteria,Cyanobacteriia,Chloroplast,Chloroplast,Chloroplast,uncultured_Chlorophyta
4c0681ccb41f11cecf9a444829c35209,Bacteria,Proteobacteria,Alphaproteobacteria,Unassigned,Unassigned,Unassigned,Unassigned
1dca104d96e09a385302f0e0ec8b8553,Bacteria,Actinobacteriota,Actinobacteria,Micrococcales,Microbacteriaceae,Unassigned,Unassigned
7d376303b95cb004208fd2c89d0652ae,Bacteria,Cyanobacteria,Cyanobacteriia,Chloroplast,Chloroplast,Chloroplast,Xylochloris_irregularis
bac28c03fb04e8137ef62627f3c14ac1,Bacteria,Firmicutes,Bacilli,Bacillales,Bacillaceae,Unassigned,Unassigned
5761c807f661d156c55e4d6da297dccb,Bacteria,Proteobacteria,Alphaproteobacteria,Rickettsiales,Mitochondria,Mitochondria,Closterium_baillyanum
896247fd724ebf91536a538a40c32ab2,Bacteria,Proteobacteria,Alphaproteobacteria,Sphingomonadales,Sphingomonadaceae,Sphingomonas,Unassigned
f8d1ab530000c282aa23bc02ba6bd4c7,Bacteria,Cyanobacteria,Cyanobacteriia,Chloroplast,Chloroplast,Chloroplast,Planctonema_lauterbornii
54eefc62b044f1b8ddb5ad0f53722eb0,Bacteria,Unassigned,Unassigned,Unassigned,Unassigned,Unassigned,Unassigned
c804fd5de9aff155d8cf5abd601e1ad7,Bacteria,Proteobacteria,Alphaproteobacteria,Rhizobiales,Devosiaceae,Devosia,Devosia_limi
71364259898f0d0732816c1ba6926594,Bacteria,Verrucomicrobiota,Chlamydiae,Chlamydiales,Parachlamydiaceae,uncultured,metagenome
d6f5d56930e1b6e50f500a9dae431641,Bacteria,Planctomycetota,Planctomycetes,Gemmatales,Gemmataceae,Fimbriiglobus,Unassigned
b23679c085d842cf71a5b52e33e6036b,Bacteria,Proteobacteria,Gammaproteobacteria,Cellvibrionales,Cellvibrionaceae,Cellvibrio,Unassigned
fed0162765cb172797ecf37d7b03bec3,Bacteria,Proteobacteria,Alphaproteobacteria,Rickettsiales,Mitochondria,Mitochondria,Unassigned
3bd0f4dc71a1f249c63503297e030b61,Bacteria,Proteobacteria,Alphaproteobacteria,Sphingomonadales,Sphingomonadaceae,Sphingomonas,bacterium_815Y
3b5e5025d3eb814d0abf098474ba41c7,Bacteria,Proteobacteria,Gammaproteobacteria,Alteromonadales,Alteromonadaceae,Alteromonas,Unassigned
974fcf11b2dce9361541ed3bc105c2aa,Bacteria,Proteobacteria,Alphaproteobacteria,Sphingomonadales,Sphingomonadaceae,Sphingomonas,Unassigned
6cebfd5dc575a815c18a5c255095f084,Bacteria,Planctomycetota,Planctomycetes,Isosphaerales,Isosphaeraceae,Tundrisphaera,uncultured_planctomycete
c0f2c730cccc5a1a82a07e0d29dcc5f3,Bacteria,Firmicutes,Clostridia,Clostridiales,Clostridiaceae,Clostridium_sensu_stricto_1,Unassigned
93bda5902c55086b7ef69bd4ee55ff33,Bacteria,Unassigned,Unassigned,Unassigned,Unassigned,Unassigned,Unassigned
ab95e3d34d4cc03c54e4045ed00e731b,Bacteria,Firmicutes,Bacilli,Lactobacillales,Unassigned,Unassigned,Unassigned
23ef4b1b2288da631bc5132067f3d396,Bacteria,Cyanobacteria,Cyanobacteriia,Chloroplast,Chloroplast,Chloroplast,Unassigned
1127ad248a9cc9ab0aa1797ef7a92dd5,Bacteria,Bacteroidota,Bacteroidia,Flavobacteriales,Flavobacteriaceae,NS5_marine_group,Unassigned
167a50973645b4c4193d8971cb07582b,Bacteria,Proteobacteria,Alphaproteobacteria,Puniceispirillales,SAR116_clade,SAR116_clade,Unassigned
851eb1b094842329492b37f673674f19,Bacteria,Proteobacteria,Alphaproteobacteria,Sphingomonadales,Sphingomonadaceae,Sphingomonas,Unassigned
c48070f3061b086b60ff32f77e0002fa,Bacteria,Firmicutes,Clostridia,Oscillospirales,Ruminococcaceae,Subdoligranulum,Unassigned
d224bec1eeae5cc13094b0350d133127,Bacteria,Actinobacteriota,Actinobacteria,Propionibacteriales,Propionibacteriaceae,Friedmanniella,Unassigned
7c503ebe3ce72aa4e715c0ce81eebebf,Archaea,Halobacterota,Halobacteria,Halobacterales,Haloferacaceae,Unassigned,Unassigned
b10801e6b2840f9e55bfa2b8f3cfcaf8,Bacteria,Firmicutes,Bacilli,Lactobacillales,Enterococcaceae,Enterococcus,Unassigned
0129d143921aa9332bdcc0eaac08e4b6,Bacteria,Proteobacteria,Alphaproteobacteria,Rhizobiales,Xanthobacteraceae,Unassigned,Unassigned
63241f849525243b1ac1e07aa737956c,Bacteria,Unassigned,Unassigned,Unassigned,Unassigned,Unassigned,Unassigned
bf724dad5bce9a2d2dae75c95a710c56,Bacteria,Actinobacteriota,Acidimicrobiia,Microtrichales,Iamiaceae,Iamia,Unassigned
b7706ce7b698f14409de8afdd84e4cd8,Bacteria,Bacteroidota,Bacteroidia,Chitinophagales,Chitinophagaceae,Taibaiella,Unassigned
2c81ceae4bc9cf64f89c14c8a7bb632a,Bacteria,Proteobacteria,Alphaproteobacteria,Rhizobiales,Rhizobiaceae,Unassigned,Unassigned
169edea756b2a81355b8e895de103ce7,Bacteria,Bacteroidota,Bacteroidia,Bacteroidales,Prevotellaceae,Prevotella,Prevotella_corporis
73d4e1ba56e87da03d32efd21831a8f3,Bacteria,Proteobacteria,Alphaproteobacteria,Sphingomonadales,Sphingomonadaceae,Unassigned,Unassigned
b1bf698b90848ee423b7aa60fd4c7f0a,Bacteria,Unassigned,Unassigned,Unassigned,Unassigned,Unassigned,Unassigned
8aaa723e18565e8bc6bcedcaf6d41af9,Bacteria,Firmicutes,Bacilli,Lactobacillales,Unassigned,Unassigned,Unassigned
4b6514f7f61c08e65b887256e736c976,Bacteria,Firmicutes,Bacilli,Lactobacillales,Enterococcaceae,Unassigned,Unassigned
afd18f86b4783d82597538bd604b8e20,Bacteria,Proteobacteria,Gammaproteobacteria,Alteromonadales,Pseudoalteromonadaceae,Pseudoalteromonas,Unassigned
a5a23adde1db83a834cdcf0c36af5af9,Bacteria,Proteobacteria,Alphaproteobacteria,Rhizobiales,Beijerinckiaceae,Methylobacterium-Methylorubrum,Unassigned
a279622a48b44cd8034366bd56d2bf96,Bacteria,Proteobacteria,Alphaproteobacteria,Rhizobiales,Beijerinckiaceae,Bosea,Unassigned
ead40d4b6cf7e3016a979365deaffd75,Bacteria,Cyanobacteria,Cyanobacteriia,Chloroplast,Chloroplast,Chloroplast,Coccomyxa_viridis
eacd7a60d616de40e8aada5082ad4269,Bacteria,Cyanobacteria,Cyanobacteriia,Chloroplast,Chloroplast,Chloroplast,Unassigned
94f9828878cf4fba1539bd6bc366c189,Bacteria,Firmicutes,Clostridia,Clostridiales,Clostridiaceae,Clostridium_sensu_stricto_1,Unassigned
205e5a7ef9c5c512654cf8570d01d858,Bacteria,Cyanobacteria,Cyanobacteriia,Chloroplast,Chloroplast,Chloroplast,Watanabea_reniformis
1307a287ff8b72cc8b9262668926f9d2,Bacteria,Cyanobacteria,Cyanobacteriia,Chloroplast,Chloroplast,Chloroplast,Castanea_mollissima
44d9e75425978af5a9a699466c4566f5,Bacteria,Proteobacteria,Gammaproteobacteria,Alteromonadales,Alteromonadaceae,Unassigned,Unassigned
aaf875a604b574b21b783b7a474bb08c,Bacteria,Planctomycetota,Planctomycetes,Gemmatales,Gemmataceae,Fimbriiglobus,metagenome
f4eac9fe64662ac7cc4c8ce62cb74d3b,Bacteria,Actinobacteriota,Thermoleophilia,Solirubrobacterales,67-14,67-14,uncultured_actinobacterium
f4f0b24e38c8f3625ea770a63bfaee3b,Bacteria,Actinobacteriota,Acidimicrobiia,Microtrichales,Microtrichaceae,uncultured,uncultured_Arthrobacter
cca9da3e03bac557ccba323df253ea41,Bacteria,Bacteroidota,Bacteroidia,Bacteroidales,Dysgonomonadaceae,Proteiniphilum,Unassigned
db21b846f89ad7128073b041b63055bb,Bacteria,Bacteroidota,Bacteroidia,Cytophagales,Spirosomaceae,Dyadobacter,metagenome
82917cec618a185bf57727d0436b950e,Bacteria,Actinobacteriota,Actinobacteria,Propionibacteriales,Nocardioidaceae,Nocardioides,uncultured_bacterium
0b6122070e69fb7bdc78ec2633cc7e4a,Bacteria,Actinobacteriota,Thermoleophilia,Solirubrobacterales,67-14,67-14,Unassigned
5949ebc425ddf59df5224bc54bca2a64,Bacteria,Proteobacteria,Alphaproteobacteria,Rhizobiales,Devosiaceae,Devosia,Unassigned
2157fdd56effccec0f3dd18fbd1df5fd,Bacteria,Firmicutes,Bacilli,Lactobacillales,Unassigned,Unassigned,Unassigned
98f03e06396221d8714cfb9b94d734e0,Bacteria,Proteobacteria,Alphaproteobacteria,Rickettsiales,Mitochondria,Mitochondria,Fusarium_circinatum
6e088e12ab6c1c937ab4773d3a6e9080,Bacteria,Planctomycetota,Planctomycetes,Gemmatales,Gemmataceae,Gemmata,metagenome
2ad39eb132764d3895a8679124c8deae,Bacteria,Firmicutes,Bacilli,Lactobacillales,Unassigned,Unassigned,Unassigned
c0105abe4b550f9ebc02d8e2f3127d09,Bacteria,Firmicutes,Bacilli,Lactobacillales,Enterococcaceae,Enterococcus,Unassigned
77343b8dd8dfdf8847e0fa8523b3b275,Bacteria,Proteobacteria,Gammaproteobacteria,Gammaproteobacteria_Incertae_Sedis,Unknown_Family,Candidatus_Berkiella,metagenome
abb99b99b89e2eb9911a063bac3c1b2f,Bacteria,Actinobacteriota,Actinobacteria,Corynebacteriales,Mycobacteriaceae,Mycobacterium,Unassigned
a09751c8284aafec6aa369b1137adde4,Bacteria,Firmicutes,Clostridia,Peptostreptococcales-Tissierellales,Peptostreptococcales-Tissierellales,Finegoldia,uncultured_bacterium
6d37e4d8da6b6c6ae64f94958b0ee240,Bacteria,Cyanobacteria,Cyanobacteriia,Chloroplast,Chloroplast,Chloroplast,Prasiolopsis_sp.
92496ac22c87052798c598eb8a81ffb0,Bacteria,Proteobacteria,Alphaproteobacteria,Rhizobiales,Devosiaceae,Devosia,Devosia_limi
a663a01aeb4dbb88bbe0a9840e8f64dc,Bacteria,Firmicutes,Bacilli,Erysipelotrichales,Erysipelatoclostridiaceae,Erysipelatoclostridium,Unassigned
dc1af5b08fecce4be1a45f50ed11afc2,Bacteria,Deinococcota,Deinococci,Deinococcales,Deinococcaceae,Deinococcus,Deinococcus_wulumuqiensis
e54e905e1489b0e55578451d20f1718c,Bacteria,Proteobacteria,Alphaproteobacteria,Rickettsiales,Mitochondria,Mitochondria,Botryosphaeria_dothidea
d488980b48000f175854d2353325fcfb,Bacteria,Proteobacteria,Gammaproteobacteria,Alteromonadales,Colwelliaceae,Colwellia,Unassigned
32430d132f351778532d290c373e2c48,Bacteria,Chloroflexi,Chloroflexia,Kallotenuales,AKIW781,AKIW781,uncultured_Chloroflexi
907b5998de3737c5f24109b2f68432dd,Bacteria,Proteobacteria,Alphaproteobacteria,Rhizobiales,Devosiaceae,Devosia,Devosia_limi
5c0f95f6cdf721058d62e15971015925,Bacteria,Bacteroidota,Bacteroidia,Sphingobacteriales,Sphingobacteriaceae,Pedobacter,Unassigned
9184a2e8966ec4d3081269bfd9e2c4e5,Bacteria,Firmicutes,Clostridia,Clostridiales,Clostridiaceae,Clostridium_sensu_stricto_1,Unassigned
fd65f956ade7b876036c2e22be482d5f,Bacteria,Firmicutes,Bacilli,Lactobacillales,Enterococcaceae,Enterococcus,Unassigned
a779eae9ffed6372d03c92e9003a9252,Bacteria,Firmicutes,Clostridia,Peptostreptococcales-Tissierellales,Peptostreptococcales-Tissierellales,Fenollaria,Unassigned
6d628978732ee92ef118c9966cfffb94,Bacteria,Actinobacteriota,Actinobacteria,Micrococcales,Microbacteriaceae,Unassigned,Unassigned
4f5ab3f9e86703e71696943e61ffd5e5,Bacteria,Bacteroidota,Bacteroidia,Sphingobacteriales,Sphingobacteriaceae,Pedobacter,Unassigned
353977bfaeb19ca4adf15a081f9da7c3,Bacteria,Proteobacteria,Alphaproteobacteria,Rhizobiales,Beijerinckiaceae,Bosea,Unassigned
1a4beff37c2e76061131933506972107,Bacteria,Actinobacteriota,Actinobacteria,Frankiales,Geodermatophilaceae,Blastococcus,Unassigned
419d435fda64f1a2e0e74d9204962106,Bacteria,Proteobacteria,Alphaproteobacteria,Sphingomonadales,Sphingomonadaceae,Sphingomonas,bacterium_815Y
caca220221f0cf1564e66a522562e24e,Bacteria,Actinobacteriota,Acidimicrobiia,Microtrichales,Iamiaceae,Iamia,Unassigned
927062d6c4a8902b33671d40a25b46aa,Bacteria,Proteobacteria,Alphaproteobacteria,Rhizobiales,Beijerinckiaceae,Bosea,Unassigned
17a1d412fbd41602eef5085e7ea9cb3b,Bacteria,Proteobacteria,Alphaproteobacteria,Rickettsiales,Mitochondria,Mitochondria,Unassigned
19a53d0f3a905af03518c96eb58229fd,Bacteria,Cyanobacteria,Cyanobacteriia,Chloroplast,Chloroplast,Chloroplast,uncultured_Chlorophyta
a62f00a085e914be684bf7a37717ad16,Bacteria,Proteobacteria,Alphaproteobacteria,Puniceispirillales,SAR116_clade,Unassigned,Unassigned
9a91095374e59ea5dcd8598493ebf682,Bacteria,Firmicutes,Bacilli,Lactobacillales,Enterococcaceae,Enterococcus,Unassigned
e3329b1e42f1ccdccd39da67b12a251e,Bacteria,Proteobacteria,Gammaproteobacteria,Burkholderiales,Oxalobacteraceae,Unassigned,Unassigned
51d73876fee795780ff20885738780f5,Bacteria,Proteobacteria,Alphaproteobacteria,Sphingomonadales,Sphingomonadaceae,Unassigned,Unassigned
279dc449b4bb75d703f5c9368e20a94d,Bacteria,Actinobacteriota,Actinobacteria,Unassigned,Unassigned,Unassigned,Unassigned
e546e29405903b7aa8d5b34d17ccf0a0,Bacteria,Verrucomicrobiota,Chlamydiae,Chlamydiales,Simkaniaceae,uncultured,Chlamydiales_bacterium
4be85c4a30f7eddb9ee00a9d2d7e82ba,Bacteria,Proteobacteria,Alphaproteobacteria,Rhizobiales,Beijerinckiaceae,Bosea,Unassigned
bd26a3fabb41016a402ff01433c38877,Bacteria,Fusobacteriota,Fusobacteriia,Fusobacteriales,Leptotrichiaceae,Sebaldella,Sebaldella_termitidis
db07e62bc8a73e39e59cb4fd5b3313ec,Bacteria,Cyanobacteria,Cyanobacteriia,Chloroplast,Chloroplast,Chloroplast,Chlamydomonas_reinhardtii
1ff304fa2c6410823dec16734afca010,Bacteria,Cyanobacteria,Cyanobacteriia,Chloroplast,Chloroplast,Chloroplast,Unassigned
36523ce454592d64c5705b816a0fef96,Bacteria,Planctomycetota,Planctomycetes,Planctomycetales,uncultured,uncultured,Unassigned
66b1968fef7dcc3a7df449234380020e,Bacteria,Desulfobacterota,Desulfuromonadia,Geobacterales,Geobacteraceae,uncultured,Unassigned
d710197b5e507bb72ec6ca6b574725c1,Bacteria,Armatimonadota,Fimbriimonadia,Fimbriimonadales,Fimbriimonadaceae,Fimbriimonadaceae,uncultured_bacterium
96cc67477ad095a2ac9c3a0fccd7104c,Bacteria,Firmicutes,Limnochordia,Limnochordia,Limnochordia,Hydrogenispora,uncultured_Firmicutes
d60de07ac3ee6a43e0539f91840a14ed,Bacteria,Verrucomicrobiota,Chlamydiae,Chlamydiales,Parachlamydiaceae,Neochlamydia,Unassigned
f3ced9dce6daa026e8fc488814923a23,Bacteria,Proteobacteria,Alphaproteobacteria,Rhizobiales,Rhizobiaceae,Unassigned,Unassigned
145b968f3c1ca16f05c4fd8dd76df40c,Bacteria,Verrucomicrobiota,Chlamydiae,Chlamydiales,Unassigned,Unassigned,Unassigned
c4f3caa41e8cffc5343914b9c991461e,Bacteria,Unassigned,Unassigned,Unassigned,Unassigned,Unassigned,Unassigned
803277b789b2fbc94c1eaa6645ca2263,Bacteria,Actinobacteriota,Coriobacteriia,Coriobacteriales,Unassigned,Unassigned,Unassigned
463e4485407b5cb11f50368c9b26ab41,Bacteria,Proteobacteria,Gammaproteobacteria,Gammaproteobacteria_Incertae_Sedis,Unknown_Family,Candidatus_Ovatusbacter,uncultured_bacterium
7830f242f4fac3b3b55d3a788b993276,Bacteria,Proteobacteria,Alphaproteobacteria,Rhizobiales,Beijerinckiaceae,Bosea,Unassigned
4b756425fef253801eb7223ad8d50d99,Bacteria,Actinobacteriota,Actinobacteria,Corynebacteriales,Unassigned,Unassigned,Unassigned
c19ef8631b23696e42c0242997353446,Bacteria,Proteobacteria,Alphaproteobacteria,Rickettsiales,Mitochondria,Mitochondria,Fusarium_circinatum
5b8d774a729b18c11773a7ea3f40de26,Bacteria,Planctomycetota,Planctomycetes,Gemmatales,Gemmataceae,Gemmata,Gemmata_sp.
9ad30c161cb4880a550d8e03718360cf,Bacteria,Firmicutes,Bacilli,Lactobacillales,Streptococcaceae,Lactococcus,Unassigned
3b65412f508af9406812d24bae2d7c13,Bacteria,Proteobacteria,Alphaproteobacteria,Rickettsiales,Mitochondria,Mitochondria,Unassigned
195be85e3826661e408d24ea09e92f72,Bacteria,Firmicutes,Clostridia,Clostridiales,Clostridiaceae,Clostridium_sensu_stricto_1,Unassigned
a3b1c73b63da17863b464017e82ded93,Bacteria,Firmicutes,Bacilli,Lactobacillales,Streptococcaceae,Lactococcus,Unassigned
2eb17f7743fc3fe8f3f6fabf9adfd353,Bacteria,Proteobacteria,Gammaproteobacteria,Coxiellales,Coxiellaceae,Coxiella,Unassigned
fc76636cb92c58c59e9f42799cd2ec4a,Bacteria,Bdellovibrionota,Bdellovibrionia,Bdellovibrionales,Bdellovibrionaceae,OM27_clade,uncultured_marine
1c1b521e48b84c2faee716eeebaba5e5,Bacteria,Planctomycetota,Planctomycetes,uncultured,uncultured,uncultured,uncultured_bacterium
fa8dfd2563d7cf90f9256ed9e14aab95,Bacteria,Planctomycetota,Planctomycetes,Pirellulales,Pirellulaceae,Pir2_lineage,uncultured_bacterium
822cef260ff80d28275b853247e155b6,Bacteria,Proteobacteria,Alphaproteobacteria,Rhizobiales,Rhizobiales_Incertae_Sedis,Phreatobacter,Unassigned
a8bb39e317202a2e7c94defdac1b2d0f,Bacteria,Firmicutes,Bacilli,Lactobacillales,Streptococcaceae,Lactococcus,Unassigned
c330c533511b3a6ad9b827d4c679d017,Bacteria,Dependentiae,Babeliae,Babeliales,Vermiphilaceae,Vermiphilaceae,uncultured_bacterium
4d8f98b6800638713fc5d34875e09471,Bacteria,Firmicutes,Clostridia,Clostridiales,Clostridiaceae,Clostridium_sensu_stricto_1,Unassigned
1c8d139e1fdac6c2c509710b0d652a10,Bacteria,Proteobacteria,Gammaproteobacteria,Burkholderiales,Comamonadaceae,Unassigned,Unassigned
ba06d505baae5be7f1350544025220f9,Bacteria,Firmicutes,Bacilli,Paenibacillales,Paenibacillaceae,Paenibacillus,Unassigned
f052c27939d00a917e31a2ca7fe84b12,Bacteria,Firmicutes,Bacilli,Lactobacillales,Unassigned,Unassigned,Unassigned
8ecc1abd492e5b849e8d380359c87f6e,Bacteria,Proteobacteria,Alphaproteobacteria,Sphingomonadales,Sphingomonadaceae,Sphingopyxis,Unassigned
dda9ff1ece0338f00a944684686fb09a,Bacteria,Firmicutes,Bacilli,Lactobacillales,Enterococcaceae,Enterococcus,Unassigned
b44ae7504d2c24e24f92f2681b9315c6,Bacteria,Actinobacteriota,Acidimicrobiia,Microtrichales,Microtrichaceae,uncultured,metagenome
a46744c0844c677ed8d6e06aa0cf4577,Bacteria,Actinobacteriota,Acidimicrobiia,Microtrichales,Ilumatobacteraceae,CL500-29_marine_group,metagenome
007c120caa9abe6db1350f04ee628b07,Unassigned,Unassigned,Unassigned,Unassigned,Unassigned,Unassigned,Unassigned
68cb09b23ec16743fadb478d8d801e67,Bacteria,Proteobacteria,Alphaproteobacteria,Rickettsiales,Mitochondria,Mitochondria,Unassigned
973c66b93c54f39d9bb226a900a4b6d5,Bacteria,Planctomycetota,Planctomycetes,Isosphaerales,Isosphaeraceae,Unassigned,Unassigned
7b12c20d6e9b4803837ec5dd3c46f11f,Bacteria,Cyanobacteria,Cyanobacteriia,Chloroplast,Chloroplast,Chloroplast,Unassigned
488281eb1be2e21bde9b65e43cea031e,Unassigned,Unassigned,Unassigned,Unassigned,Unassigned,Unassigned,Unassigned
a3c21c6f2eaf845eb5c58fc7d3a6ea81,Bacteria,Firmicutes,Bacilli,Paenibacillales,Paenibacillaceae,Paenibacillus,Unassigned
6b0afba9366eb794a48161d173c5d400,Bacteria,Firmicutes,Clostridia,Oscillospirales,Ruminococcaceae,uncultured,uncultured_Ruminococcaceae
68531491381e9b14b7352646ec236e02,Bacteria,Actinobacteriota,Actinobacteria,Unassigned,Unassigned,Unassigned,Unassigned
7b7d99058cfdbbb7878431442a4fdf95,Bacteria,Firmicutes,Bacilli,Lactobacillales,Streptococcaceae,Lactococcus,Unassigned
7c4dd895a5c263f04bd8cbdea56dd81e,Bacteria,Proteobacteria,Alphaproteobacteria,Rhodobacterales,Rhodobacteraceae,Unassigned,Unassigned
181d85b730573ebc53afcbbe83e8d787,Bacteria,Firmicutes,Clostridia,Lachnospirales,Lachnospiraceae,Tyzzerella,Unassigned
e7a8e191cc4cb3f10d20638450938899,Bacteria,Proteobacteria,Alphaproteobacteria,Rhizobiales,Hyphomicrobiaceae,Hyphomicrobium,Unassigned
dde2a1c04a08acc4d164d524a7d3f51e,Bacteria,Unassigned,Unassigned,Unassigned,Unassigned,Unassigned,Unassigned
f9e012f37054a1cfed3171365c223beb,Bacteria,Bdellovibrionota,Oligoflexia,Oligoflexales,Oligoflexales,Oligoflexus,Thymallus_thymallus
0dee9aaeb0ffaa58d32bd2a7a3b8d3d9,Bacteria,Proteobacteria,Alphaproteobacteria,Rhizobiales,Rhizobiaceae,Allorhizobium-Neorhizobium-Pararhizobium-Rhizobium,Unassigned
a6c8654e870efbca5650c3df9245f2a0,Bacteria,Actinobacteriota,Actinobacteria,Propionibacteriales,Propionibacteriaceae,Cutibacterium,Unassigned
b43ed450fe371294cf9b05bb55cfeb23,Bacteria,Cyanobacteria,Cyanobacteriia,Chloroplast,Chloroplast,Chloroplast,Chlorophyta_symbiont
8655832ebc12ea0490f1df1874b72c17,Bacteria,Proteobacteria,Alphaproteobacteria,Rhizobiales,Rhizobiaceae,Allorhizobium-Neorhizobium-Pararhizobium-Rhizobium,Unassigned
cad6ac0b81b5f1f7d9f7f421579ab840,Bacteria,Firmicutes,Bacilli,Paenibacillales,Paenibacillaceae,Paenibacillus,Unassigned
63f42105211a379f4a30c43120af2451,Bacteria,Proteobacteria,Alphaproteobacteria,Holosporales,Holosporaceae,uncultured,uncultured_bacterium
98e9c78310fe43a24b3c466566eeb31f,Bacteria,Firmicutes,Clostridia,Oscillospirales,Ruminococcaceae,Unassigned,Unassigned
c3a42a646506613e24f514cdf5a2a2b2,Bacteria,Proteobacteria,Alphaproteobacteria,Rhizobiales,Beijerinckiaceae,Bosea,Unassigned
26dc5af5db4ce683acb05cdbe67e17fd,Bacteria,Firmicutes,Clostridia,Lachnospirales,Lachnospiraceae,Tyzzerella,Unassigned
dbdda751d4d11f40af9a943f9bb03b6b,Bacteria,Actinobacteriota,Actinobacteria,Corynebacteriales,Nocardiaceae,Rhodococcus,Unassigned
dab6cbb6303a7984d9ffe753fe72bfc4,Bacteria,Firmicutes,Bacilli,Lactobacillales,Streptococcaceae,Lactococcus,Unassigned
583874cbadee164d0741f29d208f48e5,Bacteria,Firmicutes,Clostridia,Clostridiales,Clostridiaceae,Unassigned,Unassigned
3c1f1ef5b9b54fb9757b6ea2d1abe0d7,Unassigned,Unassigned,Unassigned,Unassigned,Unassigned,Unassigned,Unassigned
5e0c12d6cb9e7ad8bbad2b024ae7bcbb,Bacteria,Verrucomicrobiota,Chlamydiae,Chlamydiales,Parachlamydiaceae,Neochlamydia,Unassigned
988af79415509e6c1e8a2bbe3f9ddb79,Bacteria,Cyanobacteria,Cyanobacteriia,Cyanobacteriales,Chroococcidiopsaceae,uncultured,uncultured_bacterium
e1902c230df1b9bccdebf2bae8898458,Bacteria,Chloroflexi,Ktedonobacteria,Ktedonobacterales,Ktedonobacteraceae,uncultured,uncultured_Ktedobacteria
82c16a6d591db8d896d3b0056159a00b,Bacteria,Cyanobacteria,Cyanobacteriia,Chloroplast,Chloroplast,Chloroplast,uncultured_Chlorophyta
5c8a8017decededc3269474f6e4b95fd,Bacteria,Chloroflexi,Chloroflexia,Thermomicrobiales,JG30-KF-CM45,JG30-KF-CM45,uncultured_soil
ddbcdbfea2eceeb0884b0f0391b9ef2d,Bacteria,Proteobacteria,Gammaproteobacteria,Alteromonadales,Colwelliaceae,Colwellia,Unassigned
02bcbc44efe85fb7b8ee0e3400c555e2,Bacteria,Proteobacteria,Gammaproteobacteria,Legionellales,Legionellaceae,Legionella,uncultured_bacterium
5fa18ed33959677dd16c80dbb3a2c634,Bacteria,Firmicutes,Bacilli,Lactobacillales,Streptococcaceae,Lactococcus,Unassigned
4ed28f7be92e2e11a3e33683e302ccd4,Bacteria,Verrucomicrobiota,Verrucomicrobiae,Chthoniobacterales,Chthoniobacteraceae,Candidatus_Udaeobacter,Unassigned
08fa5d79f16a7e3080f7da5fc8f4726e,Bacteria,Planctomycetota,Planctomycetes,Pirellulales,Pirellulaceae,uncultured,uncultured_bacterium
61d85cadc148f7e7f1bf8f86c0f4497c,Bacteria,Proteobacteria,Gammaproteobacteria,Diplorickettsiales,Diplorickettsiaceae,uncultured,Unassigned
47e3c5ee0538943ddd741889a609c015,Bacteria,Patescibacteria,Gracilibacteria,Gracilibacteria,Gracilibacteria,Gracilibacteria,uncultured_beta
b0140b498bbae439aa1c197392cf4936,Bacteria,Proteobacteria,Gammaproteobacteria,Alteromonadales,Alteromonadaceae,Glaciecola,Unassigned
7faf594493786e0eed2251e5e71b0d18,Bacteria,Firmicutes,Bacilli,Lactobacillales,Streptococcaceae,Lactococcus,Unassigned
09eafaa148b92e483db91e79171b7a4f,Bacteria,Firmicutes,Clostridia,Peptostreptococcales-Tissierellales,Unassigned,Unassigned,Unassigned
7ec69f2c62aad60e060e588ef687bdd0,Bacteria,Proteobacteria,Gammaproteobacteria,SAR86_clade,SAR86_clade,SAR86_clade,Unassigned
ff34e45d7becfbd0190ba94cf2e8e06a,Bacteria,Bacteroidota,Bacteroidia,Bacteroidales,Dysgonomonadaceae,Dysgonomonas,Dysgonomonas_alginatilytica
1cf57a23c65a645520c8750945b7608d,Bacteria,Firmicutes,Bacilli,Paenibacillales,Paenibacillaceae,Saccharibacillus,Saccharibacillus_deserti
c256392aca138205d5e91320c14964bd,Bacteria,Firmicutes,Clostridia,Oscillospirales,Ruminococcaceae,uncultured,Unassigned
120999c73a88c24f0fee44f485c5830b,Bacteria,Proteobacteria,Gammaproteobacteria,uncultured,uncultured,uncultured,uncultured_bacterium
28ad633dab993b914ec9c4c2a6b6bbc2,Bacteria,Proteobacteria,Alphaproteobacteria,Rhizobiales,Rhizobiales_Incertae_Sedis,Phreatobacter,Unassigned
1b542ff969ceeb67dfad76411ed9e7a6,Bacteria,Proteobacteria,Alphaproteobacteria,Rhizobiales,Beijerinckiaceae,Bosea,Unassigned
000ad6f4f995ec1f68a36cc2533386c4,Bacteria,Cyanobacteria,Cyanobacteriia,Chloroplast,Chloroplast,Chloroplast,Unassigned
04014069e5566e38f79b6b92717a4c9c,Bacteria,Verrucomicrobiota,Chlamydiae,Chlamydiales,Parachlamydiaceae,Unassigned,Unassigned
6133c9105cde4602fd0e1bef54273e56,Bacteria,Actinobacteriota,Actinobacteria,Corynebacteriales,Corynebacteriaceae,Corynebacterium,Unassigned
fcd72208a036a952d1bf6d4c9321c895,Bacteria,Cyanobacteria,Cyanobacteriia,Cyanobacteriales,Chroococcidiopsaceae,Aliterella,uncultured_bacterium
56f00b47952ab63065d0e9b654b1ccce,Bacteria,Proteobacteria,Alphaproteobacteria,Rhizobiales,Beijerinckiaceae,Methylobacterium-Methylorubrum,uncultured_bacterium
e1d9082d01e9b58bac573c9dcbc28421,Bacteria,Firmicutes,Clostridia,Clostridiales,Clostridiaceae,Clostridium_sensu_stricto_1,Unassigned
d6eeaa81ea3264f9d4d55873fb49b61e,Bacteria,Chloroflexi,Ktedonobacteria,Ktedonobacterales,Ktedonobacteraceae,Unassigned,Unassigned
65c747deb1c14fe81ff764f44b2290e4,Bacteria,Proteobacteria,Gammaproteobacteria,Legionellales,Legionellaceae,Legionella,Unassigned
8ad14b49743a5d343e3e4c69555eaff5,Bacteria,Myxococcota,Polyangia,Haliangiales,Haliangiaceae,Haliangium,uncultured_bacterium
3c5edca02c3ff43a93a278f664ab5f2b,Bacteria,Planctomycetota,Planctomycetes,Gemmatales,Gemmataceae,Gemmata,Unassigned
e515639ffe46104afd732451e58b3296,Bacteria,Proteobacteria,Alphaproteobacteria,Sphingomonadales,Sphingomonadaceae,Unassigned,Unassigned
aad40bdeb2ff311e85558f8cb163add4,Bacteria,Proteobacteria,Alphaproteobacteria,Rhizobiales,Beijerinckiaceae,Bosea,Unassigned
51914abfb234fa3706ed3d0bce82c0c5,Bacteria,Bacteroidota,Bacteroidia,Chitinophagales,Chitinophagaceae,uncultured,uncultured_bacterium
e24195a741e9af39825f8028e1c25d60,Bacteria,Dependentiae,Babeliae,Babeliales,Babeliaceae,Babeliaceae,uncultured_bacterium
9e9563cb0cf08f41173849ef0b770a0b,Bacteria,Firmicutes,Clostridia,Clostridiales,Clostridiaceae,Clostridium_sensu_stricto_1,Unassigned
ee50d3f2cad7d51acfcea78882ae8fb5,Bacteria,Acidobacteriota,Acidobacteriae,Acidobacteriae,Acidobacteriae,Paludibaculum,Unassigned
3d508e5643130695988d655c2bc5733f,Bacteria,Bacteroidota,Bacteroidia,Flavobacteriales,Weeksellaceae,Chryseobacterium,Unassigned
fc8ac5492e5341bd804758a40d0a428a,Bacteria,Bacteroidota,Bacteroidia,Flavobacteriales,Cryomorphaceae,uncultured,uncultured_Sphingobacterium
f604ec9af840fede33b4da763b8527f0,Bacteria,Verrucomicrobiota,Chlamydiae,Chlamydiales,Parachlamydiaceae,Unassigned,Unassigned
405a49d0eff73baea4a0f160b81c2463,Bacteria,Proteobacteria,Alphaproteobacteria,Rickettsiales,Mitochondria,Mitochondria,uncultured_bacterium
fd7b591baef25beb98c3fb0cf208d33a,Bacteria,Proteobacteria,Alphaproteobacteria,Rickettsiales,Mitochondria,Mitochondria,Unassigned
b7be06cb0c81b736ff90e5bd2b961f12,Bacteria,Verrucomicrobiota,Verrucomicrobiae,Chthoniobacterales,Chthoniobacteraceae,Candidatus_Udaeobacter,Unassigned
6d9c5c1ff4478caf783e14a46456ba83,Bacteria,Proteobacteria,Alphaproteobacteria,Caulobacterales,Caulobacteraceae,Phenylobacterium,Unassigned
8bacf6eefc0ccf8523fff9a082895fd4,Bacteria,Verrucomicrobiota,Chlamydiae,Chlamydiales,Parachlamydiaceae,Neochlamydia,metagenome
f617f0ce888fe9b6b91cb9069b7a11f5,Bacteria,Bacteroidota,Bacteroidia,Cytophagales,Spirosomaceae,Dyadobacter,Unassigned
8be3ed80298fee186f82463e6bdc5a65,Bacteria,Unassigned,Unassigned,Unassigned,Unassigned,Unassigned,Unassigned
0651dac31afa4bef96be5d6058feb912,Bacteria,Firmicutes,Bacilli,Paenibacillales,Paenibacillaceae,Paenibacillus,Unassigned
31fc6c56b1b55511fccb0bf129c3519f,Bacteria,Unassigned,Unassigned,Unassigned,Unassigned,Unassigned,Unassigned
e833b1482cc38ca47246f2801af91ef2,Bacteria,Planctomycetota,Planctomycetes,Gemmatales,Gemmataceae,Fimbriiglobus,metagenome
4fb050ef30b0774064a4fd947eb34994,Bacteria,Firmicutes,Bacilli,Paenibacillales,Paenibacillaceae,Paenibacillus,Unassigned
463111bcf5b3c4b6a9e9113d8cac3c86,Bacteria,Proteobacteria,Alphaproteobacteria,Rhizobiales,Xanthobacteraceae,Tardiphaga,uncultured_bacterium
db10cab23a4573e662e1080904a2f285,Bacteria,Planctomycetota,Planctomycetes,Gemmatales,Gemmataceae,Fimbriiglobus,uncultured_bacterium
9b7845385be529ea436ca682cc8de0ce,Bacteria,Proteobacteria,Alphaproteobacteria,Rhizobiales,Devosiaceae,Devosia,Unassigned
fee30e6691897ac4e8f3aa2853db9513,Bacteria,Proteobacteria,Alphaproteobacteria,Rickettsiales,Mitochondria,Mitochondria,Unassigned
638f41b9fd400e07ed8f46e128648c81,Bacteria,Planctomycetota,Planctomycetes,Gemmatales,Gemmataceae,uncultured,Unassigned
15a59f453fd87448551dd41b931bea5c,Bacteria,Proteobacteria,Gammaproteobacteria,Burkholderiales,Oxalobacteraceae,Herminiimonas,Unassigned
be58f9a593e6eba873a50f489333d377,Bacteria,Planctomycetota,Planctomycetes,Gemmatales,Gemmataceae,Gemmata,uncultured_bacterium
45f47ab950f7c187fc605e933df6f95b,Bacteria,Cyanobacteria,Cyanobacteriia,Chloroplast,Chloroplast,Chloroplast,Monoraphidium_neglectum
7ee2cfc190e487061b14a02313a5ef5a,Bacteria,Proteobacteria,Gammaproteobacteria,Unassigned,Unassigned,Unassigned,Unassigned
738e75237f1481cfa19c28d67d08f3e3,Bacteria,Planctomycetota,Planctomycetes,Planctomycetales,Rubinisphaeraceae,uncultured,metagenome
566f476276d2eeeca4ffe3326be3b888,Bacteria,Chloroflexi,Ktedonobacteria,Ktedonobacterales,JG30-KF-AS9,JG30-KF-AS9,uncultured_Ktedonobacterales
47b9e198e3ea0b0e07bfaaf7a5da87e1,Bacteria,Bacteroidota,Bacteroidia,Flavobacteriales,Cryomorphaceae,uncultured,Unassigned
827458ddf0fc32fa3e3a4c0ff938b343,Bacteria,Verrucomicrobiota,Verrucomicrobiae,Verrucomicrobiales,Rubritaleaceae,Luteolibacter,Unassigned
77fb3625b1ce06c42996a23f51797f60,Bacteria,Unassigned,Unassigned,Unassigned,Unassigned,Unassigned,Unassigned
40da6621956f6e2c59b79e92070102c2,Bacteria,Firmicutes,Bacilli,Erysipelotrichales,Erysipelotrichaceae,ZOR0006,uncultured_bacterium
1aaebf6fd4ff21a537506fded8f7c651,Bacteria,Patescibacteria,Saccharimonadia,Saccharimonadales,Saccharimonadaceae,Unassigned,Unassigned
0bdc9db8e949da6ce775e92cc2a911f4,Bacteria,Proteobacteria,Alphaproteobacteria,Rhodobacterales,Rhodobacteraceae,Unassigned,Unassigned
9f7f527157f0228140c998975fbc26e1,Bacteria,Proteobacteria,Gammaproteobacteria,Burkholderiales,Comamonadaceae,Unassigned,Unassigned
936626f04207a117375c4f6012015d0c,Bacteria,Proteobacteria,Alphaproteobacteria,Rhizobiales,Devosiaceae,Devosia,Unassigned
caf3daed212dd2cc5003b7ad53a376bb,Bacteria,Unassigned,Unassigned,Unassigned,Unassigned,Unassigned,Unassigned
0f9dbe0b924bcc491709f3bda6341fe6,Bacteria,Proteobacteria,Gammaproteobacteria,uncultured,uncultured,uncultured,uncultured_bacterium
eb2bd074e5712d280d18fb77bf26afb6,Bacteria,Proteobacteria,Gammaproteobacteria,Xanthomonadales,Xanthomonadaceae,Stenotrophomonas,Unassigned
d385d50d42ef101ee7b7247b40b93ad3,Bacteria,Chloroflexi,JG30-KF-CM66,JG30-KF-CM66,JG30-KF-CM66,JG30-KF-CM66,Unassigned
d5f23fd2e4dbc3d27a6d3ace44102d0c,Bacteria,Cyanobacteria,Cyanobacteriia,Chloroplast,Chloroplast,Chloroplast,Oscillatoriales_cyanobacterium
366c67383f476cfac15cfa228fed046b,Bacteria,Bacteroidota,Bacteroidia,Bacteroidales,Dysgonomonadaceae,Dysgonomonas,Dysgonomonas_alginatilytica
37b808c0334f0dab635bd707354dd27b,Bacteria,Unassigned,Unassigned,Unassigned,Unassigned,Unassigned,Unassigned
49be3ce8c3813f4af29af8eb7905eb53,Bacteria,Cyanobacteria,Cyanobacteriia,Chloroplast,Chloroplast,Chloroplast,Mychonastes_jurisii
dbd431dba7e8a9c2e811cff2d206ffd8,Bacteria,Proteobacteria,Alphaproteobacteria,Rhizobiales,Devosiaceae,Devosia,Unassigned
41e44b590a0d2c9f9c4e3ea3993981ac,Bacteria,Planctomycetota,Planctomycetes,Pirellulales,Pirellulaceae,Blastopirellula,uncultured_planctomycete
3e68def7df734a3c1c42d913a21a0376,Bacteria,Unassigned,Unassigned,Unassigned,Unassigned,Unassigned,Unassigned
30505ad7b1eb5cbe3e3869f2faf89723,Bacteria,Proteobacteria,Alphaproteobacteria,Rickettsiales,Mitochondria,Mitochondria,Unassigned
bd6871a83b71b176783046d88d1f1eb2,Bacteria,Proteobacteria,Alphaproteobacteria,Rickettsiales,Mitochondria,Mitochondria,Rhynchosporium_secalis
89d8b3671e6e0c901a3846361959bf15,Bacteria,Patescibacteria,Saccharimonadia,Saccharimonadales,Saccharimonadales,Saccharimonadales,metagenome
1225098ca9646b0a96331924e25afd14,Bacteria,Patescibacteria,Saccharimonadia,Saccharimonadales,Saccharimonadales,Saccharimonadales,uncultured_Candidatus
6465a72fd453c30038b0254fd326b499,Bacteria,Planctomycetota,Planctomycetes,Gemmatales,Gemmataceae,uncultured,uncultured_bacterium
d44d69c6858973d8cc4fd08a876fbf1a,Bacteria,Proteobacteria,Alphaproteobacteria,Caulobacterales,Caulobacteraceae,Brevundimonas,Unassigned
41df652861824826346dcba385aadd45,Bacteria,Actinobacteriota,Thermoleophilia,Solirubrobacterales,67-14,67-14,uncultured_Rubrobacteraceae
346e8d16ad25ea0a122bab755f08c775,Bacteria,Proteobacteria,Alphaproteobacteria,Rhodobacterales,Rhodobacteraceae,Unassigned,Unassigned
2141d27d55ade55df1bc3ebb5e575543,Bacteria,Proteobacteria,Alphaproteobacteria,Rhizobiales,Rhizobiaceae,Allorhizobium-Neorhizobium-Pararhizobium-Rhizobium,Unassigned
022b1add278eb1769600a6090c9ba465,Bacteria,Proteobacteria,Gammaproteobacteria,Burkholderiales,Alcaligenaceae,Achromobacter,Unassigned
d59923a2f76f652e9c8611e74e19196b,Bacteria,Unassigned,Unassigned,Unassigned,Unassigned,Unassigned,Unassigned
d04fc6f3d1c440f61b1b5d894d347cf4,Bacteria,Unassigned,Unassigned,Unassigned,Unassigned,Unassigned,Unassigned
7320121fdb882eba4cd497e1b1b046c0,Bacteria,Firmicutes,Bacilli,Lactobacillales,Streptococcaceae,Lactococcus,Unassigned
0e0d744bf283fae86ad42a77020a220f,Bacteria,Actinobacteriota,Actinobacteria,Micrococcales,Micrococcaceae,Paeniglutamicibacter,Unassigned
b564ad8c56b63ebbf6d41863b905f24e,Bacteria,Armatimonadota,Fimbriimonadia,Fimbriimonadales,Fimbriimonadaceae,Fimbriimonadaceae,uncultured_bacterium
b9792670ffba350a286fcb7678592469,Bacteria,Verrucomicrobiota,Verrucomicrobiae,Verrucomicrobiales,Verrucomicrobiaceae,Prosthecobacter,Unassigned
7fe508b40855e7dc5ebe0b8a2115dd18,Bacteria,Unassigned,Unassigned,Unassigned,Unassigned,Unassigned,Unassigned
3e710b8a0a1863052ac42cff04de0f75,Bacteria,Myxococcota,Polyangia,Blfdi19,Blfdi19,Blfdi19,uncultured_bacterium
5484d460cacb9114c51dadbbdf852710,Bacteria,Patescibacteria,Saccharimonadia,Saccharimonadales,Unassigned,Unassigned,Unassigned
15ae62b34f39e6cf464f2c162df5b55a,Bacteria,Bacteroidota,Bacteroidia,Flavobacteriales,Flavobacteriaceae,Ulvibacter,uncultured_marine
42052a633accf12ef862e3f927670f44,Bacteria,Unassigned,Unassigned,Unassigned,Unassigned,Unassigned,Unassigned
022e151168a38e86970e3fc580ffdf53,Bacteria,Firmicutes,Clostridia,Unassigned,Unassigned,Unassigned,Unassigned
8e3a54cff8a266728b4e1770e447fe94,Bacteria,Actinobacteriota,RBG-16-55-12,RBG-16-55-12,RBG-16-55-12,RBG-16-55-12,uncultured_actinomycete
6391024a346b6b95576ddf2a83244dfb,Bacteria,Bacteroidota,Bacteroidia,Chitinophagales,Chitinophagaceae,Taibaiella,Unassigned
b0e0b8b81f3a3a9968f8c2a2eedd75c6,Bacteria,Proteobacteria,Gammaproteobacteria,Oceanospirillales,Marinomonadaceae,Marinomonas,Unassigned
deef19d2d0f2e650ea151dcfd30b8460,Bacteria,Planctomycetota,Planctomycetes,Pirellulales,Pirellulaceae,uncultured,Planctomycetaceae
b640a831f0c28e6d60ba3f6b278f38fa,Bacteria,Verrucomicrobiota,Verrucomicrobiae,Verrucomicrobiales,Rubritaleaceae,Persicirhabdus,uncultured_bacterium
409224afdc1e54365c8eeb8d97a2a03e,Bacteria,Firmicutes,Clostridia,Lachnospirales,Lachnospiraceae,Tyzzerella,Unassigned
95731c74e64d8e0e4d30d04ba52f1359,Bacteria,Marinimicrobia_(SAR406_clade),Marinimicrobia_(SAR406_clade),Marinimicrobia_(SAR406_clade),Marinimicrobia_(SAR406_clade),Marinimicrobia_(SAR406_clade),unidentified_marine
abbe4e8d14e2cada6b55a66948b1453b,Bacteria,Proteobacteria,Gammaproteobacteria,SAR86_clade,SAR86_clade,SAR86_clade,Unassigned
f83d70e4fbe430109fbb713c5e81b914,Bacteria,Bacteroidota,Bacteroidia,Chitinophagales,Chitinophagaceae,Taibaiella,Unassigned
329cd98afc6f9e7509ea3624dfdd6c69,Bacteria,Bacteroidota,Bacteroidia,Flavobacteriales,Weeksellaceae,Chryseobacterium,Unassigned
8b2f9f2413ddad3a57e9080927f32a70,Bacteria,Unassigned,Unassigned,Unassigned,Unassigned,Unassigned,Unassigned
90f0dbfe00b0b06bc170a764372f5aa0,Bacteria,Proteobacteria,Alphaproteobacteria,Sphingomonadales,Sphingomonadaceae,Novosphingobium,Unassigned
38fbe2e5179b24298002543d8cfb4cfc,Bacteria,Proteobacteria,Gammaproteobacteria,Vibrionales,Vibrionaceae,Vibrio,Unassigned
25a1ab84a6275caa18a80413d291a931,Bacteria,Proteobacteria,Alphaproteobacteria,Puniceispirillales,SAR116_clade,Candidatus_Puniceispirillum,uncultured_bacterium
21144fe46bb6942b0719aa7b407fa5c7,Bacteria,Cyanobacteria,Cyanobacteriia,Cyanobacteriales,Microcystaceae,Microcystis_PCC-7914,Unassigned
549db7f9c770e5358adafbcb4ee2c888,Bacteria,Proteobacteria,Alphaproteobacteria,Rhizobiales,Beijerinckiaceae,Bosea,Unassigned
bd9c687384df30ec11dfcd047268d533,Bacteria,Planctomycetota,Planctomycetes,Planctomycetales,Schlesneriaceae,Schlesneria,uncultured_planctomycete
1076ee61ed4374f59b99b7f15236967b,Bacteria,Proteobacteria,Alphaproteobacteria,Rickettsiales,Mitochondria,Mitochondria,Unassigned
5db4a8e45100f8bf372da7bddf83be5c,Bacteria,Chloroflexi,AD3,AD3,AD3,AD3,uncultured_Chloroflexi
fff236dccc67bd493deb708e8975794c,Bacteria,Firmicutes,Bacilli,Lactobacillales,Unassigned,Unassigned,Unassigned
3a809660efae31be8ef7a67cf78555d3,Bacteria,Unassigned,Unassigned,Unassigned,Unassigned,Unassigned,Unassigned
cdc9e116bc9f150d7a7c7b7b739671e7,Bacteria,Unassigned,Unassigned,Unassigned,Unassigned,Unassigned,Unassigned
6fd806241113582922a554e08ba4f0e5,Bacteria,Bacteroidota,Bacteroidia,Flavobacteriales,NS9_marine_group,NS9_marine_group,uncultured_Flavobacterium
3a8f336946df83d7346846191160e854,Bacteria,Proteobacteria,Alphaproteobacteria,Rickettsiales,Mitochondria,Mitochondria,Unassigned
bcd6516bde71af50bfb52473778491a3,Bacteria,Unassigned,Unassigned,Unassigned,Unassigned,Unassigned,Unassigned
50f2734ba3fb878ac1d619a0d330c124,Bacteria,Proteobacteria,Alphaproteobacteria,Rickettsiales,Mitochondria,Mitochondria,Phytophthora_agathidicida
ea34850f0407d3d687594f8da322d52e,Bacteria,Actinobacteriota,Actinobacteria,Frankiales,Acidothermaceae,Acidothermus,uncultured_bacterium
595b268ea9ab1282b31931d524e88e7d,Bacteria,Unassigned,Unassigned,Unassigned,Unassigned,Unassigned,Unassigned
befc549e89e65058b2bd045103a96ad8,Bacteria,Actinobacteriota,Actinobacteria,Corynebacteriales,Nocardiaceae,Nocardia,Unassigned
c3fe0c252e9374e983544148a2339300,Bacteria,Unassigned,Unassigned,Unassigned,Unassigned,Unassigned,Unassigned
3fcd41a2071ace18051eb0491a2197ca,Bacteria,Proteobacteria,Alphaproteobacteria,Rhizobiales,Beijerinckiaceae,Unassigned,Unassigned
bb059c047e52ac68ca7660bd99a563fd,Bacteria,Cyanobacteria,Cyanobacteriia,Chloroplast,Chloroplast,Chloroplast,Tetradesmus_obliquus
e56bb914617f3fc68b105288f79a2eb4,Bacteria,Cyanobacteria,Cyanobacteriia,Chloroplast,Chloroplast,Chloroplast,uncultured_bacterium
af29627c7c8e32dd9c56de5f3cd094a3,Bacteria,Proteobacteria,Alphaproteobacteria,Rickettsiales,Mitochondria,Mitochondria,Unassigned
04959a668d3b62264119d7abc4d4dc63,Bacteria,Bacteroidota,Bacteroidia,Cytophagales,Cyclobacteriaceae,Marinoscillum,uncultured_Cytophagia
712594711f2105307b5cbf7e382e4f49,Bacteria,Cyanobacteria,Cyanobacteriia,Chloroplast,Chloroplast,Chloroplast,Unassigned
1d9c50d61f55d0cd88fc31121791fee8,Bacteria,Firmicutes,Clostridia,Peptostreptococcales-Tissierellales,Peptostreptococcales-Tissierellales,Ezakiella,uncultured_bacterium
6f72cdf5189d2195de2e0eba2fbccb1f,Bacteria,Proteobacteria,Gammaproteobacteria,Vibrionales,Vibrionaceae,Vibrio,Unassigned
f8ec4493c79fec37fa896fa26d71a953,Bacteria,Proteobacteria,Alphaproteobacteria,Rickettsiales,Mitochondria,Mitochondria,Botryosphaeria_dothidea
e90486ab37b4167a266fae517494c649,Bacteria,Cyanobacteria,Cyanobacteriia,Chloroplast,Chloroplast,Chloroplast,Prasiolopsis_sp.
9b70e532ca572234333648a0122cdae6,Bacteria,Proteobacteria,Unassigned,Unassigned,Unassigned,Unassigned,Unassigned
0229b86151b01a5f88d491140b87af62,Bacteria,Armatimonadota,Armatimonadia,Armatimonadales,Armatimonadales,Armatimonadales,uncultured_bacterium
9d1988c6834fbc653f993362ed449ab9,Bacteria,Proteobacteria,Alphaproteobacteria,Rickettsiales,Mitochondria,Mitochondria,Unassigned
1a3b9d41f55e8c5b4942b9ba6c311dc0,Bacteria,Proteobacteria,Gammaproteobacteria,Oceanospirillales,Pseudohongiellaceae,Pseudohongiella,Unassigned
d1be0c27c9235df4f02899873b610f98,Bacteria,Proteobacteria,Alphaproteobacteria,Rickettsiales,Mitochondria,Mitochondria,Unassigned
95fcc2545c21a5f1e4442492d0813cc4,Unassigned,Unassigned,Unassigned,Unassigned,Unassigned,Unassigned,Unassigned
3ec2a156229244f112a8d8a57f66e8f1,Bacteria,Planctomycetota,Planctomycetes,Gemmatales,Gemmataceae,uncultured,uncultured_bacterium
e5914ac8d0dccc668058316b2da535d8,Archaea,Halobacterota,Halobacteria,Halobacterales,Halomicrobiaceae,Haloarcula,Unassigned
2b84bc6fac8f4f731785475f4c596dfb,Bacteria,Chloroflexi,Ktedonobacteria,Ktedonobacterales,Ktedonobacteraceae,uncultured,uncultured_Ktedobacteria
46459f4984fd39457292973dbeb3a1e0,Bacteria,Verrucomicrobiota,Chlamydiae,Chlamydiales,Parachlamydiaceae,Candidatus_Protochlamydia,metagenome
b33140877e2a070bc05e06cf1f30fa2c,Bacteria,Campilobacterota,Campylobacteria,Campylobacterales,Arcobacteraceae,uncultured,Unassigned
43098a399fcb08db9df4b90a7f2ae696,Archaea,Crenarchaeota,Nitrososphaeria,Nitrososphaerales,Nitrososphaeraceae,Candidatus_Nitrocosmicus,Unassigned
9d9285bb100ab182860e60fb3e6ca06c,Bacteria,Firmicutes,Clostridia,Peptostreptococcales-Tissierellales,Peptostreptococcales-Tissierellales,Ezakiella,uncultured_bacterium
2993a2644e9daa261a7b9cba57966d33,Bacteria,Deinococcota,Deinococci,Deinococcales,Deinococcaceae,Deinococcus,Deinococcus_sp.
ee279f9798f78d6b2d847a5e96c066dc,Bacteria,Proteobacteria,Alphaproteobacteria,Rickettsiales,Mitochondria,Mitochondria,Unassigned
925363ad8e58713ed94805213d10a591,Bacteria,Cyanobacteria,Cyanobacteriia,Chloroplast,Chloroplast,Chloroplast,Unassigned
ad9134056f58dde3a243f1c585851611,Bacteria,Dependentiae,Babeliae,Babeliales,Babeliaceae,Babeliaceae,uncultured_bacterium
8a0d37ca27a6344d7cf4c14127afadd6,Bacteria,Chloroflexi,Ktedonobacteria,B12-WMSP1,B12-WMSP1,B12-WMSP1,uncultured_bacterium
9ee9d7f1e7a96963f1ee2668f858fced,Bacteria,Firmicutes,Clostridia,Peptostreptococcales-Tissierellales,Peptostreptococcales-Tissierellales,Anaerococcus,Unassigned
4aa028500a5491992b3161fd6669607a,Bacteria,Unassigned,Unassigned,Unassigned,Unassigned,Unassigned,Unassigned
f3b0df2b308c62a9607e6407ee4d5b44,Bacteria,Armatimonadota,Fimbriimonadia,Fimbriimonadales,Fimbriimonadaceae,Fimbriimonadaceae,Unassigned
9648adccfc65c1ac6ebca1e8b4579fba,Bacteria,Cyanobacteria,Cyanobacteriia,Chloroplast,Chloroplast,Chloroplast,Coccomyxa_viridis
c3e6fee90d868c268306bd3daa0c5b2f,Bacteria,Proteobacteria,Alphaproteobacteria,Rickettsiales,Mitochondria,Mitochondria,uncultured_bacterium
8f5da7113c31bcd50818c90be536d07b,Bacteria,Firmicutes,Clostridia,Peptostreptococcales-Tissierellales,Peptostreptococcales-Tissierellales,Anaerococcus,Unassigned
1375005d8248e600034461e7ff725abe,Bacteria,Proteobacteria,Alphaproteobacteria,Rickettsiales,Mitochondria,Mitochondria,Unassigned
457f30ff61a2873e7b43f7ca8fdec2a3,Bacteria,Bacteroidota,Bacteroidia,Sphingobacteriales,Sphingobacteriaceae,Sphingobacterium,Unassigned
6eaf676e83e08d2aedeb012fa740ad3e,Bacteria,Verrucomicrobiota,Chlamydiae,Chlamydiales,Parachlamydiaceae,uncultured,metagenome
5d4c3c5095392ef91d77f6e3d6a963ae,Bacteria,Proteobacteria,Alphaproteobacteria,Rickettsiales,Mitochondria,Mitochondria,Unassigned
4eb8d1c0c12bb15ef3ec9954a33317ed,Bacteria,Proteobacteria,Gammaproteobacteria,Burkholderiales,Comamonadaceae,Unassigned,Unassigned
9ed542d629904d5c10cabc477442592a,Bacteria,Firmicutes,Bacilli,Lactobacillales,Unassigned,Unassigned,Unassigned
e7cb91f4e37e7606bdc1533fd0b0c4f2,Bacteria,Cyanobacteria,Cyanobacteriia,Chloroplast,Chloroplast,Chloroplast,Trebouxiophyceae_sp.
ebd9d2aec5ef88299108d0877f8f351a,Unassigned,Unassigned,Unassigned,Unassigned,Unassigned,Unassigned,Unassigned
22b550f6e10bd2506388b598816e4c68,Bacteria,Verrucomicrobiota,Chlamydiae,Chlamydiales,Parachlamydiaceae,Unassigned,Unassigned
d9677c6e2f79834b7aed17d67346cdc7,Bacteria,Firmicutes,Clostridia,Peptostreptococcales-Tissierellales,Peptostreptococcales-Tissierellales,Anaerococcus,Anaerococcus_vaginalis
527dcd602962fdd66e8c07bd793c8fbe,Bacteria,Dependentiae,Babeliae,Babeliales,Babeliaceae,Babeliaceae,uncultured_bacterium
774afa4da3b9f7c3445d415c5ec52c73,Bacteria,Proteobacteria,Alphaproteobacteria,Puniceispirillales,SAR116_clade,SAR116_clade,Unassigned
dd8be3cde0104fac8309f46cace272ee,Eukaryota,Opalinata,Opalinata,Opalinata,Opalinata,Opalinata,Opalina_undulata
306371c977faccd43bd4cd2667a23c26,Bacteria,Proteobacteria,Alphaproteobacteria,Rickettsiales,Mitochondria,Mitochondria,Unassigned
72be6a140035079e1750ea25b9c982d0,Bacteria,Planctomycetota,Planctomycetes,Isosphaerales,Isosphaeraceae,Tundrisphaera,uncultured_Singulisphaera
cdbf49c5d1e6cef00625920aded0e216,Bacteria,Proteobacteria,Alphaproteobacteria,Rickettsiales,Mitochondria,Mitochondria,Unassigned
8cdf00b91421afb727c5a01d9290a067,Bacteria,Proteobacteria,Alphaproteobacteria,Parvibaculales,PS1_clade,PS1_clade,Unassigned
2a226238b95759723ccb5ab9a6ba4107,Bacteria,Actinobacteriota,Actinobacteria,Propionibacteriales,Nocardioidaceae,Marmoricola,Unassigned
e8856e522fc9b7d41abf1c835563bc7c,Bacteria,Armatimonadota,Fimbriimonadia,Fimbriimonadales,Fimbriimonadaceae,Fimbriimonadaceae,Unassigned
e7e21789d69ada1647a75b56dfb57eb0,Bacteria,Proteobacteria,Alphaproteobacteria,Rhizobiales,Devosiaceae,Devosia,Devosia_limi
26ea83e83e324cfcf55680217ab6760a,Bacteria,Chloroflexi,KD4-96,KD4-96,KD4-96,KD4-96,Unassigned
86f3b715de68c35659ecc621af7b914f,Bacteria,Firmicutes,Bacilli,Lactobacillales,Unassigned,Unassigned,Unassigned
7f94e5a60f1ffdbb7310fa0b74a83ce8,Bacteria,Proteobacteria,Alphaproteobacteria,Sphingomonadales,Sphingomonadaceae,Sphingomonas,Unassigned
b0d7e684777d618c659071e47c6b30b1,Bacteria,Firmicutes,Bacilli,Lactobacillales,Enterococcaceae,Unassigned,Unassigned
cc64d89e50c1386a0f59b0a21a3a228f,Bacteria,Patescibacteria,Saccharimonadia,Saccharimonadales,Saccharimonadaceae,TM7a,uncultured_bacterium
fe14839c1ad7439eb51a6597550814cd,Bacteria,Proteobacteria,Alphaproteobacteria,Puniceispirillales,SAR116_clade,SAR116_clade,Unassigned
0873d2544b9c838970447f9ac4c032b5,Bacteria,Proteobacteria,Gammaproteobacteria,Alteromonadales,Alteromonadaceae,Unassigned,Unassigned
cd687e6a76df9e79f77d66b67d3fdd80,Bacteria,Proteobacteria,Gammaproteobacteria,Alteromonadales,Alteromonadaceae,Glaciecola,Unassigned
380086960af560f857df85b1481e9d2c,Bacteria,Proteobacteria,Alphaproteobacteria,Rhodobacterales,Rhodobacteraceae,Unassigned,Unassigned
8b13321ea2d352c274f1617935cdffab,Bacteria,Proteobacteria,Gammaproteobacteria,Burkholderiales,Comamonadaceae,Unassigned,Unassigned
df4ff57597a240128f4eb58264e724f0,Bacteria,Proteobacteria,Alphaproteobacteria,Rhizobiales,Devosiaceae,Devosia,Devosia_limi
405fae17acff03021020076a4ef19213,Bacteria,Unassigned,Unassigned,Unassigned,Unassigned,Unassigned,Unassigned
efa1af4386010f7d05e16a663f32f792,Bacteria,Firmicutes,Clostridia,Peptostreptococcales-Tissierellales,Anaerovoracaceae,Mogibacterium,Unassigned
64909ca24807ba54c210cadad95269cf,Bacteria,Planctomycetota,Planctomycetes,Gemmatales,Gemmataceae,Fimbriiglobus,uncultured_bacterium
fc5436ba6696e5b9103c63628b351551,Bacteria,Proteobacteria,Alphaproteobacteria,Rhizobiales,Hyphomicrobiaceae,Hyphomicrobium,Unassigned
781ce034dfe3efe8b9c65c14d2a83ba3,Bacteria,Verrucomicrobiota,Chlamydiae,Chlamydiales,Parachlamydiaceae,Unassigned,Unassigned
2bb3a8bb41232da7b7306acdec8751e0,Bacteria,Firmicutes,Clostridia,Oscillospirales,Ruminococcaceae,Candidatus_Soleaferrea,Unassigned
c6585ebf46baa53f809293ed4457aa15,Bacteria,Unassigned,Unassigned,Unassigned,Unassigned,Unassigned,Unassigned
7e9aedca65b51f45b8c29b9b8f836db1,Bacteria,Campilobacterota,Campylobacteria,Campylobacterales,Campylobacteraceae,Campylobacter,Campylobacter_hominis
a3de7d3ada14297a0e43417c925dc21f,Bacteria,Unassigned,Unassigned,Unassigned,Unassigned,Unassigned,Unassigned
f15488827f844d29fe74f42a334ca129,Bacteria,Acidobacteriota,Acidobacteriae,Acidobacteriales,Acidobacteriaceae_(Subgroup_1),Edaphobacter,Unassigned
ed15e095a55a88e94b32dada83c33976,Bacteria,Proteobacteria,Alphaproteobacteria,Rhizobiales,Beijerinckiaceae,Bosea,Unassigned
899bbbfa8a9741b8b48557ec54458e21,Bacteria,Proteobacteria,Alphaproteobacteria,Rickettsiales,Mitochondria,Mitochondria,Unassigned
58579cbcfd07beb4b6fad9ef906fca29,Bacteria,Actinobacteriota,Acidimicrobiia,Microtrichales,Iamiaceae,Iamia,Unassigned
90bf2fc3df2ca6962d050534105a7968,Bacteria,Bacteroidota,Bacteroidia,Flavobacteriales,Flavobacteriaceae,Flavobacterium,Unassigned
bd6cf3f5a66cefd7b96fb6cf75d23cd2,Bacteria,Firmicutes,Bacilli,RF39,RF39,RF39,gut_metagenome
29aef3fa30bc4ef45bbf025e925069dc,Bacteria,Proteobacteria,Alphaproteobacteria,Rickettsiales,Mitochondria,Mitochondria,Botryosphaeria_dothidea
f02fde816f8e52a35d1ed9353aee3d7c,Bacteria,Proteobacteria,Gammaproteobacteria,Oceanospirillales,Nitrincolaceae,Nitrincola,Alteromonadales_bacterium
92d274688c14feeb93bad14b1ae48950,Bacteria,Verrucomicrobiota,Chlamydiae,Chlamydiales,Parachlamydiaceae,uncultured,metagenome
ef3dbf17daad43cfe7ccc596b7dbf349,Bacteria,Proteobacteria,Alphaproteobacteria,Rickettsiales,Mitochondria,Mitochondria,Rhynchosporium_secalis
ed8a8b0033b89667111ad92dfca8252f,Bacteria,Proteobacteria,Alphaproteobacteria,Rickettsiales,Mitochondria,Mitochondria,Unassigned
d6227782754b959892894c62824f04ea,Bacteria,Proteobacteria,Alphaproteobacteria,Rickettsiales,Mitochondria,Mitochondria,Unassigned
ba1a3520c2e47a6243bcdd699250dc72,Bacteria,Proteobacteria,Gammaproteobacteria,Vibrionales,Vibrionaceae,Unassigned,Unassigned
1d04cbcf1d2e3c6bb6da229b6fa006d9,Bacteria,Proteobacteria,Alphaproteobacteria,Rhizobiales,Devosiaceae,Devosia,Devosia_limi
dfe468d39a0883753e02875cbb7fb312,Bacteria,Proteobacteria,Alphaproteobacteria,Acetobacterales,Acetobacteraceae,Rhodovastum,Unassigned
98380ddbe7d794d825eee0121af5da23,Bacteria,Actinobacteriota,Rubrobacteria,Rubrobacterales,Rubrobacteriaceae,Rubrobacter,Unassigned
14dcbf1fcc7c90b24f3e9dfc4a27cc52,Bacteria,Proteobacteria,Alphaproteobacteria,Rhizobiales,Beijerinckiaceae,Methylobacterium-Methylorubrum,Unassigned
c2c027168e56bf48ae68d9d5b67d9b46,Bacteria,Firmicutes,Bacilli,Lactobacillales,Streptococcaceae,Lactococcus,Unassigned
317ff5d8b3a9a5b4898ee1fa7b547226,Bacteria,Proteobacteria,Gammaproteobacteria,Burkholderiales,Comamonadaceae,Unassigned,Unassigned
defcb02ec20f29352cb1b1b267f162a4,Bacteria,Proteobacteria,Alphaproteobacteria,Rhodospirillales,AEGEAN-169_marine_group,AEGEAN-169_marine_group,Unassigned
087585667208582ff2f3c27bf7ec9975,Bacteria,Planctomycetota,Planctomycetes,Isosphaerales,Isosphaeraceae,Unassigned,Unassigned
2a70ce651c7f5fc6ea09fe44f07062e6,Bacteria,Actinobacteriota,Acidimicrobiia,Actinomarinales,Actinomarinaceae,Candidatus_Actinomarina,Unassigned
76f7756c67d7c2b54d4d30eeaa29f6fc,Bacteria,Verrucomicrobiota,Verrucomicrobiae,Verrucomicrobiales,Rubritaleaceae,Roseibacillus,Unassigned
eeb8c3ce658b77e7f131ccb487ca64b6,Bacteria,Chloroflexi,Ktedonobacteria,Ktedonobacterales,Ktedonobacteraceae,uncultured,uncultured_Ktedobacteria
7c7c7761ed1d350dd250d3bf1f131073,Bacteria,Chloroflexi,KD4-96,KD4-96,KD4-96,KD4-96,Unassigned
b090ed0d764c69d4d5f64dd29bc98e78,Bacteria,Proteobacteria,Gammaproteobacteria,Alteromonadales,Alteromonadaceae,Alteromonas,Unassigned
549cc98b7ba962501bbd121664cbe30f,Bacteria,Firmicutes,Bacilli,Paenibacillales,Paenibacillaceae,Saccharibacillus,Saccharibacillus_deserti
98cfe40979b13d6b2044c57df9b32d98,Bacteria,Unassigned,Unassigned,Unassigned,Unassigned,Unassigned,Unassigned
e2a6ad8488fb7c5720831c251f91e02b,Bacteria,Proteobacteria,Alphaproteobacteria,Rickettsiales,Mitochondria,Mitochondria,Fusarium_circinatum
763ad64c9066cc67774a12030992f072,Bacteria,Proteobacteria,Gammaproteobacteria,Pseudomonadales,Moraxellaceae,Acinetobacter,Unassigned
ee97845e475d6f0eb0742aa0c83c9306,Bacteria,SAR324_clade(Marine_group_B),SAR324_clade(Marine_group_B),SAR324_clade(Marine_group_B),SAR324_clade(Marine_group_B),SAR324_clade(Marine_group_B),Unassigned
d1a46594bdb4daf8eff97a6343f0e51b,Bacteria,Actinobacteriota,Thermoleophilia,Solirubrobacterales,Solirubrobacteraceae,JCM_18997,metagenome
849f9401faedfa98b5c1251efd7731e1,Bacteria,Unassigned,Unassigned,Unassigned,Unassigned,Unassigned,Unassigned
d2e6b7faa7b40dfa8a727fd3705ff24f,Bacteria,Proteobacteria,Alphaproteobacteria,Rhizobiales,Beijerinckiaceae,Bosea,Unassigned
078ff8bd406844b02218c21ba5fefb13,Bacteria,Proteobacteria,Gammaproteobacteria,Diplorickettsiales,Diplorickettsiaceae,Aquicella,Unassigned
ff955648944acfe785a91a274b45cac1,Bacteria,Unassigned,Unassigned,Unassigned,Unassigned,Unassigned,Unassigned
2f561b7c532f951332484fb576b1b875,Bacteria,Firmicutes,Clostridia,Oscillospirales,Ruminococcaceae,Candidatus_Soleaferrea,uncultured_Firmicutes
8f47f587cb736bfd86d7d72fb711c6dd,Bacteria,Planctomycetota,Planctomycetes,uncultured,uncultured,uncultured,uncultured_bacterium
a592cb74963ef7f96934a8bcc2d1fec4,Bacteria,Firmicutes,Limnochordia,Limnochordia,Limnochordia,Hydrogenispora,uncultured_bacterium
e01d7cc86855f6b2c3e3a731b9eca50b,Bacteria,Acidobacteriota,Acidobacteriae,Acidobacteriales,Koribacteraceae,Candidatus_Koribacter,uncultured_eubacterium
d27ac61ee14072ce4e0ee1117d5142a4,Bacteria,Cyanobacteria,Cyanobacteriia,Chloroplast,Chloroplast,Chloroplast,Unassigned
35dc14ff8804ec087615afe233af9b7c,Bacteria,Firmicutes,Clostridia,Lachnospirales,Lachnospiraceae,Tyzzerella,uncultured_bacterium
e183027e7e23c5c37d126ca386dff7e1,Bacteria,Unassigned,Unassigned,Unassigned,Unassigned,Unassigned,Unassigned
6e13895c78651ec5b7b9622743c4c540,Bacteria,Planctomycetota,Planctomycetes,Gemmatales,Gemmataceae,Gemmata,uncultured_Planctomycetales
55a0b28b9a02139d6bfb9f2a8406129f,Bacteria,Proteobacteria,Alphaproteobacteria,Rickettsiales,Mitochondria,Mitochondria,Unassigned
e48a863707000ff68b2fe03a9d43dcfe,Bacteria,Unassigned,Unassigned,Unassigned,Unassigned,Unassigned,Unassigned
071eedd74429b2b3afc74ee0f409820e,Bacteria,Proteobacteria,Alphaproteobacteria,Rickettsiales,Mitochondria,Mitochondria,Lecanora_strobilina
01c316029c514c4b90e7b64114c0562e,Bacteria,Bacteroidota,Bacteroidia,Flavobacteriales,Flavobacteriaceae,NS5_marine_group,uncultured_Bacteroidetes
03b44698bbdfa68d904506e1186ce9d4,Unassigned,Unassigned,Unassigned,Unassigned,Unassigned,Unassigned,Unassigned
8ed5b52d9d66464642b16196477b0490,Bacteria,Chloroflexi,Chloroflexia,Thermomicrobiales,JG30-KF-CM45,JG30-KF-CM45,uncultured_soil
12dceb83e780338c41dc088a7b538b2f,Bacteria,Bacteroidota,Bacteroidia,Bacteroidales,Williamwhitmaniaceae,Acetobacteroides,uncultured_bacterium
45d5daba07b8e27d082d74fbb11a2dca,Bacteria,Proteobacteria,Alphaproteobacteria,Reyranellales,Reyranellaceae,Reyranella,metagenome
9585bfc3374a79a57d27eb6b9458dffc,Bacteria,Firmicutes,Bacilli,Erysipelotrichales,Erysipelotrichaceae,Breznakia,Breznakia_pachnodae
ce6e5b5027af690cf9cd91f234c193bf,Bacteria,Proteobacteria,Gammaproteobacteria,Legionellales,Legionellaceae,Legionella,Unassigned
7a2a374c49f45b22054a21a76e7d3889,Bacteria,Cyanobacteria,Cyanobacteriia,Chloroplast,Chloroplast,Chloroplast,uncultured_bacterium
836f6ae8b63e10bafc11b2efdedb82d5,Bacteria,Bacteroidota,Bacteroidia,Sphingobacteriales,Sphingobacteriaceae,Pedobacter,Unassigned
2aa6e0768bc73923e85f253227e422f9,Bacteria,Cyanobacteria,Cyanobacteriia,Chloroplast,Chloroplast,Chloroplast,Desmochloris_halophila
77848e9b99c331cc157c5131fd745b90,Bacteria,Actinobacteriota,Actinobacteria,Micromonosporales,Micromonosporaceae,Unassigned,Unassigned
4535d44c0883c36d8d1232eca783d7c6,Bacteria,Actinobacteriota,Actinobacteria,Micrococcales,Micrococcaceae,Kocuria,Unassigned
bfd357f356ee840f71cc8ad1b3a24077,Bacteria,Actinobacteriota,Thermoleophilia,Solirubrobacterales,Solirubrobacteraceae,Conexibacter,Unassigned
4f5053621202dd55248376d213ac6974,Bacteria,Actinobacteriota,Rubrobacteria,Rubrobacterales,Rubrobacteriaceae,Rubrobacter,Unassigned
3414155f45f6e3bc105afea0b789d3a0,Bacteria,Actinobacteriota,Actinobacteria,Propionibacteriales,Nocardioidaceae,Nocardioides,Unassigned
6556c7deb2ab07008ee0b7d8cfd775e8,Bacteria,Firmicutes,Bacilli,Lactobacillales,Unassigned,Unassigned,Unassigned
94161c3e456dc37393e3a3bf32cb5419,Bacteria,Verrucomicrobiota,Verrucomicrobiae,Chthoniobacterales,Chthoniobacteraceae,Candidatus_Udaeobacter,uncultured_Verrucomicrobia
cf6286ff022ba1db08cf2d175927aaef,Bacteria,Actinobacteriota,Actinobacteria,Micrococcales,Micrococcaceae,Paenarthrobacter,Unassigned
d0bfc2396133aefb70b588eda2075f69,Bacteria,Bacteroidota,Bacteroidia,Cytophagales,Spirosomaceae,Dyadobacter,metagenome
2bf3f194e6831c8c7cae0dc5ec3da744,Bacteria,Actinobacteriota,Actinobacteria,Micrococcales,Promicromonosporaceae,Unassigned,Unassigned
e80ac6305be4d2323bc42ea8497edd77,Bacteria,Proteobacteria,Gammaproteobacteria,Legionellales,Legionellaceae,Legionella,Unassigned
49f10d779978e512b6cf84f835d39daf,Bacteria,Proteobacteria,Alphaproteobacteria,Rhodobacterales,Rhodobacteraceae,Sulfitobacter,uncultured_proteobacterium
f81afd6b64f996f265f45eba0c6676b9,Bacteria,Planctomycetota,Planctomycetes,Isosphaerales,Isosphaeraceae,Singulisphaera,Unassigned