,Domain,Phylum,Class,Order,Family,Genus,species,logFC,logCPM,PValue,FDR,Domain.1,Phylum.1,Class.1,Order.1,Family.1,Genus.1,species.1,Shape,Ord_Fam,Numb,FAM_ASV,Shape1,Treat
62b2f0af371ddfb3de1881aaed19e8da,Bacteria,Actinobacteriota,Actinobacteria,Actinomycetales,Actinomycetaceae,Actinomyces,uncultured_Actinomycetales,4.720385442,8.453042117,3.86428829000277e-16,1.02618322367851e-14,Bacteria,Actinobacteriota,Actinobacteria,Actinomycetales,Actinomycetaceae,Actinomyces,uncultured_Actinomycetales,21,"Actinomycetales, Actinomycetaceae","(0, 1)","Actinomycetales, Actinomycetaceae, (0, 1)",22,Control
cb8ea3364e6616648b64cc9524906368,Bacteria,Actinobacteriota,Coriobacteriia,Coriobacteriales,Coriobacteriales_Incertae_Sedis,Raoultibacter,uncultured_bacterium,2.319806994,6.749994186,9.37258596849324e-07,9.25424799892463e-06,Bacteria,Actinobacteriota,Coriobacteriia,Coriobacteriales,Coriobacteriales_Incertae_Sedis,Raoultibacter,uncultured_bacterium,21,"Coriobacteriales, Coriobacteriales_Incertae_Sedis","(0, 1)","Coriobacteriales, Coriobacteriales_Incertae_Sedis, (0, 1)",22,Control
ea50ab99242e77fd8d897c2c43449f84,Bacteria,Actinobacteriota,Actinobacteria,Corynebacteriales,Mycobacteriaceae,Mycobacterium,Unassigned,-2.437755245,9.509056686,4.13432213539916e-11,6.78109895345373e-10,Bacteria,Actinobacteriota,Actinobacteria,Corynebacteriales,Mycobacteriaceae,Mycobacterium,Unassigned,22,"Corynebacteriales, Mycobacteriaceae","(1, 0)","Corynebacteriales, Mycobacteriaceae, (1, 0)",21,Antibiotic Treated
08bdc6c81f6b9daab3d132b54e1d45bc,Bacteria,Actinobacteriota,Actinobacteria,Corynebacteriales,Nocardiaceae,Rhodococcus,Unassigned,2.541589813,9.118712491,6.86123963440868e-08,7.80874415535083e-07,Bacteria,Actinobacteriota,Actinobacteria,Corynebacteriales,Nocardiaceae,Rhodococcus,Unassigned,21,"Corynebacteriales, Nocardiaceae","(0, 1)","Corynebacteriales, Nocardiaceae, (0, 1)",22,Control
72f9e9afcc03ad4daa440ceae7b26211,Bacteria,Actinobacteriota,Actinobacteria,Frankiales,Frankiaceae,Jatrophihabitans,Unassigned,-1.965788434,6.600508072,0.000101296,0.000694543,Bacteria,Actinobacteriota,Actinobacteria,Frankiales,Frankiaceae,Jatrophihabitans,Unassigned,22,"Frankiales, Frankiaceae","(5, 0)","Frankiales, Frankiaceae, (5, 0)",21,Antibiotic Treated
632ef94da74307e2c56b17cccaa01305,Bacteria,Actinobacteriota,Actinobacteria,Frankiales,Frankiaceae,Jatrophihabitans,Jatrophihabitans_sp.,-2.645972294,7.108414384,2.14760765799692e-06,2.02991390498804e-05,Bacteria,Actinobacteriota,Actinobacteria,Frankiales,Frankiaceae,Jatrophihabitans,Jatrophihabitans_sp.,22,"Frankiales, Frankiaceae","(5, 0)","Frankiales, Frankiaceae, (5, 0)",21,Antibiotic Treated
2717d8b813ca6cefbe2390797ba22406,Bacteria,Actinobacteriota,Actinobacteria,Frankiales,Frankiaceae,Jatrophihabitans,Unassigned,-2.756111766,7.035402631,2.68993027370185e-06,2.44578986299087e-05,Bacteria,Actinobacteriota,Actinobacteria,Frankiales,Frankiaceae,Jatrophihabitans,Unassigned,22,"Frankiales, Frankiaceae","(5, 0)","Frankiales, Frankiaceae, (5, 0)",21,Antibiotic Treated
9d2c7e547a61784a327ee16d604583e4,Bacteria,Actinobacteriota,Actinobacteria,Frankiales,Frankiaceae,Jatrophihabitans,Unassigned,-2.794335408,7.108574509,1.34194822462415e-06,1.29773374554693e-05,Bacteria,Actinobacteriota,Actinobacteria,Frankiales,Frankiaceae,Jatrophihabitans,Unassigned,22,"Frankiales, Frankiaceae","(5, 0)","Frankiales, Frankiaceae, (5, 0)",21,Antibiotic Treated
c36c1890ad28d3dd5f0467f72f4fd78f,Bacteria,Actinobacteriota,Actinobacteria,Frankiales,Frankiaceae,Jatrophihabitans,uncultured_Frankiaceae,-2.860894922,7.101062109,2.00543560448572e-05,0.000159009,Bacteria,Actinobacteriota,Actinobacteria,Frankiales,Frankiaceae,Jatrophihabitans,uncultured_Frankiaceae,22,"Frankiales, Frankiaceae","(5, 0)","Frankiales, Frankiaceae, (5, 0)",21,Antibiotic Treated
03e9f6db04a61c4f8a17d2068972f6ac,Bacteria,Actinobacteriota,Actinobacteria,Frankiales,Geodermatophilaceae,Modestobacter,Unassigned,-2.329684951,6.787466054,4.11587520130066e-05,0.000306038,Bacteria,Actinobacteriota,Actinobacteria,Frankiales,Geodermatophilaceae,Modestobacter,Unassigned,22,"Frankiales, Geodermatophilaceae","(4, 0)","Frankiales, Geodermatophilaceae, (4, 0)",21,Antibiotic Treated
1b19ddc52f14d0b9a5430a8f2efeb1a8,Bacteria,Actinobacteriota,Actinobacteria,Frankiales,Geodermatophilaceae,Blastococcus,Blastococcus_sp.,-2.895686467,7.599754409,5.98953581176156e-07,6.14754197121294e-06,Bacteria,Actinobacteriota,Actinobacteria,Frankiales,Geodermatophilaceae,Blastococcus,Blastococcus_sp.,22,"Frankiales, Geodermatophilaceae","(4, 0)","Frankiales, Geodermatophilaceae, (4, 0)",21,Antibiotic Treated
b8c4ed03d7d91546b9f6ad80b80135a3,Bacteria,Actinobacteriota,Actinobacteria,Frankiales,Geodermatophilaceae,Blastococcus,Unassigned,-5.160800898,8.903143683,2.93102746004482e-11,4.85505835708414e-10,Bacteria,Actinobacteriota,Actinobacteria,Frankiales,Geodermatophilaceae,Blastococcus,Unassigned,22,"Frankiales, Geodermatophilaceae","(4, 0)","Frankiales, Geodermatophilaceae, (4, 0)",21,Antibiotic Treated
6606f680e9a7a36d254524c2b17cd969,Bacteria,Actinobacteriota,Actinobacteria,Frankiales,Geodermatophilaceae,Modestobacter,Unassigned,-5.453779159,9.168039756,4.93600908492044e-15,1.21440341162822e-13,Bacteria,Actinobacteriota,Actinobacteria,Frankiales,Geodermatophilaceae,Modestobacter,Unassigned,22,"Frankiales, Geodermatophilaceae","(4, 0)","Frankiales, Geodermatophilaceae, (4, 0)",21,Antibiotic Treated
d85cf0535835c6b4f0d90bd3af189c32,Bacteria,Actinobacteriota,Actinobacteria,Frankiales,Nakamurellaceae,Nakamurella,Unassigned,-2.203293312,6.719943439,6.8885474926509e-05,0.000490406,Bacteria,Actinobacteriota,Actinobacteria,Frankiales,Nakamurellaceae,Nakamurella,Unassigned,22,"Frankiales, Nakamurellaceae","(4, 0)","Frankiales, Nakamurellaceae, (4, 0)",21,Antibiotic Treated
9514d9b659640426fb94e0f6fd72dbb4,Bacteria,Actinobacteriota,Actinobacteria,Frankiales,Nakamurellaceae,Nakamurella,uncultured_bacterium,-3.157229557,7.295588366,1.39939546993263e-08,1.74715568746066e-07,Bacteria,Actinobacteriota,Actinobacteria,Frankiales,Nakamurellaceae,Nakamurella,uncultured_bacterium,22,"Frankiales, Nakamurellaceae","(4, 0)","Frankiales, Nakamurellaceae, (4, 0)",21,Antibiotic Treated
9341b8bdaf26236af77e6e025b883bc2,Bacteria,Actinobacteriota,Actinobacteria,Frankiales,Nakamurellaceae,Nakamurella,Unassigned,-3.284984481,7.88681809,4.17267058997722e-10,6.12357710265955e-09,Bacteria,Actinobacteriota,Actinobacteria,Frankiales,Nakamurellaceae,Nakamurella,Unassigned,22,"Frankiales, Nakamurellaceae","(4, 0)","Frankiales, Nakamurellaceae, (4, 0)",21,Antibiotic Treated
312f85fff91f5153e724b94b594e7ccb,Bacteria,Actinobacteriota,Actinobacteria,Frankiales,Nakamurellaceae,Nakamurella,Nakamurella_sp.,-3.862928717,10.21303862,2.6125974555224e-14,5.90658857174187e-13,Bacteria,Actinobacteriota,Actinobacteria,Frankiales,Nakamurellaceae,Nakamurella,Nakamurella_sp.,22,"Frankiales, Nakamurellaceae","(4, 0)","Frankiales, Nakamurellaceae, (4, 0)",21,Antibiotic Treated
15985e5b21c459a170dacb98c2c503d3,Bacteria,Actinobacteriota,Actinobacteria,Kineosporiales,Kineosporiaceae,Unassigned,Unassigned,-2.927311587,7.143286863,6.1827184118649e-07,6.30712677015242e-06,Bacteria,Actinobacteriota,Actinobacteria,Kineosporiales,Kineosporiaceae,Unassigned,Unassigned,22,"Kineosporiales, Kineosporiaceae","(1, 0)","Kineosporiales, Kineosporiaceae, (1, 0)",21,Antibiotic Treated
3d0fdaba5562129fdce740dd2c09f772,Bacteria,Actinobacteriota,Actinobacteria,Micrococcales,Cellulomonadaceae,Cellulomonas,Unassigned,-2.260866236,6.750354108,3.82273097791143e-05,0.000288082,Bacteria,Actinobacteriota,Actinobacteria,Micrococcales,Cellulomonadaceae,Cellulomonas,Unassigned,22,"Micrococcales, Cellulomonadaceae","(3, 0)","Micrococcales, Cellulomonadaceae, (3, 0)",21,Antibiotic Treated
7d81d0f8a78b66abf9136abf5b425097,Bacteria,Actinobacteriota,Actinobacteria,Micrococcales,Cellulomonadaceae,Actinotalea,uncultured_bacterium,-2.495121701,6.972435208,4.545865300191e-05,0.000335032,Bacteria,Actinobacteriota,Actinobacteria,Micrococcales,Cellulomonadaceae,Actinotalea,uncultured_bacterium,22,"Micrococcales, Cellulomonadaceae","(3, 0)","Micrococcales, Cellulomonadaceae, (3, 0)",21,Antibiotic Treated
d892d40bc79d0c356bd2886ce8d120ee,Bacteria,Actinobacteriota,Actinobacteria,Micrococcales,Cellulomonadaceae,Cellulomonas,Unassigned,-3.28445751,9.059565298,7.65895536322852e-07,7.71893513414537e-06,Bacteria,Actinobacteriota,Actinobacteria,Micrococcales,Cellulomonadaceae,Cellulomonas,Unassigned,22,"Micrococcales, Cellulomonadaceae","(3, 0)","Micrococcales, Cellulomonadaceae, (3, 0)",21,Antibiotic Treated
473d8b36633d012b632789aae834097e,Bacteria,Actinobacteriota,Actinobacteria,Micrococcales,Dermacoccaceae,Allobranchiibius,Unassigned,-3.346651723,7.769439054,1.57059002598718e-09,2.15376812580045e-08,Bacteria,Actinobacteriota,Actinobacteria,Micrococcales,Dermacoccaceae,Allobranchiibius,Unassigned,22,"Micrococcales, Dermacoccaceae","(1, 0)","Micrococcales, Dermacoccaceae, (1, 0)",21,Antibiotic Treated
d46cc00c8c2a8405d990fc1ac199f1d7,Bacteria,Actinobacteriota,Actinobacteria,Micrococcales,Intrasporangiaceae,Unassigned,Unassigned,-2.351743533,7.165761229,3.97411116126746e-05,0.000296816,Bacteria,Actinobacteriota,Actinobacteria,Micrococcales,Intrasporangiaceae,Unassigned,Unassigned,22,"Micrococcales, Intrasporangiaceae","(7, 0)","Micrococcales, Intrasporangiaceae, (7, 0)",21,Antibiotic Treated
dfdf1ef220a43f410a3a4d3c208b28dd,Bacteria,Actinobacteriota,Actinobacteria,Micrococcales,Intrasporangiaceae,Knoellia,Unassigned,-3.11807081,7.269115808,8.83276136802057e-08,9.65830703836498e-07,Bacteria,Actinobacteriota,Actinobacteria,Micrococcales,Intrasporangiaceae,Knoellia,Unassigned,22,"Micrococcales, Intrasporangiaceae","(7, 0)","Micrococcales, Intrasporangiaceae, (7, 0)",21,Antibiotic Treated
ad7fa6962c0bd5cbe26376854c5958aa,Bacteria,Actinobacteriota,Actinobacteria,Micrococcales,Intrasporangiaceae,Terrabacter,Unassigned,-3.546553966,7.571439877,3.63660155492436e-08,4.28453126858341e-07,Bacteria,Actinobacteriota,Actinobacteria,Micrococcales,Intrasporangiaceae,Terrabacter,Unassigned,22,"Micrococcales, Intrasporangiaceae","(7, 0)","Micrococcales, Intrasporangiaceae, (7, 0)",21,Antibiotic Treated
27fa10fa9d28d303d1d3b695f24e9076,Bacteria,Actinobacteriota,Actinobacteria,Micrococcales,Intrasporangiaceae,Unassigned,Unassigned,-3.825745765,8.35541611,3.21127495763535e-10,4.84005676047203e-09,Bacteria,Actinobacteriota,Actinobacteria,Micrococcales,Intrasporangiaceae,Unassigned,Unassigned,22,"Micrococcales, Intrasporangiaceae","(7, 0)","Micrococcales, Intrasporangiaceae, (7, 0)",21,Antibiotic Treated
931ccc3ef22f0a8c33a4cd074f907cc2,Bacteria,Actinobacteriota,Actinobacteria,Micrococcales,Intrasporangiaceae,Unassigned,Unassigned,-4.073072154,7.976501423,1.69369191916211e-11,2.89137406199817e-10,Bacteria,Actinobacteriota,Actinobacteria,Micrococcales,Intrasporangiaceae,Unassigned,Unassigned,22,"Micrococcales, Intrasporangiaceae","(7, 0)","Micrococcales, Intrasporangiaceae, (7, 0)",21,Antibiotic Treated
616e11656cd56c8a5715cecfe8e4a7f8,Bacteria,Actinobacteriota,Actinobacteria,Micrococcales,Intrasporangiaceae,Knoellia,Unassigned,-4.590416703,8.404403357,3.89164455912513e-13,8.03792758940289e-12,Bacteria,Actinobacteriota,Actinobacteria,Micrococcales,Intrasporangiaceae,Knoellia,Unassigned,22,"Micrococcales, Intrasporangiaceae","(7, 0)","Micrococcales, Intrasporangiaceae, (7, 0)",21,Antibiotic Treated
a7da93a9744a7863292bcf97d47b6a10,Bacteria,Actinobacteriota,Actinobacteria,Micrococcales,Intrasporangiaceae,Unassigned,Unassigned,-5.073412553,12.32753917,1.80104699911298e-30,1.36961437705274e-28,Bacteria,Actinobacteriota,Actinobacteria,Micrococcales,Intrasporangiaceae,Unassigned,Unassigned,22,"Micrococcales, Intrasporangiaceae","(7, 0)","Micrococcales, Intrasporangiaceae, (7, 0)",21,Antibiotic Treated
497a26126c9e726c768bdec79e8c4e9b,Bacteria,Actinobacteriota,Actinobacteria,Micrococcales,Microbacteriaceae,Curtobacterium,Unassigned,-2.014109085,7.300131918,0.000133471,0.000886098,Bacteria,Actinobacteriota,Actinobacteria,Micrococcales,Microbacteriaceae,Curtobacterium,Unassigned,22,"Micrococcales, Microbacteriaceae","(6, 0)","Micrococcales, Microbacteriaceae, (6, 0)",21,Antibiotic Treated
745c39aae97a50b799a5a46e126d8c9c,Bacteria,Actinobacteriota,Actinobacteria,Micrococcales,Microbacteriaceae,Unassigned,Unassigned,-2.054989759,9.95149169,9.06120601475062e-06,7.65626144579686e-05,Bacteria,Actinobacteriota,Actinobacteria,Micrococcales,Microbacteriaceae,Unassigned,Unassigned,22,"Micrococcales, Microbacteriaceae","(6, 0)","Micrococcales, Microbacteriaceae, (6, 0)",21,Antibiotic Treated
3dcf6d21e317d455a95c6f411d850799,Bacteria,Actinobacteriota,Actinobacteria,Micrococcales,Microbacteriaceae,Unassigned,Unassigned,-2.356593365,6.802178715,2.09800495231107e-05,0.000164787,Bacteria,Actinobacteriota,Actinobacteria,Micrococcales,Microbacteriaceae,Unassigned,Unassigned,22,"Micrococcales, Microbacteriaceae","(6, 0)","Micrococcales, Microbacteriaceae, (6, 0)",21,Antibiotic Treated
4a0a6f207e0aa35570e56f5c2b39502e,Bacteria,Actinobacteriota,Actinobacteria,Micrococcales,Microbacteriaceae,Unassigned,Unassigned,-2.901108967,7.126395583,8.16519007037779e-06,6.96957295292962e-05,Bacteria,Actinobacteriota,Actinobacteria,Micrococcales,Microbacteriaceae,Unassigned,Unassigned,22,"Micrococcales, Microbacteriaceae","(6, 0)","Micrococcales, Microbacteriaceae, (6, 0)",21,Antibiotic Treated
e6f35e978bd7ee5baf1f0e2b955965f6,Bacteria,Actinobacteriota,Actinobacteria,Micrococcales,Microbacteriaceae,Amnibacterium,uncultured_bacterium,-4.404959058,8.721000624,1.17741632276295e-11,2.07349211366569e-10,Bacteria,Actinobacteriota,Actinobacteria,Micrococcales,Microbacteriaceae,Amnibacterium,uncultured_bacterium,22,"Micrococcales, Microbacteriaceae","(6, 0)","Micrococcales, Microbacteriaceae, (6, 0)",21,Antibiotic Treated
adfd1ae74f53d45ae64e93b94f87b90a,Bacteria,Actinobacteriota,Actinobacteria,Micrococcales,Microbacteriaceae,Unassigned,Unassigned,-5.038783809,9.686470707,1.33442532003914e-21,5.3154608581559e-20,Bacteria,Actinobacteriota,Actinobacteria,Micrococcales,Microbacteriaceae,Unassigned,Unassigned,22,"Micrococcales, Microbacteriaceae","(6, 0)","Micrococcales, Microbacteriaceae, (6, 0)",21,Antibiotic Treated
0c579d21280801f02a641e1608606927,Bacteria,Actinobacteriota,Actinobacteria,Micrococcales,Micrococcaceae,Micrococcus,Unassigned,-3.705865589,7.690293536,4.00618056972176e-06,3.54621168949445e-05,Bacteria,Actinobacteriota,Actinobacteria,Micrococcales,Micrococcaceae,Micrococcus,Unassigned,22,"Micrococcales, Micrococcaceae","(3, 0)","Micrococcales, Micrococcaceae, (3, 0)",21,Antibiotic Treated
bcc6da5f621cbdfc1f0c9becbac6cdff,Bacteria,Actinobacteriota,Actinobacteria,Micrococcales,Micrococcaceae,Paenarthrobacter,Unassigned,-5.550204882,9.256315098,1.52314468445338e-16,4.17741156900082e-15,Bacteria,Actinobacteriota,Actinobacteria,Micrococcales,Micrococcaceae,Paenarthrobacter,Unassigned,22,"Micrococcales, Micrococcaceae","(3, 0)","Micrococcales, Micrococcaceae, (3, 0)",21,Antibiotic Treated
7ff346973a282aa55de296afdb5d74af,Bacteria,Actinobacteriota,Actinobacteria,Micrococcales,Micrococcaceae,Unassigned,Unassigned,-5.934336434,11.20580659,5.78047035397426e-26,3.45383103649962e-24,Bacteria,Actinobacteriota,Actinobacteria,Micrococcales,Micrococcaceae,Unassigned,Unassigned,22,"Micrococcales, Micrococcaceae","(3, 0)","Micrococcales, Micrococcaceae, (3, 0)",21,Antibiotic Treated
d0076adc6afda514cfbb3c6ca1e3074a,Bacteria,Actinobacteriota,Actinobacteria,Micrococcales,Promicromonosporaceae,Unassigned,Unassigned,3.302827255,7.349150145,7.75326484621841e-10,1.10865060578832e-08,Bacteria,Actinobacteriota,Actinobacteria,Micrococcales,Promicromonosporaceae,Unassigned,Unassigned,21,"Micrococcales, Promicromonosporaceae","(0, 1)","Micrococcales, Promicromonosporaceae, (0, 1)",22,Control
206d00445a497d2441220533e0f6435a,Bacteria,Actinobacteriota,Actinobacteria,Micrococcales,Sanguibacteraceae,Sanguibacter,Unassigned,-2.841477462,8.96801886,6.39878220605457e-08,7.33230317173239e-07,Bacteria,Actinobacteriota,Actinobacteria,Micrococcales,Sanguibacteraceae,Sanguibacter,Unassigned,22,"Micrococcales, Sanguibacteraceae","(1, 0)","Micrococcales, Sanguibacteraceae, (1, 0)",21,Antibiotic Treated
96a6f4a2c6624b8ff4c2fc8504e3f0da,Bacteria,Actinobacteriota,Actinobacteria,Micromonosporales,Micromonosporaceae,Micromonospora,Unassigned,-2.665658277,6.980101085,0.000128361,0.000855568,Bacteria,Actinobacteriota,Actinobacteria,Micromonosporales,Micromonosporaceae,Micromonospora,Unassigned,22,"Micromonosporales, Micromonosporaceae","(1, 0)","Micromonosporales, Micromonosporaceae, (1, 0)",21,Antibiotic Treated
6aabd25ef39ec078f08c393369615e1d,Bacteria,Actinobacteriota,Actinobacteria,Propionibacteriales,Nocardioidaceae,Nocardioides,Unassigned,-2.097501407,6.665521758,9.66285534412933e-05,0.000670787,Bacteria,Actinobacteriota,Actinobacteria,Propionibacteriales,Nocardioidaceae,Nocardioides,Unassigned,22,"Propionibacteriales, Nocardioidaceae","(9, 0)","Propionibacteriales, Nocardioidaceae, (9, 0)",21,Antibiotic Treated
fec8716195af98907bac8206e598cefa,Bacteria,Actinobacteriota,Actinobacteria,Propionibacteriales,Nocardioidaceae,Marmoricola,Unassigned,-2.204753774,6.720643133,0.000149004,0.000977586,Bacteria,Actinobacteriota,Actinobacteria,Propionibacteriales,Nocardioidaceae,Marmoricola,Unassigned,22,"Propionibacteriales, Nocardioidaceae","(9, 0)","Propionibacteriales, Nocardioidaceae, (9, 0)",21,Antibiotic Treated
894c13b91297a60cf006d0b4b0578813,Bacteria,Actinobacteriota,Actinobacteria,Propionibacteriales,Nocardioidaceae,Marmoricola,Unassigned,-2.576934191,6.927418433,8.51344640409212e-06,7.22994712388128e-05,Bacteria,Actinobacteriota,Actinobacteria,Propionibacteriales,Nocardioidaceae,Marmoricola,Unassigned,22,"Propionibacteriales, Nocardioidaceae","(9, 0)","Propionibacteriales, Nocardioidaceae, (9, 0)",21,Antibiotic Treated
6c3618600c2a8a7ee9feb91f11ee84e8,Bacteria,Actinobacteriota,Actinobacteria,Propionibacteriales,Nocardioidaceae,Nocardioides,Unassigned,-2.676005777,6.986384782,5.94209572396698e-07,6.13649762110911e-06,Bacteria,Actinobacteriota,Actinobacteria,Propionibacteriales,Nocardioidaceae,Nocardioides,Unassigned,22,"Propionibacteriales, Nocardioidaceae","(9, 0)","Propionibacteriales, Nocardioidaceae, (9, 0)",21,Antibiotic Treated
171972b080255260c9263c8ea1265bd2,Bacteria,Actinobacteriota,Actinobacteria,Propionibacteriales,Nocardioidaceae,Unassigned,Unassigned,-3.021355857,7.204625618,3.91124544445297e-09,5.19326478457922e-08,Bacteria,Actinobacteriota,Actinobacteria,Propionibacteriales,Nocardioidaceae,Unassigned,Unassigned,22,"Propionibacteriales, Nocardioidaceae","(9, 0)","Propionibacteriales, Nocardioidaceae, (9, 0)",21,Antibiotic Treated
ebb33ce044ac0ed41f194adfe4a58fd5,Bacteria,Actinobacteriota,Actinobacteria,Propionibacteriales,Nocardioidaceae,Nocardioides,Unassigned,-3.300002159,7.394274111,1.1091638271761e-11,1.99530223964045e-10,Bacteria,Actinobacteriota,Actinobacteria,Propionibacteriales,Nocardioidaceae,Nocardioides,Unassigned,22,"Propionibacteriales, Nocardioidaceae","(9, 0)","Propionibacteriales, Nocardioidaceae, (9, 0)",21,Antibiotic Treated
b3258f54d9393fba62ca567ecea3f641,Bacteria,Actinobacteriota,Actinobacteria,Propionibacteriales,Nocardioidaceae,Marmoricola,uncultured_bacterium,-3.332237284,7.523005332,2.01340996820845e-11,3.40245947152801e-10,Bacteria,Actinobacteriota,Actinobacteria,Propionibacteriales,Nocardioidaceae,Marmoricola,uncultured_bacterium,22,"Propionibacteriales, Nocardioidaceae","(9, 0)","Propionibacteriales, Nocardioidaceae, (9, 0)",21,Antibiotic Treated
b6910d028fa07792164800401ad25bb5,Bacteria,Actinobacteriota,Actinobacteria,Propionibacteriales,Nocardioidaceae,Unassigned,Unassigned,-3.392636169,7.459905509,8.41286874297716e-09,1.09106429511634e-07,Bacteria,Actinobacteriota,Actinobacteria,Propionibacteriales,Nocardioidaceae,Unassigned,Unassigned,22,"Propionibacteriales, Nocardioidaceae","(9, 0)","Propionibacteriales, Nocardioidaceae, (9, 0)",21,Antibiotic Treated
4e4f1228dedebaa402708cd89682f15e,Bacteria,Actinobacteriota,Actinobacteria,Propionibacteriales,Nocardioidaceae,Nocardioides,Unassigned,-3.43748538,7.492064616,3.27887327787652e-08,3.91825356706244e-07,Bacteria,Actinobacteriota,Actinobacteria,Propionibacteriales,Nocardioidaceae,Nocardioides,Unassigned,22,"Propionibacteriales, Nocardioidaceae","(9, 0)","Propionibacteriales, Nocardioidaceae, (9, 0)",21,Antibiotic Treated
2a39f0b75d31d00b3136b2edbe82962e,Bacteria,Actinobacteriota,Actinobacteria,Pseudonocardiales,Pseudonocardiaceae,Actinomycetospora,Unassigned,-3.050765673,10.54847806,6.44076986837806e-12,1.22447818065869e-10,Bacteria,Actinobacteriota,Actinobacteria,Pseudonocardiales,Pseudonocardiaceae,Actinomycetospora,Unassigned,22,"Pseudonocardiales, Pseudonocardiaceae","(1, 0)","Pseudonocardiales, Pseudonocardiaceae, (1, 0)",21,Antibiotic Treated
72ee26fadeee5a3fec7ce17a1ec1f781,Bacteria,Actinobacteriota,Rubrobacteria,Rubrobacterales,Rubrobacteriaceae,Rubrobacter,Unassigned,-2.554631026,6.914330226,2.03683493859156e-05,0.000160737,Bacteria,Actinobacteriota,Rubrobacteria,Rubrobacterales,Rubrobacteriaceae,Rubrobacter,Unassigned,22,"Rubrobacterales, Rubrobacteriaceae","(4, 0)","Rubrobacterales, Rubrobacteriaceae, (4, 0)",21,Antibiotic Treated
807ffaa03c8aca2a52d43a45dfc6e422,Bacteria,Actinobacteriota,Rubrobacteria,Rubrobacterales,Rubrobacteriaceae,Rubrobacter,Unassigned,-3.360976654,7.437291197,8.84677868869818e-11,1.39628874964076e-09,Bacteria,Actinobacteriota,Rubrobacteria,Rubrobacterales,Rubrobacteriaceae,Rubrobacter,Unassigned,22,"Rubrobacterales, Rubrobacteriaceae","(4, 0)","Rubrobacterales, Rubrobacteriaceae, (4, 0)",21,Antibiotic Treated
151b7dc792fcea7fb131d7b048d2375f,Bacteria,Actinobacteriota,Rubrobacteria,Rubrobacterales,Rubrobacteriaceae,Rubrobacter,Unassigned,-3.404828846,7.468686301,1.33964744699213e-07,1.44595495407602e-06,Bacteria,Actinobacteriota,Rubrobacteria,Rubrobacterales,Rubrobacteriaceae,Rubrobacter,Unassigned,22,"Rubrobacterales, Rubrobacteriaceae","(4, 0)","Rubrobacterales, Rubrobacteriaceae, (4, 0)",21,Antibiotic Treated
912bc91df80ca28db5b51adbb1de3754,Bacteria,Actinobacteriota,Rubrobacteria,Rubrobacterales,Rubrobacteriaceae,Rubrobacter,Unassigned,-4.867295289,8.643444465,2.20062644728306e-19,7.83329371554163e-18,Bacteria,Actinobacteriota,Rubrobacteria,Rubrobacterales,Rubrobacteriaceae,Rubrobacter,Unassigned,22,"Rubrobacterales, Rubrobacteriaceae","(4, 0)","Rubrobacterales, Rubrobacteriaceae, (4, 0)",21,Antibiotic Treated
93e24884925cae6a2e3134217b58c675,Bacteria,Actinobacteriota,Thermoleophilia,Solirubrobacterales,Solirubrobacteraceae,Conexibacter,Unassigned,-3.608291363,7.617161062,1.77063456996461e-10,2.74284410699147e-09,Bacteria,Actinobacteriota,Thermoleophilia,Solirubrobacterales,Solirubrobacteraceae,Conexibacter,Unassigned,22,"Solirubrobacterales, Solirubrobacteraceae","(2, 0)","Solirubrobacterales, Solirubrobacteraceae, (2, 0)",21,Antibiotic Treated
989d340a24c40e886251fda749bf8785,Bacteria,Actinobacteriota,Thermoleophilia,Solirubrobacterales,Solirubrobacteraceae,Conexibacter,Unassigned,-4.39144521,8.236774522,3.85049671927565e-12,7.49055931552113e-11,Bacteria,Actinobacteriota,Thermoleophilia,Solirubrobacterales,Solirubrobacteraceae,Conexibacter,Unassigned,22,"Solirubrobacterales, Solirubrobacteraceae","(2, 0)","Solirubrobacterales, Solirubrobacteraceae, (2, 0)",21,Antibiotic Treated
81c70a7dcfcca7ec13e29cad0c6eb06b,Bacteria,Armatimonadota,Fimbriimonadia,Fimbriimonadales,Fimbriimonadaceae,Fimbriimonadaceae,uncultured_bacterium,-4.845296092,8.624299178,3.09801800412083e-09,4.17982590394689e-08,Bacteria,Armatimonadota,Fimbriimonadia,Fimbriimonadales,Fimbriimonadaceae,Fimbriimonadaceae,uncultured_bacterium,22,"Fimbriimonadales, Fimbriimonadaceae","(1, 0)","Fimbriimonadales, Fimbriimonadaceae, (1, 0)",21,Antibiotic Treated
5ac93ca626f07732ab0eb88164497144,Bacteria,Bacteroidota,Bacteroidia,Bacteroidales,Dysgonomonadaceae,Dysgonomonas,Unassigned,4.721068929,8.453728818,4.9513661530619e-14,1.10448474320967e-12,Bacteria,Bacteroidota,Bacteroidia,Bacteroidales,Dysgonomonadaceae,Dysgonomonas,Unassigned,21,"Bacteroidales, Dysgonomonadaceae","(0, 1)","Bacteroidales, Dysgonomonadaceae, (0, 1)",22,Control
17c9b9972ef94976727f0d77d6d23d70,Bacteria,Bacteroidota,Bacteroidia,Chitinophagales,Chitinophagaceae,Taibaiella,Unassigned,7.105111378,10.65754548,5.47787979426703e-23,2.54569247105798e-21,Bacteria,Bacteroidota,Bacteroidia,Chitinophagales,Chitinophagaceae,Taibaiella,Unassigned,21,"Chitinophagales, Chitinophagaceae","(1, 1)","Chitinophagales, Chitinophagaceae, (1, 1)",22,Control
c0c51451ce75b0d39cf6913df77bef7b,Bacteria,Bacteroidota,Bacteroidia,Chitinophagales,Chitinophagaceae,Taibaiella,Unassigned,-5.166012523,8.907830801,9.4147026890895e-18,3.02899953823975e-16,Bacteria,Bacteroidota,Bacteroidia,Chitinophagales,Chitinophagaceae,Taibaiella,Unassigned,22,"Chitinophagales, Chitinophagaceae","(1, 1)","Chitinophagales, Chitinophagaceae, (1, 1)",21,Antibiotic Treated
60e9ccd9b2c6ca734099730ca97bcbb4,Bacteria,Bacteroidota,Bacteroidia,Cytophagales,Spirosomaceae,Dyadobacter,Unassigned,4.075785594,7.921725866,5.09987604524831e-07,5.29943641223628e-06,Bacteria,Bacteroidota,Bacteroidia,Cytophagales,Spirosomaceae,Dyadobacter,Unassigned,21,"Cytophagales, Spirosomaceae","(0, 1)","Cytophagales, Spirosomaceae, (0, 1)",22,Control
d95c9b9d40850582e8fa353fcade987b,Bacteria,Bacteroidota,Bacteroidia,Flavobacteriales,Flavobacteriaceae,Flavobacterium,Unassigned,3.959502146,8.132089338,5.87259298188338e-10,8.46969660231974e-09,Bacteria,Bacteroidota,Bacteroidia,Flavobacteriales,Flavobacteriaceae,Flavobacterium,Unassigned,21,"Flavobacteriales, Flavobacteriaceae","(1, 3)","Flavobacteriales, Flavobacteriaceae, (1, 3)",22,Control
b9fcd7d71b74853248517b892d03a745,Bacteria,Bacteroidota,Bacteroidia,Flavobacteriales,Flavobacteriaceae,Flavobacterium,Unassigned,3.59506144,7.556374062,7.24687953584554e-08,8.13693252581852e-07,Bacteria,Bacteroidota,Bacteroidia,Flavobacteriales,Flavobacteriaceae,Flavobacterium,Unassigned,21,"Flavobacteriales, Flavobacteriaceae","(1, 3)","Flavobacteriales, Flavobacteriaceae, (1, 3)",22,Control
68262884f1021c896f8e1bf7348d773c,Bacteria,Bacteroidota,Bacteroidia,Flavobacteriales,Flavobacteriaceae,Flavobacterium,Unassigned,2.953707717,7.118411619,2.24727398357339e-06,2.11218504186421e-05,Bacteria,Bacteroidota,Bacteroidia,Flavobacteriales,Flavobacteriaceae,Flavobacterium,Unassigned,21,"Flavobacteriales, Flavobacteriaceae","(1, 3)","Flavobacteriales, Flavobacteriaceae, (1, 3)",22,Control
ddaebe95bb6bee3bffec43486832e623,Bacteria,Bacteroidota,Bacteroidia,Flavobacteriales,Flavobacteriaceae,Polaribacter,Unassigned,-3.396037251,9.657336961,1.2220703763778e-05,9.92551340003179e-05,Bacteria,Bacteroidota,Bacteroidia,Flavobacteriales,Flavobacteriaceae,Polaribacter,Unassigned,22,"Flavobacteriales, Flavobacteriaceae","(1, 3)","Flavobacteriales, Flavobacteriaceae, (1, 3)",21,Antibiotic Treated
e61a7bc42a30f0ca4f170b5e3f6cad0c,Bacteria,Bacteroidota,Bacteroidia,Flavobacteriales,Weeksellaceae,Chryseobacterium,Unassigned,5.755120985,9.376375763,1.01675182853223e-17,3.2094826587442e-16,Bacteria,Bacteroidota,Bacteroidia,Flavobacteriales,Weeksellaceae,Chryseobacterium,Unassigned,21,"Flavobacteriales, Weeksellaceae","(0, 3)","Flavobacteriales, Weeksellaceae, (0, 3)",22,Control
fccbdff8fac6bb4a77fa3e3d96e7ec2a,Bacteria,Bacteroidota,Bacteroidia,Flavobacteriales,Weeksellaceae,Chryseobacterium,Unassigned,4.338102414,8.133056666,1.46489921920522e-09,2.02543503614077e-08,Bacteria,Bacteroidota,Bacteroidia,Flavobacteriales,Weeksellaceae,Chryseobacterium,Unassigned,21,"Flavobacteriales, Weeksellaceae","(0, 3)","Flavobacteriales, Weeksellaceae, (0, 3)",22,Control
fe8d1e67790b18f7c5b3fa1d13d4061c,Bacteria,Bacteroidota,Bacteroidia,Flavobacteriales,Weeksellaceae,Chryseobacterium,Unassigned,3.798695123,7.707633903,4.69581233425719e-08,5.41799588635329e-07,Bacteria,Bacteroidota,Bacteroidia,Flavobacteriales,Weeksellaceae,Chryseobacterium,Unassigned,21,"Flavobacteriales, Weeksellaceae","(0, 3)","Flavobacteriales, Weeksellaceae, (0, 3)",22,Control
33e95214ae63886f412eacd2b0b5652f,Bacteria,Bacteroidota,Bacteroidia,Sphingobacteriales,Sphingobacteriaceae,Pedobacter,Unassigned,3.547443013,7.521768955,2.81894184468512e-08,3.39287029220014e-07,Bacteria,Bacteroidota,Bacteroidia,Sphingobacteriales,Sphingobacteriaceae,Pedobacter,Unassigned,21,"Sphingobacteriales, Sphingobacteriaceae","(1, 1)","Sphingobacteriales, Sphingobacteriaceae, (1, 1)",22,Control
0d34e514b2d0d3a14fbfa27a9717f5ae,Bacteria,Bacteroidota,Bacteroidia,Sphingobacteriales,Sphingobacteriaceae,Pedobacter,Unassigned,-3.485621707,8.001590667,1.48049814900055e-07,1.5776263715146e-06,Bacteria,Bacteroidota,Bacteroidia,Sphingobacteriales,Sphingobacteriaceae,Pedobacter,Unassigned,22,"Sphingobacteriales, Sphingobacteriaceae","(1, 1)","Sphingobacteriales, Sphingobacteriaceae, (1, 1)",21,Antibiotic Treated
90d4cfadf373fb19e749951cd9000ab6,Bacteria,Campilobacterota,Campylobacteria,Campylobacterales,Arcobacteraceae,uncultured,Unassigned,-2.705029333,7.00415796,0.000110363,0.000747522,Bacteria,Campilobacterota,Campylobacteria,Campylobacterales,Arcobacteraceae,uncultured,Unassigned,22,"Campylobacterales, Arcobacteraceae","(2, 0)","Campylobacterales, Arcobacteraceae, (2, 0)",21,Antibiotic Treated
2ed88e616c155c875b46f151b5767338,Bacteria,Campilobacterota,Campylobacteria,Campylobacterales,Arcobacteraceae,uncultured,Unassigned,-3.221388837,7.339743673,1.8324994946625e-05,0.000146688,Bacteria,Campilobacterota,Campylobacteria,Campylobacterales,Arcobacteraceae,uncultured,Unassigned,22,"Campylobacterales, Arcobacteraceae","(2, 0)","Campylobacterales, Arcobacteraceae, (2, 0)",21,Antibiotic Treated
913fdf61e9cf4225997a7ec0186996f7,Bacteria,Chloroflexi,Ktedonobacteria,Ktedonobacterales,Ktedonobacteraceae,uncultured,uncultured_Ktedobacteria,3.024082637,8.669653257,9.50370899837634e-06,7.98980158506714e-05,Bacteria,Chloroflexi,Ktedonobacteria,Ktedonobacterales,Ktedonobacteraceae,uncultured,uncultured_Ktedobacteria,21,"Ktedonobacterales, Ktedonobacteraceae","(0, 1)","Ktedonobacterales, Ktedonobacteraceae, (0, 1)",22,Control
e09f13f193b7904630a9777d5428c247,Bacteria,Chloroflexi,Chloroflexia,Thermomicrobiales,JG30-KF-CM45,JG30-KF-CM45,uncultured_soil,-2.542304058,7.858715346,6.80566141044706e-06,5.8690059482876e-05,Bacteria,Chloroflexi,Chloroflexia,Thermomicrobiales,JG30-KF-CM45,JG30-KF-CM45,uncultured_soil,22,"Thermomicrobiales, JG30-KF-CM45","(2, 0)","Thermomicrobiales, JG30-KF-CM45, (2, 0)",21,Antibiotic Treated
052c78403ed431ccd2611bfbb4f51d4e,Bacteria,Chloroflexi,Chloroflexia,Thermomicrobiales,JG30-KF-CM45,JG30-KF-CM45,uncultured_soil,-3.083852223,8.291886855,1.13600445213971e-08,1.43979958214374e-07,Bacteria,Chloroflexi,Chloroflexia,Thermomicrobiales,JG30-KF-CM45,JG30-KF-CM45,uncultured_soil,22,"Thermomicrobiales, JG30-KF-CM45","(2, 0)","Thermomicrobiales, JG30-KF-CM45, (2, 0)",21,Antibiotic Treated
ee279c64d4b8ca7b8abd12858f46f0b7,Bacteria,Cyanobacteria,Cyanobacteriia,Cyanobacteriales,Chroococcidiopsaceae,Aliterella,Unassigned,-2.668340805,7.330016272,7.31045467095175e-05,0.000518237,Bacteria,Cyanobacteria,Cyanobacteriia,Cyanobacteriales,Chroococcidiopsaceae,Aliterella,Unassigned,22,"Cyanobacteriales, Chroococcidiopsaceae","(3, 0)","Cyanobacteriales, Chroococcidiopsaceae, (3, 0)",21,Antibiotic Treated
bdc7c3a509296c5ff09b6b58c8c4e057,Bacteria,Cyanobacteria,Cyanobacteriia,Cyanobacteriales,Chroococcidiopsaceae,Aliterella,uncultured_bacterium,-3.055467675,7.822736417,1.16460373087772e-05,9.59794109240601e-05,Bacteria,Cyanobacteria,Cyanobacteriia,Cyanobacteriales,Chroococcidiopsaceae,Aliterella,uncultured_bacterium,22,"Cyanobacteriales, Chroococcidiopsaceae","(3, 0)","Cyanobacteriales, Chroococcidiopsaceae, (3, 0)",21,Antibiotic Treated
7f8c9fdf6f64ea8e66926e50730035de,Bacteria,Cyanobacteria,Cyanobacteriia,Cyanobacteriales,Chroococcidiopsaceae,uncultured,uncultured_bacterium,-4.020477361,7.934516196,1.86527355106097e-08,2.29456077273898e-07,Bacteria,Cyanobacteria,Cyanobacteriia,Cyanobacteriales,Chroococcidiopsaceae,uncultured,uncultured_bacterium,22,"Cyanobacteriales, Chroococcidiopsaceae","(3, 0)","Cyanobacteriales, Chroococcidiopsaceae, (3, 0)",21,Antibiotic Treated
730a364f420288a95b9d6feb7ea3674c,Bacteria,Deinococcota,Deinococci,Deinococcales,Trueperaceae,Truepera,Unassigned,-2.844869113,7.090703366,5.51998478651004e-06,4.80986174366213e-05,Bacteria,Deinococcota,Deinococci,Deinococcales,Trueperaceae,Truepera,Unassigned,22,"Deinococcales, Trueperaceae","(1, 0)","Deinococcales, Trueperaceae, (1, 0)",21,Antibiotic Treated
1cb4a07d2a8445a375c71b766a0c3199,Bacteria,Firmicutes,Clostridia,Clostridiales,Clostridiaceae,Clostridium_sensu_stricto_9,uncultured_bacterium,7.132676954,10.6842015,2.51285601010858e-14,5.75891521220774e-13,Bacteria,Firmicutes,Clostridia,Clostridiales,Clostridiaceae,Clostridium_sensu_stricto_9,uncultured_bacterium,21,"Clostridiales, Clostridiaceae","(0, 2)","Clostridiales, Clostridiaceae, (0, 2)",22,Control
4e8d7a4662640b90817f015280cf5713,Bacteria,Firmicutes,Clostridia,Clostridiales,Clostridiaceae,Clostridium_sensu_stricto_1,Unassigned,4.048438867,16.51874768,1.61623574029506e-29,1.1756358232668e-27,Bacteria,Firmicutes,Clostridia,Clostridiales,Clostridiaceae,Clostridium_sensu_stricto_1,Unassigned,21,"Clostridiales, Clostridiaceae","(0, 2)","Clostridiales, Clostridiaceae, (0, 2)",22,Control
cd00cb8364a07ea30079c3a52993310b,Bacteria,Firmicutes,Bacilli,Erysipelotrichales,Erysipelotrichaceae,ZOR0006,uncultured_bacterium,7.141408206,10.98926351,8.60249999276546e-32,7.57472762520874e-30,Bacteria,Firmicutes,Bacilli,Erysipelotrichales,Erysipelotrichaceae,ZOR0006,uncultured_bacterium,21,"Erysipelotrichales, Erysipelotrichaceae","(0, 4)","Erysipelotrichales, Erysipelotrichaceae, (0, 4)",22,Control
72479755b8fabed331b16ec469fd162d,Bacteria,Firmicutes,Bacilli,Erysipelotrichales,Erysipelotrichaceae,ZOR0006,uncultured_bacterium,6.434855668,13.25047213,2.32489024772237e-19,8.10321121758234e-18,Bacteria,Firmicutes,Bacilli,Erysipelotrichales,Erysipelotrichaceae,ZOR0006,uncultured_bacterium,21,"Erysipelotrichales, Erysipelotrichaceae","(0, 4)","Erysipelotrichales, Erysipelotrichaceae, (0, 4)",22,Control
3a6df2ae36bcc952252f0b63bfa32f66,Bacteria,Firmicutes,Bacilli,Erysipelotrichales,Erysipelotrichaceae,ZOR0006,uncultured_bacterium,2.275868424,6.727026169,1.22214928894593e-05,9.92551340003179e-05,Bacteria,Firmicutes,Bacilli,Erysipelotrichales,Erysipelotrichaceae,ZOR0006,uncultured_bacterium,21,"Erysipelotrichales, Erysipelotrichaceae","(0, 4)","Erysipelotrichales, Erysipelotrichaceae, (0, 4)",22,Control
45ac6c8ff3e18bb22092ad67d15c46e8,Bacteria,Firmicutes,Bacilli,Erysipelotrichales,Erysipelotrichaceae,Breznakia,Breznakia_pachnodae,2.246526653,6.711845178,1.40659926381492e-05,0.000113683,Bacteria,Firmicutes,Bacilli,Erysipelotrichales,Erysipelotrichaceae,Breznakia,Breznakia_pachnodae,21,"Erysipelotrichales, Erysipelotrichaceae","(0, 4)","Erysipelotrichales, Erysipelotrichaceae, (0, 4)",22,Control
d48787d7198290d39a744b5115c70830,Bacteria,Firmicutes,Clostridia,Lachnospirales,Lachnospiraceae,Unassigned,Unassigned,7.01186862,10.56731833,9.69013494579918e-37,1.157971126023e-34,Bacteria,Firmicutes,Clostridia,Lachnospirales,Lachnospiraceae,Unassigned,Unassigned,21,"Lachnospirales, Lachnospiraceae","(0, 4)","Lachnospirales, Lachnospiraceae, (0, 4)",22,Control
86656d45148d74cc9bd0a4855c530d63,Bacteria,Firmicutes,Clostridia,Lachnospirales,Lachnospiraceae,Unassigned,Unassigned,4.120796934,7.957488214,3.38358475106078e-10,5.05422972189704e-09,Bacteria,Firmicutes,Clostridia,Lachnospirales,Lachnospiraceae,Unassigned,Unassigned,21,"Lachnospirales, Lachnospiraceae","(0, 4)","Lachnospirales, Lachnospiraceae, (0, 4)",22,Control
add197aed17ced91ee9e0b5a949563b8,Bacteria,Firmicutes,Clostridia,Lachnospirales,Lachnospiraceae,Tyzzerella,Unassigned,3.728215089,7.654392312,8.52215127414706e-07,8.48664231050478e-06,Bacteria,Firmicutes,Clostridia,Lachnospirales,Lachnospiraceae,Tyzzerella,Unassigned,21,"Lachnospirales, Lachnospiraceae","(0, 4)","Lachnospirales, Lachnospiraceae, (0, 4)",22,Control
7d0d1128850e28ffeb3067dabecee9ba,Bacteria,Firmicutes,Clostridia,Lachnospirales,Lachnospiraceae,Lachnoclostridium,Unassigned,1.965962102,6.574298192,3.3544212643256e-05,0.000256253,Bacteria,Firmicutes,Clostridia,Lachnospirales,Lachnospiraceae,Lachnoclostridium,Unassigned,21,"Lachnospirales, Lachnospiraceae","(0, 4)","Lachnospirales, Lachnospiraceae, (0, 4)",22,Control
82819e0b6b0a7ba359661678cb034a42,Bacteria,Firmicutes,Bacilli,Lactobacillales,Carnobacteriaceae,Carnobacterium,Unassigned,7.797962519,11.92473229,8.31491665041354e-36,9.27390370409457e-34,Bacteria,Firmicutes,Bacilli,Lactobacillales,Carnobacteriaceae,Carnobacterium,Unassigned,21,"Lactobacillales, Carnobacteriaceae","(0, 2)","Lactobacillales, Carnobacteriaceae, (0, 2)",22,Control
369b2ff24d4d026ee6f3f0ae8b487c57,Bacteria,Firmicutes,Bacilli,Lactobacillales,Carnobacteriaceae,Carnobacterium,Unassigned,4.779330504,8.919723041,3.97791775873644e-12,7.64949012685755e-11,Bacteria,Firmicutes,Bacilli,Lactobacillales,Carnobacteriaceae,Carnobacterium,Unassigned,21,"Lactobacillales, Carnobacteriaceae","(0, 2)","Lactobacillales, Carnobacteriaceae, (0, 2)",22,Control
9908fffab7ed4f3bec44cda2f5084d49,Bacteria,Firmicutes,Bacilli,Lactobacillales,Enterococcaceae,Enterococcus,Unassigned,7.389875765,10.93411541,8.14881082223534e-34,8.52060031599983e-32,Bacteria,Firmicutes,Bacilli,Lactobacillales,Enterococcaceae,Enterococcus,Unassigned,21,"Lactobacillales, Enterococcaceae","(0, 1)","Lactobacillales, Enterococcaceae, (0, 1)",22,Control
6ba43acb03ae795b3e7e31f2be946006,Bacteria,Firmicutes,Bacilli,Lactobacillales,Leuconostocaceae,Leuconostoc,Leuconostoc_mesenteroides,7.362883605,10.90782948,4.81928277579368e-20,1.87503722881461e-18,Bacteria,Firmicutes,Bacilli,Lactobacillales,Leuconostocaceae,Leuconostoc,Leuconostoc_mesenteroides,21,"Lactobacillales, Leuconostocaceae","(0, 1)","Lactobacillales, Leuconostocaceae, (0, 1)",22,Control
b3d2cc3b9f0184830bec2ef73bcc6166,Bacteria,Firmicutes,Bacilli,Lactobacillales,Streptococcaceae,Lactococcus,Lactococcus_garvieae,9.083658794,13.15234325,8.43962103426347e-52,3.5298714975807e-49,Bacteria,Firmicutes,Bacilli,Lactobacillales,Streptococcaceae,Lactococcus,Lactococcus_garvieae,21,"Lactobacillales, Streptococcaceae","(0, 3)","Lactobacillales, Streptococcaceae, (0, 3)",22,Control
e618ba5cd2c70e833352bba6cc98abd1,Bacteria,Firmicutes,Bacilli,Lactobacillales,Streptococcaceae,Lactococcus,Unassigned,8.668202084,14.53585267,2.51429034014725e-37,3.82400703551486e-35,Bacteria,Firmicutes,Bacilli,Lactobacillales,Streptococcaceae,Lactococcus,Unassigned,21,"Lactobacillales, Streptococcaceae","(0, 3)","Lactobacillales, Streptococcaceae, (0, 3)",22,Control
d114fb4c335125128be28401522dd41a,Bacteria,Firmicutes,Bacilli,Lactobacillales,Streptococcaceae,Lactococcus,Lactococcus_lactis,8.615378698,13.3390921,1.48538771828804e-45,4.14175608782648e-43,Bacteria,Firmicutes,Bacilli,Lactobacillales,Streptococcaceae,Lactococcus,Lactococcus_lactis,21,"Lactobacillales, Streptococcaceae","(0, 3)","Lactobacillales, Streptococcaceae, (0, 3)",22,Control
e0e04b7d9a2e6feb18a3854937562f7f,Bacteria,Firmicutes,Bacilli,Lactobacillales,Vagococcaceae,Vagococcus,Unassigned,-2.936930912,7.149423662,4.94581312782543e-05,0.000358197,Bacteria,Firmicutes,Bacilli,Lactobacillales,Vagococcaceae,Vagococcus,Unassigned,22,"Lactobacillales, Vagococcaceae","(1, 0)","Lactobacillales, Vagococcaceae, (1, 0)",21,Antibiotic Treated
9f3c338df2e4ff961130f0e6d7c8cd55,Bacteria,Firmicutes,Clostridia,Oscillospirales,Ruminococcaceae,uncultured,uncultured_bacterium,7.238389335,10.91315262,1.6265279594387e-24,8.50369148794045e-23,Bacteria,Firmicutes,Clostridia,Oscillospirales,Ruminococcaceae,uncultured,uncultured_bacterium,21,"Oscillospirales, Ruminococcaceae","(0, 4)","Oscillospirales, Ruminococcaceae, (0, 4)",22,Control
f299ac3d8f33bb7e1c33d66d8c2714cc,Bacteria,Firmicutes,Clostridia,Oscillospirales,Ruminococcaceae,Candidatus_Soleaferrea,Unassigned,5.46559915,9.111115699,1.44080185880611e-17,4.46381761070855e-16,Bacteria,Firmicutes,Clostridia,Oscillospirales,Ruminococcaceae,Candidatus_Soleaferrea,Unassigned,21,"Oscillospirales, Ruminococcaceae","(0, 4)","Oscillospirales, Ruminococcaceae, (0, 4)",22,Control
0c99cd95503113e5ae2d80195f15c99d,Bacteria,Firmicutes,Clostridia,Oscillospirales,Ruminococcaceae,uncultured,Unassigned,2.991888831,7.142592759,2.36599970361111e-10,3.63148394875357e-09,Bacteria,Firmicutes,Clostridia,Oscillospirales,Ruminococcaceae,uncultured,Unassigned,21,"Oscillospirales, Ruminococcaceae","(0, 4)","Oscillospirales, Ruminococcaceae, (0, 4)",22,Control
cb0a04f8e0eb4ae23a00314ac78818f1,Bacteria,Firmicutes,Clostridia,Oscillospirales,Ruminococcaceae,uncultured,uncultured_Firmicutes,2.726805045,6.978723057,1.60076417440387e-08,1.98376182502051e-07,Bacteria,Firmicutes,Clostridia,Oscillospirales,Ruminococcaceae,uncultured,uncultured_Firmicutes,21,"Oscillospirales, Ruminococcaceae","(0, 4)","Oscillospirales, Ruminococcaceae, (0, 4)",22,Control
2f38f39001cfda87b7b72e0684a07881,Bacteria,Firmicutes,Bacilli,Paenibacillales,Paenibacillaceae,Paenibacillus,Paenibacillus_borealis,5.313329321,9.533670144,6.13461949203765e-19,2.01239576670176e-17,Bacteria,Firmicutes,Bacilli,Paenibacillales,Paenibacillaceae,Paenibacillus,Paenibacillus_borealis,21,"Paenibacillales, Paenibacillaceae","(4, 3)","Paenibacillales, Paenibacillaceae, (4, 3)",22,Control
9a1792497731b6c2949e84076ab7cf37,Bacteria,Firmicutes,Bacilli,Paenibacillales,Paenibacillaceae,Paenibacillus,Unassigned,5.086114427,12.71972518,6.33100424096732e-16,1.65496407736536e-14,Bacteria,Firmicutes,Bacilli,Paenibacillales,Paenibacillaceae,Paenibacillus,Unassigned,21,"Paenibacillales, Paenibacillaceae","(4, 3)","Paenibacillales, Paenibacillaceae, (4, 3)",22,Control
70eae3f0af7c1ad7350c1a3189b6766b,Bacteria,Firmicutes,Bacilli,Paenibacillales,Paenibacillaceae,Paenibacillus,Unassigned,3.184260429,7.412626865,1.32394499017833e-11,2.30724996725869e-10,Bacteria,Firmicutes,Bacilli,Paenibacillales,Paenibacillaceae,Paenibacillus,Unassigned,21,"Paenibacillales, Paenibacillaceae","(4, 3)","Paenibacillales, Paenibacillaceae, (4, 3)",22,Control
841ed522c06fe96eacac2377dd459f49,Bacteria,Firmicutes,Bacilli,Paenibacillales,Paenibacillaceae,Paenibacillus,Unassigned,-2.259581193,8.297262884,6.57659867377965e-05,0.000470199,Bacteria,Firmicutes,Bacilli,Paenibacillales,Paenibacillaceae,Paenibacillus,Unassigned,22,"Paenibacillales, Paenibacillaceae","(4, 3)","Paenibacillales, Paenibacillaceae, (4, 3)",21,Antibiotic Treated
7021d8d56277291858378fecfa7a131c,Bacteria,Firmicutes,Bacilli,Paenibacillales,Paenibacillaceae,Paenibacillus,Unassigned,-2.413099363,9.929074455,2.09212316231667e-08,2.55483361354438e-07,Bacteria,Firmicutes,Bacilli,Paenibacillales,Paenibacillaceae,Paenibacillus,Unassigned,22,"Paenibacillales, Paenibacillaceae","(4, 3)","Paenibacillales, Paenibacillaceae, (4, 3)",21,Antibiotic Treated
b5d0821c7524008340ea6afd6e5a15d5,Bacteria,Firmicutes,Bacilli,Paenibacillales,Paenibacillaceae,Paenibacillus,Unassigned,-3.206915898,7.787673778,8.49506964373535e-08,9.47483434264617e-07,Bacteria,Firmicutes,Bacilli,Paenibacillales,Paenibacillaceae,Paenibacillus,Unassigned,22,"Paenibacillales, Paenibacillaceae","(4, 3)","Paenibacillales, Paenibacillaceae, (4, 3)",21,Antibiotic Treated
f5fe6f63caf833b642e2599be41be7d2,Bacteria,Firmicutes,Bacilli,Paenibacillales,Paenibacillaceae,Saccharibacillus,Unassigned,-4.114313816,13.42080738,3.53135039645195e-08,4.19003490302419e-07,Bacteria,Firmicutes,Bacilli,Paenibacillales,Paenibacillaceae,Saccharibacillus,Unassigned,22,"Paenibacillales, Paenibacillaceae","(4, 3)","Paenibacillales, Paenibacillaceae, (4, 3)",21,Antibiotic Treated
d58ec7205571aa7aac35ad7710363e12,Bacteria,Firmicutes,Clostridia,Peptostreptococcales-Tissierellales,Anaerovoracaceae,Unassigned,Unassigned,3.297302905,7.345253504,1.10051911199355e-09,1.5603122664112e-08,Bacteria,Firmicutes,Clostridia,Peptostreptococcales-Tissierellales,Anaerovoracaceae,Unassigned,Unassigned,21,"Peptostreptococcales-Tissierellales, Anaerovoracaceae","(0, 1)","Peptostreptococcales-Tissierellales, Anaerovoracaceae, (0, 1)",22,Control
22b3c70cdfb1714224e1bf8a6314bee9,Bacteria,Firmicutes,Clostridia,Peptostreptococcales-Tissierellales,Peptostreptococcales-Tissierellales,Finegoldia,uncultured_bacterium,-1.913767849,6.657645933,0.000106161,0.000721978,Bacteria,Firmicutes,Clostridia,Peptostreptococcales-Tissierellales,Peptostreptococcales-Tissierellales,Finegoldia,uncultured_bacterium,22,"Peptostreptococcales-Tissierellales, Peptostreptococcales-Tissierellales","(1, 0)","Peptostreptococcales-Tissierellales, Peptostreptococcales-Tissierellales, (1, 0)",21,Antibiotic Treated
d0eac7d8255844d19b6119765b1e3bdb,Bacteria,Firmicutes,Bacilli,RsaHf231,RsaHf231,RsaHf231,uncultured_bacterium,9.754453389,14.2184648,8.1289139982752e-71,6.79983655955721e-68,Bacteria,Firmicutes,Bacilli,RsaHf231,RsaHf231,RsaHf231,uncultured_bacterium,21,"RsaHf231, RsaHf231","(0, 4)","RsaHf231, RsaHf231, (0, 4)",22,Control
7a2b03d9e6cec7bf526e1858d8bce63c,Bacteria,Firmicutes,Bacilli,RsaHf231,RsaHf231,RsaHf231,uncultured_bacterium,8.073856114,12.15183154,1.21324397014762e-41,2.25528573561885e-39,Bacteria,Firmicutes,Bacilli,RsaHf231,RsaHf231,RsaHf231,uncultured_bacterium,21,"RsaHf231, RsaHf231","(0, 4)","RsaHf231, RsaHf231, (0, 4)",22,Control
ef00864cd61bd46136ccd878a39d1cc2,Bacteria,Firmicutes,Bacilli,RsaHf231,RsaHf231,RsaHf231,uncultured_bacterium,8.04797146,13.47642014,2.30821082561867e-31,1.93081835563002e-29,Bacteria,Firmicutes,Bacilli,RsaHf231,RsaHf231,RsaHf231,uncultured_bacterium,21,"RsaHf231, RsaHf231","(0, 4)","RsaHf231, RsaHf231, (0, 4)",22,Control
5eee0e1f5da6a095b7ac8a17890c92b4,Bacteria,Firmicutes,Bacilli,RsaHf231,RsaHf231,RsaHf231,uncultured_bacterium,2.652177131,6.934473207,7.95795854343365e-05,0.000559398,Bacteria,Firmicutes,Bacilli,RsaHf231,RsaHf231,RsaHf231,uncultured_bacterium,21,"RsaHf231, RsaHf231","(0, 4)","RsaHf231, RsaHf231, (0, 4)",22,Control
3343c31b601822d68def46a948c66d58,Bacteria,Fusobacteriota,Fusobacteriia,Fusobacteriales,Leptotrichiaceae,Sebaldella,Sebaldella_termitidis,4.194633367,8.016643042,7.84106455390292e-12,1.45756677763107e-10,Bacteria,Fusobacteriota,Fusobacteriia,Fusobacteriales,Leptotrichiaceae,Sebaldella,Sebaldella_termitidis,21,"Fusobacteriales, Leptotrichiaceae","(0, 1)","Fusobacteriales, Leptotrichiaceae, (0, 1)",22,Control
9929975f0fe857af829647de6ff75709,Bacteria,Myxococcota,Myxococcia,Myxococcales,Myxococcaceae,P3OB-42,uncultured_bacterium,-3.92401905,7.858520623,5.73659953155072e-10,8.34550523155161e-09,Bacteria,Myxococcota,Myxococcia,Myxococcales,Myxococcaceae,P3OB-42,uncultured_bacterium,22,"Myxococcales, Myxococcaceae","(1, 0)","Myxococcales, Myxococcaceae, (1, 0)",21,Antibiotic Treated
315fae925226ac44af01d992c1732f74,Bacteria,Planctomycetota,Planctomycetes,Gemmatales,Gemmataceae,Zavarzinella,Unassigned,5.706642277,9.331622842,1.84367050313177e-42,3.85557593967431e-40,Bacteria,Planctomycetota,Planctomycetes,Gemmatales,Gemmataceae,Zavarzinella,Unassigned,21,"Gemmatales, Gemmataceae","(2, 4)","Gemmatales, Gemmataceae, (2, 4)",22,Control
7fd16a9945d4be01153b275b789c39f5,Bacteria,Planctomycetota,Planctomycetes,Gemmatales,Gemmataceae,Zavarzinella,uncultured_bacterium,5.552579342,9.712738241,9.88847726746608e-28,6.89309269519614e-26,Bacteria,Planctomycetota,Planctomycetes,Gemmatales,Gemmataceae,Zavarzinella,uncultured_bacterium,21,"Gemmatales, Gemmataceae","(2, 4)","Gemmatales, Gemmataceae, (2, 4)",22,Control
768d500dec54c80d5ef769902dadd792,Bacteria,Planctomycetota,Planctomycetes,Gemmatales,Gemmataceae,Fimbriiglobus,Gemmata_sp.,3.020650697,8.799557062,8.5673723490215e-08,9.49219466219402e-07,Bacteria,Planctomycetota,Planctomycetes,Gemmatales,Gemmataceae,Fimbriiglobus,Gemmata_sp.,21,"Gemmatales, Gemmataceae","(2, 4)","Gemmatales, Gemmataceae, (2, 4)",22,Control
23b1bba87afc0a8c4e389513c03080fa,Bacteria,Planctomycetota,Planctomycetes,Gemmatales,Gemmataceae,Zavarzinella,uncultured_bacterium,2.709298891,8.013691624,6.56605810054438e-06,5.69171772135272e-05,Bacteria,Planctomycetota,Planctomycetes,Gemmatales,Gemmataceae,Zavarzinella,uncultured_bacterium,21,"Gemmatales, Gemmataceae","(2, 4)","Gemmatales, Gemmataceae, (2, 4)",22,Control
893eea1783c06f31981d93c0a8acca61,Bacteria,Planctomycetota,Planctomycetes,Gemmatales,Gemmataceae,Fimbriiglobus,uncultured_bacterium,-2.575802901,7.380394163,2.88074447698244e-06,2.59112124193098e-05,Bacteria,Planctomycetota,Planctomycetes,Gemmatales,Gemmataceae,Fimbriiglobus,uncultured_bacterium,22,"Gemmatales, Gemmataceae","(2, 4)","Gemmatales, Gemmataceae, (2, 4)",21,Antibiotic Treated
e3d06e98bac7e4bf12488a45e2a2f345,Bacteria,Planctomycetota,Planctomycetes,Gemmatales,Gemmataceae,Fimbriiglobus,uncultured_bacterium,-2.835386465,7.084724071,7.01847801854035e-08,7.93372548987703e-07,Bacteria,Planctomycetota,Planctomycetes,Gemmatales,Gemmataceae,Fimbriiglobus,uncultured_bacterium,22,"Gemmatales, Gemmataceae","(2, 4)","Gemmatales, Gemmataceae, (2, 4)",21,Antibiotic Treated
5e7ce2f97b70de3ef993787230a3bd41,Bacteria,Planctomycetota,Planctomycetes,Isosphaerales,Isosphaeraceae,Unassigned,Unassigned,-2.174232652,6.704782449,4.56833190621635e-05,0.000335211,Bacteria,Planctomycetota,Planctomycetes,Isosphaerales,Isosphaeraceae,Unassigned,Unassigned,22,"Isosphaerales, Isosphaeraceae","(7, 0)","Isosphaerales, Isosphaeraceae, (7, 0)",21,Antibiotic Treated
fb204d91539d955515ec3e16b7c201f6,Bacteria,Planctomycetota,Planctomycetes,Isosphaerales,Isosphaeraceae,Tundrisphaera,uncultured_bacterium,-2.18909992,6.712510081,6.04642089833917e-05,0.000434149,Bacteria,Planctomycetota,Planctomycetes,Isosphaerales,Isosphaeraceae,Tundrisphaera,uncultured_bacterium,22,"Isosphaerales, Isosphaeraceae","(7, 0)","Isosphaerales, Isosphaeraceae, (7, 0)",21,Antibiotic Treated
64795329d84ff0117d6040d074ee21c3,Bacteria,Planctomycetota,Planctomycetes,Isosphaerales,Isosphaeraceae,uncultured,uncultured_bacterium,-2.203106939,6.719837245,2.73289549396646e-05,0.000209731,Bacteria,Planctomycetota,Planctomycetes,Isosphaerales,Isosphaeraceae,uncultured,uncultured_bacterium,22,"Isosphaerales, Isosphaeraceae","(7, 0)","Isosphaerales, Isosphaeraceae, (7, 0)",21,Antibiotic Treated
90dcf984fd920c69c2b0e43ca3aea1d3,Bacteria,Planctomycetota,Planctomycetes,Isosphaerales,Isosphaeraceae,Tundrisphaera,uncultured_bacterium,-2.819331859,7.842136483,6.6103981243859e-07,6.70254306793795e-06,Bacteria,Planctomycetota,Planctomycetes,Isosphaerales,Isosphaeraceae,Tundrisphaera,uncultured_bacterium,22,"Isosphaerales, Isosphaeraceae","(7, 0)","Isosphaerales, Isosphaeraceae, (7, 0)",21,Antibiotic Treated
648b5f3fd802b6b7f0b7f7a80becdedb,Bacteria,Planctomycetota,Planctomycetes,Isosphaerales,Isosphaeraceae,Unassigned,Unassigned,-3.420551103,8.102724255,1.32682199568035e-08,1.66900240509265e-07,Bacteria,Planctomycetota,Planctomycetes,Isosphaerales,Isosphaeraceae,Unassigned,Unassigned,22,"Isosphaerales, Isosphaeraceae","(7, 0)","Isosphaerales, Isosphaeraceae, (7, 0)",21,Antibiotic Treated
9dd980db1f7c8dba7151cc73032b25e3,Bacteria,Planctomycetota,Planctomycetes,Isosphaerales,Isosphaeraceae,Tundrisphaera,uncultured_bacterium,-4.382248911,8.348180697,9.82045536907134e-14,2.16179234637584e-12,Bacteria,Planctomycetota,Planctomycetes,Isosphaerales,Isosphaeraceae,Tundrisphaera,uncultured_bacterium,22,"Isosphaerales, Isosphaeraceae","(7, 0)","Isosphaerales, Isosphaeraceae, (7, 0)",21,Antibiotic Treated
36133f88b5844e03c0e3717645172e5d,Bacteria,Planctomycetota,Planctomycetes,Isosphaerales,Isosphaeraceae,Tundrisphaera,uncultured_planctomycete,-5.722639796,10.05645168,2.91157980611035e-23,1.44645600019541e-21,Bacteria,Planctomycetota,Planctomycetes,Isosphaerales,Isosphaeraceae,Tundrisphaera,uncultured_planctomycete,22,"Isosphaerales, Isosphaeraceae","(7, 0)","Isosphaerales, Isosphaeraceae, (7, 0)",21,Antibiotic Treated
48a7af65c55adc4dd66178efefb01ed9,Bacteria,Planctomycetota,Planctomycetes,Pirellulales,Pirellulaceae,Pirellula,Unassigned,3.81498084,8.845672826,5.77179180425874e-15,1.39945038964129e-13,Bacteria,Planctomycetota,Planctomycetes,Pirellulales,Pirellulaceae,Pirellula,Unassigned,21,"Pirellulales, Pirellulaceae","(0, 3)","Pirellulales, Pirellulaceae, (0, 3)",22,Control
df659a6ddd7ae0d71d58f1504a6386bc,Bacteria,Planctomycetota,Planctomycetes,Pirellulales,Pirellulaceae,Pirellula,Unassigned,2.707501675,7.14209869,2.45655220956629e-09,3.34131044439383e-08,Bacteria,Planctomycetota,Planctomycetes,Pirellulales,Pirellulaceae,Pirellula,Unassigned,21,"Pirellulales, Pirellulaceae","(0, 3)","Pirellulales, Pirellulaceae, (0, 3)",22,Control
aa7a1190e74897db20189e4b477e4579,Bacteria,Planctomycetota,Planctomycetes,Pirellulales,Pirellulaceae,Pirellula,Unassigned,1.83297789,6.513868973,9.95182211802078e-05,0.00068516,Bacteria,Planctomycetota,Planctomycetes,Pirellulales,Pirellulaceae,Pirellula,Unassigned,21,"Pirellulales, Pirellulaceae","(0, 3)","Pirellulales, Pirellulaceae, (0, 3)",22,Control
4e13a88e53218d14be546cb458cf87cf,Bacteria,Planctomycetota,Planctomycetes,Planctomycetales,Rubinisphaeraceae,SH-PL14,uncultured_planctomycete,4.057938252,12.39174953,1.16805015068864e-11,2.07349211366569e-10,Bacteria,Planctomycetota,Planctomycetes,Planctomycetales,Rubinisphaeraceae,SH-PL14,uncultured_planctomycete,21,"Planctomycetales, Rubinisphaeraceae","(0, 4)","Planctomycetales, Rubinisphaeraceae, (0, 4)",22,Control
34aa6c5419744d81f8075eade565b9ea,Bacteria,Planctomycetota,Planctomycetes,Planctomycetales,Rubinisphaeraceae,uncultured,metagenome,3.127011463,7.230525946,6.31910156149968e-11,1.01652470311432e-09,Bacteria,Planctomycetota,Planctomycetes,Planctomycetales,Rubinisphaeraceae,uncultured,metagenome,21,"Planctomycetales, Rubinisphaeraceae","(0, 4)","Planctomycetales, Rubinisphaeraceae, (0, 4)",22,Control
295d94fd5c278d3ac45c413c55d6b143,Bacteria,Planctomycetota,Planctomycetes,Planctomycetales,Rubinisphaeraceae,SH-PL14,uncultured_planctomycete,3.058779957,10.0959439,8.29949047766078e-07,8.31439974199191e-06,Bacteria,Planctomycetota,Planctomycetes,Planctomycetales,Rubinisphaeraceae,SH-PL14,uncultured_planctomycete,21,"Planctomycetales, Rubinisphaeraceae","(0, 4)","Planctomycetales, Rubinisphaeraceae, (0, 4)",22,Control
102fc16adc262f00c457357b35540be5,Bacteria,Planctomycetota,Planctomycetes,Planctomycetales,Rubinisphaeraceae,uncultured,Unassigned,1.641258592,6.43205646,0.000136064,0.000899742,Bacteria,Planctomycetota,Planctomycetes,Planctomycetales,Rubinisphaeraceae,uncultured,Unassigned,21,"Planctomycetales, Rubinisphaeraceae","(0, 4)","Planctomycetales, Rubinisphaeraceae, (0, 4)",22,Control
6e38feb2a49baf0e50a702c00789b58a,Bacteria,Proteobacteria,Alphaproteobacteria,Acetobacterales,Acetobacteraceae,Roseococcus,uncultured_bacterium,6.846036313,10.47146314,2.12739619928181e-46,7.11826768279692e-44,Bacteria,Proteobacteria,Alphaproteobacteria,Acetobacterales,Acetobacteraceae,Roseococcus,uncultured_bacterium,21,"Acetobacterales, Acetobacteraceae","(7, 4)","Acetobacterales, Acetobacteraceae, (7, 4)",22,Control
06800834b26574b7f22bda68b3d29c2f,Bacteria,Proteobacteria,Alphaproteobacteria,Acetobacterales,Acetobacteraceae,Roseococcus,Unassigned,6.245481502,9.83449235,7.59616207328606e-37,9.77567626815967e-35,Bacteria,Proteobacteria,Alphaproteobacteria,Acetobacterales,Acetobacteraceae,Roseococcus,Unassigned,21,"Acetobacterales, Acetobacteraceae","(7, 4)","Acetobacterales, Acetobacteraceae, (7, 4)",22,Control
e9fe5b6af3b11e799d63f606d8b74666,Bacteria,Proteobacteria,Alphaproteobacteria,Acetobacterales,Acetobacteraceae,Rhodovarius,uncultured_bacterium,3.740787136,7.664063425,1.5196603984473e-12,3.02665696024087e-11,Bacteria,Proteobacteria,Alphaproteobacteria,Acetobacterales,Acetobacteraceae,Rhodovarius,uncultured_bacterium,21,"Acetobacterales, Acetobacteraceae","(7, 4)","Acetobacterales, Acetobacteraceae, (7, 4)",22,Control
7e0908542c9fc8a4d864b671e1b484fa,Bacteria,Proteobacteria,Alphaproteobacteria,Acetobacterales,Acetobacteraceae,Roseococcus,uncultured_bacterium,2.403229714,6.79456456,2.39796121783431e-06,2.21645807593194e-05,Bacteria,Proteobacteria,Alphaproteobacteria,Acetobacterales,Acetobacteraceae,Roseococcus,uncultured_bacterium,21,"Acetobacterales, Acetobacteraceae","(7, 4)","Acetobacterales, Acetobacteraceae, (7, 4)",22,Control
488cc6e7627fe8e4b26327c7f882ed03,Bacteria,Proteobacteria,Alphaproteobacteria,Acetobacterales,Acetobacteraceae,Acidiphilium,Unassigned,-2.368743537,7.661297034,0.000113471,0.000765474,Bacteria,Proteobacteria,Alphaproteobacteria,Acetobacterales,Acetobacteraceae,Acidiphilium,Unassigned,22,"Acetobacterales, Acetobacteraceae","(7, 4)","Acetobacterales, Acetobacteraceae, (7, 4)",21,Antibiotic Treated
a10b6b40998a7382748882fb77cf4efa,Bacteria,Proteobacteria,Alphaproteobacteria,Acetobacterales,Acetobacteraceae,Acidiphilium,uncultured_bacterium,-2.557434713,7.624975825,9.7741310659843e-05,0.000675707,Bacteria,Proteobacteria,Alphaproteobacteria,Acetobacterales,Acetobacteraceae,Acidiphilium,uncultured_bacterium,22,"Acetobacterales, Acetobacteraceae","(7, 4)","Acetobacterales, Acetobacteraceae, (7, 4)",21,Antibiotic Treated
77edeb3e5cf01d2823d3b618e59d69da,Bacteria,Proteobacteria,Alphaproteobacteria,Acetobacterales,Acetobacteraceae,Unassigned,Unassigned,-2.62630464,7.096403538,9.40359928163292e-07,9.25424799892463e-06,Bacteria,Proteobacteria,Alphaproteobacteria,Acetobacterales,Acetobacteraceae,Unassigned,Unassigned,22,"Acetobacterales, Acetobacteraceae","(7, 4)","Acetobacterales, Acetobacteraceae, (7, 4)",21,Antibiotic Treated
841743be975566f055d09c66a50ab0a3,Bacteria,Proteobacteria,Alphaproteobacteria,Acetobacterales,Acetobacteraceae,Acidiphilium,Unassigned,-2.697670078,7.310382631,1.03320827124806e-05,8.59978824775128e-05,Bacteria,Proteobacteria,Alphaproteobacteria,Acetobacterales,Acetobacteraceae,Acidiphilium,Unassigned,22,"Acetobacterales, Acetobacteraceae","(7, 4)","Acetobacterales, Acetobacteraceae, (7, 4)",21,Antibiotic Treated
1b9b82444d4d216b95032bb22ee44a93,Bacteria,Proteobacteria,Alphaproteobacteria,Acetobacterales,Acetobacteraceae,Roseomonas,Unassigned,-2.910186238,7.132203516,3.92683537232301e-05,0.000294601,Bacteria,Proteobacteria,Alphaproteobacteria,Acetobacterales,Acetobacteraceae,Roseomonas,Unassigned,22,"Acetobacterales, Acetobacteraceae","(7, 4)","Acetobacterales, Acetobacteraceae, (7, 4)",21,Antibiotic Treated
5564f43f36eeeb28e2779ce0c7b11148,Bacteria,Proteobacteria,Alphaproteobacteria,Acetobacterales,Acetobacteraceae,Belnapia,uncultured_bacterium,-4.103926968,8.00131973,5.90025082537539e-09,7.71181221160393e-08,Bacteria,Proteobacteria,Alphaproteobacteria,Acetobacterales,Acetobacteraceae,Belnapia,uncultured_bacterium,22,"Acetobacterales, Acetobacteraceae","(7, 4)","Acetobacterales, Acetobacteraceae, (7, 4)",21,Antibiotic Treated
98681ff2bb6380bb37ee2d4cd82a493c,Bacteria,Proteobacteria,Alphaproteobacteria,Acetobacterales,Acetobacteraceae,Acidiphilium,uncultured_bacterium,-5.423301707,9.326928421,3.77211323316218e-15,9.70883913704667e-14,Bacteria,Proteobacteria,Alphaproteobacteria,Acetobacterales,Acetobacteraceae,Acidiphilium,uncultured_bacterium,22,"Acetobacterales, Acetobacteraceae","(7, 4)","Acetobacterales, Acetobacteraceae, (7, 4)",21,Antibiotic Treated
e3bd4c321c5364d01871ebb503a1dc7e,Bacteria,Proteobacteria,Gammaproteobacteria,Alteromonadales,Colwelliaceae,Colwellia,Unassigned,-2.945088995,7.965646294,0.000118194,0.000794133,Bacteria,Proteobacteria,Gammaproteobacteria,Alteromonadales,Colwelliaceae,Colwellia,Unassigned,22,"Alteromonadales, Colwelliaceae","(1, 0)","Alteromonadales, Colwelliaceae, (1, 0)",21,Antibiotic Treated
1b21d2b71f96b4a59b392aee9aa1d655,Bacteria,Proteobacteria,Gammaproteobacteria,Alteromonadales,Pseudoalteromonadaceae,Pseudoalteromonas,Unassigned,2.681159348,7.041391132,6.03757852859697e-05,0.000434149,Bacteria,Proteobacteria,Gammaproteobacteria,Alteromonadales,Pseudoalteromonadaceae,Pseudoalteromonas,Unassigned,21,"Alteromonadales, Pseudoalteromonadaceae","(0, 1)","Alteromonadales, Pseudoalteromonadaceae, (0, 1)",22,Control
20b3df08cd5fac2be26a2928155bab69,Bacteria,Proteobacteria,Gammaproteobacteria,Burkholderiales,Alcaligenaceae,Achromobacter,Unassigned,-2.952579263,8.850706302,9.92421311709098e-07,9.70947868122409e-06,Bacteria,Proteobacteria,Gammaproteobacteria,Burkholderiales,Alcaligenaceae,Achromobacter,Unassigned,22,"Burkholderiales, Alcaligenaceae","(1, 0)","Burkholderiales, Alcaligenaceae, (1, 0)",21,Antibiotic Treated
8735f92a7f18db944bc862777fbd3222,Bacteria,Proteobacteria,Gammaproteobacteria,Burkholderiales,Comamonadaceae,Unassigned,Unassigned,5.930717601,11.57458657,4.79582713474697e-15,1.19752519349727e-13,Bacteria,Proteobacteria,Gammaproteobacteria,Burkholderiales,Comamonadaceae,Unassigned,Unassigned,21,"Burkholderiales, Comamonadaceae","(3, 6)","Burkholderiales, Comamonadaceae, (3, 6)",22,Control
cff91f92ebadff0ecf455925e3e91b54,Bacteria,Proteobacteria,Gammaproteobacteria,Burkholderiales,Comamonadaceae,Unassigned,Unassigned,5.76234453,13.06681692,2.90646394276882e-19,9.92349831888211e-18,Bacteria,Proteobacteria,Gammaproteobacteria,Burkholderiales,Comamonadaceae,Unassigned,Unassigned,21,"Burkholderiales, Comamonadaceae","(3, 6)","Burkholderiales, Comamonadaceae, (3, 6)",22,Control
d32e579b3ae7b2aae8d5bf9f027c29af,Bacteria,Proteobacteria,Gammaproteobacteria,Burkholderiales,Comamonadaceae,Delftia,Unassigned,5.14857354,9.295867579,8.15562768781183e-15,1.94919501738703e-13,Bacteria,Proteobacteria,Gammaproteobacteria,Burkholderiales,Comamonadaceae,Delftia,Unassigned,21,"Burkholderiales, Comamonadaceae","(3, 6)","Burkholderiales, Comamonadaceae, (3, 6)",22,Control
8405088b6189faf6a7ac70405b8cf2b1,Bacteria,Proteobacteria,Gammaproteobacteria,Burkholderiales,Comamonadaceae,Unassigned,Unassigned,3.661710482,15.56465404,1.22687055037129e-14,2.89092173348051e-13,Bacteria,Proteobacteria,Gammaproteobacteria,Burkholderiales,Comamonadaceae,Unassigned,Unassigned,21,"Burkholderiales, Comamonadaceae","(3, 6)","Burkholderiales, Comamonadaceae, (3, 6)",22,Control
bf1969c0e412e57637a9ae7a3b638492,Bacteria,Proteobacteria,Gammaproteobacteria,Burkholderiales,Comamonadaceae,Variovorax,Unassigned,3.112166617,7.220659556,4.05309291571083e-08,4.70890586665571e-07,Bacteria,Proteobacteria,Gammaproteobacteria,Burkholderiales,Comamonadaceae,Variovorax,Unassigned,21,"Burkholderiales, Comamonadaceae","(3, 6)","Burkholderiales, Comamonadaceae, (3, 6)",22,Control
16da9716b4d7c3c9c904f3f799d67dfe,Bacteria,Proteobacteria,Gammaproteobacteria,Burkholderiales,Comamonadaceae,Comamonas,Unassigned,2.511569623,7.209905521,3.45148731291536e-05,0.00026247,Bacteria,Proteobacteria,Gammaproteobacteria,Burkholderiales,Comamonadaceae,Comamonas,Unassigned,21,"Burkholderiales, Comamonadaceae","(3, 6)","Burkholderiales, Comamonadaceae, (3, 6)",22,Control
76fe5bfaf9792607e41a95889d28ca32,Bacteria,Proteobacteria,Gammaproteobacteria,Burkholderiales,Comamonadaceae,Unassigned,Unassigned,-3.362200011,7.438063381,1.17520561870523e-05,9.63783823575418e-05,Bacteria,Proteobacteria,Gammaproteobacteria,Burkholderiales,Comamonadaceae,Unassigned,Unassigned,22,"Burkholderiales, Comamonadaceae","(3, 6)","Burkholderiales, Comamonadaceae, (3, 6)",21,Antibiotic Treated
868e0165fe32a8925b7f20afa5e1dbfc,Bacteria,Proteobacteria,Gammaproteobacteria,Burkholderiales,Comamonadaceae,Unassigned,Unassigned,-4.852714035,8.630618261,1.69078913902923e-07,1.79031027189614e-06,Bacteria,Proteobacteria,Gammaproteobacteria,Burkholderiales,Comamonadaceae,Unassigned,Unassigned,22,"Burkholderiales, Comamonadaceae","(3, 6)","Burkholderiales, Comamonadaceae, (3, 6)",21,Antibiotic Treated
0eb88b722902316b11770922bcdaca7b,Bacteria,Proteobacteria,Gammaproteobacteria,Burkholderiales,Comamonadaceae,Unassigned,Unassigned,-6.857937439,13.86522637,3.23526384890835e-31,2.57742686629698e-29,Bacteria,Proteobacteria,Gammaproteobacteria,Burkholderiales,Comamonadaceae,Unassigned,Unassigned,22,"Burkholderiales, Comamonadaceae","(3, 6)","Burkholderiales, Comamonadaceae, (3, 6)",21,Antibiotic Treated
efbe1f58b1e2984ddc53a64f047d94ff,Bacteria,Proteobacteria,Gammaproteobacteria,Burkholderiales,Oxalobacteraceae,Janthinobacterium,Unassigned,4.205844659,13.13599878,3.16458941795265e-09,4.23548647698783e-08,Bacteria,Proteobacteria,Gammaproteobacteria,Burkholderiales,Oxalobacteraceae,Janthinobacterium,Unassigned,21,"Burkholderiales, Oxalobacteraceae","(2, 1)","Burkholderiales, Oxalobacteraceae, (2, 1)",22,Control
8df2b2e6c1cb64bd18b81d5bae7f0898,Bacteria,Proteobacteria,Gammaproteobacteria,Burkholderiales,Oxalobacteraceae,Massilia,Unassigned,-2.447396581,6.852732454,2.24663512155782e-05,0.00017482,Bacteria,Proteobacteria,Gammaproteobacteria,Burkholderiales,Oxalobacteraceae,Massilia,Unassigned,22,"Burkholderiales, Oxalobacteraceae","(2, 1)","Burkholderiales, Oxalobacteraceae, (2, 1)",21,Antibiotic Treated
05cb1408aaaad271c74a2e688a26f73f,Bacteria,Proteobacteria,Gammaproteobacteria,Burkholderiales,Oxalobacteraceae,Unassigned,Unassigned,-2.668061128,7.166397875,0.000126412,0.000845951,Bacteria,Proteobacteria,Gammaproteobacteria,Burkholderiales,Oxalobacteraceae,Unassigned,Unassigned,22,"Burkholderiales, Oxalobacteraceae","(2, 1)","Burkholderiales, Oxalobacteraceae, (2, 1)",21,Antibiotic Treated
ad9018f80e00f2ca4b48067195ac310d,Bacteria,Proteobacteria,Alphaproteobacteria,Caulobacterales,Caulobacteraceae,Brevundimonas,Unassigned,5.462545744,10.60788064,1.00406733096281e-19,3.81773782886541e-18,Bacteria,Proteobacteria,Alphaproteobacteria,Caulobacterales,Caulobacteraceae,Brevundimonas,Unassigned,21,"Caulobacterales, Caulobacteraceae","(0, 3)","Caulobacterales, Caulobacteraceae, (0, 3)",22,Control
1d3c99cabc99926cf6dc4cbb5a615407,Bacteria,Proteobacteria,Alphaproteobacteria,Caulobacterales,Caulobacteraceae,Brevundimonas,Brevundimonas_terrae,4.601652805,8.807579979,4.76279383237959e-19,1.59363081631421e-17,Bacteria,Proteobacteria,Alphaproteobacteria,Caulobacterales,Caulobacteraceae,Brevundimonas,Brevundimonas_terrae,21,"Caulobacterales, Caulobacteraceae","(0, 3)","Caulobacterales, Caulobacteraceae, (0, 3)",22,Control
12322f15c5dcca422f121c2e90eb3566,Bacteria,Proteobacteria,Alphaproteobacteria,Caulobacterales,Caulobacteraceae,Brevundimonas,Brevundimonas_diminuta,4.338532051,8.536456335,9.65651667943427e-12,1.75601656572756e-10,Bacteria,Proteobacteria,Alphaproteobacteria,Caulobacterales,Caulobacteraceae,Brevundimonas,Brevundimonas_diminuta,21,"Caulobacterales, Caulobacteraceae","(0, 3)","Caulobacterales, Caulobacteraceae, (0, 3)",22,Control
4850a238b7fbbd5ffa204c5a5a396f2c,Bacteria,Proteobacteria,Gammaproteobacteria,Enterobacterales,Hafniaceae,Hafnia-Obesumbacterium,Unassigned,7.07891545,10.63215519,1.85884755654286e-33,1.829324683586e-31,Bacteria,Proteobacteria,Gammaproteobacteria,Enterobacterales,Hafniaceae,Hafnia-Obesumbacterium,Unassigned,21,"Enterobacterales, Hafniaceae","(0, 1)","Enterobacterales, Hafniaceae, (0, 1)",22,Control
63afe8e6aac58bf0d670a82ca5bc574c,Bacteria,Proteobacteria,Gammaproteobacteria,Enterobacterales,Yersiniaceae,Unassigned,Unassigned,6.295861211,9.882076902,1.51342508650649e-16,4.17741156900082e-15,Bacteria,Proteobacteria,Gammaproteobacteria,Enterobacterales,Yersiniaceae,Unassigned,Unassigned,21,"Enterobacterales, Yersiniaceae","(0, 2)","Enterobacterales, Yersiniaceae, (0, 2)",22,Control
3481fa43fe5fba6aecdc7f9aae6ed9c0,Bacteria,Proteobacteria,Gammaproteobacteria,Enterobacterales,Yersiniaceae,Unassigned,Unassigned,2.929386328,7.102774935,3.81780431675579e-06,3.39743969251726e-05,Bacteria,Proteobacteria,Gammaproteobacteria,Enterobacterales,Yersiniaceae,Unassigned,Unassigned,21,"Enterobacterales, Yersiniaceae","(0, 2)","Enterobacterales, Yersiniaceae, (0, 2)",22,Control
d8a6db62ee2e9ed09d49bc0e0d5e553d,Bacteria,Proteobacteria,Gammaproteobacteria,Legionellales,Legionellaceae,Legionella,Unassigned,3.757169101,7.926641202,1.1326687194498e-16,3.2117877417619e-15,Bacteria,Proteobacteria,Gammaproteobacteria,Legionellales,Legionellaceae,Legionella,Unassigned,21,"Legionellales, Legionellaceae","(0, 2)","Legionellales, Legionellaceae, (0, 2)",22,Control
4a084b1ce18417922c08c9000f984f78,Bacteria,Proteobacteria,Gammaproteobacteria,Legionellales,Legionellaceae,Legionella,Unassigned,3.174730254,7.656280739,7.87570843106901e-11,1.25486287668366e-09,Bacteria,Proteobacteria,Gammaproteobacteria,Legionellales,Legionellaceae,Legionella,Unassigned,21,"Legionellales, Legionellaceae","(0, 2)","Legionellales, Legionellaceae, (0, 2)",22,Control
55f551c495c9fbdf4e7605b2c22444bb,Bacteria,Proteobacteria,Gammaproteobacteria,Oceanospirillales,Marinomonadaceae,Marinomonas,uncultured_marine,-3.022277359,7.899455908,4.92089972687176e-05,0.000357942,Bacteria,Proteobacteria,Gammaproteobacteria,Oceanospirillales,Marinomonadaceae,Marinomonas,uncultured_marine,22,"Oceanospirillales, Marinomonadaceae","(0, 1)","Oceanospirillales, Marinomonadaceae, (0, 1)",21,Antibiotic Treated
d93817ae5d47f9b7a8fae288a235ca63,Bacteria,Proteobacteria,Gammaproteobacteria,Oceanospirillales,Nitrincolaceae,Unassigned,Unassigned,-3.139350656,7.988118253,4.70435754508339e-05,0.000343685,Bacteria,Proteobacteria,Gammaproteobacteria,Oceanospirillales,Nitrincolaceae,Unassigned,Unassigned,22,"Oceanospirillales, Nitrincolaceae","(3, 0)","Oceanospirillales, Nitrincolaceae, (3, 0)",21,Antibiotic Treated
3ff56351308c3c644f5864e398375113,Bacteria,Proteobacteria,Gammaproteobacteria,Oceanospirillales,Nitrincolaceae,Marinobacterium,Marinobacterium_jannaschii,-3.398191014,7.463980502,1.03019145227866e-05,8.59978824775128e-05,Bacteria,Proteobacteria,Gammaproteobacteria,Oceanospirillales,Nitrincolaceae,Marinobacterium,Marinobacterium_jannaschii,22,"Oceanospirillales, Nitrincolaceae","(3, 0)","Oceanospirillales, Nitrincolaceae, (3, 0)",21,Antibiotic Treated
ce9cc473076ece3a4bc2021e46a8a4b4,Bacteria,Proteobacteria,Gammaproteobacteria,Oceanospirillales,Nitrincolaceae,Neptuniibacter,uncultured_bacterium,-3.90553133,10.18332891,2.36505361984864e-06,2.19818594778154e-05,Bacteria,Proteobacteria,Gammaproteobacteria,Oceanospirillales,Nitrincolaceae,Neptuniibacter,uncultured_bacterium,22,"Oceanospirillales, Nitrincolaceae","(3, 0)","Oceanospirillales, Nitrincolaceae, (3, 0)",21,Antibiotic Treated
1a0a5f3bceb8f19780cc3e7642ee624f,Bacteria,Proteobacteria,Gammaproteobacteria,Pseudomonadales,Moraxellaceae,Alkanindiges,Unassigned,-2.969424166,7.170711846,2.62015050632818e-05,0.000202005,Bacteria,Proteobacteria,Gammaproteobacteria,Pseudomonadales,Moraxellaceae,Alkanindiges,Unassigned,22,"Pseudomonadales, Moraxellaceae","(1, 0)","Pseudomonadales, Moraxellaceae, (1, 0)",21,Antibiotic Treated
9af3467db68cf6063627304cecd46a65,Bacteria,Proteobacteria,Gammaproteobacteria,Pseudomonadales,Pseudomonadaceae,Pseudomonas,Unassigned,7.087304859,10.93697829,7.56323692922532e-23,3.41980956286323e-21,Bacteria,Proteobacteria,Gammaproteobacteria,Pseudomonadales,Pseudomonadaceae,Pseudomonas,Unassigned,21,"Pseudomonadales, Pseudomonadaceae","(0, 5)","Pseudomonadales, Pseudomonadaceae, (0, 5)",22,Control
38c27ceaed634984c1225a82648cf571,Bacteria,Proteobacteria,Gammaproteobacteria,Pseudomonadales,Pseudomonadaceae,Pseudomonas,Unassigned,6.944438298,10.50221531,2.69438519850356e-25,1.50256881236548e-23,Bacteria,Proteobacteria,Gammaproteobacteria,Pseudomonadales,Pseudomonadaceae,Pseudomonas,Unassigned,21,"Pseudomonadales, Pseudomonadaceae","(0, 5)","Pseudomonadales, Pseudomonadaceae, (0, 5)",22,Control
5648dccee530d68ceb3e4d7d22cf8756,Bacteria,Proteobacteria,Gammaproteobacteria,Pseudomonadales,Pseudomonadaceae,Pseudomonas,Unassigned,6.545082456,12.12721513,2.93959976130566e-23,1.44645600019541e-21,Bacteria,Proteobacteria,Gammaproteobacteria,Pseudomonadales,Pseudomonadaceae,Pseudomonas,Unassigned,21,"Pseudomonadales, Pseudomonadaceae","(0, 5)","Pseudomonadales, Pseudomonadaceae, (0, 5)",22,Control
8b5884acc8c736df09c4260b50dc9297,Bacteria,Proteobacteria,Gammaproteobacteria,Pseudomonadales,Pseudomonadaceae,Pseudomonas,Unassigned,3.73660187,7.66086485,1.26762658435814e-09,1.7821338450682e-08,Bacteria,Proteobacteria,Gammaproteobacteria,Pseudomonadales,Pseudomonadaceae,Pseudomonas,Unassigned,21,"Pseudomonadales, Pseudomonadaceae","(0, 5)","Pseudomonadales, Pseudomonadaceae, (0, 5)",22,Control
637b9b3f4d1cbb1a10c07817619cdf69,Bacteria,Proteobacteria,Gammaproteobacteria,Pseudomonadales,Pseudomonadaceae,Pseudomonas,Unassigned,3.593980914,9.088410475,1.37419320266724e-07,1.47373412055275e-06,Bacteria,Proteobacteria,Gammaproteobacteria,Pseudomonadales,Pseudomonadaceae,Pseudomonas,Unassigned,21,"Pseudomonadales, Pseudomonadaceae","(0, 5)","Pseudomonadales, Pseudomonadaceae, (0, 5)",22,Control
da2147cc0388cbefc849a8b898bed838,Bacteria,Proteobacteria,Alphaproteobacteria,Reyranellales,Reyranellaceae,Reyranella,metagenome,3.773085795,7.688282688,7.69030533646418e-13,1.55010612384392e-11,Bacteria,Proteobacteria,Alphaproteobacteria,Reyranellales,Reyranellaceae,Reyranella,metagenome,21,"Reyranellales, Reyranellaceae","(0, 2)","Reyranellales, Reyranellaceae, (0, 2)",22,Control
f36e20de3f5be5f26cf3af85351b6c0b,Bacteria,Proteobacteria,Alphaproteobacteria,Reyranellales,Reyranellaceae,Reyranella,metagenome,2.053548519,6.615789958,3.77639760413147e-05,0.000285878,Bacteria,Proteobacteria,Alphaproteobacteria,Reyranellales,Reyranellaceae,Reyranella,metagenome,21,"Reyranellales, Reyranellaceae","(0, 2)","Reyranellales, Reyranellaceae, (0, 2)",22,Control
7ead17a076e7b7b419bf50abe7eee3f4,Bacteria,Proteobacteria,Alphaproteobacteria,Rhizobiales,Beijerinckiaceae,Bosea,Unassigned,5.393902414,10.0443242,2.06351414848168e-25,1.19043419669305e-23,Bacteria,Proteobacteria,Alphaproteobacteria,Rhizobiales,Beijerinckiaceae,Bosea,Unassigned,21,"Rhizobiales, Beijerinckiaceae","(6, 9)","Rhizobiales, Beijerinckiaceae, (6, 9)",22,Control
7b9668ebf6830386ee80c560f7b275a7,Bacteria,Proteobacteria,Alphaproteobacteria,Rhizobiales,Beijerinckiaceae,Bosea,Unassigned,4.338451688,8.133313926,3.94086881791591e-17,1.15667956708304e-15,Bacteria,Proteobacteria,Alphaproteobacteria,Rhizobiales,Beijerinckiaceae,Bosea,Unassigned,21,"Rhizobiales, Beijerinckiaceae","(6, 9)","Rhizobiales, Beijerinckiaceae, (6, 9)",22,Control
5a0ae6a10829f1b6d01debcce81fa0c6,Bacteria,Proteobacteria,Alphaproteobacteria,Rhizobiales,Beijerinckiaceae,Bosea,Unassigned,4.100714353,11.14241626,8.04603546236215e-12,1.47923267346504e-10,Bacteria,Proteobacteria,Alphaproteobacteria,Rhizobiales,Beijerinckiaceae,Bosea,Unassigned,21,"Rhizobiales, Beijerinckiaceae","(6, 9)","Rhizobiales, Beijerinckiaceae, (6, 9)",22,Control
7c06c4b75e7985d07ca371251ce34f68,Bacteria,Proteobacteria,Alphaproteobacteria,Rhizobiales,Beijerinckiaceae,Bosea,Unassigned,3.806738783,8.139302949,1.66000365048577e-19,6.171524682806e-18,Bacteria,Proteobacteria,Alphaproteobacteria,Rhizobiales,Beijerinckiaceae,Bosea,Unassigned,21,"Rhizobiales, Beijerinckiaceae","(6, 9)","Rhizobiales, Beijerinckiaceae, (6, 9)",22,Control
2ac65aba35d1aa99af7a4b3d828956d5,Bacteria,Proteobacteria,Alphaproteobacteria,Rhizobiales,Beijerinckiaceae,Bosea,Unassigned,3.110502921,7.219655897,1.46084825123871e-09,2.02543503614077e-08,Bacteria,Proteobacteria,Alphaproteobacteria,Rhizobiales,Beijerinckiaceae,Bosea,Unassigned,21,"Rhizobiales, Beijerinckiaceae","(6, 9)","Rhizobiales, Beijerinckiaceae, (6, 9)",22,Control
1df0754b2bcf846bd42b795e406a4a8b,Bacteria,Proteobacteria,Alphaproteobacteria,Rhizobiales,Beijerinckiaceae,Bosea,Unassigned,2.435084068,8.40507875,2.77765411835255e-06,2.51190018378585e-05,Bacteria,Proteobacteria,Alphaproteobacteria,Rhizobiales,Beijerinckiaceae,Bosea,Unassigned,21,"Rhizobiales, Beijerinckiaceae","(6, 9)","Rhizobiales, Beijerinckiaceae, (6, 9)",22,Control
4473ac847f597164696bc96da74ca753,Bacteria,Proteobacteria,Alphaproteobacteria,Rhizobiales,Beijerinckiaceae,Bosea,Unassigned,2.414534378,17.88622557,2.82972829602667e-17,8.45381328437967e-16,Bacteria,Proteobacteria,Alphaproteobacteria,Rhizobiales,Beijerinckiaceae,Bosea,Unassigned,21,"Rhizobiales, Beijerinckiaceae","(6, 9)","Rhizobiales, Beijerinckiaceae, (6, 9)",22,Control
813872ae7cac7ad1c89490a823b27080,Bacteria,Proteobacteria,Alphaproteobacteria,Rhizobiales,Beijerinckiaceae,FFCH5858,uncultured_bacterium,2.217969651,6.697141079,0.000140632,0.000926289,Bacteria,Proteobacteria,Alphaproteobacteria,Rhizobiales,Beijerinckiaceae,FFCH5858,uncultured_bacterium,21,"Rhizobiales, Beijerinckiaceae","(6, 9)","Rhizobiales, Beijerinckiaceae, (6, 9)",22,Control
d96100a8892daf3be27fd5dd5f99adf0,Bacteria,Proteobacteria,Alphaproteobacteria,Rhizobiales,Beijerinckiaceae,uncultured,Unassigned,2.199662967,6.80884935,2.3899611000644e-05,0.000185111,Bacteria,Proteobacteria,Alphaproteobacteria,Rhizobiales,Beijerinckiaceae,uncultured,Unassigned,21,"Rhizobiales, Beijerinckiaceae","(6, 9)","Rhizobiales, Beijerinckiaceae, (6, 9)",22,Control
019dbae2126663ddb0710cfa00fccb48,Bacteria,Proteobacteria,Alphaproteobacteria,Rhizobiales,Beijerinckiaceae,Methylobacterium-Methylorubrum,Unassigned,-2.421426823,6.838158329,1.80461214466343e-06,1.72520921029823e-05,Bacteria,Proteobacteria,Alphaproteobacteria,Rhizobiales,Beijerinckiaceae,Methylobacterium-Methylorubrum,Unassigned,22,"Rhizobiales, Beijerinckiaceae","(6, 9)","Rhizobiales, Beijerinckiaceae, (6, 9)",21,Antibiotic Treated
41f27349b5b432445a9c8cb78817caed,Bacteria,Proteobacteria,Alphaproteobacteria,Rhizobiales,Beijerinckiaceae,Psychroglaciecola,uncultured_bacterium,-2.70584195,7.004556464,2.50670873905115e-06,2.30424380243548e-05,Bacteria,Proteobacteria,Alphaproteobacteria,Rhizobiales,Beijerinckiaceae,Psychroglaciecola,uncultured_bacterium,22,"Rhizobiales, Beijerinckiaceae","(6, 9)","Rhizobiales, Beijerinckiaceae, (6, 9)",21,Antibiotic Treated
6aae9a17fbd9c7a4f55a65ef18d63320,Bacteria,Proteobacteria,Alphaproteobacteria,Rhizobiales,Beijerinckiaceae,Methylobacterium-Methylorubrum,Unassigned,-3.737412246,8.242728634,1.18115349214498e-13,2.53342281071609e-12,Bacteria,Proteobacteria,Alphaproteobacteria,Rhizobiales,Beijerinckiaceae,Methylobacterium-Methylorubrum,Unassigned,22,"Rhizobiales, Beijerinckiaceae","(6, 9)","Rhizobiales, Beijerinckiaceae, (6, 9)",21,Antibiotic Treated
e58635da024cba851c640eb384bc8fad,Bacteria,Proteobacteria,Alphaproteobacteria,Rhizobiales,Beijerinckiaceae,Methylobacterium-Methylorubrum,Unassigned,-4.514481963,9.648647969,3.70675891497262e-23,1.77183076135691e-21,Bacteria,Proteobacteria,Alphaproteobacteria,Rhizobiales,Beijerinckiaceae,Methylobacterium-Methylorubrum,Unassigned,22,"Rhizobiales, Beijerinckiaceae","(6, 9)","Rhizobiales, Beijerinckiaceae, (6, 9)",21,Antibiotic Treated
04ecfad5772d2e09a84a0f5ef460536c,Bacteria,Proteobacteria,Alphaproteobacteria,Rhizobiales,Beijerinckiaceae,Methylobacterium-Methylorubrum,Unassigned,-4.971358451,11.70982157,6.12790711194771e-27,3.79703281418093e-25,Bacteria,Proteobacteria,Alphaproteobacteria,Rhizobiales,Beijerinckiaceae,Methylobacterium-Methylorubrum,Unassigned,22,"Rhizobiales, Beijerinckiaceae","(6, 9)","Rhizobiales, Beijerinckiaceae, (6, 9)",21,Antibiotic Treated
b5956402a24a9153484f4249effcec18,Bacteria,Proteobacteria,Alphaproteobacteria,Rhizobiales,Beijerinckiaceae,Methylobacterium-Methylorubrum,Unassigned,-6.159979994,10.01574803,6.9718135894206e-25,3.76253036616151e-23,Bacteria,Proteobacteria,Alphaproteobacteria,Rhizobiales,Beijerinckiaceae,Methylobacterium-Methylorubrum,Unassigned,22,"Rhizobiales, Beijerinckiaceae","(6, 9)","Rhizobiales, Beijerinckiaceae, (6, 9)",21,Antibiotic Treated
cdd8c3a5d0e8d6c1d1941980fe3146c5,Bacteria,Proteobacteria,Alphaproteobacteria,Rhizobiales,Devosiaceae,Devosia,Unassigned,7.246265881,11.24453013,1.41836577475277e-53,7.90975313720461e-51,Bacteria,Proteobacteria,Alphaproteobacteria,Rhizobiales,Devosiaceae,Devosia,Unassigned,21,"Rhizobiales, Devosiaceae","(3, 12)","Rhizobiales, Devosiaceae, (3, 12)",22,Control
0ba210559c7884e7157bf87ac5a7acd8,Bacteria,Proteobacteria,Alphaproteobacteria,Rhizobiales,Devosiaceae,Devosia,Unassigned,6.956893566,12.58116133,2.03743638974191e-27,1.36345243201528e-25,Bacteria,Proteobacteria,Alphaproteobacteria,Rhizobiales,Devosiaceae,Devosia,Unassigned,21,"Rhizobiales, Devosiaceae","(3, 12)","Rhizobiales, Devosiaceae, (3, 12)",22,Control
4ddfecf6ecb6b5d42e544e1b3f95fd75,Bacteria,Proteobacteria,Alphaproteobacteria,Rhizobiales,Devosiaceae,Devosia,Devosia_glacialis,4.666753671,8.820248435,3.89153460304701e-22,1.62763434772441e-20,Bacteria,Proteobacteria,Alphaproteobacteria,Rhizobiales,Devosiaceae,Devosia,Devosia_glacialis,21,"Rhizobiales, Devosiaceae","(3, 12)","Rhizobiales, Devosiaceae, (3, 12)",22,Control
487de539f50da640cd8914cea7821561,Bacteria,Proteobacteria,Alphaproteobacteria,Rhizobiales,Devosiaceae,Devosia,Unassigned,4.004648974,9.5008667,1.52118781955035e-17,4.62717676746862e-16,Bacteria,Proteobacteria,Alphaproteobacteria,Rhizobiales,Devosiaceae,Devosia,Unassigned,21,"Rhizobiales, Devosiaceae","(3, 12)","Rhizobiales, Devosiaceae, (3, 12)",22,Control
0b3f323bde3767e11fa0140737540ed1,Bacteria,Proteobacteria,Alphaproteobacteria,Rhizobiales,Devosiaceae,Devosia,Unassigned,3.813850075,7.875465263,1.69091199627402e-14,3.92902190245337e-13,Bacteria,Proteobacteria,Alphaproteobacteria,Rhizobiales,Devosiaceae,Devosia,Unassigned,21,"Rhizobiales, Devosiaceae","(3, 12)","Rhizobiales, Devosiaceae, (3, 12)",22,Control
0b269937fcfd9ae9900dfd39b6ea6a09,Bacteria,Proteobacteria,Alphaproteobacteria,Rhizobiales,Devosiaceae,Unassigned,Unassigned,3.553514378,8.354336253,3.70471145406017e-10,5.48494005543598e-09,Bacteria,Proteobacteria,Alphaproteobacteria,Rhizobiales,Devosiaceae,Unassigned,Unassigned,21,"Rhizobiales, Devosiaceae","(3, 12)","Rhizobiales, Devosiaceae, (3, 12)",22,Control
3d008a07a63e01193561eb4f27931678,Bacteria,Proteobacteria,Alphaproteobacteria,Rhizobiales,Devosiaceae,Devosia,Unassigned,3.508278962,9.85697468,1.0182855799841e-13,2.21245685105637e-12,Bacteria,Proteobacteria,Alphaproteobacteria,Rhizobiales,Devosiaceae,Devosia,Unassigned,21,"Rhizobiales, Devosiaceae","(3, 12)","Rhizobiales, Devosiaceae, (3, 12)",22,Control
4023515bdee1f6662e63ee75d6eacf0f,Bacteria,Proteobacteria,Alphaproteobacteria,Rhizobiales,Devosiaceae,Arsenicitalea,Unassigned,3.076815052,10.70199647,2.55398596373509e-10,3.88438047029891e-09,Bacteria,Proteobacteria,Alphaproteobacteria,Rhizobiales,Devosiaceae,Arsenicitalea,Unassigned,21,"Rhizobiales, Devosiaceae","(3, 12)","Rhizobiales, Devosiaceae, (3, 12)",22,Control
c4fa9756fb6d1bbcbe7d13a9d8625043,Bacteria,Proteobacteria,Alphaproteobacteria,Rhizobiales,Devosiaceae,Devosia,metagenome,3.048578923,8.654061082,8.77621977872557e-08,9.65830703836498e-07,Bacteria,Proteobacteria,Alphaproteobacteria,Rhizobiales,Devosiaceae,Devosia,metagenome,21,"Rhizobiales, Devosiaceae","(3, 12)","Rhizobiales, Devosiaceae, (3, 12)",22,Control
1e4028e16e8a26c05eb591271673c696,Bacteria,Proteobacteria,Alphaproteobacteria,Rhizobiales,Devosiaceae,Devosia,Unassigned,3.045487795,8.378474228,3.71885113735738e-12,7.31957406211636e-11,Bacteria,Proteobacteria,Alphaproteobacteria,Rhizobiales,Devosiaceae,Devosia,Unassigned,21,"Rhizobiales, Devosiaceae","(3, 12)","Rhizobiales, Devosiaceae, (3, 12)",22,Control
bd217e3552c0912e166951d39a120601,Bacteria,Proteobacteria,Alphaproteobacteria,Rhizobiales,Devosiaceae,Unassigned,Unassigned,2.276882121,6.727519588,1.80114658383381e-05,0.000144871,Bacteria,Proteobacteria,Alphaproteobacteria,Rhizobiales,Devosiaceae,Unassigned,Unassigned,21,"Rhizobiales, Devosiaceae","(3, 12)","Rhizobiales, Devosiaceae, (3, 12)",22,Control
f30fbcd9253a87306a2ffc0a1e4ba8da,Bacteria,Proteobacteria,Alphaproteobacteria,Rhizobiales,Devosiaceae,Devosia,Unassigned,1.872047652,6.531302471,8.15941977434965e-05,0.000571159,Bacteria,Proteobacteria,Alphaproteobacteria,Rhizobiales,Devosiaceae,Devosia,Unassigned,21,"Rhizobiales, Devosiaceae","(3, 12)","Rhizobiales, Devosiaceae, (3, 12)",22,Control
547b78057390d8dd87e029218928ab3c,Bacteria,Proteobacteria,Alphaproteobacteria,Rhizobiales,Devosiaceae,Devosia,Unassigned,-1.425613011,17.43795073,2.3328837268782e-07,2.45466319186618e-06,Bacteria,Proteobacteria,Alphaproteobacteria,Rhizobiales,Devosiaceae,Devosia,Unassigned,22,"Rhizobiales, Devosiaceae","(3, 12)","Rhizobiales, Devosiaceae, (3, 12)",21,Antibiotic Treated
adbb307cde42728159560c872cb7edfa,Bacteria,Proteobacteria,Alphaproteobacteria,Rhizobiales,Devosiaceae,Devosia,Unassigned,-2.228068516,13.18460389,3.57621408910974e-13,7.47875771385074e-12,Bacteria,Proteobacteria,Alphaproteobacteria,Rhizobiales,Devosiaceae,Devosia,Unassigned,22,"Rhizobiales, Devosiaceae","(3, 12)","Rhizobiales, Devosiaceae, (3, 12)",21,Antibiotic Treated
5a018730b2dcf580851eae1cebb82efa,Bacteria,Proteobacteria,Alphaproteobacteria,Rhizobiales,Devosiaceae,Devosia,Unassigned,-2.631060531,7.054208579,2.4355611307264e-08,2.95267664616324e-07,Bacteria,Proteobacteria,Alphaproteobacteria,Rhizobiales,Devosiaceae,Devosia,Unassigned,22,"Rhizobiales, Devosiaceae","(3, 12)","Rhizobiales, Devosiaceae, (3, 12)",21,Antibiotic Treated
b4626f6f1fc371121aa5b25f0105050e,Bacteria,Proteobacteria,Alphaproteobacteria,Rhizobiales,Kaistiaceae,Kaistia,uncultured_bacterium,2.6255317,6.919252158,1.85848998358324e-06,1.76662144462202e-05,Bacteria,Proteobacteria,Alphaproteobacteria,Rhizobiales,Kaistiaceae,Kaistia,uncultured_bacterium,21,"Rhizobiales, Kaistiaceae","(0, 1)","Rhizobiales, Kaistiaceae, (0, 1)",22,Control
5073eb042f1600783fe65118c8151bc3,Bacteria,Proteobacteria,Alphaproteobacteria,Rhizobiales,Rhizobiaceae,Allorhizobium-Neorhizobium-Pararhizobium-Rhizobium,Unassigned,8.890154233,14.8943703,1.30009980618293e-72,2.17506697574403e-69,Bacteria,Proteobacteria,Alphaproteobacteria,Rhizobiales,Rhizobiaceae,Allorhizobium-Neorhizobium-Pararhizobium-Rhizobium,Unassigned,21,"Rhizobiales, Rhizobiaceae","(2, 8)","Rhizobiales, Rhizobiaceae, (2, 8)",22,Control
fc6622c636a5210293fb2873fc4761d9,Bacteria,Proteobacteria,Alphaproteobacteria,Rhizobiales,Rhizobiaceae,Allorhizobium-Neorhizobium-Pararhizobium-Rhizobium,Unassigned,7.133281857,11.4380053,6.34642716703877e-43,1.51679609292226e-40,Bacteria,Proteobacteria,Alphaproteobacteria,Rhizobiales,Rhizobiaceae,Allorhizobium-Neorhizobium-Pararhizobium-Rhizobium,Unassigned,21,"Rhizobiales, Rhizobiaceae","(2, 8)","Rhizobiales, Rhizobiaceae, (2, 8)",22,Control
8403b6dbf52ec50c0a7b83ee636cd6e9,Bacteria,Proteobacteria,Alphaproteobacteria,Rhizobiales,Rhizobiaceae,Aminobacter,Unassigned,5.738426548,9.360932144,5.3652224697221e-37,7.48001432653756e-35,Bacteria,Proteobacteria,Alphaproteobacteria,Rhizobiales,Rhizobiaceae,Aminobacter,Unassigned,21,"Rhizobiales, Rhizobiaceae","(2, 8)","Rhizobiales, Rhizobiaceae, (2, 8)",22,Control
2653f9a6e90d957c951070035e6edeea,Bacteria,Proteobacteria,Alphaproteobacteria,Rhizobiales,Rhizobiaceae,Allorhizobium-Neorhizobium-Pararhizobium-Rhizobium,Unassigned,4.706181163,8.762189318,1.8266859787074e-19,6.64357748342931e-18,Bacteria,Proteobacteria,Alphaproteobacteria,Rhizobiales,Rhizobiaceae,Allorhizobium-Neorhizobium-Pararhizobium-Rhizobium,Unassigned,21,"Rhizobiales, Rhizobiaceae","(2, 8)","Rhizobiales, Rhizobiaceae, (2, 8)",22,Control
15d56c1957f615a428b92ab2d5f3e1ee,Bacteria,Proteobacteria,Alphaproteobacteria,Rhizobiales,Rhizobiaceae,Unassigned,Unassigned,3.834644884,10.75495877,1.05812394345022e-16,3.05214027136589e-15,Bacteria,Proteobacteria,Alphaproteobacteria,Rhizobiales,Rhizobiaceae,Unassigned,Unassigned,21,"Rhizobiales, Rhizobiaceae","(2, 8)","Rhizobiales, Rhizobiaceae, (2, 8)",22,Control
0553ba55db6ec65d1aa6807be77a0047,Bacteria,Proteobacteria,Alphaproteobacteria,Rhizobiales,Rhizobiaceae,Aminobacter,Unassigned,3.703328057,7.636078272,1.34890946873941e-13,2.85661460911522e-12,Bacteria,Proteobacteria,Alphaproteobacteria,Rhizobiales,Rhizobiaceae,Aminobacter,Unassigned,21,"Rhizobiales, Rhizobiaceae","(2, 8)","Rhizobiales, Rhizobiaceae, (2, 8)",22,Control
1ec92d671ccfd5d924650b622d772b96,Bacteria,Proteobacteria,Alphaproteobacteria,Rhizobiales,Rhizobiaceae,Pseudochrobactrum,Unassigned,3.237314869,7.304359579,4.46985034851944e-11,7.26025207094469e-10,Bacteria,Proteobacteria,Alphaproteobacteria,Rhizobiales,Rhizobiaceae,Pseudochrobactrum,Unassigned,21,"Rhizobiales, Rhizobiaceae","(2, 8)","Rhizobiales, Rhizobiaceae, (2, 8)",22,Control
c130baecd35f08a8f79bdfbdc0abb6c0,Bacteria,Proteobacteria,Alphaproteobacteria,Rhizobiales,Rhizobiaceae,Allorhizobium-Neorhizobium-Pararhizobium-Rhizobium,Unassigned,1.959954417,7.07222471,0.00010476,0.00071536,Bacteria,Proteobacteria,Alphaproteobacteria,Rhizobiales,Rhizobiaceae,Allorhizobium-Neorhizobium-Pararhizobium-Rhizobium,Unassigned,21,"Rhizobiales, Rhizobiaceae","(2, 8)","Rhizobiales, Rhizobiaceae, (2, 8)",22,Control
06bb3fa895e072e060638ec1131d0d3c,Bacteria,Proteobacteria,Alphaproteobacteria,Rhizobiales,Rhizobiaceae,Allorhizobium-Neorhizobium-Pararhizobium-Rhizobium,Unassigned,-3.600562551,7.721335493,4.60755962747092e-06,4.05707750355729e-05,Bacteria,Proteobacteria,Alphaproteobacteria,Rhizobiales,Rhizobiaceae,Allorhizobium-Neorhizobium-Pararhizobium-Rhizobium,Unassigned,22,"Rhizobiales, Rhizobiaceae","(2, 8)","Rhizobiales, Rhizobiaceae, (2, 8)",21,Antibiotic Treated
a581b2d4607e97c5afb8a61b67a6ecd9,Bacteria,Proteobacteria,Alphaproteobacteria,Rhizobiales,Rhizobiaceae,Bartonella,Unassigned,-4.054140387,7.961271235,1.43963578709078e-06,1.38420153551889e-05,Bacteria,Proteobacteria,Alphaproteobacteria,Rhizobiales,Rhizobiaceae,Bartonella,Unassigned,22,"Rhizobiales, Rhizobiaceae","(2, 8)","Rhizobiales, Rhizobiaceae, (2, 8)",21,Antibiotic Treated
bbc1bb7a8a5b415829e3ce2b95d90958,Bacteria,Proteobacteria,Alphaproteobacteria,Rhizobiales,Rhizobiales_Incertae_Sedis,Phreatobacter,Phreatobacter_sp.,3.559898667,7.530739641,6.53058830828982e-12,1.22760384716504e-10,Bacteria,Proteobacteria,Alphaproteobacteria,Rhizobiales,Rhizobiales_Incertae_Sedis,Phreatobacter,Phreatobacter_sp.,21,"Rhizobiales, Rhizobiales_Incertae_Sedis","(0, 2)","Rhizobiales, Rhizobiales_Incertae_Sedis, (0, 2)",22,Control
743a2697f76671ae8d660065cbd133c6,Bacteria,Proteobacteria,Alphaproteobacteria,Rhizobiales,Rhizobiales_Incertae_Sedis,Phreatobacter,Phreatobacter_sp.,2.73015073,8.91260545,3.81123259125175e-08,4.45887561200292e-07,Bacteria,Proteobacteria,Alphaproteobacteria,Rhizobiales,Rhizobiales_Incertae_Sedis,Phreatobacter,Phreatobacter_sp.,21,"Rhizobiales, Rhizobiales_Incertae_Sedis","(0, 2)","Rhizobiales, Rhizobiales_Incertae_Sedis, (0, 2)",22,Control
ecde9c492f0ac777ce7626835c8f2f53,Bacteria,Proteobacteria,Alphaproteobacteria,Rhizobiales,Xanthobacteraceae,Unassigned,Unassigned,-3.819275715,8.462987136,5.12954966623718e-13,1.04655324287985e-11,Bacteria,Proteobacteria,Alphaproteobacteria,Rhizobiales,Xanthobacteraceae,Unassigned,Unassigned,22,"Rhizobiales, Xanthobacteraceae","(2, 0)","Rhizobiales, Xanthobacteraceae, (2, 0)",21,Antibiotic Treated
d829bee4984f82ffc2453212157caf96,Bacteria,Proteobacteria,Alphaproteobacteria,Rhizobiales,Xanthobacteraceae,Bradyrhizobium,Unassigned,-4.238139979,12.78892488,3.40182078528552e-16,9.17942931255271e-15,Bacteria,Proteobacteria,Alphaproteobacteria,Rhizobiales,Xanthobacteraceae,Bradyrhizobium,Unassigned,22,"Rhizobiales, Xanthobacteraceae","(2, 0)","Rhizobiales, Xanthobacteraceae, (2, 0)",21,Antibiotic Treated
69e60a7780ed19b0d4dfcaf34837aa88,Bacteria,Proteobacteria,Alphaproteobacteria,Sphingomonadales,Sphingomonadaceae,Sphingorhabdus,Unassigned,6.683225824,11.14645624,9.35905002353723e-22,3.81894894862873e-20,Bacteria,Proteobacteria,Alphaproteobacteria,Sphingomonadales,Sphingomonadaceae,Sphingorhabdus,Unassigned,21,"Sphingomonadales, Sphingomonadaceae","(3, 13)","Sphingomonadales, Sphingomonadaceae, (3, 13)",22,Control
a79ee61cdcff5ce3ea7edf8b58e5aaa9,Bacteria,Proteobacteria,Alphaproteobacteria,Sphingomonadales,Sphingomonadaceae,Sphingopyxis,Unassigned,6.662680129,11.19442819,5.78783544842055e-27,3.72424950200291e-25,Bacteria,Proteobacteria,Alphaproteobacteria,Sphingomonadales,Sphingomonadaceae,Sphingopyxis,Unassigned,21,"Sphingomonadales, Sphingomonadaceae","(3, 13)","Sphingomonadales, Sphingomonadaceae, (3, 13)",22,Control
75b50c2d86262910175bd5827b15cfd2,Bacteria,Proteobacteria,Alphaproteobacteria,Sphingomonadales,Sphingomonadaceae,Sphingopyxis,metagenome,4.063750128,7.912496852,1.50194348796501e-11,2.59046541790254e-10,Bacteria,Proteobacteria,Alphaproteobacteria,Sphingomonadales,Sphingomonadaceae,Sphingopyxis,metagenome,21,"Sphingomonadales, Sphingomonadaceae","(3, 13)","Sphingomonadales, Sphingomonadaceae, (3, 13)",22,Control
ad16b779f2ec6d8afc200de7c5d2f39a,Bacteria,Proteobacteria,Alphaproteobacteria,Sphingomonadales,Sphingomonadaceae,Sphingopyxis,Unassigned,4.00371646,11.21517499,1.66566207941962e-10,2.60434827931684e-09,Bacteria,Proteobacteria,Alphaproteobacteria,Sphingomonadales,Sphingomonadaceae,Sphingopyxis,Unassigned,21,"Sphingomonadales, Sphingomonadaceae","(3, 13)","Sphingomonadales, Sphingomonadaceae, (3, 13)",22,Control
7af8739730f4ddeef964ba0a57b3b6f5,Bacteria,Proteobacteria,Alphaproteobacteria,Sphingomonadales,Sphingomonadaceae,Unassigned,Unassigned,3.988634625,8.012958958,5.68427969477178e-09,7.48803144043559e-08,Bacteria,Proteobacteria,Alphaproteobacteria,Sphingomonadales,Sphingomonadaceae,Unassigned,Unassigned,21,"Sphingomonadales, Sphingomonadaceae","(3, 13)","Sphingomonadales, Sphingomonadaceae, (3, 13)",22,Control
dfdaf52db0c945f03f32a278f5bb7a62,Bacteria,Proteobacteria,Alphaproteobacteria,Sphingomonadales,Sphingomonadaceae,Sphingopyxis,Unassigned,3.80780013,7.714588175,2.8006029821204e-11,4.68540878908742e-10,Bacteria,Proteobacteria,Alphaproteobacteria,Sphingomonadales,Sphingomonadaceae,Sphingopyxis,Unassigned,21,"Sphingomonadales, Sphingomonadaceae","(3, 13)","Sphingomonadales, Sphingomonadaceae, (3, 13)",22,Control
0c4f699fec9cf980e6c3f2e616a3f393,Bacteria,Proteobacteria,Alphaproteobacteria,Sphingomonadales,Sphingomonadaceae,Sphingorhabdus,uncultured_bacterium,2.725825469,6.978185143,1.11387124658267e-07,1.21006921787845e-06,Bacteria,Proteobacteria,Alphaproteobacteria,Sphingomonadales,Sphingomonadaceae,Sphingorhabdus,uncultured_bacterium,21,"Sphingomonadales, Sphingomonadaceae","(3, 13)","Sphingomonadales, Sphingomonadaceae, (3, 13)",22,Control
9c038c39cdaf030d74210a7b5a5f0734,Bacteria,Proteobacteria,Alphaproteobacteria,Sphingomonadales,Sphingomonadaceae,Sphingorhabdus,uncultured_bacterium,2.593225937,6.900454089,1.91911929082811e-05,0.00015289,Bacteria,Proteobacteria,Alphaproteobacteria,Sphingomonadales,Sphingomonadaceae,Sphingorhabdus,uncultured_bacterium,21,"Sphingomonadales, Sphingomonadaceae","(3, 13)","Sphingomonadales, Sphingomonadaceae, (3, 13)",22,Control
c31de58606c3fefc2ee6a4d120abcda8,Bacteria,Proteobacteria,Alphaproteobacteria,Sphingomonadales,Sphingomonadaceae,Rhizorhapis,Unassigned,2.455743347,6.823255297,4.46864360218995e-05,0.000330798,Bacteria,Proteobacteria,Alphaproteobacteria,Sphingomonadales,Sphingomonadaceae,Rhizorhapis,Unassigned,21,"Sphingomonadales, Sphingomonadaceae","(3, 13)","Sphingomonadales, Sphingomonadaceae, (3, 13)",22,Control
b5e6d073ba80b055fa84cb7c17917c16,Bacteria,Proteobacteria,Alphaproteobacteria,Sphingomonadales,Sphingomonadaceae,Sphingobium,Unassigned,2.429418153,6.808822075,3.6139398093877e-06,3.23321994711531e-05,Bacteria,Proteobacteria,Alphaproteobacteria,Sphingomonadales,Sphingomonadaceae,Sphingobium,Unassigned,21,"Sphingomonadales, Sphingomonadaceae","(3, 13)","Sphingomonadales, Sphingomonadaceae, (3, 13)",22,Control
7f21003fe742338c8f7a8a64cde474cf,Bacteria,Proteobacteria,Alphaproteobacteria,Sphingomonadales,Sphingomonadaceae,Novosphingobium,Unassigned,2.185297242,6.68066876,2.19203949127047e-05,0.000171368,Bacteria,Proteobacteria,Alphaproteobacteria,Sphingomonadales,Sphingomonadaceae,Novosphingobium,Unassigned,21,"Sphingomonadales, Sphingomonadaceae","(3, 13)","Sphingomonadales, Sphingomonadaceae, (3, 13)",22,Control
97991ce469a1cc109b514c89920eaa50,Bacteria,Proteobacteria,Alphaproteobacteria,Sphingomonadales,Sphingomonadaceae,Sphingomonas,Unassigned,2.105118591,6.640812665,7.48190925123831e-06,6.41909444990856e-05,Bacteria,Proteobacteria,Alphaproteobacteria,Sphingomonadales,Sphingomonadaceae,Sphingomonas,Unassigned,21,"Sphingomonadales, Sphingomonadaceae","(3, 13)","Sphingomonadales, Sphingomonadaceae, (3, 13)",22,Control
fed24691259ad53bae4ae128168a1870,Bacteria,Proteobacteria,Alphaproteobacteria,Sphingomonadales,Sphingomonadaceae,Sphingorhabdus,Unassigned,2.001403754,6.590947541,8.54536087793563e-05,0.000595683,Bacteria,Proteobacteria,Alphaproteobacteria,Sphingomonadales,Sphingomonadaceae,Sphingorhabdus,Unassigned,21,"Sphingomonadales, Sphingomonadaceae","(3, 13)","Sphingomonadales, Sphingomonadaceae, (3, 13)",22,Control
34cab540092926e6656a9e0c4d1cf580,Bacteria,Proteobacteria,Alphaproteobacteria,Sphingomonadales,Sphingomonadaceae,Novosphingobium,Unassigned,-2.588970053,8.16525694,7.58806912412518e-05,0.000535647,Bacteria,Proteobacteria,Alphaproteobacteria,Sphingomonadales,Sphingomonadaceae,Novosphingobium,Unassigned,22,"Sphingomonadales, Sphingomonadaceae","(3, 13)","Sphingomonadales, Sphingomonadaceae, (3, 13)",21,Antibiotic Treated
65e53cfa8512dd27d6d31742cd674e62,Bacteria,Proteobacteria,Alphaproteobacteria,Sphingomonadales,Sphingomonadaceae,Sphingobium,Unassigned,-3.434743866,8.113828973,2.65541110732833e-06,2.42759714894005e-05,Bacteria,Proteobacteria,Alphaproteobacteria,Sphingomonadales,Sphingomonadaceae,Sphingobium,Unassigned,22,"Sphingomonadales, Sphingomonadaceae","(3, 13)","Sphingomonadales, Sphingomonadaceae, (3, 13)",21,Antibiotic Treated
d404761182ab38195d5245681f2452f5,Bacteria,Proteobacteria,Alphaproteobacteria,Sphingomonadales,Sphingomonadaceae,Sphingomonas,Sphingomonas_koreensis,-8.422639026,16.17806565,9.97398106212641e-41,1.66864703169375e-38,Bacteria,Proteobacteria,Alphaproteobacteria,Sphingomonadales,Sphingomonadaceae,Sphingomonas,Sphingomonas_koreensis,22,"Sphingomonadales, Sphingomonadaceae","(3, 13)","Sphingomonadales, Sphingomonadaceae, (3, 13)",21,Antibiotic Treated
496ecde24f9ab698992413d3d4f04b5f,Bacteria,Proteobacteria,Gammaproteobacteria,Xanthomonadales,Xanthomonadaceae,Stenotrophomonas,Stenotrophomonas_rhizophila,4.631405994,13.59899274,1.73628545300834e-22,7.64422516548146e-21,Bacteria,Proteobacteria,Gammaproteobacteria,Xanthomonadales,Xanthomonadaceae,Stenotrophomonas,Stenotrophomonas_rhizophila,21,"Xanthomonadales, Xanthomonadaceae","(0, 3)","Xanthomonadales, Xanthomonadaceae, (0, 3)",22,Control
2e047169d86b6f8f81a14f84fe4c9023,Bacteria,Proteobacteria,Gammaproteobacteria,Xanthomonadales,Xanthomonadaceae,Stenotrophomonas,Stenotrophomonas_rhizophila,4.025461818,12.18914672,4.58084589312302e-15,1.16117502715073e-13,Bacteria,Proteobacteria,Gammaproteobacteria,Xanthomonadales,Xanthomonadaceae,Stenotrophomonas,Stenotrophomonas_rhizophila,21,"Xanthomonadales, Xanthomonadaceae","(0, 3)","Xanthomonadales, Xanthomonadaceae, (0, 3)",22,Control
145e42f90511a48e84b834c7e38f678a,Bacteria,Proteobacteria,Gammaproteobacteria,Xanthomonadales,Xanthomonadaceae,Stenotrophomonas,Stenotrophomonas_nitritireducens,2.56256113,9.493906654,1.10457559512915e-06,1.07439242479713e-05,Bacteria,Proteobacteria,Gammaproteobacteria,Xanthomonadales,Xanthomonadaceae,Stenotrophomonas,Stenotrophomonas_nitritireducens,21,"Xanthomonadales, Xanthomonadaceae","(0, 3)","Xanthomonadales, Xanthomonadaceae, (0, 3)",22,Control
1c7843baf6fa610f6910de195f1b0bd5,Bacteria,Verrucomicrobiota,Chlamydiae,Chlamydiales,Parachlamydiaceae,Neochlamydia,Unassigned,5.335384179,9.823091454,9.73995207610524e-33,9.05274434629115e-31,Bacteria,Verrucomicrobiota,Chlamydiae,Chlamydiales,Parachlamydiaceae,Neochlamydia,Unassigned,21,"Chlamydiales, Parachlamydiaceae","(0, 4)","Chlamydiales, Parachlamydiaceae, (0, 4)",22,Control
3b770b343c209b510fcce8cd793d18c6,Bacteria,Verrucomicrobiota,Chlamydiae,Chlamydiales,Parachlamydiaceae,Neochlamydia,Unassigned,4.680531443,8.419108087,2.11946347236506e-22,9.09195484427369e-21,Bacteria,Verrucomicrobiota,Chlamydiae,Chlamydiales,Parachlamydiaceae,Neochlamydia,Unassigned,21,"Chlamydiales, Parachlamydiaceae","(0, 4)","Chlamydiales, Parachlamydiaceae, (0, 4)",22,Control
1f15c1f53788e604905686a0e4a7431b,Bacteria,Verrucomicrobiota,Chlamydiae,Chlamydiales,Parachlamydiaceae,Unassigned,Unassigned,3.035323614,7.170552212,1.02342858206136e-08,1.30701986090737e-07,Bacteria,Verrucomicrobiota,Chlamydiae,Chlamydiales,Parachlamydiaceae,Unassigned,Unassigned,21,"Chlamydiales, Parachlamydiaceae","(0, 4)","Chlamydiales, Parachlamydiaceae, (0, 4)",22,Control
04131bea8ca7ec22a3e1884f571cfbdc,Bacteria,Verrucomicrobiota,Chlamydiae,Chlamydiales,Parachlamydiaceae,uncultured,metagenome,2.262558993,6.720082992,1.15440614858303e-05,9.56099745831393e-05,Bacteria,Verrucomicrobiota,Chlamydiae,Chlamydiales,Parachlamydiaceae,uncultured,metagenome,21,"Chlamydiales, Parachlamydiaceae","(0, 4)","Chlamydiales, Parachlamydiaceae, (0, 4)",22,Control
7c3b2d76afe41f7d0a89b6b95ee3f3fd,Bacteria,Verrucomicrobiota,Verrucomicrobiae,Chthoniobacterales,Chthoniobacteraceae,Chthoniobacter,uncultured_bacterium,-3.386328469,7.45540394,2.71467074965493e-07,2.83852760260794e-06,Bacteria,Verrucomicrobiota,Verrucomicrobiae,Chthoniobacterales,Chthoniobacteraceae,Chthoniobacter,uncultured_bacterium,22,"Chthoniobacterales, Chthoniobacteraceae","(1, 0)","Chthoniobacterales, Chthoniobacteraceae, (1, 0)",21,Antibiotic Treated
367fd0532f406448a26bcca3b54e8e2b,Bacteria,Verrucomicrobiota,Verrucomicrobiae,Verrucomicrobiales,Rubritaleaceae,Luteolibacter,Unassigned,3.410503146,8.0493109,9.08030619207887e-09,1.16856555841138e-07,Bacteria,Verrucomicrobiota,Verrucomicrobiae,Verrucomicrobiales,Rubritaleaceae,Luteolibacter,Unassigned,21,"Verrucomicrobiales, Rubritaleaceae","(0, 2)","Verrucomicrobiales, Rubritaleaceae, (0, 2)",22,Control
8063f35f3b1cd3b7bc7e8c9606992763,Bacteria,Verrucomicrobiota,Verrucomicrobiae,Verrucomicrobiales,Rubritaleaceae,Luteolibacter,Unassigned,2.637474623,6.926160914,2.32928821564811e-06,2.17703865071468e-05,Bacteria,Verrucomicrobiota,Verrucomicrobiae,Verrucomicrobiales,Rubritaleaceae,Luteolibacter,Unassigned,21,"Verrucomicrobiales, Rubritaleaceae","(0, 2)","Verrucomicrobiales, Rubritaleaceae, (0, 2)",22,Control
28901f408a83a0641d1a4b93c0f3374e,Bacteria,Verrucomicrobiota,Verrucomicrobiae,Verrucomicrobiales,Verrucomicrobiaceae,uncultured,uncultured_bacterium,3.360180992,7.388801384,5.49187260141155e-06,4.80986174366213e-05,Bacteria,Verrucomicrobiota,Verrucomicrobiae,Verrucomicrobiales,Verrucomicrobiaceae,uncultured,uncultured_bacterium,21,"Verrucomicrobiales, Verrucomicrobiaceae","(0, 1)","Verrucomicrobiales, Verrucomicrobiaceae, (0, 1)",22,Control