,Domain,Phylum,Class,Order,Family,Genus,species,FamGenSpASV,PhyOrdFam
ASV1,Bacteria,Proteobacteria,Alphaproteobacteria,Rhizobiales,Beijerinckiaceae,Bosea,,Rhizobiales; Beijerinckiaceae; Bosea; ASV1,Proteobacteria; Rhizobiales; Beijerinckiaceae
ASV2,Bacteria,Proteobacteria,Alphaproteobacteria,Rhizobiales,Devosiaceae,Devosia,,Rhizobiales; Devosiaceae; Devosia; ASV2,Proteobacteria; Rhizobiales; Devosiaceae
ASV3,Bacteria,Firmicutes,Bacilli,Lactobacillales,,,,Lactobacillales; ASV3,Firmicutes; Lactobacillales
ASV4,Bacteria,Firmicutes,Clostridia,Clostridiales,Clostridiaceae,Clostridium_sensu_stricto_1,,Clostridiales; Clostridiaceae; Clostridium_sensu_stricto_1; ASV4,Firmicutes; Clostridiales; Clostridiaceae
ASV5,Bacteria,Proteobacteria,Alphaproteobacteria,Sphingomonadales,Sphingomonadaceae,Sphingomonas,Sphingomonas_koreensis,Sphingomonadales; Sphingomonadaceae; Sphingomonas; Sphingomonas_koreensis; ASV5,Proteobacteria; Sphingomonadales; Sphingomonadaceae
ASV6,Bacteria,Proteobacteria,Gammaproteobacteria,Burkholderiales,Comamonadaceae,,,Burkholderiales; Comamonadaceae; ASV6,Proteobacteria; Burkholderiales; Comamonadaceae
ASV7,Bacteria,Proteobacteria,Alphaproteobacteria,Rhizobiales,Rhizobiaceae,Allorhizobium-Neorhizobium-Pararhizobium-Rhizobium,,Rhizobiales; Rhizobiaceae; Allorhizobium-Neorhizobium-Pararhizobium-Rhizobium; ASV7,Proteobacteria; Rhizobiales; Rhizobiaceae
ASV8,Bacteria,Firmicutes,Bacilli,Lactobacillales,Streptococcaceae,Lactococcus,,Lactobacillales; Streptococcaceae; Lactococcus; ASV8,Firmicutes; Lactobacillales; Streptococcaceae
ASV9,Bacteria,Firmicutes,Bacilli,RsaHf231,RsaHf231,RsaHf231,uncultured_bacterium,RsaHf231; RsaHf231; RsaHf231; uncultured_bacterium; ASV9,Firmicutes; RsaHf231; RsaHf231
ASV10,Bacteria,Proteobacteria,Gammaproteobacteria,Burkholderiales,Comamonadaceae,,,Burkholderiales; Comamonadaceae; ASV10,Proteobacteria; Burkholderiales; Comamonadaceae
ASV11,Bacteria,Proteobacteria,Alphaproteobacteria,Rhizobiales,Devosiaceae,Devosia,,Rhizobiales; Devosiaceae; Devosia; ASV11,Proteobacteria; Rhizobiales; Devosiaceae
ASV12,Bacteria,Proteobacteria,Alphaproteobacteria,Rhizobiales,Devosiaceae,Devosia,,Rhizobiales; Devosiaceae; Devosia; ASV12,Proteobacteria; Rhizobiales; Devosiaceae
ASV13,Bacteria,Proteobacteria,Gammaproteobacteria,Xanthomonadales,Xanthomonadaceae,Stenotrophomonas,Stenotrophomonas_rhizophila,Xanthomonadales; Xanthomonadaceae; Stenotrophomonas; Stenotrophomonas_rhizophila; ASV13,Proteobacteria; Xanthomonadales; Xanthomonadaceae
ASV14,Bacteria,Firmicutes,Bacilli,RsaHf231,RsaHf231,RsaHf231,uncultured_bacterium,RsaHf231; RsaHf231; RsaHf231; uncultured_bacterium; ASV14,Firmicutes; RsaHf231; RsaHf231
ASV15,Bacteria,Firmicutes,Bacilli,Paenibacillales,Paenibacillaceae,Saccharibacillus,,Paenibacillales; Paenibacillaceae; Saccharibacillus; ASV15,Firmicutes; Paenibacillales; Paenibacillaceae
ASV16,Bacteria,Firmicutes,Bacilli,Lactobacillales,Streptococcaceae,Lactococcus,Lactococcus_lactis,Lactobacillales; Streptococcaceae; Lactococcus; Lactococcus_lactis; ASV16,Firmicutes; Lactobacillales; Streptococcaceae
ASV17,Bacteria,Proteobacteria,Alphaproteobacteria,Rhizobiales,Devosiaceae,Devosia,Devosia_sp.,Rhizobiales; Devosiaceae; Devosia; Devosia_sp.; ASV17,Proteobacteria; Rhizobiales; Devosiaceae
ASV18,Bacteria,Firmicutes,Bacilli,Erysipelotrichales,Erysipelotrichaceae,ZOR0006,uncultured_bacterium,Erysipelotrichales; Erysipelotrichaceae; ZOR0006; uncultured_bacterium; ASV18,Firmicutes; Erysipelotrichales; Erysipelotrichaceae
ASV19,Bacteria,Proteobacteria,Alphaproteobacteria,Rhizobiales,Devosiaceae,Devosia,,Rhizobiales; Devosiaceae; Devosia; ASV19,Proteobacteria; Rhizobiales; Devosiaceae
ASV20,Bacteria,Firmicutes,Bacilli,Lactobacillales,Streptococcaceae,Lactococcus,Lactococcus_garvieae,Lactobacillales; Streptococcaceae; Lactococcus; Lactococcus_garvieae; ASV20,Firmicutes; Lactobacillales; Streptococcaceae
ASV21,Bacteria,Proteobacteria,Gammaproteobacteria,Burkholderiales,Oxalobacteraceae,Janthinobacterium,,Burkholderiales; Oxalobacteraceae; Janthinobacterium; ASV21,Proteobacteria; Burkholderiales; Oxalobacteraceae
ASV22,Bacteria,Proteobacteria,Gammaproteobacteria,Burkholderiales,Comamonadaceae,,,Burkholderiales; Comamonadaceae; ASV22,Proteobacteria; Burkholderiales; Comamonadaceae
ASV23,Bacteria,Bacteroidota,Bacteroidia,Sphingobacteriales,Sphingobacteriaceae,Pedobacter,,Sphingobacteriales; Sphingobacteriaceae; Pedobacter; ASV23,Bacteroidota; Sphingobacteriales; Sphingobacteriaceae
ASV24,Bacteria,Proteobacteria,Alphaproteobacteria,Rhizobiales,Xanthobacteraceae,Bradyrhizobium,,Rhizobiales; Xanthobacteraceae; Bradyrhizobium; ASV24,Proteobacteria; Rhizobiales; Xanthobacteraceae
ASV25,Bacteria,Firmicutes,Bacilli,Paenibacillales,Paenibacillaceae,Paenibacillus,,Paenibacillales; Paenibacillaceae; Paenibacillus; ASV25,Firmicutes; Paenibacillales; Paenibacillaceae
ASV26,Bacteria,Proteobacteria,Alphaproteobacteria,Rhizobiales,Devosiaceae,Devosia,,Rhizobiales; Devosiaceae; Devosia; ASV26,Proteobacteria; Rhizobiales; Devosiaceae
ASV27,Bacteria,Planctomycetota,Planctomycetes,Planctomycetales,Rubinisphaeraceae,SH-PL14,uncultured_planctomycete,Planctomycetales; Rubinisphaeraceae; SH-PL14; uncultured_planctomycete; ASV27,Planctomycetota; Planctomycetales; Rubinisphaeraceae
ASV28,Bacteria,Actinobacteriota,Actinobacteria,Micrococcales,Intrasporangiaceae,,,Micrococcales; Intrasporangiaceae; ASV28,Actinobacteriota; Micrococcales; Intrasporangiaceae
ASV29,Bacteria,Proteobacteria,Gammaproteobacteria,Xanthomonadales,Xanthomonadaceae,Stenotrophomonas,Stenotrophomonas_rhizophila,Xanthomonadales; Xanthomonadaceae; Stenotrophomonas; Stenotrophomonas_rhizophila; ASV29,Proteobacteria; Xanthomonadales; Xanthomonadaceae
ASV30,Bacteria,Firmicutes,Bacilli,RsaHf231,RsaHf231,RsaHf231,uncultured_bacterium,RsaHf231; RsaHf231; RsaHf231; uncultured_bacterium; ASV30,Firmicutes; RsaHf231; RsaHf231
ASV31,Bacteria,Firmicutes,Bacilli,Lactobacillales,,,,Lactobacillales; ASV31,Firmicutes; Lactobacillales
ASV32,Bacteria,Proteobacteria,Gammaproteobacteria,Pseudomonadales,Pseudomonadaceae,Pseudomonas,,Pseudomonadales; Pseudomonadaceae; Pseudomonas; ASV32,Proteobacteria; Pseudomonadales; Pseudomonadaceae
ASV33,Bacteria,Firmicutes,Bacilli,Paenibacillales,Paenibacillaceae,Paenibacillus,Paenibacillus_borealis,Paenibacillales; Paenibacillaceae; Paenibacillus; Paenibacillus_borealis; ASV33,Firmicutes; Paenibacillales; Paenibacillaceae
ASV34,Bacteria,Firmicutes,Bacilli,Lactobacillales,Carnobacteriaceae,Carnobacterium,,Lactobacillales; Carnobacteriaceae; Carnobacterium; ASV34,Firmicutes; Lactobacillales; Carnobacteriaceae
ASV35,Bacteria,Proteobacteria,Alphaproteobacteria,Rhizobiales,Devosiaceae,Devosia,,Rhizobiales; Devosiaceae; Devosia; ASV35,Proteobacteria; Rhizobiales; Devosiaceae
ASV36,Bacteria,Proteobacteria,Alphaproteobacteria,Rhizobiales,Beijerinckiaceae,Methylobacterium-Methylorubrum,,Rhizobiales; Beijerinckiaceae; Methylobacterium-Methylorubrum; ASV36,Proteobacteria; Rhizobiales; Beijerinckiaceae
ASV37,Bacteria,Proteobacteria,Gammaproteobacteria,Burkholderiales,Comamonadaceae,Variovorax,,Burkholderiales; Comamonadaceae; Variovorax; ASV37,Proteobacteria; Burkholderiales; Comamonadaceae
ASV38,Bacteria,Cyanobacteria,Cyanobacteriia,,,,,ASV38,Cyanobacteria
ASV39,Bacteria,Proteobacteria,Gammaproteobacteria,Burkholderiales,Comamonadaceae,,,Burkholderiales; Comamonadaceae; ASV39,Proteobacteria; Burkholderiales; Comamonadaceae
ASV40,Bacteria,Proteobacteria,Alphaproteobacteria,Rhizobiales,Rhizobiaceae,Allorhizobium-Neorhizobium-Pararhizobium-Rhizobium,,Rhizobiales; Rhizobiaceae; Allorhizobium-Neorhizobium-Pararhizobium-Rhizobium; ASV40,Proteobacteria; Rhizobiales; Rhizobiaceae
ASV41,Bacteria,Campilobacterota,Campylobacteria,Campylobacterales,Arcobacteraceae,Poseidonibacter,,Campylobacterales; Arcobacteraceae; Poseidonibacter; ASV41,Campilobacterota; Campylobacterales; Arcobacteraceae
ASV42,Bacteria,Cyanobacteria,Cyanobacteriia,,,,,ASV42,Cyanobacteria
ASV43,Bacteria,Proteobacteria,Alphaproteobacteria,Rhizobiales,Devosiaceae,Devosia,,Rhizobiales; Devosiaceae; Devosia; ASV43,Proteobacteria; Rhizobiales; Devosiaceae
ASV44,Bacteria,Proteobacteria,Alphaproteobacteria,Sphingomonadales,Sphingomonadaceae,Sphingopyxis,,Sphingomonadales; Sphingomonadaceae; Sphingopyxis; ASV44,Proteobacteria; Sphingomonadales; Sphingomonadaceae
ASV45,Bacteria,Proteobacteria,Gammaproteobacteria,Xanthomonadales,Xanthomonadaceae,Stenotrophomonas,,Xanthomonadales; Xanthomonadaceae; Stenotrophomonas; ASV45,Proteobacteria; Xanthomonadales; Xanthomonadaceae
ASV46,Bacteria,Actinobacteriota,Actinobacteria,Micrococcales,Micrococcaceae,,,Micrococcales; Micrococcaceae; ASV46,Actinobacteriota; Micrococcales; Micrococcaceae
ASV47,Bacteria,Proteobacteria,Alphaproteobacteria,Sphingomonadales,Sphingomonadaceae,Sphingopyxis,,Sphingomonadales; Sphingomonadaceae; Sphingopyxis; ASV47,Proteobacteria; Sphingomonadales; Sphingomonadaceae
ASV48,Bacteria,Firmicutes,Bacilli,Lactobacillales,Vagococcaceae,Vagococcus,,Lactobacillales; Vagococcaceae; Vagococcus; ASV48,Firmicutes; Lactobacillales; Vagococcaceae
ASV49,Bacteria,Proteobacteria,Alphaproteobacteria,Sphingomonadales,Sphingomonadaceae,Sphingorhabdus,,Sphingomonadales; Sphingomonadaceae; Sphingorhabdus; ASV49,Proteobacteria; Sphingomonadales; Sphingomonadaceae
ASV50,Bacteria,Proteobacteria,Alphaproteobacteria,Rhizobiales,Beijerinckiaceae,Bosea,,Rhizobiales; Beijerinckiaceae; Bosea; ASV50,Proteobacteria; Rhizobiales; Beijerinckiaceae
ASV51,Bacteria,Chloroflexi,Ktedonobacteria,Ktedonobacterales,Ktedonobacteraceae,,uncultured_Ktedobacteria,Ktedonobacterales; Ktedonobacteraceae; uncultured_Ktedobacteria; ASV51,Chloroflexi; Ktedonobacterales; Ktedonobacteraceae
ASV52,Bacteria,Firmicutes,Bacilli,Erysipelotrichales,Erysipelotrichaceae,ZOR0006,uncultured_bacterium,Erysipelotrichales; Erysipelotrichaceae; ZOR0006; uncultured_bacterium; ASV52,Firmicutes; Erysipelotrichales; Erysipelotrichaceae
ASV53,Bacteria,Firmicutes,Clostridia,Clostridiales,Clostridiaceae,Clostridium_sensu_stricto_1,,Clostridiales; Clostridiaceae; Clostridium_sensu_stricto_1; ASV53,Firmicutes; Clostridiales; Clostridiaceae
ASV54,Bacteria,Bacteroidota,Bacteroidia,Sphingobacteriales,Sphingobacteriaceae,Pedobacter,,Sphingobacteriales; Sphingobacteriaceae; Pedobacter; ASV54,Bacteroidota; Sphingobacteriales; Sphingobacteriaceae
ASV55,Bacteria,Proteobacteria,Gammaproteobacteria,Pseudomonadales,Pseudomonadaceae,Pseudomonas,,Pseudomonadales; Pseudomonadaceae; Pseudomonas; ASV55,Proteobacteria; Pseudomonadales; Pseudomonadaceae
ASV56,Bacteria,Firmicutes,Bacilli,Lactobacillales,Enterococcaceae,Enterococcus,,Lactobacillales; Enterococcaceae; Enterococcus; ASV56,Firmicutes; Lactobacillales; Enterococcaceae
ASV57,Bacteria,Firmicutes,Clostridia,Oscillospirales,Ruminococcaceae,,uncultured_bacterium,Oscillospirales; Ruminococcaceae; uncultured_bacterium; ASV57,Firmicutes; Oscillospirales; Ruminococcaceae
ASV58,Bacteria,Firmicutes,Bacilli,Lactobacillales,Leuconostocaceae,Leuconostoc,Leuconostoc_mesenteroides,Lactobacillales; Leuconostocaceae; Leuconostoc; Leuconostoc_mesenteroides; ASV58,Firmicutes; Lactobacillales; Leuconostocaceae
ASV59,Bacteria,Proteobacteria,Alphaproteobacteria,Rhizobiales,Rhizobiaceae,,,Rhizobiales; Rhizobiaceae; ASV59,Proteobacteria; Rhizobiales; Rhizobiaceae
ASV60,Bacteria,Proteobacteria,Alphaproteobacteria,Rhizobiales,Devosiaceae,Arsenicitalea,,Rhizobiales; Devosiaceae; Arsenicitalea; ASV60,Proteobacteria; Rhizobiales; Devosiaceae
ASV61,Bacteria,Firmicutes,Clostridia,Clostridiales,Clostridiaceae,Clostridium_sensu_stricto_9,uncultured_bacterium,Clostridiales; Clostridiaceae; Clostridium_sensu_stricto_9; uncultured_bacterium; ASV61,Firmicutes; Clostridiales; Clostridiaceae
ASV62,Bacteria,Bacteroidota,Bacteroidia,Chitinophagales,Chitinophagaceae,Taibaiella,,Chitinophagales; Chitinophagaceae; Taibaiella; ASV62,Bacteroidota; Chitinophagales; Chitinophagaceae
ASV63,Bacteria,Proteobacteria,Gammaproteobacteria,Enterobacterales,Hafniaceae,Hafnia-Obesumbacterium,,Enterobacterales; Hafniaceae; Hafnia-Obesumbacterium; ASV63,Proteobacteria; Enterobacterales; Hafniaceae
ASV64,Bacteria,Proteobacteria,Alphaproteobacteria,Caulobacterales,Caulobacteraceae,Brevundimonas,,Caulobacterales; Caulobacteraceae; Brevundimonas; ASV64,Proteobacteria; Caulobacterales; Caulobacteraceae
ASV65,Bacteria,Firmicutes,Clostridia,Lachnospirales,Lachnospiraceae,,,Lachnospirales; Lachnospiraceae; ASV65,Firmicutes; Lachnospirales; Lachnospiraceae
ASV66,Bacteria,Actinobacteriota,Actinobacteria,Pseudonocardiales,Pseudonocardiaceae,Actinomycetospora,,Pseudonocardiales; Pseudonocardiaceae; Actinomycetospora; ASV66,Actinobacteriota; Pseudonocardiales; Pseudonocardiaceae
ASV67,Bacteria,Proteobacteria,Gammaproteobacteria,Pseudomonadales,Pseudomonadaceae,Pseudomonas,,Pseudomonadales; Pseudomonadaceae; Pseudomonas; ASV67,Proteobacteria; Pseudomonadales; Pseudomonadaceae
ASV68,Bacteria,Proteobacteria,Alphaproteobacteria,Acetobacterales,Acetobacteraceae,Roseococcus,uncultured_bacterium,Acetobacterales; Acetobacteraceae; Roseococcus; uncultured_bacterium; ASV68,Proteobacteria; Acetobacterales; Acetobacteraceae
ASV69,Bacteria,Actinobacteriota,Actinobacteria,Frankiales,Nakamurellaceae,Nakamurella,Nakamurella_sp.,Frankiales; Nakamurellaceae; Nakamurella; Nakamurella_sp.; ASV69,Actinobacteriota; Frankiales; Nakamurellaceae
ASV70,Bacteria,Proteobacteria,Gammaproteobacteria,Oceanospirillales,Nitrincolaceae,Neptuniibacter,uncultured_bacterium,Oceanospirillales; Nitrincolaceae; Neptuniibacter; uncultured_bacterium; ASV70,Proteobacteria; Oceanospirillales; Nitrincolaceae
ASV71,Bacteria,Planctomycetota,Planctomycetes,Planctomycetales,Rubinisphaeraceae,SH-PL14,uncultured_planctomycete,Planctomycetales; Rubinisphaeraceae; SH-PL14; uncultured_planctomycete; ASV71,Planctomycetota; Planctomycetales; Rubinisphaeraceae
ASV72,Bacteria,Actinobacteriota,Actinobacteria,Micrococcales,Microbacteriaceae,Microbacterium,,Micrococcales; Microbacteriaceae; Microbacterium; ASV72,Actinobacteriota; Micrococcales; Microbacteriaceae
ASV73,Bacteria,Firmicutes,Clostridia,,,,,ASV73,Firmicutes
ASV74,Bacteria,Planctomycetota,Planctomycetes,Isosphaerales,Isosphaeraceae,Tundrisphaera,uncultured_planctomycete,Isosphaerales; Isosphaeraceae; Tundrisphaera; uncultured_planctomycete; ASV74,Planctomycetota; Isosphaerales; Isosphaeraceae
ASV75,Bacteria,Proteobacteria,Alphaproteobacteria,Rhizobiales,Beijerinckiaceae,Bosea,,Rhizobiales; Beijerinckiaceae; Bosea; ASV75,Proteobacteria; Rhizobiales; Beijerinckiaceae
ASV76,Bacteria,Proteobacteria,Alphaproteobacteria,Rhizobiales,Beijerinckiaceae,Methylobacterium-Methylorubrum,,Rhizobiales; Beijerinckiaceae; Methylobacterium-Methylorubrum; ASV76,Proteobacteria; Rhizobiales; Beijerinckiaceae
ASV77,Bacteria,Actinobacteriota,Actinobacteria,Micrococcales,Microbacteriaceae,,,Micrococcales; Microbacteriaceae; ASV77,Actinobacteriota; Micrococcales; Microbacteriaceae
ASV78,Bacteria,Firmicutes,Bacilli,Paenibacillales,Paenibacillaceae,Paenibacillus,,Paenibacillales; Paenibacillaceae; Paenibacillus; ASV78,Firmicutes; Paenibacillales; Paenibacillaceae
ASV79,Bacteria,Proteobacteria,Gammaproteobacteria,Enterobacterales,Yersiniaceae,,,Enterobacterales; Yersiniaceae; ASV79,Proteobacteria; Enterobacterales; Yersiniaceae
ASV80,Bacteria,Proteobacteria,Alphaproteobacteria,Rhizobiales,Devosiaceae,Devosia,,Rhizobiales; Devosiaceae; Devosia; ASV80,Proteobacteria; Rhizobiales; Devosiaceae
ASV81,Bacteria,Proteobacteria,Alphaproteobacteria,Acetobacterales,Acetobacteraceae,Roseococcus,,Acetobacterales; Acetobacteraceae; Roseococcus; ASV81,Proteobacteria; Acetobacterales; Acetobacteraceae
ASV82,Bacteria,Proteobacteria,Alphaproteobacteria,Rhizobiales,Devosiaceae,Devosia,,Rhizobiales; Devosiaceae; Devosia; ASV82,Proteobacteria; Rhizobiales; Devosiaceae
ASV83,Bacteria,Verrucomicrobiota,Chlamydiae,Chlamydiales,Parachlamydiaceae,Neochlamydia,,Chlamydiales; Parachlamydiaceae; Neochlamydia; ASV83,Verrucomicrobiota; Chlamydiales; Parachlamydiaceae
ASV84,Bacteria,Planctomycetota,Planctomycetes,Gemmatales,Gemmataceae,Zavarzinella,uncultured_bacterium,Gemmatales; Gemmataceae; Zavarzinella; uncultured_bacterium; ASV84,Planctomycetota; Gemmatales; Gemmataceae
ASV85,Bacteria,Actinobacteriota,Actinobacteria,Micrococcales,Microbacteriaceae,,,Micrococcales; Microbacteriaceae; ASV85,Actinobacteriota; Micrococcales; Microbacteriaceae
ASV86,Bacteria,Proteobacteria,Alphaproteobacteria,Acetobacterales,Acetobacteraceae,Acidiphilium,uncultured_bacterium,Acetobacterales; Acetobacteraceae; Acidiphilium; uncultured_bacterium; ASV86,Proteobacteria; Acetobacterales; Acetobacteraceae
ASV87,Bacteria,Bacteroidota,Bacteroidia,Flavobacteriales,Flavobacteriaceae,Polaribacter,,Flavobacteriales; Flavobacteriaceae; Polaribacter; ASV87,Bacteroidota; Flavobacteriales; Flavobacteriaceae
ASV88,Bacteria,Proteobacteria,Alphaproteobacteria,Rhizobiales,Xanthobacteraceae,,,Rhizobiales; Xanthobacteraceae; ASV88,Proteobacteria; Rhizobiales; Xanthobacteraceae
ASV89,Bacteria,Proteobacteria,Alphaproteobacteria,Rhizobiales,Beijerinckiaceae,Methylobacterium-Methylorubrum,,Rhizobiales; Beijerinckiaceae; Methylobacterium-Methylorubrum; ASV89,Proteobacteria; Rhizobiales; Beijerinckiaceae
ASV90,Bacteria,Actinobacteriota,Acidimicrobiia,Microtrichales,Iamiaceae,Iamia,,Microtrichales; Iamiaceae; Iamia; ASV90,Actinobacteriota; Microtrichales; Iamiaceae
ASV91,Bacteria,Firmicutes,Bacilli,Paenibacillales,Paenibacillaceae,Paenibacillus,Paenibacillus_borealis,Paenibacillales; Paenibacillaceae; Paenibacillus; Paenibacillus_borealis; ASV91,Firmicutes; Paenibacillales; Paenibacillaceae
ASV92,Bacteria,Actinobacteriota,Actinobacteria,Corynebacteriales,Mycobacteriaceae,Mycobacterium,,Corynebacteriales; Mycobacteriaceae; Mycobacterium; ASV92,Actinobacteriota; Corynebacteriales; Mycobacteriaceae
ASV93,Bacteria,Proteobacteria,Alphaproteobacteria,Rhizobiales,Devosiaceae,Devosia,,Rhizobiales; Devosiaceae; Devosia; ASV93,Proteobacteria; Rhizobiales; Devosiaceae
ASV94,Bacteria,Proteobacteria,Gammaproteobacteria,Xanthomonadales,Xanthomonadaceae,Stenotrophomonas,Stenotrophomonas_nitritireducens,Xanthomonadales; Xanthomonadaceae; Stenotrophomonas; Stenotrophomonas_nitritireducens; ASV94,Proteobacteria; Xanthomonadales; Xanthomonadaceae
ASV95,Bacteria,Proteobacteria,Alphaproteobacteria,Caulobacterales,Caulobacteraceae,Caulobacter,,Caulobacterales; Caulobacteraceae; Caulobacter; ASV95,Proteobacteria; Caulobacterales; Caulobacteraceae
ASV96,Bacteria,Bacteroidota,Bacteroidia,Flavobacteriales,Weeksellaceae,Chryseobacterium,,Flavobacteriales; Weeksellaceae; Chryseobacterium; ASV96,Bacteroidota; Flavobacteriales; Weeksellaceae
ASV97,Bacteria,Proteobacteria,Gammaproteobacteria,Burkholderiales,Oxalobacteraceae,Herminiimonas,,Burkholderiales; Oxalobacteraceae; Herminiimonas; ASV97,Proteobacteria; Burkholderiales; Oxalobacteraceae
ASV98,Bacteria,Proteobacteria,Alphaproteobacteria,Rhizobiales,Rhizobiaceae,Aminobacter,,Rhizobiales; Rhizobiaceae; Aminobacter; ASV98,Proteobacteria; Rhizobiales; Rhizobiaceae
ASV99,Bacteria,Planctomycetota,Planctomycetes,Gemmatales,Gemmataceae,Zavarzinella,,Gemmatales; Gemmataceae; Zavarzinella; ASV99,Planctomycetota; Gemmatales; Gemmataceae
ASV100,Bacteria,Proteobacteria,Alphaproteobacteria,Acetobacterales,Acetobacteraceae,Acidiphilium,uncultured_bacterium,Acetobacterales; Acetobacteraceae; Acidiphilium; uncultured_bacterium; ASV100,Proteobacteria; Acetobacterales; Acetobacteraceae
ASV101,Bacteria,Proteobacteria,Gammaproteobacteria,Burkholderiales,Comamonadaceae,Delftia,,Burkholderiales; Comamonadaceae; Delftia; ASV101,Proteobacteria; Burkholderiales; Comamonadaceae
ASV102,Bacteria,Actinobacteriota,Actinobacteria,Micrococcales,Micrococcaceae,Paenarthrobacter,,Micrococcales; Micrococcaceae; Paenarthrobacter; ASV102,Actinobacteriota; Micrococcales; Micrococcaceae
ASV103,Bacteria,Proteobacteria,Alphaproteobacteria,Rhizobiales,Devosiaceae,Devosia,,Rhizobiales; Devosiaceae; Devosia; ASV103,Proteobacteria; Rhizobiales; Devosiaceae
ASV104,Bacteria,Actinobacteriota,Actinobacteria,Frankiales,Geodermatophilaceae,Modestobacter,,Frankiales; Geodermatophilaceae; Modestobacter; ASV104,Actinobacteriota; Frankiales; Geodermatophilaceae
ASV105,Bacteria,Actinobacteriota,Actinobacteria,Corynebacteriales,Nocardiaceae,Rhodococcus,,Corynebacteriales; Nocardiaceae; Rhodococcus; ASV105,Actinobacteriota; Corynebacteriales; Nocardiaceae
ASV106,Bacteria,Firmicutes,Clostridia,Oscillospirales,Ruminococcaceae,Candidatus_Soleaferrea,,Oscillospirales; Ruminococcaceae; Candidatus_Soleaferrea; ASV106,Firmicutes; Oscillospirales; Ruminococcaceae
ASV107,Bacteria,Proteobacteria,Gammaproteobacteria,Pseudomonadales,Pseudomonadaceae,Pseudomonas,,Pseudomonadales; Pseudomonadaceae; Pseudomonas; ASV107,Proteobacteria; Pseudomonadales; Pseudomonadaceae
ASV108,Bacteria,Actinobacteriota,Actinobacteria,Micrococcales,Cellulomonadaceae,Cellulomonas,,Micrococcales; Cellulomonadaceae; Cellulomonas; ASV108,Actinobacteriota; Micrococcales; Cellulomonadaceae
ASV109,Bacteria,Proteobacteria,Alphaproteobacteria,Acetobacterales,Acetobacteraceae,Acidiphilium,uncultured_bacterium,Acetobacterales; Acetobacteraceae; Acidiphilium; uncultured_bacterium; ASV109,Proteobacteria; Acetobacterales; Acetobacteraceae
ASV110,Bacteria,Actinobacteriota,Actinobacteria,Micrococcales,Sanguibacteraceae,Sanguibacter,,Micrococcales; Sanguibacteraceae; Sanguibacter; ASV110,Actinobacteriota; Micrococcales; Sanguibacteraceae
ASV111,Bacteria,Chloroflexi,Ktedonobacteria,Ktedonobacterales,Ktedonobacteraceae,,uncultured_Ktedobacteria,Ktedonobacterales; Ktedonobacteraceae; uncultured_Ktedobacteria; ASV111,Chloroflexi; Ktedonobacterales; Ktedonobacteraceae
ASV112,Bacteria,Firmicutes,Bacilli,Lactobacillales,Carnobacteriaceae,Carnobacterium,,Lactobacillales; Carnobacteriaceae; Carnobacterium; ASV112,Firmicutes; Lactobacillales; Carnobacteriaceae
ASV113,Bacteria,Proteobacteria,Alphaproteobacteria,Rhizobiales,Devosiaceae,Devosia,,Rhizobiales; Devosiaceae; Devosia; ASV113,Proteobacteria; Rhizobiales; Devosiaceae
ASV114,Bacteria,Proteobacteria,Alphaproteobacteria,Rhizobiales,Rhizobiales_Incertae_Sedis,Phreatobacter,Phreatobacter_sp.,Rhizobiales; Rhizobiales_Incertae_Sedis; Phreatobacter; Phreatobacter_sp.; ASV114,Proteobacteria; Rhizobiales; Rhizobiales_Incertae_Sedis
ASV115,Bacteria,Bacteroidota,Bacteroidia,Chitinophagales,Chitinophagaceae,Taibaiella,,Chitinophagales; Chitinophagaceae; Taibaiella; ASV115,Bacteroidota; Chitinophagales; Chitinophagaceae
ASV116,Bacteria,Actinobacteriota,Actinobacteria,Frankiales,Geodermatophilaceae,Blastococcus,,Frankiales; Geodermatophilaceae; Blastococcus; ASV116,Actinobacteriota; Frankiales; Geodermatophilaceae
ASV117,Bacteria,Proteobacteria,Gammaproteobacteria,Burkholderiales,Alcaligenaceae,Achromobacter,,Burkholderiales; Alcaligenaceae; Achromobacter; ASV117,Proteobacteria; Burkholderiales; Alcaligenaceae
ASV118,Bacteria,Planctomycetota,Planctomycetes,Pirellulales,Pirellulaceae,Pirellula,,Pirellulales; Pirellulaceae; Pirellula; ASV118,Planctomycetota; Pirellulales; Pirellulaceae
ASV119,Bacteria,Proteobacteria,Alphaproteobacteria,Rhizobiales,Devosiaceae,Devosia,Devosia_glacialis,Rhizobiales; Devosiaceae; Devosia; Devosia_glacialis; ASV119,Proteobacteria; Rhizobiales; Devosiaceae
ASV120,Bacteria,Proteobacteria,Alphaproteobacteria,Caulobacterales,Caulobacteraceae,Brevundimonas,Brevundimonas_terrae,Caulobacterales; Caulobacteraceae; Brevundimonas; Brevundimonas_terrae; ASV120,Proteobacteria; Caulobacterales; Caulobacteraceae
ASV121,Bacteria,Planctomycetota,Planctomycetes,Gemmatales,Gemmataceae,Fimbriiglobus,Gemmata_sp.,Gemmatales; Gemmataceae; Fimbriiglobus; Gemmata_sp.; ASV121,Planctomycetota; Gemmatales; Gemmataceae
ASV122,Bacteria,Bacteroidota,Bacteroidia,Sphingobacteriales,Sphingobacteriaceae,Sphingobacterium,,Sphingobacteriales; Sphingobacteriaceae; Sphingobacterium; ASV122,Bacteroidota; Sphingobacteriales; Sphingobacteriaceae
ASV123,Bacteria,Proteobacteria,Alphaproteobacteria,Rhizobiales,Rhizobiaceae,Allorhizobium-Neorhizobium-Pararhizobium-Rhizobium,,Rhizobiales; Rhizobiaceae; Allorhizobium-Neorhizobium-Pararhizobium-Rhizobium; ASV123,Proteobacteria; Rhizobiales; Rhizobiaceae
ASV124,Bacteria,Bacteroidota,Bacteroidia,Sphingobacteriales,Sphingobacteriaceae,Pedobacter,,Sphingobacteriales; Sphingobacteriaceae; Pedobacter; ASV124,Bacteroidota; Sphingobacteriales; Sphingobacteriaceae
ASV125,Bacteria,Actinobacteriota,Actinobacteria,Micrococcales,Microbacteriaceae,Amnibacterium,uncultured_bacterium,Micrococcales; Microbacteriaceae; Amnibacterium; uncultured_bacterium; ASV125,Actinobacteriota; Micrococcales; Microbacteriaceae
ASV126,Bacteria,Chloroflexi,Ktedonobacteria,Ktedonobacterales,Ktedonobacteraceae,,uncultured_Ktedobacteria,Ktedonobacterales; Ktedonobacteraceae; uncultured_Ktedobacteria; ASV126,Chloroflexi; Ktedonobacterales; Ktedonobacteraceae
ASV127,Bacteria,Proteobacteria,Alphaproteobacteria,Rhodobacterales,Rhodobacteraceae,Planktomarina,,Rhodobacterales; Rhodobacteraceae; Planktomarina; ASV127,Proteobacteria; Rhodobacterales; Rhodobacteraceae
ASV128,Bacteria,Proteobacteria,Alphaproteobacteria,Rhizobiales,Devosiaceae,Devosia,metagenome,Rhizobiales; Devosiaceae; Devosia; metagenome; ASV128,Proteobacteria; Rhizobiales; Devosiaceae
ASV129,Bacteria,Actinobacteriota,Rubrobacteria,Rubrobacterales,Rubrobacteriaceae,Rubrobacter,,Rubrobacterales; Rubrobacteriaceae; Rubrobacter; ASV129,Actinobacteriota; Rubrobacterales; Rubrobacteriaceae
ASV130,Bacteria,Proteobacteria,Gammaproteobacteria,Burkholderiales,Comamonadaceae,,,Burkholderiales; Comamonadaceae; ASV130,Proteobacteria; Burkholderiales; Comamonadaceae
ASV131,Bacteria,Armatimonadota,Fimbriimonadia,Fimbriimonadales,Fimbriimonadaceae,Fimbriimonadaceae,uncultured_bacterium,Fimbriimonadales; Fimbriimonadaceae; Fimbriimonadaceae; uncultured_bacterium; ASV131,Armatimonadota; Fimbriimonadales; Fimbriimonadaceae
ASV132,Bacteria,Bacteroidota,Bacteroidia,Sphingobacteriales,Sphingobacteriaceae,Pedobacter,,Sphingobacteriales; Sphingobacteriaceae; Pedobacter; ASV132,Bacteroidota; Sphingobacteriales; Sphingobacteriaceae
ASV133,Bacteria,Proteobacteria,Alphaproteobacteria,Caulobacterales,Caulobacteraceae,Brevundimonas,Brevundimonas_diminuta,Caulobacterales; Caulobacteraceae; Brevundimonas; Brevundimonas_diminuta; ASV133,Proteobacteria; Caulobacterales; Caulobacteraceae
ASV134,Bacteria,Actinobacteriota,Actinobacteria,Frankiales,,,,Frankiales; ASV134,Actinobacteriota; Frankiales
ASV135,Bacteria,Actinobacteriota,Actinobacteria,Corynebacteriales,Mycobacteriaceae,Mycobacterium,,Corynebacteriales; Mycobacteriaceae; Mycobacterium; ASV135,Actinobacteriota; Corynebacteriales; Mycobacteriaceae
ASV136,Bacteria,Bacteroidota,Bacteroidia,Cytophagales,Spirosomaceae,Dyadobacter,,Cytophagales; Spirosomaceae; Dyadobacter; ASV136,Bacteroidota; Cytophagales; Spirosomaceae
ASV137,Bacteria,Proteobacteria,Alphaproteobacteria,Rhizobiales,Xanthobacteraceae,,,Rhizobiales; Xanthobacteraceae; ASV137,Proteobacteria; Rhizobiales; Xanthobacteraceae
ASV138,Bacteria,Bacteroidota,Bacteroidia,Bacteroidales,Dysgonomonadaceae,Dysgonomonas,,Bacteroidales; Dysgonomonadaceae; Dysgonomonas; ASV138,Bacteroidota; Bacteroidales; Dysgonomonadaceae
ASV139,Bacteria,Actinobacteriota,Actinobacteria,Actinomycetales,Actinomycetaceae,Actinomyces,uncultured_Actinomycetales,Actinomycetales; Actinomycetaceae; Actinomyces; uncultured_Actinomycetales; ASV139,Actinobacteriota; Actinomycetales; Actinomycetaceae
ASV140,Bacteria,Proteobacteria,Alphaproteobacteria,Acetobacterales,Acetobacteraceae,Acidiphilium,uncultured_bacterium,Acetobacterales; Acetobacteraceae; Acidiphilium; uncultured_bacterium; ASV140,Proteobacteria; Acetobacterales; Acetobacteraceae
ASV141,Bacteria,Proteobacteria,Alphaproteobacteria,Sphingomonadales,Sphingomonadaceae,Sphingobium,,Sphingomonadales; Sphingomonadaceae; Sphingobium; ASV141,Proteobacteria; Sphingomonadales; Sphingomonadaceae
ASV142,Bacteria,Verrucomicrobiota,Chlamydiae,Chlamydiales,Parachlamydiaceae,Neochlamydia,,Chlamydiales; Parachlamydiaceae; Neochlamydia; ASV142,Verrucomicrobiota; Chlamydiales; Parachlamydiaceae
ASV143,Bacteria,Proteobacteria,Alphaproteobacteria,Rhizobiales,Beijerinckiaceae,Bosea,,Rhizobiales; Beijerinckiaceae; Bosea; ASV143,Proteobacteria; Rhizobiales; Beijerinckiaceae
ASV144,Bacteria,Actinobacteriota,Actinobacteria,Micrococcales,Intrasporangiaceae,Knoellia,,Micrococcales; Intrasporangiaceae; Knoellia; ASV144,Actinobacteriota; Micrococcales; Intrasporangiaceae
ASV145,Bacteria,Proteobacteria,Alphaproteobacteria,Rhizobiales,Devosiaceae,Devosia,,Rhizobiales; Devosiaceae; Devosia; ASV145,Proteobacteria; Rhizobiales; Devosiaceae
ASV146,Bacteria,Actinobacteriota,Actinobacteria,Corynebacteriales,Nocardiaceae,Rhodococcus,,Corynebacteriales; Nocardiaceae; Rhodococcus; ASV146,Actinobacteriota; Corynebacteriales; Nocardiaceae
ASV147,Bacteria,Actinobacteriota,Actinobacteria,Micrococcales,Intrasporangiaceae,,,Micrococcales; Intrasporangiaceae; ASV147,Actinobacteriota; Micrococcales; Intrasporangiaceae
ASV148,Bacteria,Proteobacteria,Alphaproteobacteria,Rhizobiales,Devosiaceae,,,Rhizobiales; Devosiaceae; ASV148,Proteobacteria; Rhizobiales; Devosiaceae
ASV149,Bacteria,Planctomycetota,Planctomycetes,Isosphaerales,Isosphaeraceae,Tundrisphaera,uncultured_bacterium,Isosphaerales; Isosphaeraceae; Tundrisphaera; uncultured_bacterium; ASV149,Planctomycetota; Isosphaerales; Isosphaeraceae
ASV150,Bacteria,Actinobacteriota,Acidimicrobiia,Microtrichales,Microtrichaceae,IMCC26207,,Microtrichales; Microtrichaceae; IMCC26207; ASV150,Actinobacteriota; Microtrichales; Microtrichaceae
ASV151,Bacteria,Firmicutes,Bacilli,Paenibacillales,Paenibacillaceae,Paenibacillus,,Paenibacillales; Paenibacillaceae; Paenibacillus; ASV151,Firmicutes; Paenibacillales; Paenibacillaceae
ASV152,Bacteria,Chloroflexi,Chloroflexia,Thermomicrobiales,JG30-KF-CM45,JG30-KF-CM45,uncultured_soil,Thermomicrobiales; JG30-KF-CM45; JG30-KF-CM45; uncultured_soil; ASV152,Chloroflexi; Thermomicrobiales; JG30-KF-CM45
ASV153,Bacteria,Firmicutes,Clostridia,,,,,ASV153,Firmicutes
ASV154,Bacteria,Proteobacteria,Alphaproteobacteria,Rhodobacterales,Rhodobacteraceae,Sulfitobacter,,Rhodobacterales; Rhodobacteraceae; Sulfitobacter; ASV154,Proteobacteria; Rhodobacterales; Rhodobacteraceae
ASV155,Bacteria,Actinobacteriota,Actinobacteria,Frankiales,,,,Frankiales; ASV155,Actinobacteriota; Frankiales
ASV156,Bacteria,Proteobacteria,Alphaproteobacteria,Rhizobiales,Beijerinckiaceae,Methylobacterium-Methylorubrum,,Rhizobiales; Beijerinckiaceae; Methylobacterium-Methylorubrum; ASV156,Proteobacteria; Rhizobiales; Beijerinckiaceae
ASV157,Bacteria,Actinobacteriota,Thermoleophilia,Solirubrobacterales,Solirubrobacteraceae,Conexibacter,,Solirubrobacterales; Solirubrobacteraceae; Conexibacter; ASV157,Actinobacteriota; Solirubrobacterales; Solirubrobacteraceae
ASV158,Bacteria,Proteobacteria,Alphaproteobacteria,Rhodobacterales,Rhodobacteraceae,Amylibacter,,Rhodobacterales; Rhodobacteraceae; Amylibacter; ASV158,Proteobacteria; Rhodobacterales; Rhodobacteraceae
ASV159,Bacteria,Proteobacteria,Alphaproteobacteria,Sphingomonadales,Sphingomonadaceae,Novosphingobium,,Sphingomonadales; Sphingomonadaceae; Novosphingobium; ASV159,Proteobacteria; Sphingomonadales; Sphingomonadaceae
ASV160,Bacteria,Proteobacteria,Alphaproteobacteria,Rhizobiales,Beijerinckiaceae,Bosea,,Rhizobiales; Beijerinckiaceae; Bosea; ASV160,Proteobacteria; Rhizobiales; Beijerinckiaceae
ASV161,Bacteria,Firmicutes,Bacilli,Exiguobacterales,Exiguobacteraceae,Exiguobacterium,Exiguobacterium_undae,Exiguobacterales; Exiguobacteraceae; Exiguobacterium; Exiguobacterium_undae; ASV161,Firmicutes; Exiguobacterales; Exiguobacteraceae
ASV162,Bacteria,Proteobacteria,Gammaproteobacteria,Alteromonadales,Alteromonadaceae,Glaciecola,,Alteromonadales; Alteromonadaceae; Glaciecola; ASV162,Proteobacteria; Alteromonadales; Alteromonadaceae
ASV163,Bacteria,Bacteroidota,Bacteroidia,Flavobacteriales,Weeksellaceae,Chryseobacterium,,Flavobacteriales; Weeksellaceae; Chryseobacterium; ASV163,Bacteroidota; Flavobacteriales; Weeksellaceae
ASV164,Bacteria,Bacteroidota,Bacteroidia,Flavobacteriales,Flavobacteriaceae,Flavobacterium,,Flavobacteriales; Flavobacteriaceae; Flavobacterium; ASV164,Bacteroidota; Flavobacteriales; Flavobacteriaceae
ASV165,Bacteria,Proteobacteria,Alphaproteobacteria,Rhizobiales,Beijerinckiaceae,Bosea,,Rhizobiales; Beijerinckiaceae; Bosea; ASV165,Proteobacteria; Rhizobiales; Beijerinckiaceae
ASV166,Bacteria,Proteobacteria,Alphaproteobacteria,Acetobacterales,Acetobacteraceae,Acidiphilium,uncultured_bacterium,Acetobacterales; Acetobacteraceae; Acidiphilium; uncultured_bacterium; ASV166,Proteobacteria; Acetobacterales; Acetobacteraceae
ASV167,Bacteria,Actinobacteriota,Actinobacteria,Micrococcales,Microbacteriaceae,,,Micrococcales; Microbacteriaceae; ASV167,Actinobacteriota; Micrococcales; Microbacteriaceae
ASV168,Bacteria,Proteobacteria,Alphaproteobacteria,Sphingomonadales,Sphingomonadaceae,Sphingobium,,Sphingomonadales; Sphingomonadaceae; Sphingobium; ASV168,Proteobacteria; Sphingomonadales; Sphingomonadaceae
ASV169,Bacteria,Proteobacteria,Alphaproteobacteria,Acetobacterales,Acetobacteraceae,Acidiphilium,uncultured_bacterium,Acetobacterales; Acetobacteraceae; Acidiphilium; uncultured_bacterium; ASV169,Proteobacteria; Acetobacterales; Acetobacteraceae
ASV170,Bacteria,Planctomycetota,Planctomycetes,Isosphaerales,Isosphaeraceae,,,Isosphaerales; Isosphaeraceae; ASV170,Planctomycetota; Isosphaerales; Isosphaeraceae
ASV171,Bacteria,Proteobacteria,Gammaproteobacteria,Alteromonadales,Colwelliaceae,Colwellia,,Alteromonadales; Colwelliaceae; Colwellia; ASV171,Proteobacteria; Alteromonadales; Colwelliaceae
ASV172,Bacteria,Verrucomicrobiota,Verrucomicrobiae,Verrucomicrobiales,Rubritaleaceae,Luteolibacter,,Verrucomicrobiales; Rubritaleaceae; Luteolibacter; ASV172,Verrucomicrobiota; Verrucomicrobiales; Rubritaleaceae
ASV173,Bacteria,Bacteroidota,Bacteroidia,Flavobacteriales,Flavobacteriaceae,Flavobacterium,,Flavobacteriales; Flavobacteriaceae; Flavobacterium; ASV173,Bacteroidota; Flavobacteriales; Flavobacteriaceae
ASV174,Bacteria,Fusobacteriota,Fusobacteriia,Fusobacteriales,Leptotrichiaceae,Sebaldella,Sebaldella_termitidis,Fusobacteriales; Leptotrichiaceae; Sebaldella; Sebaldella_termitidis; ASV174,Fusobacteriota; Fusobacteriales; Leptotrichiaceae
ASV175,Bacteria,Planctomycetota,Planctomycetes,Gemmatales,Gemmataceae,Zavarzinella,uncultured_bacterium,Gemmatales; Gemmataceae; Zavarzinella; uncultured_bacterium; ASV175,Planctomycetota; Gemmatales; Gemmataceae
ASV176,Bacteria,Proteobacteria,Alphaproteobacteria,Sphingomonadales,Sphingomonadaceae,,,Sphingomonadales; Sphingomonadaceae; ASV176,Proteobacteria; Sphingomonadales; Sphingomonadaceae
ASV177,Bacteria,Proteobacteria,Alphaproteobacteria,Rhizobiales,Xanthobacteraceae,Rhodopseudomonas,,Rhizobiales; Xanthobacteraceae; Rhodopseudomonas; ASV177,Proteobacteria; Rhizobiales; Xanthobacteraceae
ASV178,Bacteria,Proteobacteria,Alphaproteobacteria,Acetobacterales,Acetobacteraceae,Belnapia,uncultured_bacterium,Acetobacterales; Acetobacteraceae; Belnapia; uncultured_bacterium; ASV178,Proteobacteria; Acetobacterales; Acetobacteraceae
ASV179,Bacteria,Bacteroidota,Bacteroidia,Sphingobacteriales,Sphingobacteriaceae,Pedobacter,,Sphingobacteriales; Sphingobacteriaceae; Pedobacter; ASV179,Bacteroidota; Sphingobacteriales; Sphingobacteriaceae
ASV180,Bacteria,Firmicutes,Clostridia,,,,,ASV180,Firmicutes
ASV181,Bacteria,Proteobacteria,Gammaproteobacteria,Oceanospirillales,Nitrincolaceae,,,Oceanospirillales; Nitrincolaceae; ASV181,Proteobacteria; Oceanospirillales; Nitrincolaceae
ASV182,Bacteria,Actinobacteriota,Actinobacteria,Micrococcales,Intrasporangiaceae,,,Micrococcales; Intrasporangiaceae; ASV182,Actinobacteriota; Micrococcales; Intrasporangiaceae
ASV183,Bacteria,Proteobacteria,Gammaproteobacteria,Alteromonadales,Colwelliaceae,Colwellia,,Alteromonadales; Colwelliaceae; Colwellia; ASV183,Proteobacteria; Alteromonadales; Colwelliaceae
ASV184,Bacteria,Proteobacteria,Alphaproteobacteria,Rhizobiales,Rhizobiaceae,Bartonella,,Rhizobiales; Rhizobiaceae; Bartonella; ASV184,Proteobacteria; Rhizobiales; Rhizobiaceae
ASV185,Bacteria,Firmicutes,Clostridia,Lachnospirales,Lachnospiraceae,,,Lachnospirales; Lachnospiraceae; ASV185,Firmicutes; Lachnospirales; Lachnospiraceae
ASV186,Bacteria,Proteobacteria,Alphaproteobacteria,Sphingomonadales,Sphingomonadaceae,Sphingomonas,,Sphingomonadales; Sphingomonadaceae; Sphingomonas; ASV186,Proteobacteria; Sphingomonadales; Sphingomonadaceae
ASV187,Bacteria,Cyanobacteria,Cyanobacteriia,Cyanobacteriales,Chroococcidiopsaceae,,uncultured_bacterium,Cyanobacteriales; Chroococcidiopsaceae; uncultured_bacterium; ASV187,Cyanobacteria; Cyanobacteriales; Chroococcidiopsaceae
ASV188,Bacteria,Proteobacteria,Gammaproteobacteria,Legionellales,Legionellaceae,Legionella,,Legionellales; Legionellaceae; Legionella; ASV188,Proteobacteria; Legionellales; Legionellaceae
ASV189,Bacteria,Firmicutes,Bacilli,Paenibacillales,Paenibacillaceae,Paenibacillus,,Paenibacillales; Paenibacillaceae; Paenibacillus; ASV189,Firmicutes; Paenibacillales; Paenibacillaceae
ASV190,Bacteria,Proteobacteria,Alphaproteobacteria,Acetobacterales,Acetobacteraceae,Acidiphilium,uncultured_bacterium,Acetobacterales; Acetobacteraceae; Acidiphilium; uncultured_bacterium; ASV190,Proteobacteria; Acetobacterales; Acetobacteraceae
ASV191,Bacteria,Bacteroidota,Bacteroidia,Cytophagales,Spirosomaceae,Dyadobacter,,Cytophagales; Spirosomaceae; Dyadobacter; ASV191,Bacteroidota; Cytophagales; Spirosomaceae
ASV192,Bacteria,Proteobacteria,Alphaproteobacteria,Sphingomonadales,Sphingomonadaceae,Sphingopyxis,metagenome,Sphingomonadales; Sphingomonadaceae; Sphingopyxis; metagenome; ASV192,Proteobacteria; Sphingomonadales; Sphingomonadaceae
ASV193,Bacteria,Actinobacteriota,Acidimicrobiia,Microtrichales,Microtrichaceae,,metagenome,Microtrichales; Microtrichaceae; metagenome; ASV193,Actinobacteriota; Microtrichales; Microtrichaceae
ASV194,Bacteria,Actinobacteriota,Actinobacteria,Corynebacteriales,Mycobacteriaceae,Mycobacterium,,Corynebacteriales; Mycobacteriaceae; Mycobacterium; ASV194,Actinobacteriota; Corynebacteriales; Mycobacteriaceae
ASV195,Bacteria,Proteobacteria,Gammaproteobacteria,Oceanospirillales,Marinomonadaceae,Marinomonas,uncultured_marine,Oceanospirillales; Marinomonadaceae; Marinomonas; uncultured_marine; ASV195,Proteobacteria; Oceanospirillales; Marinomonadaceae
ASV196,Bacteria,Actinobacteriota,Actinobacteria,Frankiales,Nakamurellaceae,Nakamurella,,Frankiales; Nakamurellaceae; Nakamurella; ASV196,Actinobacteriota; Frankiales; Nakamurellaceae
ASV197,Bacteria,Proteobacteria,Alphaproteobacteria,Rhizobiales,Devosiaceae,Devosia,,Rhizobiales; Devosiaceae; Devosia; ASV197,Proteobacteria; Rhizobiales; Devosiaceae
ASV198,Bacteria,Actinobacteriota,Actinobacteria,Micrococcales,Microbacteriaceae,,,Micrococcales; Microbacteriaceae; ASV198,Actinobacteriota; Micrococcales; Microbacteriaceae
ASV199,Bacteria,Chloroflexi,Chloroflexia,Thermomicrobiales,JG30-KF-CM45,JG30-KF-CM45,uncultured_soil,Thermomicrobiales; JG30-KF-CM45; JG30-KF-CM45; uncultured_soil; ASV199,Chloroflexi; Thermomicrobiales; JG30-KF-CM45
ASV200,Bacteria,Myxococcota,Myxococcia,Myxococcales,Myxococcaceae,P3OB-42,uncultured_bacterium,Myxococcales; Myxococcaceae; P3OB-42; uncultured_bacterium; ASV200,Myxococcota; Myxococcales; Myxococcaceae
ASV201,Bacteria,Actinobacteriota,Actinobacteria,Micrococcales,Microbacteriaceae,,,Micrococcales; Microbacteriaceae; ASV201,Actinobacteriota; Micrococcales; Microbacteriaceae
ASV202,Bacteria,Actinobacteriota,Actinobacteria,Corynebacteriales,Nocardiaceae,Nocardia,,Corynebacteriales; Nocardiaceae; Nocardia; ASV202,Actinobacteriota; Corynebacteriales; Nocardiaceae
ASV203,Bacteria,Planctomycetota,Planctomycetes,Isosphaerales,Isosphaeraceae,Tundrisphaera,uncultured_bacterium,Isosphaerales; Isosphaeraceae; Tundrisphaera; uncultured_bacterium; ASV203,Planctomycetota; Isosphaerales; Isosphaeraceae
ASV204,Bacteria,Cyanobacteria,Cyanobacteriia,Cyanobacteriales,Chroococcidiopsaceae,Aliterella,uncultured_bacterium,Cyanobacteriales; Chroococcidiopsaceae; Aliterella; uncultured_bacterium; ASV204,Cyanobacteria; Cyanobacteriales; Chroococcidiopsaceae
ASV205,Bacteria,Planctomycetota,Planctomycetes,Pirellulales,Pirellulaceae,,metagenome,Pirellulales; Pirellulaceae; metagenome; ASV205,Planctomycetota; Pirellulales; Pirellulaceae
ASV206,Bacteria,Firmicutes,Bacilli,Paenibacillales,Paenibacillaceae,Paenibacillus,,Paenibacillales; Paenibacillaceae; Paenibacillus; ASV206,Firmicutes; Paenibacillales; Paenibacillaceae
ASV207,Bacteria,Proteobacteria,Alphaproteobacteria,Acetobacterales,Acetobacteraceae,Acidiphilium,uncultured_Alphaproteobacteria,Acetobacterales; Acetobacteraceae; Acidiphilium; uncultured_Alphaproteobacteria; ASV207,Proteobacteria; Acetobacterales; Acetobacteraceae
ASV208,Bacteria,Actinobacteriota,Actinobacteria,Micrococcales,Dermacoccaceae,Allobranchiibius,,Micrococcales; Dermacoccaceae; Allobranchiibius; ASV208,Actinobacteriota; Micrococcales; Dermacoccaceae
ASV209,Bacteria,Proteobacteria,Alphaproteobacteria,Rhizobiales,Rhizobiaceae,Allorhizobium-Neorhizobium-Pararhizobium-Rhizobium,,Rhizobiales; Rhizobiaceae; Allorhizobium-Neorhizobium-Pararhizobium-Rhizobium; ASV209,Proteobacteria; Rhizobiales; Rhizobiaceae
ASV210,Bacteria,Proteobacteria,Alphaproteobacteria,Sphingomonadales,Sphingomonadaceae,Sphingopyxis,,Sphingomonadales; Sphingomonadaceae; Sphingopyxis; ASV210,Proteobacteria; Sphingomonadales; Sphingomonadaceae
ASV211,Bacteria,Bacteroidota,Bacteroidia,Flavobacteriales,Weeksellaceae,Chryseobacterium,,Flavobacteriales; Weeksellaceae; Chryseobacterium; ASV211,Bacteroidota; Flavobacteriales; Weeksellaceae
ASV212,Bacteria,Proteobacteria,Alphaproteobacteria,Reyranellales,Reyranellaceae,Reyranella,metagenome,Reyranellales; Reyranellaceae; Reyranella; metagenome; ASV212,Proteobacteria; Reyranellales; Reyranellaceae
ASV213,Bacteria,Firmicutes,Bacilli,Lactobacillales,Listeriaceae,Brochothrix,,Lactobacillales; Listeriaceae; Brochothrix; ASV213,Firmicutes; Lactobacillales; Listeriaceae
ASV214,Bacteria,Actinobacteriota,Actinobacteria,Micrococcales,Micrococcaceae,Micrococcus,,Micrococcales; Micrococcaceae; Micrococcus; ASV214,Actinobacteriota; Micrococcales; Micrococcaceae
ASV215,Bacteria,Proteobacteria,Gammaproteobacteria,Burkholderiales,Comamonadaceae,,,Burkholderiales; Comamonadaceae; ASV215,Proteobacteria; Burkholderiales; Comamonadaceae
ASV216,Bacteria,Proteobacteria,Alphaproteobacteria,Acetobacterales,Acetobacteraceae,Rhodovarius,uncultured_bacterium,Acetobacterales; Acetobacteraceae; Rhodovarius; uncultured_bacterium; ASV216,Proteobacteria; Acetobacterales; Acetobacteraceae
ASV217,Bacteria,Proteobacteria,Gammaproteobacteria,Pseudomonadales,Pseudomonadaceae,Pseudomonas,,Pseudomonadales; Pseudomonadaceae; Pseudomonas; ASV217,Proteobacteria; Pseudomonadales; Pseudomonadaceae
ASV218,Bacteria,Proteobacteria,Alphaproteobacteria,Acetobacterales,Acetobacteraceae,Acidiphilium,,Acetobacterales; Acetobacteraceae; Acidiphilium; ASV218,Proteobacteria; Acetobacterales; Acetobacteraceae
ASV219,Bacteria,Proteobacteria,Gammaproteobacteria,Legionellales,Legionellaceae,Legionella,,Legionellales; Legionellaceae; Legionella; ASV219,Proteobacteria; Legionellales; Legionellaceae
ASV220,Bacteria,Actinobacteriota,Actinobacteria,Frankiales,,,Actinomycetales_bacterium,Frankiales; Actinomycetales_bacterium; ASV220,Actinobacteriota; Frankiales
ASV221,Bacteria,Firmicutes,Clostridia,Lachnospirales,Lachnospiraceae,Tyzzerella,,Lachnospirales; Lachnospiraceae; Tyzzerella; ASV221,Firmicutes; Lachnospirales; Lachnospiraceae
ASV222,Bacteria,Proteobacteria,Alphaproteobacteria,Sphingomonadales,Sphingomonadaceae,Rhizorhapis,uncultured_bacterium,Sphingomonadales; Sphingomonadaceae; Rhizorhapis; uncultured_bacterium; ASV222,Proteobacteria; Sphingomonadales; Sphingomonadaceae
ASV223,Bacteria,Proteobacteria,Alphaproteobacteria,Rhizobiales,Rhizobiaceae,Aminobacter,,Rhizobiales; Rhizobiaceae; Aminobacter; ASV223,Proteobacteria; Rhizobiales; Rhizobiaceae
ASV224,Bacteria,Proteobacteria,Gammaproteobacteria,Oceanospirillales,Pseudohongiellaceae,Pseudohongiella,,Oceanospirillales; Pseudohongiellaceae; Pseudohongiella; ASV224,Proteobacteria; Oceanospirillales; Pseudohongiellaceae
ASV225,Bacteria,Proteobacteria,Alphaproteobacteria,Acetobacterales,Acetobacteraceae,Acidiphilium,uncultured_bacterium,Acetobacterales; Acetobacteraceae; Acidiphilium; uncultured_bacterium; ASV225,Proteobacteria; Acetobacterales; Acetobacteraceae
ASV226,Bacteria,Actinobacteriota,Thermoleophilia,Solirubrobacterales,Solirubrobacteraceae,Conexibacter,,Solirubrobacterales; Solirubrobacteraceae; Conexibacter; ASV226,Actinobacteriota; Solirubrobacterales; Solirubrobacteraceae
ASV227,Bacteria,Actinobacteriota,Actinobacteria,Frankiales,Geodermatophilaceae,Blastococcus,Blastococcus_sp.,Frankiales; Geodermatophilaceae; Blastococcus; Blastococcus_sp.; ASV227,Actinobacteriota; Frankiales; Geodermatophilaceae
ASV228,Bacteria,Planctomycetota,Planctomycetes,Isosphaerales,Isosphaeraceae,,,Isosphaerales; Isosphaeraceae; ASV228,Planctomycetota; Isosphaerales; Isosphaeraceae
ASV229,Bacteria,Proteobacteria,Alphaproteobacteria,Caulobacterales,Caulobacteraceae,Brevundimonas,,Caulobacterales; Caulobacteraceae; Brevundimonas; ASV229,Proteobacteria; Caulobacterales; Caulobacteraceae
ASV230,Bacteria,Planctomycetota,Planctomycetes,Isosphaerales,Isosphaeraceae,Tundrisphaera,uncultured_Singulisphaera,Isosphaerales; Isosphaeraceae; Tundrisphaera; uncultured_Singulisphaera; ASV230,Planctomycetota; Isosphaerales; Isosphaeraceae
ASV231,Bacteria,Actinobacteriota,Actinobacteria,Micrococcales,Intrasporangiaceae,Terrabacter,,Micrococcales; Intrasporangiaceae; Terrabacter; ASV231,Actinobacteriota; Micrococcales; Intrasporangiaceae
ASV232,Bacteria,Bacteroidota,Bacteroidia,Flavobacteriales,Flavobacteriaceae,Flavobacterium,,Flavobacteriales; Flavobacteriaceae; Flavobacterium; ASV232,Bacteroidota; Flavobacteriales; Flavobacteriaceae
ASV233,Bacteria,Proteobacteria,Alphaproteobacteria,Rhizobiales,Rhizobiales_Incertae_Sedis,Phreatobacter,Phreatobacter_sp.,Rhizobiales; Rhizobiales_Incertae_Sedis; Phreatobacter; Phreatobacter_sp.; ASV233,Proteobacteria; Rhizobiales; Rhizobiales_Incertae_Sedis
ASV234,Bacteria,Proteobacteria,Gammaproteobacteria,Burkholderiales,Alcaligenaceae,Advenella,,Burkholderiales; Alcaligenaceae; Advenella; ASV234,Proteobacteria; Burkholderiales; Alcaligenaceae
ASV235,Bacteria,Bacteroidota,Bacteroidia,Sphingobacteriales,Sphingobacteriaceae,Pedobacter,,Sphingobacteriales; Sphingobacteriaceae; Pedobacter; ASV235,Bacteroidota; Sphingobacteriales; Sphingobacteriaceae
ASV236,Bacteria,Actinobacteriota,Actinobacteria,Propionibacteriales,Nocardioidaceae,Marmoricola,uncultured_bacterium,Propionibacteriales; Nocardioidaceae; Marmoricola; uncultured_bacterium; ASV236,Actinobacteriota; Propionibacteriales; Nocardioidaceae
ASV237,Bacteria,Actinobacteriota,Actinobacteria,Frankiales,,,Actinomycetales_bacterium,Frankiales; Actinomycetales_bacterium; ASV237,Actinobacteriota; Frankiales
ASV238,Bacteria,Planctomycetota,Planctomycetes,Gemmatales,Gemmataceae,,metagenome,Gemmatales; Gemmataceae; metagenome; ASV238,Planctomycetota; Gemmatales; Gemmataceae
ASV239,Bacteria,Actinobacteriota,Actinobacteria,Propionibacteriales,Nocardioidaceae,Nocardioides,,Propionibacteriales; Nocardioidaceae; Nocardioides; ASV239,Actinobacteriota; Propionibacteriales; Nocardioidaceae
ASV240,Bacteria,Actinobacteriota,Rubrobacteria,Rubrobacterales,Rubrobacteriaceae,Rubrobacter,,Rubrobacterales; Rubrobacteriaceae; Rubrobacter; ASV240,Actinobacteriota; Rubrobacterales; Rubrobacteriaceae
ASV241,Bacteria,Proteobacteria,Gammaproteobacteria,Oceanospirillales,Nitrincolaceae,Marinobacterium,Marinobacterium_jannaschii,Oceanospirillales; Nitrincolaceae; Marinobacterium; Marinobacterium_jannaschii; ASV241,Proteobacteria; Oceanospirillales; Nitrincolaceae
ASV242,Bacteria,Actinobacteriota,Actinobacteria,Propionibacteriales,Nocardioidaceae,,,Propionibacteriales; Nocardioidaceae; ASV242,Actinobacteriota; Propionibacteriales; Nocardioidaceae
ASV243,Bacteria,Verrucomicrobiota,Verrucomicrobiae,Chthoniobacterales,Chthoniobacteraceae,Chthoniobacter,uncultured_bacterium,Chthoniobacterales; Chthoniobacteraceae; Chthoniobacter; uncultured_bacterium; ASV243,Verrucomicrobiota; Chthoniobacterales; Chthoniobacteraceae
ASV244,Bacteria,Proteobacteria,Alphaproteobacteria,Puniceispirillales,SAR116_clade,Candidatus_Puniceispirillum,,Puniceispirillales; SAR116_clade; Candidatus_Puniceispirillum; ASV244,Proteobacteria; Puniceispirillales; SAR116_clade
ASV245,Bacteria,Actinobacteriota,Rubrobacteria,Rubrobacterales,Rubrobacteriaceae,Rubrobacter,,Rubrobacterales; Rubrobacteriaceae; Rubrobacter; ASV245,Actinobacteriota; Rubrobacterales; Rubrobacteriaceae
ASV246,Bacteria,Proteobacteria,Gammaproteobacteria,Burkholderiales,Comamonadaceae,,,Burkholderiales; Comamonadaceae; ASV246,Proteobacteria; Burkholderiales; Comamonadaceae
ASV247,Bacteria,Actinobacteriota,Actinobacteria,Micrococcales,Microbacteriaceae,Amnibacterium,,Micrococcales; Microbacteriaceae; Amnibacterium; ASV247,Actinobacteriota; Micrococcales; Microbacteriaceae
ASV248,Bacteria,Firmicutes,Bacilli,Paenibacillales,Paenibacillaceae,Paenibacillus,,Paenibacillales; Paenibacillaceae; Paenibacillus; ASV248,Firmicutes; Paenibacillales; Paenibacillaceae
ASV249,Bacteria,Actinobacteriota,Actinobacteria,Propionibacteriales,Nocardioidaceae,Nocardioides,,Propionibacteriales; Nocardioidaceae; Nocardioides; ASV249,Actinobacteriota; Propionibacteriales; Nocardioidaceae
ASV250,Bacteria,Verrucomicrobiota,Verrucomicrobiae,Verrucomicrobiales,Verrucomicrobiaceae,,uncultured_bacterium,Verrucomicrobiales; Verrucomicrobiaceae; uncultured_bacterium; ASV250,Verrucomicrobiota; Verrucomicrobiales; Verrucomicrobiaceae
ASV251,Bacteria,Planctomycetota,Planctomycetes,Gemmatales,Gemmataceae,Fimbriiglobus,uncultured_bacterium,Gemmatales; Gemmataceae; Fimbriiglobus; uncultured_bacterium; ASV251,Planctomycetota; Gemmatales; Gemmataceae
ASV252,Bacteria,Actinobacteriota,Actinobacteria,Micrococcales,Promicromonosporaceae,,,Micrococcales; Promicromonosporaceae; ASV252,Actinobacteriota; Micrococcales; Promicromonosporaceae
ASV253,Bacteria,Firmicutes,Clostridia,Peptostreptococcales-Tissierellales,Anaerovoracaceae,,,Peptostreptococcales-Tissierellales; Anaerovoracaceae; ASV253,Firmicutes; Peptostreptococcales-Tissierellales; Anaerovoracaceae
ASV254,Bacteria,Campilobacterota,Campylobacteria,Campylobacterales,Arcobacteraceae,,,Campylobacterales; Arcobacteraceae; ASV254,Campilobacterota; Campylobacterales; Arcobacteraceae
ASV255,Bacteria,Cyanobacteria,Cyanobacteriia,Cyanobacteriales,Chroococcidiopsaceae,Aliterella,,Cyanobacteriales; Chroococcidiopsaceae; Aliterella; ASV255,Cyanobacteria; Cyanobacteriales; Chroococcidiopsaceae
ASV256,Bacteria,Planctomycetota,Planctomycetes,Isosphaerales,Isosphaeraceae,,,Isosphaerales; Isosphaeraceae; ASV256,Planctomycetota; Isosphaerales; Isosphaeraceae
ASV257,Bacteria,Proteobacteria,Alphaproteobacteria,Acetobacterales,Acetobacteraceae,Acidiphilium,,Acetobacterales; Acetobacteraceae; Acidiphilium; ASV257,Proteobacteria; Acetobacterales; Acetobacteraceae
ASV258,Bacteria,Proteobacteria,Alphaproteobacteria,Rhizobiales,Rhizobiaceae,Pseudochrobactrum,,Rhizobiales; Rhizobiaceae; Pseudochrobactrum; ASV258,Proteobacteria; Rhizobiales; Rhizobiaceae
ASV259,Bacteria,Actinobacteriota,Actinobacteria,Micrococcales,Microbacteriaceae,Curtobacterium,,Micrococcales; Microbacteriaceae; Curtobacterium; ASV259,Actinobacteriota; Micrococcales; Microbacteriaceae
ASV260,Bacteria,Actinobacteriota,Actinobacteria,Frankiales,Nakamurellaceae,Nakamurella,uncultured_bacterium,Frankiales; Nakamurellaceae; Nakamurella; uncultured_bacterium; ASV260,Actinobacteriota; Frankiales; Nakamurellaceae
ASV261,Bacteria,Proteobacteria,Alphaproteobacteria,Sphingomonadales,Sphingomonadaceae,Sphingomonas,,Sphingomonadales; Sphingomonadaceae; Sphingomonas; ASV261,Proteobacteria; Sphingomonadales; Sphingomonadaceae
ASV262,Bacteria,Bacteroidota,Bacteroidia,Sphingobacteriales,Sphingobacteriaceae,Pedobacter,,Sphingobacteriales; Sphingobacteriaceae; Pedobacter; ASV262,Bacteroidota; Sphingobacteriales; Sphingobacteriaceae
ASV263,Bacteria,Proteobacteria,Alphaproteobacteria,Rhodobacterales,Rhodobacteraceae,,,Rhodobacterales; Rhodobacteraceae; ASV263,Proteobacteria; Rhodobacterales; Rhodobacteraceae
ASV264,Bacteria,Actinobacteriota,Actinobacteria,Micrococcales,Intrasporangiaceae,Knoellia,,Micrococcales; Intrasporangiaceae; Knoellia; ASV264,Actinobacteriota; Micrococcales; Intrasporangiaceae
ASV265,Bacteria,Actinobacteriota,Actinobacteria,Corynebacteriales,Corynebacteriaceae,Lawsonella,uncultured_bacterium,Corynebacteriales; Corynebacteriaceae; Lawsonella; uncultured_bacterium; ASV265,Actinobacteriota; Corynebacteriales; Corynebacteriaceae
ASV266,Bacteria,Planctomycetota,Planctomycetes,Planctomycetales,Rubinisphaeraceae,,metagenome,Planctomycetales; Rubinisphaeraceae; metagenome; ASV266,Planctomycetota; Planctomycetales; Rubinisphaeraceae
ASV267,Bacteria,Proteobacteria,Gammaproteobacteria,Burkholderiales,Comamonadaceae,Variovorax,,Burkholderiales; Comamonadaceae; Variovorax; ASV267,Proteobacteria; Burkholderiales; Comamonadaceae
ASV268,Bacteria,Proteobacteria,Alphaproteobacteria,Rhizobiales,Beijerinckiaceae,Bosea,,Rhizobiales; Beijerinckiaceae; Bosea; ASV268,Proteobacteria; Rhizobiales; Beijerinckiaceae
ASV269,Bacteria,Verrucomicrobiota,Verrucomicrobiae,Verrucomicrobiales,Rubritaleaceae,Luteolibacter,,Verrucomicrobiales; Rubritaleaceae; Luteolibacter; ASV269,Verrucomicrobiota; Verrucomicrobiales; Rubritaleaceae
ASV270,Bacteria,Proteobacteria,Gammaproteobacteria,Burkholderiales,Comamonadaceae,Comamonas,,Burkholderiales; Comamonadaceae; Comamonas; ASV270,Proteobacteria; Burkholderiales; Comamonadaceae
ASV271,Bacteria,Actinobacteriota,Acidimicrobiia,Microtrichales,Ilumatobacteraceae,CL500-29_marine_group,metagenome,Microtrichales; Ilumatobacteraceae; CL500-29_marine_group; metagenome; ASV271,Actinobacteriota; Microtrichales; Ilumatobacteraceae
ASV272,Bacteria,Actinobacteriota,Actinobacteria,Propionibacteriales,Nocardioidaceae,,,Propionibacteriales; Nocardioidaceae; ASV272,Actinobacteriota; Propionibacteriales; Nocardioidaceae
ASV273,Bacteria,Proteobacteria,Alphaproteobacteria,Rhizobiales,Beijerinckiaceae,Microvirga,,Rhizobiales; Beijerinckiaceae; Microvirga; ASV273,Proteobacteria; Rhizobiales; Beijerinckiaceae
ASV274,Bacteria,Proteobacteria,Alphaproteobacteria,Rhizobiales,Beijerinckiaceae,1174-901-12,Rhizobiales_bacterium,Rhizobiales; Beijerinckiaceae; 1174-901-12; Rhizobiales_bacterium; ASV274,Proteobacteria; Rhizobiales; Beijerinckiaceae
ASV275,Bacteria,Proteobacteria,Alphaproteobacteria,Rhizobiales,Beijerinckiaceae,,uncultured_Rhizobiales,Rhizobiales; Beijerinckiaceae; uncultured_Rhizobiales; ASV275,Proteobacteria; Rhizobiales; Beijerinckiaceae
ASV276,Bacteria,Verrucomicrobiota,Chlamydiae,Chlamydiales,Parachlamydiaceae,,,Chlamydiales; Parachlamydiaceae; ASV276,Verrucomicrobiota; Chlamydiales; Parachlamydiaceae
ASV277,Bacteria,Proteobacteria,Gammaproteobacteria,Pseudomonadales,Moraxellaceae,Alkanindiges,,Pseudomonadales; Moraxellaceae; Alkanindiges; ASV277,Proteobacteria; Pseudomonadales; Moraxellaceae
ASV278,Bacteria,Actinobacteriota,Actinobacteria,Frankiales,Frankiaceae,Jatrophihabitans,Jatrophihabitans_sp.,Frankiales; Frankiaceae; Jatrophihabitans; Jatrophihabitans_sp.; ASV278,Actinobacteriota; Frankiales; Frankiaceae
ASV279,Bacteria,Actinobacteriota,Actinobacteria,Micrococcales,Intrasporangiaceae,,,Micrococcales; Intrasporangiaceae; ASV279,Actinobacteriota; Micrococcales; Intrasporangiaceae
ASV280,Bacteria,Actinobacteriota,Actinobacteria,Micrococcales,Micrococcaceae,Paeniglutamicibacter,,Micrococcales; Micrococcaceae; Paeniglutamicibacter; ASV280,Actinobacteriota; Micrococcales; Micrococcaceae
ASV281,Bacteria,Proteobacteria,Gammaproteobacteria,Burkholderiales,Oxalobacteraceae,,,Burkholderiales; Oxalobacteraceae; ASV281,Proteobacteria; Burkholderiales; Oxalobacteraceae
ASV282,Bacteria,Proteobacteria,Gammaproteobacteria,Vibrionales,Vibrionaceae,,,Vibrionales; Vibrionaceae; ASV282,Proteobacteria; Vibrionales; Vibrionaceae
ASV283,Bacteria,Firmicutes,Bacilli,Lactobacillales,Vagococcaceae,Vagococcus,,Lactobacillales; Vagococcaceae; Vagococcus; ASV283,Firmicutes; Lactobacillales; Vagococcaceae
ASV284,Bacteria,Firmicutes,Clostridia,Oscillospirales,Ruminococcaceae,,,Oscillospirales; Ruminococcaceae; ASV284,Firmicutes; Oscillospirales; Ruminococcaceae
ASV285,Bacteria,Planctomycetota,Planctomycetes,Pirellulales,Pirellulaceae,Pirellula,,Pirellulales; Pirellulaceae; Pirellula; ASV285,Planctomycetota; Pirellulales; Pirellulaceae
ASV286,Bacteria,Proteobacteria,Alphaproteobacteria,Rhizobiales,Devosiaceae,,,Rhizobiales; Devosiaceae; ASV286,Proteobacteria; Rhizobiales; Devosiaceae
ASV287,Bacteria,Bacteroidota,Bacteroidia,Sphingobacteriales,Sphingobacteriaceae,Pedobacter,,Sphingobacteriales; Sphingobacteriaceae; Pedobacter; ASV287,Bacteroidota; Sphingobacteriales; Sphingobacteriaceae
ASV288,Bacteria,Actinobacteriota,Actinobacteria,Kineosporiales,Kineosporiaceae,,,Kineosporiales; Kineosporiaceae; ASV288,Actinobacteriota; Kineosporiales; Kineosporiaceae
ASV289,Bacteria,Proteobacteria,Alphaproteobacteria,Acetobacterales,Acetobacteraceae,Roseomonas,,Acetobacterales; Acetobacteraceae; Roseomonas; ASV289,Proteobacteria; Acetobacterales; Acetobacteraceae
ASV290,Bacteria,Chloroflexi,Ktedonobacteria,Ktedonobacterales,Ktedonobacteraceae,,uncultured_Ktedobacteria,Ktedonobacterales; Ktedonobacteraceae; uncultured_Ktedobacteria; ASV290,Chloroflexi; Ktedonobacterales; Ktedonobacteraceae
ASV291,Bacteria,Actinobacteriota,Actinobacteria,Micrococcales,Microbacteriaceae,,,Micrococcales; Microbacteriaceae; ASV291,Actinobacteriota; Micrococcales; Microbacteriaceae
ASV292,Bacteria,Actinobacteriota,Acidimicrobiia,Microtrichales,,,,Microtrichales; ASV292,Actinobacteriota; Microtrichales
ASV293,Bacteria,Bacteroidota,Bacteroidia,Flavobacteriales,Flavobacteriaceae,Flavobacterium,,Flavobacteriales; Flavobacteriaceae; Flavobacterium; ASV293,Bacteroidota; Flavobacteriales; Flavobacteriaceae
ASV294,Bacteria,Actinobacteriota,Actinobacteria,Frankiales,Frankiaceae,Jatrophihabitans,Jatrophihabitans_sp.,Frankiales; Frankiaceae; Jatrophihabitans; Jatrophihabitans_sp.; ASV294,Actinobacteriota; Frankiales; Frankiaceae
ASV295,Bacteria,Actinobacteriota,Actinobacteria,Frankiales,Frankiaceae,Jatrophihabitans,,Frankiales; Frankiaceae; Jatrophihabitans; ASV295,Actinobacteriota; Frankiales; Frankiaceae
ASV296,Bacteria,Proteobacteria,Gammaproteobacteria,Enterobacterales,Yersiniaceae,,,Enterobacterales; Yersiniaceae; ASV296,Proteobacteria; Enterobacterales; Yersiniaceae
ASV297,Bacteria,Actinobacteriota,Actinobacteria,Frankiales,Frankiaceae,Jatrophihabitans,uncultured_Frankiaceae,Frankiales; Frankiaceae; Jatrophihabitans; uncultured_Frankiaceae; ASV297,Actinobacteriota; Frankiales; Frankiaceae
ASV298,Bacteria,Proteobacteria,Alphaproteobacteria,Acetobacterales,Acetobacteraceae,,,Acetobacterales; Acetobacteraceae; ASV298,Proteobacteria; Acetobacterales; Acetobacteraceae
ASV299,Bacteria,Actinobacteriota,Actinobacteria,Micrococcales,Microbacteriaceae,,,Micrococcales; Microbacteriaceae; ASV299,Actinobacteriota; Micrococcales; Microbacteriaceae
ASV300,Bacteria,Deinococcota,Deinococci,Deinococcales,Trueperaceae,Truepera,,Deinococcales; Trueperaceae; Truepera; ASV300,Deinococcota; Deinococcales; Trueperaceae
ASV301,Bacteria,Planctomycetota,Planctomycetes,Gemmatales,Gemmataceae,Fimbriiglobus,uncultured_bacterium,Gemmatales; Gemmataceae; Fimbriiglobus; uncultured_bacterium; ASV301,Planctomycetota; Gemmatales; Gemmataceae
ASV302,Bacteria,Proteobacteria,Alphaproteobacteria,Acetobacterales,Acetobacteraceae,Roseomonas,,Acetobacterales; Acetobacteraceae; Roseomonas; ASV302,Proteobacteria; Acetobacterales; Acetobacteraceae
ASV303,Bacteria,Proteobacteria,Alphaproteobacteria,Rhizobiales,Rhizobiaceae,Allorhizobium-Neorhizobium-Pararhizobium-Rhizobium,,Rhizobiales; Rhizobiaceae; Allorhizobium-Neorhizobium-Pararhizobium-Rhizobium; ASV303,Proteobacteria; Rhizobiales; Rhizobiaceae
ASV304,Bacteria,Actinobacteriota,Actinobacteria,Micrococcales,Microbacteriaceae,,,Micrococcales; Microbacteriaceae; ASV304,Actinobacteriota; Micrococcales; Microbacteriaceae
ASV305,Bacteria,Proteobacteria,Alphaproteobacteria,Rhizobiales,Devosiaceae,Devosia,,Rhizobiales; Devosiaceae; Devosia; ASV305,Proteobacteria; Rhizobiales; Devosiaceae
ASV306,Bacteria,Proteobacteria,Gammaproteobacteria,Alteromonadales,Pseudoalteromonadaceae,Pseudoalteromonas,,Alteromonadales; Pseudoalteromonadaceae; Pseudoalteromonas; ASV306,Proteobacteria; Alteromonadales; Pseudoalteromonadaceae
ASV307,Bacteria,Actinobacteriota,Actinobacteria,Frankiales,Frankiaceae,Jatrophihabitans,,Frankiales; Frankiaceae; Jatrophihabitans; ASV307,Actinobacteriota; Frankiales; Frankiaceae
ASV308,Bacteria,Proteobacteria,Alphaproteobacteria,Rhizobiales,Beijerinckiaceae,Psychroglaciecola,uncultured_bacterium,Rhizobiales; Beijerinckiaceae; Psychroglaciecola; uncultured_bacterium; ASV308,Proteobacteria; Rhizobiales; Beijerinckiaceae
ASV309,Bacteria,Campilobacterota,Campylobacteria,Campylobacterales,Arcobacteraceae,,,Campylobacterales; Arcobacteraceae; ASV309,Campilobacterota; Campylobacterales; Arcobacteraceae
ASV310,Bacteria,Actinobacteriota,Actinobacteria,Micrococcales,Microbacteriaceae,,,Micrococcales; Microbacteriaceae; ASV310,Actinobacteriota; Micrococcales; Microbacteriaceae
ASV311,Bacteria,Actinobacteriota,Actinobacteria,Propionibacteriales,Nocardioidaceae,Nocardioides,,Propionibacteriales; Nocardioidaceae; Nocardioides; ASV311,Actinobacteriota; Propionibacteriales; Nocardioidaceae
ASV312,Bacteria,Firmicutes,Clostridia,Oscillospirales,Ruminococcaceae,,uncultured_Firmicutes,Oscillospirales; Ruminococcaceae; uncultured_Firmicutes; ASV312,Firmicutes; Oscillospirales; Ruminococcaceae
ASV313,Bacteria,Proteobacteria,Alphaproteobacteria,Sphingomonadales,Sphingomonadaceae,Sphingorhabdus,uncultured_bacterium,Sphingomonadales; Sphingomonadaceae; Sphingorhabdus; uncultured_bacterium; ASV313,Proteobacteria; Sphingomonadales; Sphingomonadaceae
ASV314,Bacteria,Actinobacteriota,Actinobacteria,Micromonosporales,Micromonosporaceae,Micromonospora,,Micromonosporales; Micromonosporaceae; Micromonospora; ASV314,Actinobacteriota; Micromonosporales; Micromonosporaceae
ASV315,Bacteria,Actinobacteriota,Actinobacteria,Micrococcales,Cellulomonadaceae,Actinotalea,uncultured_bacterium,Micrococcales; Cellulomonadaceae; Actinotalea; uncultured_bacterium; ASV315,Actinobacteriota; Micrococcales; Cellulomonadaceae
ASV316,Bacteria,Actinobacteriota,Actinobacteria,Micrococcales,Microbacteriaceae,,,Micrococcales; Microbacteriaceae; ASV316,Actinobacteriota; Micrococcales; Microbacteriaceae
ASV317,Bacteria,Proteobacteria,Gammaproteobacteria,Enterobacterales,Enterobacteriaceae,,,Enterobacterales; Enterobacteriaceae; ASV317,Proteobacteria; Enterobacterales; Enterobacteriaceae
ASV318,Bacteria,Actinobacteriota,Acidimicrobiia,Microtrichales,Iamiaceae,Iamia,metagenome,Microtrichales; Iamiaceae; Iamia; metagenome; ASV318,Actinobacteriota; Microtrichales; Iamiaceae
ASV319,Bacteria,Proteobacteria,Alphaproteobacteria,Sphingomonadales,Sphingomonadaceae,Sphingomonas,,Sphingomonadales; Sphingomonadaceae; Sphingomonas; ASV319,Proteobacteria; Sphingomonadales; Sphingomonadaceae
ASV320,Bacteria,Actinobacteriota,Actinobacteria,Micrococcales,Micrococcaceae,Arthrobacter,,Micrococcales; Micrococcaceae; Arthrobacter; ASV320,Actinobacteriota; Micrococcales; Micrococcaceae
ASV321,Bacteria,Firmicutes,Bacilli,RsaHf231,RsaHf231,RsaHf231,uncultured_bacterium,RsaHf231; RsaHf231; RsaHf231; uncultured_bacterium; ASV321,Firmicutes; RsaHf231; RsaHf231
ASV322,Bacteria,Verrucomicrobiota,Verrucomicrobiae,Verrucomicrobiales,Rubritaleaceae,Luteolibacter,,Verrucomicrobiales; Rubritaleaceae; Luteolibacter; ASV322,Verrucomicrobiota; Verrucomicrobiales; Rubritaleaceae
ASV323,Bacteria,Actinobacteriota,Actinobacteria,Propionibacteriales,Nocardioidaceae,Marmoricola,,Propionibacteriales; Nocardioidaceae; Marmoricola; ASV323,Actinobacteriota; Propionibacteriales; Nocardioidaceae
ASV324,Bacteria,Proteobacteria,Alphaproteobacteria,Rhizobiales,Kaistiaceae,Kaistia,uncultured_bacterium,Rhizobiales; Kaistiaceae; Kaistia; uncultured_bacterium; ASV324,Proteobacteria; Rhizobiales; Kaistiaceae
ASV325,Bacteria,Proteobacteria,Gammaproteobacteria,Burkholderiales,Oxalobacteraceae,Massilia,,Burkholderiales; Oxalobacteraceae; Massilia; ASV325,Proteobacteria; Burkholderiales; Oxalobacteraceae
ASV326,Bacteria,Actinobacteriota,Actinobacteria,Frankiales,,,,Frankiales; ASV326,Actinobacteriota; Frankiales
ASV327,Bacteria,Actinobacteriota,Rubrobacteria,Rubrobacterales,Rubrobacteriaceae,Rubrobacter,,Rubrobacterales; Rubrobacteriaceae; Rubrobacter; ASV327,Actinobacteriota; Rubrobacterales; Rubrobacteriaceae
ASV328,Bacteria,Proteobacteria,Alphaproteobacteria,Sphingomonadales,Sphingomonadaceae,Sphingorhabdus,uncultured_bacterium,Sphingomonadales; Sphingomonadaceae; Sphingorhabdus; uncultured_bacterium; ASV328,Proteobacteria; Sphingomonadales; Sphingomonadaceae
ASV329,Bacteria,Proteobacteria,Gammaproteobacteria,Oceanospirillales,Nitrincolaceae,,uncultured_marine,Oceanospirillales; Nitrincolaceae; uncultured_marine; ASV329,Proteobacteria; Oceanospirillales; Nitrincolaceae
ASV330,Bacteria,Bacteroidota,Bacteroidia,Sphingobacteriales,Sphingobacteriaceae,Pedobacter,,Sphingobacteriales; Sphingobacteriaceae; Pedobacter; ASV330,Bacteroidota; Sphingobacteriales; Sphingobacteriaceae
ASV331,Bacteria,Proteobacteria,Alphaproteobacteria,Sphingomonadales,Sphingomonadaceae,Novosphingobium,,Sphingomonadales; Sphingomonadaceae; Novosphingobium; ASV331,Proteobacteria; Sphingomonadales; Sphingomonadaceae
ASV332,Bacteria,Proteobacteria,Alphaproteobacteria,Rhizobiales,Xanthobacteraceae,Bradyrhizobium,,Rhizobiales; Xanthobacteraceae; Bradyrhizobium; ASV332,Proteobacteria; Rhizobiales; Xanthobacteraceae
ASV333,Bacteria,Planctomycetota,Planctomycetes,Planctomycetales,,,metagenome,Planctomycetales; metagenome; ASV333,Planctomycetota; Planctomycetales
ASV334,Bacteria,Actinobacteriota,Acidimicrobiia,,,,uncultured_Acidimicrobiia,uncultured_Acidimicrobiia; ASV334,Actinobacteriota
ASV335,Bacteria,Verrucomicrobiota,Chlamydiae,Chlamydiales,Parachlamydiaceae,,metagenome,Chlamydiales; Parachlamydiaceae; metagenome; ASV335,Verrucomicrobiota; Chlamydiales; Parachlamydiaceae
ASV336,Bacteria,Actinobacteriota,Actinobacteria,Corynebacteriales,Mycobacteriaceae,Mycobacterium,,Corynebacteriales; Mycobacteriaceae; Mycobacterium; ASV336,Actinobacteriota; Corynebacteriales; Mycobacteriaceae
ASV337,Bacteria,Proteobacteria,Alphaproteobacteria,Rhizobiales,,,,Rhizobiales; ASV337,Proteobacteria; Rhizobiales
ASV338,Bacteria,Planctomycetota,Planctomycetes,Isosphaerales,Isosphaeraceae,,uncultured_bacterium,Isosphaerales; Isosphaeraceae; uncultured_bacterium; ASV338,Planctomycetota; Isosphaerales; Isosphaeraceae
ASV339,Bacteria,Proteobacteria,Gammaproteobacteria,Burkholderiales,Oxalobacteraceae,Massilia,,Burkholderiales; Oxalobacteraceae; Massilia; ASV339,Proteobacteria; Burkholderiales; Oxalobacteraceae
ASV340,Bacteria,Proteobacteria,Alphaproteobacteria,Rhizobiales,Beijerinckiaceae,Methylobacterium-Methylorubrum,,Rhizobiales; Beijerinckiaceae; Methylobacterium-Methylorubrum; ASV340,Proteobacteria; Rhizobiales; Beijerinckiaceae
ASV341,Bacteria,Proteobacteria,Alphaproteobacteria,Sphingomonadales,Sphingomonadaceae,Rhizorhapis,,Sphingomonadales; Sphingomonadaceae; Rhizorhapis; ASV341,Proteobacteria; Sphingomonadales; Sphingomonadaceae
ASV342,Bacteria,Proteobacteria,Alphaproteobacteria,Rhizobiales,Beijerinckiaceae,,,Rhizobiales; Beijerinckiaceae; ASV342,Proteobacteria; Rhizobiales; Beijerinckiaceae
ASV343,Bacteria,Proteobacteria,Alphaproteobacteria,Sphingomonadales,Sphingomonadaceae,Sphingobium,,Sphingomonadales; Sphingomonadaceae; Sphingobium; ASV343,Proteobacteria; Sphingomonadales; Sphingomonadaceae
ASV344,Bacteria,Proteobacteria,Gammaproteobacteria,Pseudomonadales,Pseudomonadaceae,Pseudomonas,,Pseudomonadales; Pseudomonadaceae; Pseudomonas; ASV344,Proteobacteria; Pseudomonadales; Pseudomonadaceae
ASV345,Bacteria,Actinobacteriota,Actinobacteria,Micrococcales,Microbacteriaceae,,,Micrococcales; Microbacteriaceae; ASV345,Actinobacteriota; Micrococcales; Microbacteriaceae
ASV346,Bacteria,Proteobacteria,Alphaproteobacteria,Acetobacterales,Acetobacteraceae,Roseococcus,uncultured_bacterium,Acetobacterales; Acetobacteraceae; Roseococcus; uncultured_bacterium; ASV346,Proteobacteria; Acetobacterales; Acetobacteraceae
ASV347,Bacteria,Proteobacteria,Alphaproteobacteria,Sphingomonadales,Sphingomonadaceae,Sphingomonas,,Sphingomonadales; Sphingomonadaceae; Sphingomonas; ASV347,Proteobacteria; Sphingomonadales; Sphingomonadaceae
ASV348,Bacteria,Actinobacteriota,Actinobacteria,Frankiales,Geodermatophilaceae,Modestobacter,,Frankiales; Geodermatophilaceae; Modestobacter; ASV348,Actinobacteriota; Frankiales; Geodermatophilaceae
ASV349,Bacteria,Proteobacteria,Alphaproteobacteria,Sphingomonadales,Sphingomonadaceae,Sphingopyxis,,Sphingomonadales; Sphingomonadaceae; Sphingopyxis; ASV349,Proteobacteria; Sphingomonadales; Sphingomonadaceae
ASV350,Bacteria,Bacteroidota,Bacteroidia,Flavobacteriales,Weeksellaceae,Chryseobacterium,Chryseobacterium_halperniae,Flavobacteriales; Weeksellaceae; Chryseobacterium; Chryseobacterium_halperniae; ASV350,Bacteroidota; Flavobacteriales; Weeksellaceae
ASV351,Bacteria,Proteobacteria,Gammaproteobacteria,Alteromonadales,Colwelliaceae,Colwellia,,Alteromonadales; Colwelliaceae; Colwellia; ASV351,Proteobacteria; Alteromonadales; Colwelliaceae
ASV352,Bacteria,Bacteroidota,Bacteroidia,Sphingobacteriales,Sphingobacteriaceae,Pedobacter,Pedobacter_cryoconitis,Sphingobacteriales; Sphingobacteriaceae; Pedobacter; Pedobacter_cryoconitis; ASV352,Bacteroidota; Sphingobacteriales; Sphingobacteriaceae
ASV353,Bacteria,Actinobacteriota,Coriobacteriia,Coriobacteriales,Coriobacteriales_Incertae_Sedis,Raoultibacter,uncultured_bacterium,Coriobacteriales; Coriobacteriales_Incertae_Sedis; Raoultibacter; uncultured_bacterium; ASV353,Actinobacteriota; Coriobacteriales; Coriobacteriales_Incertae_Sedis
ASV354,Bacteria,Planctomycetota,Planctomycetes,Pirellulales,Pirellulaceae,,Planctomycetaceae,Pirellulales; Pirellulaceae; Planctomycetaceae; ASV354,Planctomycetota; Pirellulales; Pirellulaceae
ASV355,Bacteria,Proteobacteria,Gammaproteobacteria,Oceanospirillales,Nitrincolaceae,Amphritea,uncultured_bacterium,Oceanospirillales; Nitrincolaceae; Amphritea; uncultured_bacterium; ASV355,Proteobacteria; Oceanospirillales; Nitrincolaceae
ASV356,Bacteria,Actinobacteriota,Actinobacteria,Propionibacteriales,Nocardioidaceae,Nocardioides,,Propionibacteriales; Nocardioidaceae; Nocardioides; ASV356,Actinobacteriota; Propionibacteriales; Nocardioidaceae
ASV357,Bacteria,Actinobacteriota,Thermoleophilia,Solirubrobacterales,67-14,67-14,uncultured_actinobacterium,Solirubrobacterales; 67-14; 67-14; uncultured_actinobacterium; ASV357,Actinobacteriota; Solirubrobacterales; 67-14
ASV358,Bacteria,Actinobacteriota,Actinobacteria,Micrococcales,Cellulomonadaceae,Cellulomonas,,Micrococcales; Cellulomonadaceae; Cellulomonas; ASV358,Actinobacteriota; Micrococcales; Cellulomonadaceae
ASV359,Bacteria,Cyanobacteria,Cyanobacteriia,Cyanobacteriales,Chroococcidiopsaceae,,uncultured_bacterium,Cyanobacteriales; Chroococcidiopsaceae; uncultured_bacterium; ASV359,Cyanobacteria; Cyanobacteriales; Chroococcidiopsaceae
ASV360,Bacteria,Actinobacteriota,Thermoleophilia,Solirubrobacterales,67-14,67-14,uncultured_actinobacterium,Solirubrobacterales; 67-14; 67-14; uncultured_actinobacterium; ASV360,Actinobacteriota; Solirubrobacterales; 67-14
ASV361,Bacteria,Proteobacteria,Gammaproteobacteria,,,,metagenome,metagenome; ASV361,Proteobacteria
ASV362,Bacteria,Firmicutes,Bacilli,Erysipelotrichales,Erysipelotrichaceae,ZOR0006,uncultured_bacterium,Erysipelotrichales; Erysipelotrichaceae; ZOR0006; uncultured_bacterium; ASV362,Firmicutes; Erysipelotrichales; Erysipelotrichaceae
ASV363,Bacteria,Proteobacteria,Alphaproteobacteria,Rhizobiales,Devosiaceae,,,Rhizobiales; Devosiaceae; ASV363,Proteobacteria; Rhizobiales; Devosiaceae
ASV364,Bacteria,Proteobacteria,Gammaproteobacteria,Oceanospirillales,Nitrincolaceae,Marinobacterium,,Oceanospirillales; Nitrincolaceae; Marinobacterium; ASV364,Proteobacteria; Oceanospirillales; Nitrincolaceae
ASV365,Bacteria,Verrucomicrobiota,Chlamydiae,Chlamydiales,Parachlamydiaceae,,metagenome,Chlamydiales; Parachlamydiaceae; metagenome; ASV365,Verrucomicrobiota; Chlamydiales; Parachlamydiaceae
ASV366,Bacteria,Actinobacteriota,Actinobacteria,Propionibacteriales,Nocardioidaceae,Marmoricola,,Propionibacteriales; Nocardioidaceae; Marmoricola; ASV366,Actinobacteriota; Propionibacteriales; Nocardioidaceae
ASV367,Bacteria,Planctomycetota,Planctomycetes,Isosphaerales,Isosphaeraceae,,uncultured_bacterium,Isosphaerales; Isosphaeraceae; uncultured_bacterium; ASV367,Planctomycetota; Isosphaerales; Isosphaeraceae
ASV368,Bacteria,Actinobacteriota,Actinobacteria,Frankiales,Nakamurellaceae,Nakamurella,,Frankiales; Nakamurellaceae; Nakamurella; ASV368,Actinobacteriota; Frankiales; Nakamurellaceae
ASV369,Bacteria,Planctomycetota,Planctomycetes,Isosphaerales,Isosphaeraceae,Singulisphaera,uncultured_bacterium,Isosphaerales; Isosphaeraceae; Singulisphaera; uncultured_bacterium; ASV369,Planctomycetota; Isosphaerales; Isosphaeraceae
ASV370,Bacteria,Actinobacteriota,Actinobacteria,Propionibacteriales,Nocardioidaceae,Nocardioides,,Propionibacteriales; Nocardioidaceae; Nocardioides; ASV370,Actinobacteriota; Propionibacteriales; Nocardioidaceae
ASV371,Bacteria,Firmicutes,Bacilli,Erysipelotrichales,Erysipelotrichaceae,Breznakia,Breznakia_pachnodae,Erysipelotrichales; Erysipelotrichaceae; Breznakia; Breznakia_pachnodae; ASV371,Firmicutes; Erysipelotrichales; Erysipelotrichaceae
ASV372,Bacteria,Actinobacteriota,Actinobacteria,Micrococcales,Microbacteriaceae,,,Micrococcales; Microbacteriaceae; ASV372,Actinobacteriota; Micrococcales; Microbacteriaceae
ASV373,Bacteria,Planctomycetota,Planctomycetes,Isosphaerales,Isosphaeraceae,Tundrisphaera,uncultured_bacterium,Isosphaerales; Isosphaeraceae; Tundrisphaera; uncultured_bacterium; ASV373,Planctomycetota; Isosphaerales; Isosphaeraceae
ASV374,Bacteria,Planctomycetota,Planctomycetes,Isosphaerales,Isosphaeraceae,Candidatus_Nostocoida,uncultured_bacterium,Isosphaerales; Isosphaeraceae; Candidatus_Nostocoida; uncultured_bacterium; ASV374,Planctomycetota; Isosphaerales; Isosphaeraceae
ASV375,Bacteria,Actinobacteriota,Actinobacteria,Micrococcales,Intrasporangiaceae,,,Micrococcales; Intrasporangiaceae; ASV375,Actinobacteriota; Micrococcales; Intrasporangiaceae
ASV376,Bacteria,Proteobacteria,Alphaproteobacteria,Acetobacterales,Acetobacteraceae,Belnapia,,Acetobacterales; Acetobacteraceae; Belnapia; ASV376,Proteobacteria; Acetobacterales; Acetobacteraceae
ASV377,Bacteria,Planctomycetota,Planctomycetes,Isosphaerales,Isosphaeraceae,,,Isosphaerales; Isosphaeraceae; ASV377,Planctomycetota; Isosphaerales; Isosphaeraceae
ASV378,Bacteria,Proteobacteria,Alphaproteobacteria,Rhizobiales,Beijerinckiaceae,FFCH5858,uncultured_bacterium,Rhizobiales; Beijerinckiaceae; FFCH5858; uncultured_bacterium; ASV378,Proteobacteria; Rhizobiales; Beijerinckiaceae
ASV379,Bacteria,Proteobacteria,Alphaproteobacteria,Rhizobiales,Xanthobacteraceae,,,Rhizobiales; Xanthobacteraceae; ASV379,Proteobacteria; Rhizobiales; Xanthobacteraceae
ASV380,Bacteria,Firmicutes,Bacilli,Bacillales,Planococcaceae,,,Bacillales; Planococcaceae; ASV380,Firmicutes; Bacillales; Planococcaceae
ASV381,Bacteria,Actinobacteriota,Actinobacteria,Frankiales,Frankiaceae,Jatrophihabitans,Jatrophihabitans_sp.,Frankiales; Frankiaceae; Jatrophihabitans; Jatrophihabitans_sp.; ASV381,Actinobacteriota; Frankiales; Frankiaceae
ASV382,Bacteria,Actinobacteriota,Actinobacteria,Micrococcales,Microbacteriaceae,,,Micrococcales; Microbacteriaceae; ASV382,Actinobacteriota; Micrococcales; Microbacteriaceae
ASV383,Bacteria,Planctomycetota,Planctomycetes,Isosphaerales,Isosphaeraceae,,uncultured_bacterium,Isosphaerales; Isosphaeraceae; uncultured_bacterium; ASV383,Planctomycetota; Isosphaerales; Isosphaeraceae
ASV384,Bacteria,Proteobacteria,,,,,,ASV384,Proteobacteria
ASV385,Bacteria,Firmicutes,Bacilli,Paenibacillales,Paenibacillaceae,Paenibacillus,Paenibacillus_borealis,Paenibacillales; Paenibacillaceae; Paenibacillus; Paenibacillus_borealis; ASV385,Firmicutes; Paenibacillales; Paenibacillaceae
ASV386,Bacteria,Proteobacteria,Gammaproteobacteria,Burkholderiales,Comamonadaceae,,,Burkholderiales; Comamonadaceae; ASV386,Proteobacteria; Burkholderiales; Comamonadaceae
ASV387,Bacteria,Proteobacteria,Alphaproteobacteria,Sphingomonadales,Sphingomonadaceae,Novosphingobium,,Sphingomonadales; Sphingomonadaceae; Novosphingobium; ASV387,Proteobacteria; Sphingomonadales; Sphingomonadaceae
ASV388,Bacteria,Proteobacteria,Alphaproteobacteria,Rhizobiales,Beijerinckiaceae,Methylobacterium-Methylorubrum,uncultured_bacterium,Rhizobiales; Beijerinckiaceae; Methylobacterium-Methylorubrum; uncultured_bacterium; ASV388,Proteobacteria; Rhizobiales; Beijerinckiaceae
ASV389,Bacteria,Firmicutes,Bacilli,RsaHf231,RsaHf231,RsaHf231,uncultured_bacterium,RsaHf231; RsaHf231; RsaHf231; uncultured_bacterium; ASV389,Firmicutes; RsaHf231; RsaHf231
ASV390,Bacteria,Planctomycetota,Planctomycetes,Gemmatales,Gemmataceae,,uncultured_bacterium,Gemmatales; Gemmataceae; uncultured_bacterium; ASV390,Planctomycetota; Gemmatales; Gemmataceae
ASV391,Bacteria,Planctomycetota,Planctomycetes,Isosphaerales,Isosphaeraceae,Tundrisphaera,,Isosphaerales; Isosphaeraceae; Tundrisphaera; ASV391,Planctomycetota; Isosphaerales; Isosphaeraceae
ASV392,Bacteria,Actinobacteriota,Actinobacteria,Frankiales,Frankiaceae,,,Frankiales; Frankiaceae; ASV392,Actinobacteriota; Frankiales; Frankiaceae
ASV393,Bacteria,Actinobacteriota,Thermoleophilia,Solirubrobacterales,Solirubrobacteraceae,Solirubrobacter,,Solirubrobacterales; Solirubrobacteraceae; Solirubrobacter; ASV393,Actinobacteriota; Solirubrobacterales; Solirubrobacteraceae
ASV394,Bacteria,Verrucomicrobiota,Verrucomicrobiae,Verrucomicrobiales,Rubritaleaceae,Luteolibacter,,Verrucomicrobiales; Rubritaleaceae; Luteolibacter; ASV394,Verrucomicrobiota; Verrucomicrobiales; Rubritaleaceae
ASV395,Bacteria,Proteobacteria,Gammaproteobacteria,Burkholderiales,Comamonadaceae,,,Burkholderiales; Comamonadaceae; ASV395,Proteobacteria; Burkholderiales; Comamonadaceae
ASV396,Bacteria,Actinobacteriota,Actinobacteria,Propionibacteriales,Nocardioidaceae,Nocardioides,,Propionibacteriales; Nocardioidaceae; Nocardioides; ASV396,Actinobacteriota; Propionibacteriales; Nocardioidaceae
ASV397,Bacteria,Chloroflexi,TK10,TK10,TK10,TK10,metagenome,TK10; TK10; TK10; metagenome; ASV397,Chloroflexi; TK10; TK10
ASV398,Bacteria,Proteobacteria,Alphaproteobacteria,Rhodobacterales,Rhodobacteraceae,,,Rhodobacterales; Rhodobacteraceae; ASV398,Proteobacteria; Rhodobacterales; Rhodobacteraceae
ASV399,Bacteria,Firmicutes,Clostridia,Peptostreptococcales-Tissierellales,Peptostreptococcales-Tissierellales,Finegoldia,uncultured_bacterium,Peptostreptococcales-Tissierellales; Peptostreptococcales-Tissierellales; Finegoldia; uncultured_bacterium; ASV399,Firmicutes; Peptostreptococcales-Tissierellales; Peptostreptococcales-Tissierellales
ASV400,Bacteria,Proteobacteria,Alphaproteobacteria,Acetobacterales,Acetobacteraceae,Acidiphilium,Acetobacteraceae_bacterium,Acetobacterales; Acetobacteraceae; Acidiphilium; Acetobacteraceae_bacterium; ASV400,Proteobacteria; Acetobacterales; Acetobacteraceae
ASV401,Bacteria,Proteobacteria,Alphaproteobacteria,Sphingomonadales,Sphingomonadaceae,Sphingomonas,,Sphingomonadales; Sphingomonadaceae; Sphingomonas; ASV401,Proteobacteria; Sphingomonadales; Sphingomonadaceae
ASV402,Bacteria,Actinobacteriota,Actinobacteria,PeM15,PeM15,PeM15,,PeM15; PeM15; PeM15; ASV402,Actinobacteriota; PeM15; PeM15
ASV403,Bacteria,Cyanobacteria,Cyanobacteriia,Oxyphotobacteria_Incertae_Sedis,,Calothrix_KVSF5,uncultured_bacterium,Oxyphotobacteria_Incertae_Sedis; Calothrix_KVSF5; uncultured_bacterium; ASV403,Cyanobacteria; Oxyphotobacteria_Incertae_Sedis
ASV404,Bacteria,Planctomycetota,Planctomycetes,Isosphaerales,Isosphaeraceae,,Isosphaera_sp.,Isosphaerales; Isosphaeraceae; Isosphaera_sp.; ASV404,Planctomycetota; Isosphaerales; Isosphaeraceae
ASV405,Bacteria,Actinobacteriota,Actinobacteria,Propionibacteriales,Nocardioidaceae,Marmoricola,uncultured_bacterium,Propionibacteriales; Nocardioidaceae; Marmoricola; uncultured_bacterium; ASV405,Actinobacteriota; Propionibacteriales; Nocardioidaceae
ASV406,Bacteria,Planctomycetota,Planctomycetes,Pirellulales,Pirellulaceae,Pirellula,metagenome,Pirellulales; Pirellulaceae; Pirellula; metagenome; ASV406,Planctomycetota; Pirellulales; Pirellulaceae
ASV407,Bacteria,Proteobacteria,Gammaproteobacteria,Burkholderiales,Oxalobacteraceae,Massilia,,Burkholderiales; Oxalobacteraceae; Massilia; ASV407,Proteobacteria; Burkholderiales; Oxalobacteraceae
ASV408,Bacteria,Proteobacteria,Gammaproteobacteria,Alteromonadales,Colwelliaceae,Colwellia,,Alteromonadales; Colwelliaceae; Colwellia; ASV408,Proteobacteria; Alteromonadales; Colwelliaceae
ASV409,Bacteria,Actinobacteriota,Actinobacteria,Propionibacteriales,Propionibacteriaceae,Friedmanniella,,Propionibacteriales; Propionibacteriaceae; Friedmanniella; ASV409,Actinobacteriota; Propionibacteriales; Propionibacteriaceae
ASV410,Bacteria,Actinobacteriota,Thermoleophilia,Solirubrobacterales,67-14,67-14,,Solirubrobacterales; 67-14; 67-14; ASV410,Actinobacteriota; Solirubrobacterales; 67-14
ASV411,Bacteria,Firmicutes,Bacilli,Bacillales,Bacillaceae,Bacillus,,Bacillales; Bacillaceae; Bacillus; ASV411,Firmicutes; Bacillales; Bacillaceae
ASV412,Bacteria,Actinobacteriota,Actinobacteria,Micrococcales,Microbacteriaceae,,,Micrococcales; Microbacteriaceae; ASV412,Actinobacteriota; Micrococcales; Microbacteriaceae
ASV413,Bacteria,Proteobacteria,Alphaproteobacteria,Rhizobiales,Beijerinckiaceae,1174-901-12,uncultured_Rhizobiales,Rhizobiales; Beijerinckiaceae; 1174-901-12; uncultured_Rhizobiales; ASV413,Proteobacteria; Rhizobiales; Beijerinckiaceae
ASV414,Bacteria,Verrucomicrobiota,Verrucomicrobiae,Verrucomicrobiales,Rubritaleaceae,Luteolibacter,uncultured_Luteolibacter,Verrucomicrobiales; Rubritaleaceae; Luteolibacter; uncultured_Luteolibacter; ASV414,Verrucomicrobiota; Verrucomicrobiales; Rubritaleaceae
ASV415,Bacteria,Actinobacteriota,Actinobacteria,Micromonosporales,Micromonosporaceae,Micromonospora,,Micromonosporales; Micromonosporaceae; Micromonospora; ASV415,Actinobacteriota; Micromonosporales; Micromonosporaceae
ASV416,Bacteria,Proteobacteria,Alphaproteobacteria,Reyranellales,Reyranellaceae,Reyranella,metagenome,Reyranellales; Reyranellaceae; Reyranella; metagenome; ASV416,Proteobacteria; Reyranellales; Reyranellaceae
ASV417,Bacteria,Firmicutes,Clostridia,Clostridiales,Clostridiaceae,Clostridium_sensu_stricto_9,,Clostridiales; Clostridiaceae; Clostridium_sensu_stricto_9; ASV417,Firmicutes; Clostridiales; Clostridiaceae
ASV418,Bacteria,Actinobacteriota,Thermoleophilia,Gaiellales,,,metagenome,Gaiellales; metagenome; ASV418,Actinobacteriota; Gaiellales
ASV419,Bacteria,Actinobacteriota,Actinobacteria,Frankiales,Geodermatophilaceae,,,Frankiales; Geodermatophilaceae; ASV419,Actinobacteriota; Frankiales; Geodermatophilaceae
ASV420,Bacteria,Firmicutes,Bacilli,Bacillales,Bacillaceae,Bacillus,,Bacillales; Bacillaceae; Bacillus; ASV420,Firmicutes; Bacillales; Bacillaceae
ASV421,Bacteria,Proteobacteria,Alphaproteobacteria,Reyranellales,Reyranellaceae,Reyranella,,Reyranellales; Reyranellaceae; Reyranella; ASV421,Proteobacteria; Reyranellales; Reyranellaceae
ASV422,Bacteria,Actinobacteriota,Actinobacteria,Frankiales,Frankiaceae,Jatrophihabitans,,Frankiales; Frankiaceae; Jatrophihabitans; ASV422,Actinobacteriota; Frankiales; Frankiaceae
ASV423,Bacteria,Acidobacteriota,Acidobacteriae,Acidobacteriales,,,uncultured_forest,Acidobacteriales; uncultured_forest; ASV423,Acidobacteriota; Acidobacteriales
ASV424,Bacteria,Proteobacteria,Alphaproteobacteria,Sphingomonadales,Sphingomonadaceae,Sphingorhabdus,,Sphingomonadales; Sphingomonadaceae; Sphingorhabdus; ASV424,Proteobacteria; Sphingomonadales; Sphingomonadaceae
ASV425,Bacteria,Proteobacteria,Alphaproteobacteria,Rhizobiales,Rhizobiales_Incertae_Sedis,Phreatobacter,,Rhizobiales; Rhizobiales_Incertae_Sedis; Phreatobacter; ASV425,Proteobacteria; Rhizobiales; Rhizobiales_Incertae_Sedis
ASV426,Bacteria,Planctomycetota,Planctomycetes,Isosphaerales,Isosphaeraceae,,,Isosphaerales; Isosphaeraceae; ASV426,Planctomycetota; Isosphaerales; Isosphaeraceae
ASV427,Bacteria,Bacteroidota,Bacteroidia,Flavobacteriales,Flavobacteriaceae,Ulvibacter,uncultured_marine,Flavobacteriales; Flavobacteriaceae; Ulvibacter; uncultured_marine; ASV427,Bacteroidota; Flavobacteriales; Flavobacteriaceae
ASV428,Bacteria,Proteobacteria,Alphaproteobacteria,Sphingomonadales,Sphingomonadaceae,,,Sphingomonadales; Sphingomonadaceae; ASV428,Proteobacteria; Sphingomonadales; Sphingomonadaceae
ASV429,Bacteria,Actinobacteriota,Thermoleophilia,Solirubrobacterales,Solirubrobacteraceae,Solirubrobacter,uncultured_bacterium,Solirubrobacterales; Solirubrobacteraceae; Solirubrobacter; uncultured_bacterium; ASV429,Actinobacteriota; Solirubrobacterales; Solirubrobacteraceae
ASV430,Bacteria,Bacteroidota,Bacteroidia,Cytophagales,Amoebophilaceae,Candidatus_Amoebophilus,uncultured_bacterium,Cytophagales; Amoebophilaceae; Candidatus_Amoebophilus; uncultured_bacterium; ASV430,Bacteroidota; Cytophagales; Amoebophilaceae
ASV431,Bacteria,Firmicutes,Bacilli,Bacillales,Bacillaceae,,uncultured_bacterium,Bacillales; Bacillaceae; uncultured_bacterium; ASV431,Firmicutes; Bacillales; Bacillaceae
ASV432,Bacteria,Planctomycetota,Planctomycetes,Isosphaerales,Isosphaeraceae,Tundrisphaera,uncultured_bacterium,Isosphaerales; Isosphaeraceae; Tundrisphaera; uncultured_bacterium; ASV432,Planctomycetota; Isosphaerales; Isosphaeraceae
ASV433,Bacteria,Planctomycetota,Planctomycetes,Isosphaerales,Isosphaeraceae,Tundrisphaera,,Isosphaerales; Isosphaeraceae; Tundrisphaera; ASV433,Planctomycetota; Isosphaerales; Isosphaeraceae
ASV434,Bacteria,Planctomycetota,Planctomycetes,Isosphaerales,Isosphaeraceae,,uncultured_bacterium,Isosphaerales; Isosphaeraceae; uncultured_bacterium; ASV434,Planctomycetota; Isosphaerales; Isosphaeraceae
ASV435,Bacteria,Actinobacteriota,Rubrobacteria,Rubrobacterales,Rubrobacteriaceae,Rubrobacter,,Rubrobacterales; Rubrobacteriaceae; Rubrobacter; ASV435,Actinobacteriota; Rubrobacterales; Rubrobacteriaceae
ASV436,Bacteria,Proteobacteria,Alphaproteobacteria,Caulobacterales,Caulobacteraceae,Asticcacaulis,Asticcacaulis_sp.,Caulobacterales; Caulobacteraceae; Asticcacaulis; Asticcacaulis_sp.; ASV436,Proteobacteria; Caulobacterales; Caulobacteraceae
ASV437,Bacteria,Firmicutes,Clostridia,Lachnospirales,Lachnospiraceae,Lachnoclostridium,,Lachnospirales; Lachnospiraceae; Lachnoclostridium; ASV437,Firmicutes; Lachnospirales; Lachnospiraceae
ASV438,Bacteria,Proteobacteria,Alphaproteobacteria,Rhizobiales,Devosiaceae,Devosia,,Rhizobiales; Devosiaceae; Devosia; ASV438,Proteobacteria; Rhizobiales; Devosiaceae
ASV439,Bacteria,Actinobacteriota,Thermoleophilia,Solirubrobacterales,Solirubrobacteraceae,JCM_18997,metagenome,Solirubrobacterales; Solirubrobacteraceae; JCM_18997; metagenome; ASV439,Actinobacteriota; Solirubrobacterales; Solirubrobacteraceae
ASV440,Bacteria,Actinobacteriota,Actinobacteria,Corynebacteriales,Mycobacteriaceae,Mycobacterium,,Corynebacteriales; Mycobacteriaceae; Mycobacterium; ASV440,Actinobacteriota; Corynebacteriales; Mycobacteriaceae
ASV441,Bacteria,Patescibacteria,Saccharimonadia,Saccharimonadales,Saccharimonadales,Saccharimonadales,uncultured_bacterium,Saccharimonadales; Saccharimonadales; Saccharimonadales; uncultured_bacterium; ASV441,Patescibacteria; Saccharimonadales; Saccharimonadales
ASV442,Bacteria,Verrucomicrobiota,Chlamydiae,Chlamydiales,Parachlamydiaceae,Neochlamydia,,Chlamydiales; Parachlamydiaceae; Neochlamydia; ASV442,Verrucomicrobiota; Chlamydiales; Parachlamydiaceae
ASV443,Bacteria,Proteobacteria,Alphaproteobacteria,Acetobacterales,Acetobacteraceae,Acidiphilium,uncultured_bacterium,Acetobacterales; Acetobacteraceae; Acidiphilium; uncultured_bacterium; ASV443,Proteobacteria; Acetobacterales; Acetobacteraceae
ASV444,Bacteria,Firmicutes,Clostridia,Peptostreptococcales-Tissierellales,Peptostreptococcales-Tissierellales,Anaerococcus,uncultured_bacterium,Peptostreptococcales-Tissierellales; Peptostreptococcales-Tissierellales; Anaerococcus; uncultured_bacterium; ASV444,Firmicutes; Peptostreptococcales-Tissierellales; Peptostreptococcales-Tissierellales
ASV445,Bacteria,Actinobacteriota,Actinobacteria,Corynebacteriales,Nocardiaceae,Rhodococcus,Rhodococcus_aerolatus,Corynebacteriales; Nocardiaceae; Rhodococcus; Rhodococcus_aerolatus; ASV445,Actinobacteriota; Corynebacteriales; Nocardiaceae
ASV446,Bacteria,Actinobacteriota,Actinobacteria,Pseudonocardiales,Pseudonocardiaceae,Pseudonocardia,,Pseudonocardiales; Pseudonocardiaceae; Pseudonocardia; ASV446,Actinobacteriota; Pseudonocardiales; Pseudonocardiaceae
ASV447,Bacteria,Actinobacteriota,Thermoleophilia,Solirubrobacterales,67-14,67-14,uncultured_organism,Solirubrobacterales; 67-14; 67-14; uncultured_organism; ASV447,Actinobacteriota; Solirubrobacterales; 67-14
ASV448,Bacteria,Proteobacteria,Alphaproteobacteria,Caulobacterales,Caulobacteraceae,Caulobacter,Caulobacter_sp.,Caulobacterales; Caulobacteraceae; Caulobacter; Caulobacter_sp.; ASV448,Proteobacteria; Caulobacterales; Caulobacteraceae
ASV449,Bacteria,Actinobacteriota,Actinobacteria,Frankiales,Frankiaceae,Frankia,,Frankiales; Frankiaceae; Frankia; ASV449,Actinobacteriota; Frankiales; Frankiaceae
ASV450,Bacteria,Proteobacteria,Gammaproteobacteria,Pseudomonadales,Moraxellaceae,Acinetobacter,,Pseudomonadales; Moraxellaceae; Acinetobacter; ASV450,Proteobacteria; Pseudomonadales; Moraxellaceae
ASV451,Bacteria,Firmicutes,Clostridia,Lachnospirales,Lachnospiraceae,Lachnoclostridium,,Lachnospirales; Lachnospiraceae; Lachnoclostridium; ASV451,Firmicutes; Lachnospirales; Lachnospiraceae
ASV452,Bacteria,Bacteroidota,Bacteroidia,Cytophagales,Spirosomaceae,Dyadobacter,,Cytophagales; Spirosomaceae; Dyadobacter; ASV452,Bacteroidota; Cytophagales; Spirosomaceae
ASV453,Bacteria,Actinobacteriota,Actinobacteria,Micrococcales,Intrasporangiaceae,,,Micrococcales; Intrasporangiaceae; ASV453,Actinobacteriota; Micrococcales; Intrasporangiaceae
ASV454,Bacteria,Actinobacteriota,Actinobacteria,Frankiales,Frankiaceae,Jatrophihabitans,,Frankiales; Frankiaceae; Jatrophihabitans; ASV454,Actinobacteriota; Frankiales; Frankiaceae
ASV455,Bacteria,Firmicutes,Bacilli,Bacillales,Bacillaceae,Bacillus,,Bacillales; Bacillaceae; Bacillus; ASV455,Firmicutes; Bacillales; Bacillaceae
ASV456,Bacteria,Proteobacteria,Alphaproteobacteria,Rhizobiales,Devosiaceae,Devosia,,Rhizobiales; Devosiaceae; Devosia; ASV456,Proteobacteria; Rhizobiales; Devosiaceae
ASV457,Bacteria,Planctomycetota,Planctomycetes,Planctomycetales,Rubinisphaeraceae,,metagenome,Planctomycetales; Rubinisphaeraceae; metagenome; ASV457,Planctomycetota; Planctomycetales; Rubinisphaeraceae
ASV458,Bacteria,Actinobacteriota,Thermoleophilia,Solirubrobacterales,Solirubrobacteraceae,Solirubrobacter,uncultured_bacterium,Solirubrobacterales; Solirubrobacteraceae; Solirubrobacter; uncultured_bacterium; ASV458,Actinobacteriota; Solirubrobacterales; Solirubrobacteraceae
ASV459,Bacteria,Actinobacteriota,Actinobacteria,Frankiales,Frankiaceae,Jatrophihabitans,uncultured_Frankiaceae,Frankiales; Frankiaceae; Jatrophihabitans; uncultured_Frankiaceae; ASV459,Actinobacteriota; Frankiales; Frankiaceae
ASV460,Bacteria,Planctomycetota,Planctomycetes,Isosphaerales,Isosphaeraceae,Candidatus_Nostocoida,uncultured_bacterium,Isosphaerales; Isosphaeraceae; Candidatus_Nostocoida; uncultured_bacterium; ASV460,Planctomycetota; Isosphaerales; Isosphaeraceae
ASV461,Bacteria,Proteobacteria,Alphaproteobacteria,Sphingomonadales,Sphingomonadaceae,,,Sphingomonadales; Sphingomonadaceae; ASV461,Proteobacteria; Sphingomonadales; Sphingomonadaceae
ASV462,Bacteria,Proteobacteria,Alphaproteobacteria,Rhizobiales,Rhizobiaceae,,,Rhizobiales; Rhizobiaceae; ASV462,Proteobacteria; Rhizobiales; Rhizobiaceae
ASV463,Bacteria,Proteobacteria,Alphaproteobacteria,Rhizobiales,Beijerinckiaceae,,,Rhizobiales; Beijerinckiaceae; ASV463,Proteobacteria; Rhizobiales; Beijerinckiaceae
ASV464,Bacteria,Actinobacteriota,Actinobacteria,Micrococcales,Micrococcaceae,,,Micrococcales; Micrococcaceae; ASV464,Actinobacteriota; Micrococcales; Micrococcaceae
ASV465,Bacteria,Proteobacteria,Alphaproteobacteria,Rhizobiales,Beijerinckiaceae,,,Rhizobiales; Beijerinckiaceae; ASV465,Proteobacteria; Rhizobiales; Beijerinckiaceae
ASV466,Bacteria,Actinobacteriota,Actinobacteria,Pseudonocardiales,Pseudonocardiaceae,,,Pseudonocardiales; Pseudonocardiaceae; ASV466,Actinobacteriota; Pseudonocardiales; Pseudonocardiaceae
ASV467,Bacteria,Cyanobacteria,Cyanobacteriia,Cyanobacteriales,Microcystaceae,Microcystis_PCC-7914,,Cyanobacteriales; Microcystaceae; Microcystis_PCC-7914; ASV467,Cyanobacteria; Cyanobacteriales; Microcystaceae
ASV468,Bacteria,Planctomycetota,Planctomycetes,Isosphaerales,Isosphaeraceae,,,Isosphaerales; Isosphaeraceae; ASV468,Planctomycetota; Isosphaerales; Isosphaeraceae
ASV469,Bacteria,Bacteroidota,Bacteroidia,Bacteroidales,Dysgonomonadaceae,Dysgonomonas,,Bacteroidales; Dysgonomonadaceae; Dysgonomonas; ASV469,Bacteroidota; Bacteroidales; Dysgonomonadaceae
ASV470,Bacteria,Planctomycetota,Planctomycetes,Pirellulales,Pirellulaceae,Pirellula,,Pirellulales; Pirellulaceae; Pirellula; ASV470,Planctomycetota; Pirellulales; Pirellulaceae
ASV471,Bacteria,Planctomycetota,Planctomycetes,Isosphaerales,Isosphaeraceae,,Isosphaera_sp.,Isosphaerales; Isosphaeraceae; Isosphaera_sp.; ASV471,Planctomycetota; Isosphaerales; Isosphaeraceae
ASV472,Bacteria,Bacteroidota,Bacteroidia,Sphingobacteriales,Sphingobacteriaceae,Sphingobacterium,,Sphingobacteriales; Sphingobacteriaceae; Sphingobacterium; ASV472,Bacteroidota; Sphingobacteriales; Sphingobacteriaceae
ASV473,Bacteria,Actinobacteriota,Actinobacteria,,,,,ASV473,Actinobacteriota
ASV474,Bacteria,Bacteroidota,Bacteroidia,Flavobacteriales,Flavobacteriaceae,Flavobacterium,,Flavobacteriales; Flavobacteriaceae; Flavobacterium; ASV474,Bacteroidota; Flavobacteriales; Flavobacteriaceae
ASV475,Bacteria,Proteobacteria,Alphaproteobacteria,Reyranellales,Reyranellaceae,Reyranella,,Reyranellales; Reyranellaceae; Reyranella; ASV475,Proteobacteria; Reyranellales; Reyranellaceae
ASV476,Bacteria,Proteobacteria,Alphaproteobacteria,Rhodobacterales,Rhodobacteraceae,,,Rhodobacterales; Rhodobacteraceae; ASV476,Proteobacteria; Rhodobacterales; Rhodobacteraceae
ASV477,Bacteria,Proteobacteria,Gammaproteobacteria,Legionellales,Legionellaceae,Legionella,,Legionellales; Legionellaceae; Legionella; ASV477,Proteobacteria; Legionellales; Legionellaceae
ASV478,Bacteria,Actinobacteriota,Actinobacteria,Frankiales,Nakamurellaceae,Nakamurella,,Frankiales; Nakamurellaceae; Nakamurella; ASV478,Actinobacteriota; Frankiales; Nakamurellaceae
ASV479,Bacteria,Verrucomicrobiota,Chlamydiae,Chlamydiales,Parachlamydiaceae,Neochlamydia,uncultured_Chlamydiales,Chlamydiales; Parachlamydiaceae; Neochlamydia; uncultured_Chlamydiales; ASV479,Verrucomicrobiota; Chlamydiales; Parachlamydiaceae
ASV480,Bacteria,Bacteroidota,Bacteroidia,Sphingobacteriales,Sphingobacteriaceae,Pedobacter,,Sphingobacteriales; Sphingobacteriaceae; Pedobacter; ASV480,Bacteroidota; Sphingobacteriales; Sphingobacteriaceae
ASV481,Bacteria,Proteobacteria,Alphaproteobacteria,Rhizobiales,Beijerinckiaceae,Psychroglaciecola,,Rhizobiales; Beijerinckiaceae; Psychroglaciecola; ASV481,Proteobacteria; Rhizobiales; Beijerinckiaceae
ASV482,Bacteria,Proteobacteria,Alphaproteobacteria,Rhizobiales,Beijerinckiaceae,Psychroglaciecola,uncultured_bacterium,Rhizobiales; Beijerinckiaceae; Psychroglaciecola; uncultured_bacterium; ASV482,Proteobacteria; Rhizobiales; Beijerinckiaceae
ASV483,Bacteria,Actinobacteriota,Actinobacteria,Kineosporiales,Kineosporiaceae,Quadrisphaera,uncultured_bacterium,Kineosporiales; Kineosporiaceae; Quadrisphaera; uncultured_bacterium; ASV483,Actinobacteriota; Kineosporiales; Kineosporiaceae
ASV484,Bacteria,Proteobacteria,Alphaproteobacteria,Rhizobiales,Beijerinckiaceae,1174-901-12,uncultured_bacterium,Rhizobiales; Beijerinckiaceae; 1174-901-12; uncultured_bacterium; ASV484,Proteobacteria; Rhizobiales; Beijerinckiaceae
ASV485,Bacteria,Proteobacteria,Gammaproteobacteria,Burkholderiales,Oxalobacteraceae,Duganella,,Burkholderiales; Oxalobacteraceae; Duganella; ASV485,Proteobacteria; Burkholderiales; Oxalobacteraceae
ASV486,Bacteria,Acidobacteriota,Acidobacteriae,Bryobacterales,Bryobacteraceae,Bryobacter,uncultured_bacterium,Bryobacterales; Bryobacteraceae; Bryobacter; uncultured_bacterium; ASV486,Acidobacteriota; Bryobacterales; Bryobacteraceae
ASV487,Bacteria,Proteobacteria,Alphaproteobacteria,Rhizobiales,Beijerinckiaceae,,uncultured_bacterium,Rhizobiales; Beijerinckiaceae; uncultured_bacterium; ASV487,Proteobacteria; Rhizobiales; Beijerinckiaceae
ASV488,Bacteria,Proteobacteria,Gammaproteobacteria,Gammaproteobacteria_Incertae_Sedis,,Candidatus_Berkiella,uncultured_bacterium,Gammaproteobacteria_Incertae_Sedis; Candidatus_Berkiella; uncultured_bacterium; ASV488,Proteobacteria; Gammaproteobacteria_Incertae_Sedis
ASV489,Bacteria,Actinobacteriota,Actinobacteria,Micrococcales,Promicromonosporaceae,Cellulosimicrobium,,Micrococcales; Promicromonosporaceae; Cellulosimicrobium; ASV489,Actinobacteriota; Micrococcales; Promicromonosporaceae
ASV490,Bacteria,Bacteroidota,Bacteroidia,Sphingobacteriales,Sphingobacteriaceae,Pedobacter,,Sphingobacteriales; Sphingobacteriaceae; Pedobacter; ASV490,Bacteroidota; Sphingobacteriales; Sphingobacteriaceae
ASV491,Bacteria,Proteobacteria,Gammaproteobacteria,Burkholderiales,Burkholderiaceae,Limnobacter,,Burkholderiales; Burkholderiaceae; Limnobacter; ASV491,Proteobacteria; Burkholderiales; Burkholderiaceae
ASV492,Bacteria,Actinobacteriota,Actinobacteria,Propionibacteriales,Nocardioidaceae,Marmoricola,,Propionibacteriales; Nocardioidaceae; Marmoricola; ASV492,Actinobacteriota; Propionibacteriales; Nocardioidaceae
ASV493,Bacteria,Actinobacteriota,Actinobacteria,Frankiales,Sporichthyaceae,Longivirga,uncultured_bacterium,Frankiales; Sporichthyaceae; Longivirga; uncultured_bacterium; ASV493,Actinobacteriota; Frankiales; Sporichthyaceae
ASV494,Bacteria,Actinobacteriota,Actinobacteria,Propionibacteriales,Nocardioidaceae,Nocardioides,,Propionibacteriales; Nocardioidaceae; Nocardioides; ASV494,Actinobacteriota; Propionibacteriales; Nocardioidaceae
ASV495,Bacteria,Cyanobacteria,Cyanobacteriia,,,,,ASV495,Cyanobacteria
ASV496,Bacteria,Proteobacteria,Gammaproteobacteria,Legionellales,Legionellaceae,Legionella,metagenome,Legionellales; Legionellaceae; Legionella; metagenome; ASV496,Proteobacteria; Legionellales; Legionellaceae
ASV497,Bacteria,Myxococcota,Polyangia,Polyangiales,Polyangiaceae,Aetherobacter,uncultured_bacterium,Polyangiales; Polyangiaceae; Aetherobacter; uncultured_bacterium; ASV497,Myxococcota; Polyangiales; Polyangiaceae
ASV498,Bacteria,Proteobacteria,Gammaproteobacteria,Coxiellales,Coxiellaceae,Coxiella,uncultured_bacterium,Coxiellales; Coxiellaceae; Coxiella; uncultured_bacterium; ASV498,Proteobacteria; Coxiellales; Coxiellaceae
ASV499,Bacteria,Proteobacteria,Alphaproteobacteria,Acetobacterales,Acetobacteraceae,Roseomonas,,Acetobacterales; Acetobacteraceae; Roseomonas; ASV499,Proteobacteria; Acetobacterales; Acetobacteraceae
ASV500,Bacteria,Actinobacteriota,Actinobacteria,Frankiales,Geodermatophilaceae,Blastococcus,Blastococcus_sp.,Frankiales; Geodermatophilaceae; Blastococcus; Blastococcus_sp.; ASV500,Actinobacteriota; Frankiales; Geodermatophilaceae
ASV501,Bacteria,Chloroflexi,Chloroflexia,Thermomicrobiales,JG30-KF-CM45,JG30-KF-CM45,uncultured_soil,Thermomicrobiales; JG30-KF-CM45; JG30-KF-CM45; uncultured_soil; ASV501,Chloroflexi; Thermomicrobiales; JG30-KF-CM45
ASV502,Bacteria,Proteobacteria,Alphaproteobacteria,Rhizobiales,Xanthobacteraceae,,,Rhizobiales; Xanthobacteraceae; ASV502,Proteobacteria; Rhizobiales; Xanthobacteraceae
ASV503,Bacteria,Planctomycetota,Planctomycetes,Isosphaerales,Isosphaeraceae,Tundrisphaera,uncultured_bacterium,Isosphaerales; Isosphaeraceae; Tundrisphaera; uncultured_bacterium; ASV503,Planctomycetota; Isosphaerales; Isosphaeraceae
ASV504,Bacteria,Firmicutes,Bacilli,Paenibacillales,Paenibacillaceae,Paenibacillus,,Paenibacillales; Paenibacillaceae; Paenibacillus; ASV504,Firmicutes; Paenibacillales; Paenibacillaceae
ASV505,Bacteria,Proteobacteria,Gammaproteobacteria,Legionellales,Legionellaceae,Legionella,uncultured_bacterium,Legionellales; Legionellaceae; Legionella; uncultured_bacterium; ASV505,Proteobacteria; Legionellales; Legionellaceae
ASV506,Bacteria,Planctomycetota,Planctomycetes,Pirellulales,Pirellulaceae,,uncultured_sludge,Pirellulales; Pirellulaceae; uncultured_sludge; ASV506,Planctomycetota; Pirellulales; Pirellulaceae
ASV507,Bacteria,Actinobacteriota,Actinobacteria,Frankiales,Frankiaceae,Jatrophihabitans,uncultured_bacterium,Frankiales; Frankiaceae; Jatrophihabitans; uncultured_bacterium; ASV507,Actinobacteriota; Frankiales; Frankiaceae
ASV508,Bacteria,Proteobacteria,Alphaproteobacteria,Rhodobacterales,Rhodobacteraceae,,,Rhodobacterales; Rhodobacteraceae; ASV508,Proteobacteria; Rhodobacterales; Rhodobacteraceae
ASV509,Bacteria,Proteobacteria,Gammaproteobacteria,Oceanospirillales,Marinomonadaceae,Marinomonas,,Oceanospirillales; Marinomonadaceae; Marinomonas; ASV509,Proteobacteria; Oceanospirillales; Marinomonadaceae
ASV510,Bacteria,Actinobacteriota,Actinobacteria,Streptosporangiales,Streptosporangiales_Incertae_Sedis,Motilibacter,uncultured_bacterium,Streptosporangiales; Streptosporangiales_Incertae_Sedis; Motilibacter; uncultured_bacterium; ASV510,Actinobacteriota; Streptosporangiales; Streptosporangiales_Incertae_Sedis
ASV511,Bacteria,Proteobacteria,Gammaproteobacteria,Oceanospirillales,Nitrincolaceae,Neptuniibacter,,Oceanospirillales; Nitrincolaceae; Neptuniibacter; ASV511,Proteobacteria; Oceanospirillales; Nitrincolaceae
ASV512,Bacteria,Actinobacteriota,Actinobacteria,Corynebacteriales,Corynebacteriaceae,Corynebacterium,,Corynebacteriales; Corynebacteriaceae; Corynebacterium; ASV512,Actinobacteriota; Corynebacteriales; Corynebacteriaceae
ASV513,Bacteria,Firmicutes,Bacilli,Bacillales,Planococcaceae,Lysinibacillus,,Bacillales; Planococcaceae; Lysinibacillus; ASV513,Firmicutes; Bacillales; Planococcaceae
ASV514,Bacteria,Planctomycetota,Planctomycetes,Planctomycetales,Rubinisphaeraceae,,,Planctomycetales; Rubinisphaeraceae; ASV514,Planctomycetota; Planctomycetales; Rubinisphaeraceae
ASV515,Bacteria,Proteobacteria,Alphaproteobacteria,Sphingomonadales,Sphingomonadaceae,Sphingomonas,metagenome,Sphingomonadales; Sphingomonadaceae; Sphingomonas; metagenome; ASV515,Proteobacteria; Sphingomonadales; Sphingomonadaceae
ASV516,Bacteria,Planctomycetota,Planctomycetes,Pirellulales,Pirellulaceae,Pirellula,,Pirellulales; Pirellulaceae; Pirellula; ASV516,Planctomycetota; Pirellulales; Pirellulaceae
ASV517,Bacteria,Proteobacteria,Gammaproteobacteria,Cellvibrionales,Halieaceae,Luminiphilus,,Cellvibrionales; Halieaceae; Luminiphilus; ASV517,Proteobacteria; Cellvibrionales; Halieaceae
ASV518,Bacteria,Proteobacteria,Alphaproteobacteria,Reyranellales,Reyranellaceae,Reyranella,,Reyranellales; Reyranellaceae; Reyranella; ASV518,Proteobacteria; Reyranellales; Reyranellaceae
ASV519,Bacteria,Cyanobacteria,Cyanobacteriia,Cyanobacteriales,Chroococcidiopsaceae,,uncultured_bacterium,Cyanobacteriales; Chroococcidiopsaceae; uncultured_bacterium; ASV519,Cyanobacteria; Cyanobacteriales; Chroococcidiopsaceae
ASV520,Bacteria,Planctomycetota,Planctomycetes,Isosphaerales,Isosphaeraceae,Tundrisphaera,,Isosphaerales; Isosphaeraceae; Tundrisphaera; ASV520,Planctomycetota; Isosphaerales; Isosphaeraceae
ASV521,Bacteria,Chloroflexi,KD4-96,KD4-96,KD4-96,KD4-96,uncultured_bacterium,KD4-96; KD4-96; KD4-96; uncultured_bacterium; ASV521,Chloroflexi; KD4-96; KD4-96
ASV522,Bacteria,Firmicutes,Bacilli,Staphylococcales,Staphylococcaceae,Staphylococcus,,Staphylococcales; Staphylococcaceae; Staphylococcus; ASV522,Firmicutes; Staphylococcales; Staphylococcaceae
ASV523,Bacteria,Proteobacteria,Alphaproteobacteria,Rhizobiales,Hyphomicrobiaceae,Hyphomicrobium,metagenome,Rhizobiales; Hyphomicrobiaceae; Hyphomicrobium; metagenome; ASV523,Proteobacteria; Rhizobiales; Hyphomicrobiaceae
ASV524,Bacteria,Proteobacteria,Gammaproteobacteria,Burkholderiales,Comamonadaceae,,,Burkholderiales; Comamonadaceae; ASV524,Proteobacteria; Burkholderiales; Comamonadaceae
ASV525,Bacteria,Proteobacteria,Gammaproteobacteria,Burkholderiales,Oxalobacteraceae,,,Burkholderiales; Oxalobacteraceae; ASV525,Proteobacteria; Burkholderiales; Oxalobacteraceae
ASV526,Bacteria,Proteobacteria,Alphaproteobacteria,Holosporales,Holosporaceae,,,Holosporales; Holosporaceae; ASV526,Proteobacteria; Holosporales; Holosporaceae
ASV527,Bacteria,Proteobacteria,Alphaproteobacteria,Acetobacterales,Acetobacteraceae,Acidiphilium,,Acetobacterales; Acetobacteraceae; Acidiphilium; ASV527,Proteobacteria; Acetobacterales; Acetobacteraceae
ASV528,Bacteria,Actinobacteriota,Actinobacteria,Micrococcales,Microbacteriaceae,Rathayibacter,,Micrococcales; Microbacteriaceae; Rathayibacter; ASV528,Actinobacteriota; Micrococcales; Microbacteriaceae
ASV529,Bacteria,Bacteroidota,Bacteroidia,Flavobacteriales,Flavobacteriaceae,Flavobacterium,Flavobacterium_cheonhonense,Flavobacteriales; Flavobacteriaceae; Flavobacterium; Flavobacterium_cheonhonense; ASV529,Bacteroidota; Flavobacteriales; Flavobacteriaceae
ASV530,Bacteria,Bacteroidota,Bacteroidia,Sphingobacteriales,Sphingobacteriaceae,Pedobacter,,Sphingobacteriales; Sphingobacteriaceae; Pedobacter; ASV530,Bacteroidota; Sphingobacteriales; Sphingobacteriaceae
ASV531,Bacteria,Proteobacteria,Alphaproteobacteria,Sphingomonadales,Sphingomonadaceae,Sphingomonas,Sphingomonas_glacialis,Sphingomonadales; Sphingomonadaceae; Sphingomonas; Sphingomonas_glacialis; ASV531,Proteobacteria; Sphingomonadales; Sphingomonadaceae
ASV532,Bacteria,Proteobacteria,Gammaproteobacteria,Burkholderiales,Oxalobacteraceae,,,Burkholderiales; Oxalobacteraceae; ASV532,Proteobacteria; Burkholderiales; Oxalobacteraceae
ASV533,Bacteria,Firmicutes,Bacilli,Bacillales,Bacillaceae,Bacillus,,Bacillales; Bacillaceae; Bacillus; ASV533,Firmicutes; Bacillales; Bacillaceae
ASV534,Bacteria,Bacteroidota,Bacteroidia,Chitinophagales,Chitinophagaceae,Sediminibacterium,,Chitinophagales; Chitinophagaceae; Sediminibacterium; ASV534,Bacteroidota; Chitinophagales; Chitinophagaceae
ASV535,Bacteria,Proteobacteria,Gammaproteobacteria,Burkholderiales,Oxalobacteraceae,Noviherbaspirillum,,Burkholderiales; Oxalobacteraceae; Noviherbaspirillum; ASV535,Proteobacteria; Burkholderiales; Oxalobacteraceae
ASV536,Bacteria,Proteobacteria,Alphaproteobacteria,Acetobacterales,Acetobacteraceae,Roseococcus,,Acetobacterales; Acetobacteraceae; Roseococcus; ASV536,Proteobacteria; Acetobacterales; Acetobacteraceae
ASV537,Bacteria,Firmicutes,Bacilli,Bacillales,Salisediminibacteriaceae,Salipaludibacillus,,Bacillales; Salisediminibacteriaceae; Salipaludibacillus; ASV537,Firmicutes; Bacillales; Salisediminibacteriaceae
ASV538,Bacteria,Bacteroidota,Bacteroidia,Sphingobacteriales,Sphingobacteriaceae,Pedobacter,,Sphingobacteriales; Sphingobacteriaceae; Pedobacter; ASV538,Bacteroidota; Sphingobacteriales; Sphingobacteriaceae
ASV539,Bacteria,Firmicutes,Bacilli,Lactobacillales,Lactobacillaceae,Lactobacillus,,Lactobacillales; Lactobacillaceae; Lactobacillus; ASV539,Firmicutes; Lactobacillales; Lactobacillaceae
ASV540,Bacteria,Planctomycetota,Planctomycetes,Isosphaerales,Isosphaeraceae,Paludisphaera,,Isosphaerales; Isosphaeraceae; Paludisphaera; ASV540,Planctomycetota; Isosphaerales; Isosphaeraceae
ASV541,Bacteria,Planctomycetota,Planctomycetes,Gemmatales,Gemmataceae,Gemmata,uncultured_planctomycete,Gemmatales; Gemmataceae; Gemmata; uncultured_planctomycete; ASV541,Planctomycetota; Gemmatales; Gemmataceae
ASV542,Bacteria,Proteobacteria,Gammaproteobacteria,Xanthomonadales,Xanthomonadaceae,Stenotrophomonas,,Xanthomonadales; Xanthomonadaceae; Stenotrophomonas; ASV542,Proteobacteria; Xanthomonadales; Xanthomonadaceae
ASV543,Bacteria,Bacteroidota,Bacteroidia,Flavobacteriales,Flavobacteriaceae,Flavobacterium,,Flavobacteriales; Flavobacteriaceae; Flavobacterium; ASV543,Bacteroidota; Flavobacteriales; Flavobacteriaceae
ASV544,Bacteria,Proteobacteria,Alphaproteobacteria,Reyranellales,Reyranellaceae,Reyranella,metagenome,Reyranellales; Reyranellaceae; Reyranella; metagenome; ASV544,Proteobacteria; Reyranellales; Reyranellaceae
ASV545,Bacteria,Proteobacteria,Alphaproteobacteria,Acetobacterales,Acetobacteraceae,Acidiphilium,uncultured_bacterium,Acetobacterales; Acetobacteraceae; Acidiphilium; uncultured_bacterium; ASV545,Proteobacteria; Acetobacterales; Acetobacteraceae
ASV546,Bacteria,Actinobacteriota,Thermoleophilia,Solirubrobacterales,Solirubrobacteraceae,Solirubrobacter,uncultured_bacterium,Solirubrobacterales; Solirubrobacteraceae; Solirubrobacter; uncultured_bacterium; ASV546,Actinobacteriota; Solirubrobacterales; Solirubrobacteraceae
ASV547,Bacteria,Firmicutes,Bacilli,Bacillales,Bacillaceae,Bacillus,,Bacillales; Bacillaceae; Bacillus; ASV547,Firmicutes; Bacillales; Bacillaceae
ASV548,Bacteria,Acidobacteriota,Acidobacteriae,Bryobacterales,Bryobacteraceae,Bryobacter,uncultured_bacterium,Bryobacterales; Bryobacteraceae; Bryobacter; uncultured_bacterium; ASV548,Acidobacteriota; Bryobacterales; Bryobacteraceae
ASV549,Bacteria,Proteobacteria,Alphaproteobacteria,Puniceispirillales,SAR116_clade,SAR116_clade,,Puniceispirillales; SAR116_clade; SAR116_clade; ASV549,Proteobacteria; Puniceispirillales; SAR116_clade
ASV550,Bacteria,Proteobacteria,Alphaproteobacteria,SAR11_clade,Clade_I,Clade_Ia,,SAR11_clade; Clade_I; Clade_Ia; ASV550,Proteobacteria; SAR11_clade; Clade_I
ASV551,Bacteria,Firmicutes,Negativicutes,Veillonellales-Selenomonadales,Sporomusaceae,Pelosinus,,Veillonellales-Selenomonadales; Sporomusaceae; Pelosinus; ASV551,Firmicutes; Veillonellales-Selenomonadales; Sporomusaceae
ASV552,Bacteria,Actinobacteriota,Actinobacteria,Pseudonocardiales,Pseudonocardiaceae,Pseudonocardia,,Pseudonocardiales; Pseudonocardiaceae; Pseudonocardia; ASV552,Actinobacteriota; Pseudonocardiales; Pseudonocardiaceae
ASV553,Bacteria,Proteobacteria,Alphaproteobacteria,Acetobacterales,Acetobacteraceae,Acidiphilium,uncultured_bacterium,Acetobacterales; Acetobacteraceae; Acidiphilium; uncultured_bacterium; ASV553,Proteobacteria; Acetobacterales; Acetobacteraceae
ASV554,Bacteria,Firmicutes,Bacilli,Paenibacillales,Paenibacillaceae,Paenibacillus,Paenibacillus_arcticus,Paenibacillales; Paenibacillaceae; Paenibacillus; Paenibacillus_arcticus; ASV554,Firmicutes; Paenibacillales; Paenibacillaceae
ASV555,Bacteria,Proteobacteria,Alphaproteobacteria,Rhizobiales,Rhizobiales_Incertae_Sedis,Phreatobacter,,Rhizobiales; Rhizobiales_Incertae_Sedis; Phreatobacter; ASV555,Proteobacteria; Rhizobiales; Rhizobiales_Incertae_Sedis
ASV556,Bacteria,Verrucomicrobiota,Chlamydiae,Chlamydiales,Parachlamydiaceae,Candidatus_Protochlamydia,metagenome,Chlamydiales; Parachlamydiaceae; Candidatus_Protochlamydia; metagenome; ASV556,Verrucomicrobiota; Chlamydiales; Parachlamydiaceae
ASV557,Bacteria,Proteobacteria,Alphaproteobacteria,Rhodobacterales,Rhodobacteraceae,Rubellimicrobium,uncultured_bacterium,Rhodobacterales; Rhodobacteraceae; Rubellimicrobium; uncultured_bacterium; ASV557,Proteobacteria; Rhodobacterales; Rhodobacteraceae
ASV558,Bacteria,Firmicutes,Clostridia,Lachnospirales,Lachnospiraceae,Tyzzerella,uncultured_Eubacteriaceae,Lachnospirales; Lachnospiraceae; Tyzzerella; uncultured_Eubacteriaceae; ASV558,Firmicutes; Lachnospirales; Lachnospiraceae
ASV559,Bacteria,Bacteroidota,Bacteroidia,Bacteroidales,Dysgonomonadaceae,Proteiniphilum,uncultured_bacterium,Bacteroidales; Dysgonomonadaceae; Proteiniphilum; uncultured_bacterium; ASV559,Bacteroidota; Bacteroidales; Dysgonomonadaceae
ASV560,Bacteria,Planctomycetota,Planctomycetes,Gemmatales,Gemmataceae,,uncultured_bacterium,Gemmatales; Gemmataceae; uncultured_bacterium; ASV560,Planctomycetota; Gemmatales; Gemmataceae
ASV561,Bacteria,Proteobacteria,Gammaproteobacteria,Vibrionales,Vibrionaceae,Vibrio,,Vibrionales; Vibrionaceae; Vibrio; ASV561,Proteobacteria; Vibrionales; Vibrionaceae
ASV562,Bacteria,Bacteroidota,Bacteroidia,Flavobacteriales,Weeksellaceae,Cloacibacterium,,Flavobacteriales; Weeksellaceae; Cloacibacterium; ASV562,Bacteroidota; Flavobacteriales; Weeksellaceae
ASV563,Bacteria,Actinobacteriota,Thermoleophilia,Solirubrobacterales,Solirubrobacteraceae,,,Solirubrobacterales; Solirubrobacteraceae; ASV563,Actinobacteriota; Solirubrobacterales; Solirubrobacteraceae
ASV564,Bacteria,Proteobacteria,Alphaproteobacteria,Sphingomonadales,Sphingomonadaceae,,,Sphingomonadales; Sphingomonadaceae; ASV564,Proteobacteria; Sphingomonadales; Sphingomonadaceae
ASV565,Bacteria,Planctomycetota,Planctomycetes,Isosphaerales,Isosphaeraceae,Tundrisphaera,,Isosphaerales; Isosphaeraceae; Tundrisphaera; ASV565,Planctomycetota; Isosphaerales; Isosphaeraceae
ASV566,Bacteria,Actinobacteriota,Thermoleophilia,Gaiellales,,,,Gaiellales; ASV566,Actinobacteriota; Gaiellales
ASV567,Bacteria,Bacteroidota,Bacteroidia,Sphingobacteriales,Sphingobacteriaceae,Pedobacter,,Sphingobacteriales; Sphingobacteriaceae; Pedobacter; ASV567,Bacteroidota; Sphingobacteriales; Sphingobacteriaceae
ASV568,Bacteria,Proteobacteria,Alphaproteobacteria,Rhizobiales,Beijerinckiaceae,,,Rhizobiales; Beijerinckiaceae; ASV568,Proteobacteria; Rhizobiales; Beijerinckiaceae
ASV569,Bacteria,Proteobacteria,Alphaproteobacteria,Rhizobiales,Rhizobiales_Incertae_Sedis,,uncultured_bacterium,Rhizobiales; Rhizobiales_Incertae_Sedis; uncultured_bacterium; ASV569,Proteobacteria; Rhizobiales; Rhizobiales_Incertae_Sedis
ASV570,Bacteria,Proteobacteria,Gammaproteobacteria,Burkholderiales,Comamonadaceae,,,Burkholderiales; Comamonadaceae; ASV570,Proteobacteria; Burkholderiales; Comamonadaceae
ASV571,Bacteria,Bacteroidota,Bacteroidia,Flavobacteriales,Flavobacteriaceae,Flavobacterium,,Flavobacteriales; Flavobacteriaceae; Flavobacterium; ASV571,Bacteroidota; Flavobacteriales; Flavobacteriaceae
ASV572,Bacteria,Proteobacteria,Gammaproteobacteria,Legionellales,Legionellaceae,Legionella,uncultured_bacterium,Legionellales; Legionellaceae; Legionella; uncultured_bacterium; ASV572,Proteobacteria; Legionellales; Legionellaceae
ASV573,Bacteria,Planctomycetota,Planctomycetes,Isosphaerales,Isosphaeraceae,,,Isosphaerales; Isosphaeraceae; ASV573,Planctomycetota; Isosphaerales; Isosphaeraceae
ASV574,Bacteria,Actinobacteriota,Actinobacteria,Pseudonocardiales,Pseudonocardiaceae,Actinomycetospora,,Pseudonocardiales; Pseudonocardiaceae; Actinomycetospora; ASV574,Actinobacteriota; Pseudonocardiales; Pseudonocardiaceae
ASV575,Bacteria,Actinobacteriota,Actinobacteria,Corynebacteriales,Corynebacteriaceae,Corynebacterium,,Corynebacteriales; Corynebacteriaceae; Corynebacterium; ASV575,Actinobacteriota; Corynebacteriales; Corynebacteriaceae
ASV576,Bacteria,Firmicutes,Bacilli,Lactobacillales,Streptococcaceae,Streptococcus,,Lactobacillales; Streptococcaceae; Streptococcus; ASV576,Firmicutes; Lactobacillales; Streptococcaceae
ASV577,Bacteria,Actinobacteriota,Actinobacteria,Corynebacteriales,Corynebacteriaceae,Corynebacterium,,Corynebacteriales; Corynebacteriaceae; Corynebacterium; ASV577,Actinobacteriota; Corynebacteriales; Corynebacteriaceae
ASV578,Bacteria,Proteobacteria,Alphaproteobacteria,Rhizobiales,Beijerinckiaceae,,,Rhizobiales; Beijerinckiaceae; ASV578,Proteobacteria; Rhizobiales; Beijerinckiaceae
ASV579,Bacteria,Proteobacteria,Gammaproteobacteria,Burkholderiales,Comamonadaceae,Tepidimonas,,Burkholderiales; Comamonadaceae; Tepidimonas; ASV579,Proteobacteria; Burkholderiales; Comamonadaceae
ASV580,Bacteria,Bacteroidota,Bacteroidia,Flavobacteriales,Flavobacteriaceae,Flavobacterium,,Flavobacteriales; Flavobacteriaceae; Flavobacterium; ASV580,Bacteroidota; Flavobacteriales; Flavobacteriaceae
ASV581,Bacteria,Proteobacteria,Alphaproteobacteria,Rhizobiales,Devosiaceae,,,Rhizobiales; Devosiaceae; ASV581,Proteobacteria; Rhizobiales; Devosiaceae
ASV582,Bacteria,Proteobacteria,Gammaproteobacteria,Burkholderiales,Comamonadaceae,,,Burkholderiales; Comamonadaceae; ASV582,Proteobacteria; Burkholderiales; Comamonadaceae
ASV583,Bacteria,Planctomycetota,Planctomycetes,Pirellulales,Pirellulaceae,Pir4_lineage,,Pirellulales; Pirellulaceae; Pir4_lineage; ASV583,Planctomycetota; Pirellulales; Pirellulaceae
ASV584,Bacteria,Planctomycetota,Planctomycetes,Gemmatales,Gemmataceae,,uncultured_bacterium,Gemmatales; Gemmataceae; uncultured_bacterium; ASV584,Planctomycetota; Gemmatales; Gemmataceae
ASV585,Bacteria,Bacteroidota,Bacteroidia,Bacteroidales,Prevotellaceae,Prevotella,Prevotella_corporis,Bacteroidales; Prevotellaceae; Prevotella; Prevotella_corporis; ASV585,Bacteroidota; Bacteroidales; Prevotellaceae
ASV586,Bacteria,Proteobacteria,Alphaproteobacteria,Holosporales,Holosporaceae,,metagenome,Holosporales; Holosporaceae; metagenome; ASV586,Proteobacteria; Holosporales; Holosporaceae
ASV587,Bacteria,Proteobacteria,Gammaproteobacteria,Burkholderiales,Comamonadaceae,Comamonas,,Burkholderiales; Comamonadaceae; Comamonas; ASV587,Proteobacteria; Burkholderiales; Comamonadaceae
ASV588,Bacteria,Planctomycetota,Planctomycetes,Gemmatales,Gemmataceae,Fimbriiglobus,uncultured_bacterium,Gemmatales; Gemmataceae; Fimbriiglobus; uncultured_bacterium; ASV588,Planctomycetota; Gemmatales; Gemmataceae
ASV589,Bacteria,Verrucomicrobiota,Verrucomicrobiae,Verrucomicrobiales,Verrucomicrobiaceae,,uncultured_soil,Verrucomicrobiales; Verrucomicrobiaceae; uncultured_soil; ASV589,Verrucomicrobiota; Verrucomicrobiales; Verrucomicrobiaceae
ASV590,Bacteria,Proteobacteria,Alphaproteobacteria,Rhodobacterales,Rhodobacteraceae,,,Rhodobacterales; Rhodobacteraceae; ASV590,Proteobacteria; Rhodobacterales; Rhodobacteraceae
ASV591,Bacteria,Proteobacteria,Gammaproteobacteria,Burkholderiales,Comamonadaceae,,,Burkholderiales; Comamonadaceae; ASV591,Proteobacteria; Burkholderiales; Comamonadaceae
ASV592,Bacteria,Firmicutes,Bacilli,Bacillales,Bacillaceae,Geobacillus,,Bacillales; Bacillaceae; Geobacillus; ASV592,Firmicutes; Bacillales; Bacillaceae
ASV593,Bacteria,Planctomycetota,Planctomycetes,Gemmatales,Gemmataceae,Fimbriiglobus,uncultured_bacterium,Gemmatales; Gemmataceae; Fimbriiglobus; uncultured_bacterium; ASV593,Planctomycetota; Gemmatales; Gemmataceae
ASV594,Bacteria,Firmicutes,Bacilli,Bacillales,Bacillaceae,Bacillus,,Bacillales; Bacillaceae; Bacillus; ASV594,Firmicutes; Bacillales; Bacillaceae
ASV595,Bacteria,Proteobacteria,Alphaproteobacteria,Sphingomonadales,Sphingomonadaceae,Sphingomonas,,Sphingomonadales; Sphingomonadaceae; Sphingomonas; ASV595,Proteobacteria; Sphingomonadales; Sphingomonadaceae
ASV596,Bacteria,Actinobacteriota,Actinobacteria,Corynebacteriales,Corynebacteriaceae,Corynebacterium,,Corynebacteriales; Corynebacteriaceae; Corynebacterium; ASV596,Actinobacteriota; Corynebacteriales; Corynebacteriaceae
ASV597,Bacteria,Proteobacteria,Alphaproteobacteria,Acetobacterales,Acetobacteraceae,Acidiphilium,metagenome,Acetobacterales; Acetobacteraceae; Acidiphilium; metagenome; ASV597,Proteobacteria; Acetobacterales; Acetobacteraceae
ASV598,Bacteria,Proteobacteria,Alphaproteobacteria,Rhizobiales,Beijerinckiaceae,,,Rhizobiales; Beijerinckiaceae; ASV598,Proteobacteria; Rhizobiales; Beijerinckiaceae
ASV599,Bacteria,Proteobacteria,Gammaproteobacteria,Burkholderiales,Comamonadaceae,,,Burkholderiales; Comamonadaceae; ASV599,Proteobacteria; Burkholderiales; Comamonadaceae
ASV600,Bacteria,Firmicutes,Bacilli,Lactobacillales,Enterococcaceae,Enterococcus,,Lactobacillales; Enterococcaceae; Enterococcus; ASV600,Firmicutes; Lactobacillales; Enterococcaceae
ASV601,Bacteria,Planctomycetota,Planctomycetes,Pirellulales,Pirellulaceae,Pirellula,,Pirellulales; Pirellulaceae; Pirellula; ASV601,Planctomycetota; Pirellulales; Pirellulaceae
ASV602,Bacteria,Proteobacteria,Alphaproteobacteria,Acetobacterales,Acetobacteraceae,Acidiphilium,uncultured_bacterium,Acetobacterales; Acetobacteraceae; Acidiphilium; uncultured_bacterium; ASV602,Proteobacteria; Acetobacterales; Acetobacteraceae
ASV603,Bacteria,Proteobacteria,Gammaproteobacteria,Legionellales,Legionellaceae,Legionella,,Legionellales; Legionellaceae; Legionella; ASV603,Proteobacteria; Legionellales; Legionellaceae
ASV604,Bacteria,Proteobacteria,Alphaproteobacteria,Sphingomonadales,Sphingomonadaceae,Rhizorhapis,,Sphingomonadales; Sphingomonadaceae; Rhizorhapis; ASV604,Proteobacteria; Sphingomonadales; Sphingomonadaceae
ASV605,Bacteria,Firmicutes,Desulfitobacteriia,Desulfitobacteriales,Desulfitobacteriaceae,Desulfosporosinus,,Desulfitobacteriales; Desulfitobacteriaceae; Desulfosporosinus; ASV605,Firmicutes; Desulfitobacteriales; Desulfitobacteriaceae
ASV606,Bacteria,Dependentiae,Babeliae,Babeliales,Babeliaceae,Babeliaceae,uncultured_bacterium,Babeliales; Babeliaceae; Babeliaceae; uncultured_bacterium; ASV606,Dependentiae; Babeliales; Babeliaceae
ASV607,Bacteria,Planctomycetota,Planctomycetes,Gemmatales,Gemmataceae,Fimbriiglobus,uncultured_bacterium,Gemmatales; Gemmataceae; Fimbriiglobus; uncultured_bacterium; ASV607,Planctomycetota; Gemmatales; Gemmataceae
ASV608,Bacteria,Firmicutes,Clostridia,Peptostreptococcales-Tissierellales,Anaerovoracaceae,Anaerovorax,,Peptostreptococcales-Tissierellales; Anaerovoracaceae; Anaerovorax; ASV608,Firmicutes; Peptostreptococcales-Tissierellales; Anaerovoracaceae
ASV609,Bacteria,Actinobacteriota,Thermoleophilia,Solirubrobacterales,67-14,67-14,metagenome,Solirubrobacterales; 67-14; 67-14; metagenome; ASV609,Actinobacteriota; Solirubrobacterales; 67-14
ASV610,Bacteria,Planctomycetota,Planctomycetes,Isosphaerales,Isosphaeraceae,,,Isosphaerales; Isosphaeraceae; ASV610,Planctomycetota; Isosphaerales; Isosphaeraceae
ASV611,Bacteria,Planctomycetota,Planctomycetes,Pirellulales,Pirellulaceae,,metagenome,Pirellulales; Pirellulaceae; metagenome; ASV611,Planctomycetota; Pirellulales; Pirellulaceae
ASV612,Bacteria,Actinobacteriota,Actinobacteria,Frankiales,Frankiaceae,Jatrophihabitans,,Frankiales; Frankiaceae; Jatrophihabitans; ASV612,Actinobacteriota; Frankiales; Frankiaceae
ASV613,Bacteria,Firmicutes,Bacilli,Lactobacillales,Streptococcaceae,Streptococcus,Streptococcus_salivarius,Lactobacillales; Streptococcaceae; Streptococcus; Streptococcus_salivarius; ASV613,Firmicutes; Lactobacillales; Streptococcaceae
ASV614,Bacteria,Proteobacteria,Gammaproteobacteria,Enterobacterales,Enterobacteriaceae,,,Enterobacterales; Enterobacteriaceae; ASV614,Proteobacteria; Enterobacterales; Enterobacteriaceae
ASV615,Bacteria,Actinobacteriota,Actinobacteria,Corynebacteriales,Mycobacteriaceae,Mycobacterium,,Corynebacteriales; Mycobacteriaceae; Mycobacterium; ASV615,Actinobacteriota; Corynebacteriales; Mycobacteriaceae
ASV616,Bacteria,Proteobacteria,Alphaproteobacteria,Rhizobiales,Beijerinckiaceae,Methylobacterium-Methylorubrum,,Rhizobiales; Beijerinckiaceae; Methylobacterium-Methylorubrum; ASV616,Proteobacteria; Rhizobiales; Beijerinckiaceae
ASV617,Bacteria,Proteobacteria,Alphaproteobacteria,Rhizobiales,Rhizobiaceae,Aliihoeflea,,Rhizobiales; Rhizobiaceae; Aliihoeflea; ASV617,Proteobacteria; Rhizobiales; Rhizobiaceae
ASV618,Bacteria,Proteobacteria,Alphaproteobacteria,Parvibaculales,PS1_clade,PS1_clade,uncultured_bacterium,Parvibaculales; PS1_clade; PS1_clade; uncultured_bacterium; ASV618,Proteobacteria; Parvibaculales; PS1_clade
ASV619,Bacteria,Actinobacteriota,Thermoleophilia,Solirubrobacterales,Solirubrobacteraceae,,,Solirubrobacterales; Solirubrobacteraceae; ASV619,Actinobacteriota; Solirubrobacterales; Solirubrobacteraceae
ASV620,Bacteria,Planctomycetota,Planctomycetes,Isosphaerales,Isosphaeraceae,,uncultured_bacterium,Isosphaerales; Isosphaeraceae; uncultured_bacterium; ASV620,Planctomycetota; Isosphaerales; Isosphaeraceae
ASV621,Bacteria,Proteobacteria,Alphaproteobacteria,Rhizobiales,Beijerinckiaceae,Methylobacterium-Methylorubrum,,Rhizobiales; Beijerinckiaceae; Methylobacterium-Methylorubrum; ASV621,Proteobacteria; Rhizobiales; Beijerinckiaceae
ASV622,Bacteria,Planctomycetota,Planctomycetes,Isosphaerales,Isosphaeraceae,,Isosphaera_sp.,Isosphaerales; Isosphaeraceae; Isosphaera_sp.; ASV622,Planctomycetota; Isosphaerales; Isosphaeraceae
ASV623,Bacteria,Dependentiae,Babeliae,Babeliales,Babeliaceae,Babeliaceae,uncultured_bacterium,Babeliales; Babeliaceae; Babeliaceae; uncultured_bacterium; ASV623,Dependentiae; Babeliales; Babeliaceae
ASV624,Bacteria,Planctomycetota,Planctomycetes,Isosphaerales,Isosphaeraceae,Candidatus_Nostocoida,uncultured_bacterium,Isosphaerales; Isosphaeraceae; Candidatus_Nostocoida; uncultured_bacterium; ASV624,Planctomycetota; Isosphaerales; Isosphaeraceae
ASV625,Bacteria,Actinobacteriota,Actinobacteria,Corynebacteriales,Corynebacteriaceae,Corynebacterium,,Corynebacteriales; Corynebacteriaceae; Corynebacterium; ASV625,Actinobacteriota; Corynebacteriales; Corynebacteriaceae
ASV626,Bacteria,Actinobacteriota,Actinobacteria,Micrococcales,Bogoriellaceae,Georgenia,uncultured_bacterium,Micrococcales; Bogoriellaceae; Georgenia; uncultured_bacterium; ASV626,Actinobacteriota; Micrococcales; Bogoriellaceae
ASV627,Bacteria,Proteobacteria,Alphaproteobacteria,Acetobacterales,Acetobacteraceae,Rhodovastum,,Acetobacterales; Acetobacteraceae; Rhodovastum; ASV627,Proteobacteria; Acetobacterales; Acetobacteraceae
ASV628,Bacteria,Planctomycetota,Planctomycetes,Isosphaerales,Isosphaeraceae,,Isosphaera_sp.,Isosphaerales; Isosphaeraceae; Isosphaera_sp.; ASV628,Planctomycetota; Isosphaerales; Isosphaeraceae
ASV629,Bacteria,Proteobacteria,Alphaproteobacteria,Acetobacterales,Acetobacteraceae,Acidiphilium,uncultured_bacterium,Acetobacterales; Acetobacteraceae; Acidiphilium; uncultured_bacterium; ASV629,Proteobacteria; Acetobacterales; Acetobacteraceae
ASV630,Bacteria,Proteobacteria,Alphaproteobacteria,Rhizobiales,Beijerinckiaceae,,uncultured_bacterium,Rhizobiales; Beijerinckiaceae; uncultured_bacterium; ASV630,Proteobacteria; Rhizobiales; Beijerinckiaceae
ASV631,Bacteria,Actinobacteriota,Actinobacteria,Frankiales,Sporichthyaceae,Longivirga,metagenome,Frankiales; Sporichthyaceae; Longivirga; metagenome; ASV631,Actinobacteriota; Frankiales; Sporichthyaceae
ASV632,Bacteria,Planctomycetota,Planctomycetes,Isosphaerales,Isosphaeraceae,Tundrisphaera,uncultured_bacterium,Isosphaerales; Isosphaeraceae; Tundrisphaera; uncultured_bacterium; ASV632,Planctomycetota; Isosphaerales; Isosphaeraceae
ASV633,Bacteria,Cyanobacteria,Cyanobacteriia,Oxyphotobacteria_Incertae_Sedis,,Calothrix_KVSF5,uncultured_bacterium,Oxyphotobacteria_Incertae_Sedis; Calothrix_KVSF5; uncultured_bacterium; ASV633,Cyanobacteria; Oxyphotobacteria_Incertae_Sedis
ASV634,Bacteria,Proteobacteria,Gammaproteobacteria,Legionellales,Legionellaceae,Legionella,Legionella_sp.,Legionellales; Legionellaceae; Legionella; Legionella_sp.; ASV634,Proteobacteria; Legionellales; Legionellaceae
ASV635,Bacteria,Firmicutes,Clostridia,Clostridia,Hungateiclostridiaceae,,,Clostridia; Hungateiclostridiaceae; ASV635,Firmicutes; Clostridia; Hungateiclostridiaceae
ASV636,Bacteria,Proteobacteria,Gammaproteobacteria,Burkholderiales,Oxalobacteraceae,Herminiimonas,,Burkholderiales; Oxalobacteraceae; Herminiimonas; ASV636,Proteobacteria; Burkholderiales; Oxalobacteraceae
ASV637,Bacteria,Proteobacteria,Alphaproteobacteria,Rhizobiales,Beijerinckiaceae,,,Rhizobiales; Beijerinckiaceae; ASV637,Proteobacteria; Rhizobiales; Beijerinckiaceae
ASV638,Bacteria,Proteobacteria,Alphaproteobacteria,Rhizobiales,Hyphomicrobiaceae,,,Rhizobiales; Hyphomicrobiaceae; ASV638,Proteobacteria; Rhizobiales; Hyphomicrobiaceae
ASV639,Bacteria,Cyanobacteria,Cyanobacteriia,Oxyphotobacteria_Incertae_Sedis,,Calothrix_KVSF5,uncultured_bacterium,Oxyphotobacteria_Incertae_Sedis; Calothrix_KVSF5; uncultured_bacterium; ASV639,Cyanobacteria; Oxyphotobacteria_Incertae_Sedis
ASV640,Bacteria,Planctomycetota,Planctomycetes,Isosphaerales,Isosphaeraceae,Tundrisphaera,,Isosphaerales; Isosphaeraceae; Tundrisphaera; ASV640,Planctomycetota; Isosphaerales; Isosphaeraceae
ASV641,Bacteria,Cyanobacteria,Cyanobacteriia,Cyanobacteriales,Chroococcidiopsaceae,,uncultured_cyanobacterium,Cyanobacteriales; Chroococcidiopsaceae; uncultured_cyanobacterium; ASV641,Cyanobacteria; Cyanobacteriales; Chroococcidiopsaceae
ASV642,Bacteria,Actinobacteriota,Actinobacteria,Frankiales,Frankiaceae,Jatrophihabitans,uncultured_bacterium,Frankiales; Frankiaceae; Jatrophihabitans; uncultured_bacterium; ASV642,Actinobacteriota; Frankiales; Frankiaceae
ASV643,Bacteria,Planctomycetota,Planctomycetes,Gemmatales,Gemmataceae,Fimbriiglobus,Gemmata_sp.,Gemmatales; Gemmataceae; Fimbriiglobus; Gemmata_sp.; ASV643,Planctomycetota; Gemmatales; Gemmataceae
ASV644,Bacteria,Proteobacteria,Alphaproteobacteria,Sphingomonadales,Sphingomonadaceae,Sphingorhabdus,uncultured_bacterium,Sphingomonadales; Sphingomonadaceae; Sphingorhabdus; uncultured_bacterium; ASV644,Proteobacteria; Sphingomonadales; Sphingomonadaceae
ASV645,Bacteria,Verrucomicrobiota,Chlamydiae,Chlamydiales,Parachlamydiaceae,,,Chlamydiales; Parachlamydiaceae; ASV645,Verrucomicrobiota; Chlamydiales; Parachlamydiaceae
ASV646,Bacteria,Campilobacterota,Campylobacteria,Campylobacterales,Arcobacteraceae,,,Campylobacterales; Arcobacteraceae; ASV646,Campilobacterota; Campylobacterales; Arcobacteraceae
ASV647,Bacteria,Planctomycetota,Planctomycetes,Isosphaerales,Isosphaeraceae,,uncultured_bacterium,Isosphaerales; Isosphaeraceae; uncultured_bacterium; ASV647,Planctomycetota; Isosphaerales; Isosphaeraceae
ASV648,Bacteria,Myxococcota,Polyangia,Polyangiales,Phaselicystidaceae,Phaselicystis,,Polyangiales; Phaselicystidaceae; Phaselicystis; ASV648,Myxococcota; Polyangiales; Phaselicystidaceae
ASV649,Bacteria,Proteobacteria,Alphaproteobacteria,Rhizobiales,Beijerinckiaceae,,uncultured_bacterium,Rhizobiales; Beijerinckiaceae; uncultured_bacterium; ASV649,Proteobacteria; Rhizobiales; Beijerinckiaceae
ASV650,Bacteria,Planctomycetota,Planctomycetes,Isosphaerales,Isosphaeraceae,,,Isosphaerales; Isosphaeraceae; ASV650,Planctomycetota; Isosphaerales; Isosphaeraceae
ASV651,Bacteria,Firmicutes,Clostridia,Lachnospirales,Lachnospiraceae,Tyzzerella,,Lachnospirales; Lachnospiraceae; Tyzzerella; ASV651,Firmicutes; Lachnospirales; Lachnospiraceae
ASV652,Bacteria,Proteobacteria,Gammaproteobacteria,Pseudomonadales,Pseudomonadaceae,Pseudomonas,,Pseudomonadales; Pseudomonadaceae; Pseudomonas; ASV652,Proteobacteria; Pseudomonadales; Pseudomonadaceae
ASV653,Bacteria,Actinobacteriota,Actinobacteria,Micrococcales,Microbacteriaceae,Microbacterium,,Micrococcales; Microbacteriaceae; Microbacterium; ASV653,Actinobacteriota; Micrococcales; Microbacteriaceae
ASV654,Bacteria,Chloroflexi,Chloroflexia,Thermomicrobiales,JG30-KF-CM45,JG30-KF-CM45,,Thermomicrobiales; JG30-KF-CM45; JG30-KF-CM45; ASV654,Chloroflexi; Thermomicrobiales; JG30-KF-CM45
ASV655,Bacteria,Planctomycetota,Planctomycetes,Planctomycetales,Schlesneriaceae,Schlesneria,metagenome,Planctomycetales; Schlesneriaceae; Schlesneria; metagenome; ASV655,Planctomycetota; Planctomycetales; Schlesneriaceae
ASV656,Bacteria,Planctomycetota,Planctomycetes,Isosphaerales,Isosphaeraceae,Tundrisphaera,,Isosphaerales; Isosphaeraceae; Tundrisphaera; ASV656,Planctomycetota; Isosphaerales; Isosphaeraceae
ASV657,Bacteria,Actinobacteriota,Thermoleophilia,Solirubrobacterales,Solirubrobacteraceae,Solirubrobacter,uncultured_bacterium,Solirubrobacterales; Solirubrobacteraceae; Solirubrobacter; uncultured_bacterium; ASV657,Actinobacteriota; Solirubrobacterales; Solirubrobacteraceae
ASV658,Bacteria,Verrucomicrobiota,Verrucomicrobiae,Verrucomicrobiales,Rubritaleaceae,Luteolibacter,,Verrucomicrobiales; Rubritaleaceae; Luteolibacter; ASV658,Verrucomicrobiota; Verrucomicrobiales; Rubritaleaceae
ASV659,Bacteria,Proteobacteria,Alphaproteobacteria,Rhizobiales,Rhizobiales_Incertae_Sedis,Phreatobacter,Phreatobacter_sp.,Rhizobiales; Rhizobiales_Incertae_Sedis; Phreatobacter; Phreatobacter_sp.; ASV659,Proteobacteria; Rhizobiales; Rhizobiales_Incertae_Sedis
ASV660,Bacteria,Firmicutes,Bacilli,Lactobacillales,Streptococcaceae,Streptococcus,,Lactobacillales; Streptococcaceae; Streptococcus; ASV660,Firmicutes; Lactobacillales; Streptococcaceae
ASV661,Bacteria,Proteobacteria,Alphaproteobacteria,Rhizobiales,Beijerinckiaceae,1174-901-12,uncultured_Alphaproteobacteria,Rhizobiales; Beijerinckiaceae; 1174-901-12; uncultured_Alphaproteobacteria; ASV661,Proteobacteria; Rhizobiales; Beijerinckiaceae
ASV662,Bacteria,Firmicutes,Clostridia,Oscillospirales,Ruminococcaceae,Faecalibacterium,,Oscillospirales; Ruminococcaceae; Faecalibacterium; ASV662,Firmicutes; Oscillospirales; Ruminococcaceae
ASV663,Bacteria,Actinobacteriota,Actinobacteria,Frankiales,Sporichthyaceae,,uncultured_bacterium,Frankiales; Sporichthyaceae; uncultured_bacterium; ASV663,Actinobacteriota; Frankiales; Sporichthyaceae
ASV664,Bacteria,Actinobacteriota,Actinobacteria,Micrococcales,Micrococcaceae,Micrococcus,,Micrococcales; Micrococcaceae; Micrococcus; ASV664,Actinobacteriota; Micrococcales; Micrococcaceae
ASV665,Bacteria,Proteobacteria,Alphaproteobacteria,Rhizobiales,Methyloligellaceae,Methyloligellaceae,uncultured_bacterium,Rhizobiales; Methyloligellaceae; Methyloligellaceae; uncultured_bacterium; ASV665,Proteobacteria; Rhizobiales; Methyloligellaceae
ASV666,Bacteria,Proteobacteria,Gammaproteobacteria,Oceanospirillales,Marinomonadaceae,Marinomonas,,Oceanospirillales; Marinomonadaceae; Marinomonas; ASV666,Proteobacteria; Oceanospirillales; Marinomonadaceae
ASV667,Bacteria,Planctomycetota,Planctomycetes,Pirellulales,Pirellulaceae,,,Pirellulales; Pirellulaceae; ASV667,Planctomycetota; Pirellulales; Pirellulaceae
ASV668,Bacteria,Bacteroidota,Bacteroidia,Chitinophagales,Chitinophagaceae,Hydrotalea,Hydrotalea_sandarakina,Chitinophagales; Chitinophagaceae; Hydrotalea; Hydrotalea_sandarakina; ASV668,Bacteroidota; Chitinophagales; Chitinophagaceae
ASV669,Bacteria,Proteobacteria,Gammaproteobacteria,Pseudomonadales,Pseudomonadaceae,Pseudomonas,,Pseudomonadales; Pseudomonadaceae; Pseudomonas; ASV669,Proteobacteria; Pseudomonadales; Pseudomonadaceae
ASV670,Bacteria,Chloroflexi,Chloroflexia,Thermomicrobiales,JG30-KF-CM45,JG30-KF-CM45,uncultured_Sphaerobacter,Thermomicrobiales; JG30-KF-CM45; JG30-KF-CM45; uncultured_Sphaerobacter; ASV670,Chloroflexi; Thermomicrobiales; JG30-KF-CM45
ASV671,Bacteria,Actinobacteriota,Actinobacteria,Streptomycetales,Streptomycetaceae,,,Streptomycetales; Streptomycetaceae; ASV671,Actinobacteriota; Streptomycetales; Streptomycetaceae
ASV672,Bacteria,Proteobacteria,Alphaproteobacteria,Rhizobiales,Hyphomicrobiaceae,Hyphomicrobium,metagenome,Rhizobiales; Hyphomicrobiaceae; Hyphomicrobium; metagenome; ASV672,Proteobacteria; Rhizobiales; Hyphomicrobiaceae
ASV673,Bacteria,Actinobacteriota,Thermoleophilia,Solirubrobacterales,Solirubrobacteraceae,Conexibacter,uncultured_bacterium,Solirubrobacterales; Solirubrobacteraceae; Conexibacter; uncultured_bacterium; ASV673,Actinobacteriota; Solirubrobacterales; Solirubrobacteraceae
ASV674,Bacteria,Actinobacteriota,Actinobacteria,Propionibacteriales,Nocardioidaceae,Nocardioides,Marmoricola_sp.,Propionibacteriales; Nocardioidaceae; Nocardioides; Marmoricola_sp.; ASV674,Actinobacteriota; Propionibacteriales; Nocardioidaceae
ASV675,Bacteria,Actinobacteriota,Actinobacteria,Pseudonocardiales,Pseudonocardiaceae,Actinomycetospora,,Pseudonocardiales; Pseudonocardiaceae; Actinomycetospora; ASV675,Actinobacteriota; Pseudonocardiales; Pseudonocardiaceae
ASV676,Bacteria,Bacteroidota,Bacteroidia,Chitinophagales,Chitinophagaceae,,uncultured_Chitinophagaceae,Chitinophagales; Chitinophagaceae; uncultured_Chitinophagaceae; ASV676,Bacteroidota; Chitinophagales; Chitinophagaceae
ASV677,Bacteria,Firmicutes,Clostridia,Peptostreptococcales-Tissierellales,Peptostreptococcales-Tissierellales,Anaerococcus,uncultured_bacterium,Peptostreptococcales-Tissierellales; Peptostreptococcales-Tissierellales; Anaerococcus; uncultured_bacterium; ASV677,Firmicutes; Peptostreptococcales-Tissierellales; Peptostreptococcales-Tissierellales
ASV678,Bacteria,Firmicutes,Bacilli,Bacillales,Bacillaceae,Pseudogracilibacillus,Pseudogracilibacillus_auburnensis,Bacillales; Bacillaceae; Pseudogracilibacillus; Pseudogracilibacillus_auburnensis; ASV678,Firmicutes; Bacillales; Bacillaceae
ASV679,Bacteria,Actinobacteriota,Actinobacteria,Frankiales,Nakamurellaceae,Nakamurella,,Frankiales; Nakamurellaceae; Nakamurella; ASV679,Actinobacteriota; Frankiales; Nakamurellaceae
ASV680,Bacteria,Proteobacteria,Alphaproteobacteria,Rhizobiales,Beijerinckiaceae,Bosea,,Rhizobiales; Beijerinckiaceae; Bosea; ASV680,Proteobacteria; Rhizobiales; Beijerinckiaceae
ASV681,Bacteria,Proteobacteria,Alphaproteobacteria,Rhizobiales,Devosiaceae,Devosia,Devosia_limi,Rhizobiales; Devosiaceae; Devosia; Devosia_limi; ASV681,Proteobacteria; Rhizobiales; Devosiaceae
ASV682,Bacteria,Actinobacteriota,Actinobacteria,Corynebacteriales,Nocardiaceae,Rhodococcus,,Corynebacteriales; Nocardiaceae; Rhodococcus; ASV682,Actinobacteriota; Corynebacteriales; Nocardiaceae
ASV683,Bacteria,Proteobacteria,Alphaproteobacteria,Paracaedibacterales,Paracaedibacteraceae,Candidatus_Paracaedibacter,metagenome,Paracaedibacterales; Paracaedibacteraceae; Candidatus_Paracaedibacter; metagenome; ASV683,Proteobacteria; Paracaedibacterales; Paracaedibacteraceae
ASV684,Bacteria,Bacteroidota,Bacteroidia,Sphingobacteriales,Sphingobacteriaceae,Pedobacter,,Sphingobacteriales; Sphingobacteriaceae; Pedobacter; ASV684,Bacteroidota; Sphingobacteriales; Sphingobacteriaceae
ASV685,Bacteria,Bacteroidota,Bacteroidia,Sphingobacteriales,Sphingobacteriaceae,Pedobacter,,Sphingobacteriales; Sphingobacteriaceae; Pedobacter; ASV685,Bacteroidota; Sphingobacteriales; Sphingobacteriaceae
ASV686,Bacteria,Chloroflexi,Chloroflexia,Thermomicrobiales,JG30-KF-CM45,JG30-KF-CM45,uncultured_soil,Thermomicrobiales; JG30-KF-CM45; JG30-KF-CM45; uncultured_soil; ASV686,Chloroflexi; Thermomicrobiales; JG30-KF-CM45
ASV687,Bacteria,Firmicutes,Negativicutes,Veillonellales-Selenomonadales,Sporomusaceae,Pelosinus,,Veillonellales-Selenomonadales; Sporomusaceae; Pelosinus; ASV687,Firmicutes; Veillonellales-Selenomonadales; Sporomusaceae
ASV688,Bacteria,Proteobacteria,Alphaproteobacteria,Sphingomonadales,Sphingomonadaceae,Novosphingobium,,Sphingomonadales; Sphingomonadaceae; Novosphingobium; ASV688,Proteobacteria; Sphingomonadales; Sphingomonadaceae
ASV689,Bacteria,Actinobacteriota,Actinobacteria,Micrococcales,Cellulomonadaceae,,,Micrococcales; Cellulomonadaceae; ASV689,Actinobacteriota; Micrococcales; Cellulomonadaceae
ASV690,Bacteria,Planctomycetota,Planctomycetes,Isosphaerales,Isosphaeraceae,Tundrisphaera,,Isosphaerales; Isosphaeraceae; Tundrisphaera; ASV690,Planctomycetota; Isosphaerales; Isosphaeraceae
ASV691,Bacteria,Proteobacteria,Alphaproteobacteria,Rhizobiales,Devosiaceae,Devosia,Devosia_limi,Rhizobiales; Devosiaceae; Devosia; Devosia_limi; ASV691,Proteobacteria; Rhizobiales; Devosiaceae
ASV692,Bacteria,Actinobacteriota,Actinobacteria,Propionibacteriales,Nocardioidaceae,Marmoricola,,Propionibacteriales; Nocardioidaceae; Marmoricola; ASV692,Actinobacteriota; Propionibacteriales; Nocardioidaceae
ASV693,Bacteria,Firmicutes,Bacilli,Alicyclobacillales,Alicyclobacillaceae,Alicyclobacillus,,Alicyclobacillales; Alicyclobacillaceae; Alicyclobacillus; ASV693,Firmicutes; Alicyclobacillales; Alicyclobacillaceae
ASV694,Bacteria,Firmicutes,Bacilli,Bacillales,,,,Bacillales; ASV694,Firmicutes; Bacillales
ASV695,Bacteria,Planctomycetota,Planctomycetes,Isosphaerales,Isosphaeraceae,Tundrisphaera,uncultured_bacterium,Isosphaerales; Isosphaeraceae; Tundrisphaera; uncultured_bacterium; ASV695,Planctomycetota; Isosphaerales; Isosphaeraceae
ASV696,Bacteria,Proteobacteria,Alphaproteobacteria,Rhodobacterales,Rhodobacteraceae,Pseudorhodobacter,,Rhodobacterales; Rhodobacteraceae; Pseudorhodobacter; ASV696,Proteobacteria; Rhodobacterales; Rhodobacteraceae
ASV697,Bacteria,Firmicutes,Negativicutes,Veillonellales-Selenomonadales,Sporomusaceae,Pelosinus,,Veillonellales-Selenomonadales; Sporomusaceae; Pelosinus; ASV697,Firmicutes; Veillonellales-Selenomonadales; Sporomusaceae
ASV698,Bacteria,Planctomycetota,Planctomycetes,Gemmatales,Gemmataceae,,,Gemmatales; Gemmataceae; ASV698,Planctomycetota; Gemmatales; Gemmataceae
ASV699,Bacteria,Proteobacteria,Alphaproteobacteria,Rhizobiales,Beijerinckiaceae,Methylobacterium-Methylorubrum,,Rhizobiales; Beijerinckiaceae; Methylobacterium-Methylorubrum; ASV699,Proteobacteria; Rhizobiales; Beijerinckiaceae
ASV700,Bacteria,Bacteroidota,Bacteroidia,Bacteroidales,Prevotellaceae,Prevotella,,Bacteroidales; Prevotellaceae; Prevotella; ASV700,Bacteroidota; Bacteroidales; Prevotellaceae
ASV701,Bacteria,Planctomycetota,Planctomycetes,Gemmatales,Gemmataceae,,uncultured_bacterium,Gemmatales; Gemmataceae; uncultured_bacterium; ASV701,Planctomycetota; Gemmatales; Gemmataceae
ASV702,Bacteria,Actinobacteriota,Actinobacteria,Propionibacteriales,Nocardioidaceae,Nocardioides,,Propionibacteriales; Nocardioidaceae; Nocardioides; ASV702,Actinobacteriota; Propionibacteriales; Nocardioidaceae
ASV703,Bacteria,Proteobacteria,Alphaproteobacteria,Rhizobiales,Xanthobacteraceae,,,Rhizobiales; Xanthobacteraceae; ASV703,Proteobacteria; Rhizobiales; Xanthobacteraceae
ASV704,Bacteria,Firmicutes,Bacilli,Thermoactinomycetales,Thermoactinomycetaceae,Laceyella,,Thermoactinomycetales; Thermoactinomycetaceae; Laceyella; ASV704,Firmicutes; Thermoactinomycetales; Thermoactinomycetaceae
ASV705,Bacteria,Planctomycetota,Planctomycetes,Isosphaerales,Isosphaeraceae,,uncultured_bacterium,Isosphaerales; Isosphaeraceae; uncultured_bacterium; ASV705,Planctomycetota; Isosphaerales; Isosphaeraceae
ASV706,Bacteria,Proteobacteria,Gammaproteobacteria,Legionellales,Legionellaceae,Legionella,uncultured_bacterium,Legionellales; Legionellaceae; Legionella; uncultured_bacterium; ASV706,Proteobacteria; Legionellales; Legionellaceae
ASV707,Bacteria,Proteobacteria,Gammaproteobacteria,Alteromonadales,Pseudoalteromonadaceae,Pseudoalteromonas,,Alteromonadales; Pseudoalteromonadaceae; Pseudoalteromonas; ASV707,Proteobacteria; Alteromonadales; Pseudoalteromonadaceae
ASV708,Bacteria,Actinobacteriota,Thermoleophilia,Solirubrobacterales,67-14,67-14,uncultured_bacterium,Solirubrobacterales; 67-14; 67-14; uncultured_bacterium; ASV708,Actinobacteriota; Solirubrobacterales; 67-14
ASV709,Bacteria,Proteobacteria,Alphaproteobacteria,Rhizobiales,Beijerinckiaceae,Psychroglaciecola,uncultured_bacterium,Rhizobiales; Beijerinckiaceae; Psychroglaciecola; uncultured_bacterium; ASV709,Proteobacteria; Rhizobiales; Beijerinckiaceae
ASV710,Bacteria,Proteobacteria,Alphaproteobacteria,Rhizobiales,Devosiaceae,Devosia,,Rhizobiales; Devosiaceae; Devosia; ASV710,Proteobacteria; Rhizobiales; Devosiaceae
ASV711,Bacteria,Firmicutes,Bacilli,Paenibacillales,Paenibacillaceae,Paenibacillus,,Paenibacillales; Paenibacillaceae; Paenibacillus; ASV711,Firmicutes; Paenibacillales; Paenibacillaceae
ASV712,Bacteria,Proteobacteria,Gammaproteobacteria,Legionellales,Legionellaceae,Legionella,uncultured_bacterium,Legionellales; Legionellaceae; Legionella; uncultured_bacterium; ASV712,Proteobacteria; Legionellales; Legionellaceae
ASV713,Bacteria,Proteobacteria,Alphaproteobacteria,Rhizobiales,Beijerinckiaceae,1174-901-12,uncultured_bacterium,Rhizobiales; Beijerinckiaceae; 1174-901-12; uncultured_bacterium; ASV713,Proteobacteria; Rhizobiales; Beijerinckiaceae
ASV714,Bacteria,Proteobacteria,Alphaproteobacteria,,,,,ASV714,Proteobacteria
ASV715,Bacteria,Proteobacteria,Alphaproteobacteria,Holosporales,Holosporaceae,,uncultured_bacterium,Holosporales; Holosporaceae; uncultured_bacterium; ASV715,Proteobacteria; Holosporales; Holosporaceae
ASV716,Bacteria,Proteobacteria,Alphaproteobacteria,Sphingomonadales,Sphingomonadaceae,Rhizorhapis,uncultured_bacterium,Sphingomonadales; Sphingomonadaceae; Rhizorhapis; uncultured_bacterium; ASV716,Proteobacteria; Sphingomonadales; Sphingomonadaceae
ASV717,Bacteria,Proteobacteria,Alphaproteobacteria,Rhizobiales,Hyphomicrobiaceae,Hyphomicrobium,,Rhizobiales; Hyphomicrobiaceae; Hyphomicrobium; ASV717,Proteobacteria; Rhizobiales; Hyphomicrobiaceae
ASV718,Bacteria,Firmicutes,Bacilli,Paenibacillales,Paenibacillaceae,Paenibacillus,,Paenibacillales; Paenibacillaceae; Paenibacillus; ASV718,Firmicutes; Paenibacillales; Paenibacillaceae
ASV719,Bacteria,Actinobacteriota,Thermoleophilia,Solirubrobacterales,67-14,67-14,uncultured_actinobacterium,Solirubrobacterales; 67-14; 67-14; uncultured_actinobacterium; ASV719,Actinobacteriota; Solirubrobacterales; 67-14
ASV720,Bacteria,Actinobacteriota,Actinobacteria,Corynebacteriales,Mycobacteriaceae,Mycobacterium,,Corynebacteriales; Mycobacteriaceae; Mycobacterium; ASV720,Actinobacteriota; Corynebacteriales; Mycobacteriaceae
ASV721,Bacteria,Actinobacteriota,Actinobacteria,Corynebacteriales,Nocardiaceae,Rhodococcus,,Corynebacteriales; Nocardiaceae; Rhodococcus; ASV721,Actinobacteriota; Corynebacteriales; Nocardiaceae
ASV722,Bacteria,Proteobacteria,Alphaproteobacteria,Rhizobiales,Rhizobiaceae,,,Rhizobiales; Rhizobiaceae; ASV722,Proteobacteria; Rhizobiales; Rhizobiaceae
ASV723,Bacteria,Proteobacteria,Alphaproteobacteria,Rhizobiales,Rhizobiales_Incertae_Sedis,,,Rhizobiales; Rhizobiales_Incertae_Sedis; ASV723,Proteobacteria; Rhizobiales; Rhizobiales_Incertae_Sedis
ASV724,Bacteria,Planctomycetota,Planctomycetes,Planctomycetales,Schlesneriaceae,Schlesneria,uncultured_bacterium,Planctomycetales; Schlesneriaceae; Schlesneria; uncultured_bacterium; ASV724,Planctomycetota; Planctomycetales; Schlesneriaceae
ASV725,Bacteria,Actinobacteriota,Actinobacteria,Propionibacteriales,Propionibacteriaceae,Cutibacterium,,Propionibacteriales; Propionibacteriaceae; Cutibacterium; ASV725,Actinobacteriota; Propionibacteriales; Propionibacteriaceae
ASV726,Bacteria,Planctomycetota,Planctomycetes,Gemmatales,Gemmataceae,,,Gemmatales; Gemmataceae; ASV726,Planctomycetota; Gemmatales; Gemmataceae
ASV727,Bacteria,Actinobacteriota,Actinobacteria,Frankiales,Frankiaceae,Jatrophihabitans,Jatrophihabitans_sp.,Frankiales; Frankiaceae; Jatrophihabitans; Jatrophihabitans_sp.; ASV727,Actinobacteriota; Frankiales; Frankiaceae
ASV728,Bacteria,Proteobacteria,Gammaproteobacteria,Alteromonadales,Colwelliaceae,Colwellia,,Alteromonadales; Colwelliaceae; Colwellia; ASV728,Proteobacteria; Alteromonadales; Colwelliaceae
ASV729,Bacteria,Actinobacteriota,Actinobacteria,Frankiales,Acidothermaceae,Acidothermus,,Frankiales; Acidothermaceae; Acidothermus; ASV729,Actinobacteriota; Frankiales; Acidothermaceae
ASV730,Bacteria,Cyanobacteria,Cyanobacteriia,Cyanobacteriales,Chroococcidiopsaceae,,uncultured_bacterium,Cyanobacteriales; Chroococcidiopsaceae; uncultured_bacterium; ASV730,Cyanobacteria; Cyanobacteriales; Chroococcidiopsaceae
ASV731,Bacteria,Firmicutes,Bacilli,Thermoactinomycetales,Thermoactinomycetaceae,Thermoactinomyces,uncultured_bacterium,Thermoactinomycetales; Thermoactinomycetaceae; Thermoactinomyces; uncultured_bacterium; ASV731,Firmicutes; Thermoactinomycetales; Thermoactinomycetaceae
ASV732,Bacteria,Actinobacteriota,Acidimicrobiia,Microtrichales,Iamiaceae,Iamia,,Microtrichales; Iamiaceae; Iamia; ASV732,Actinobacteriota; Microtrichales; Iamiaceae
ASV733,Bacteria,Verrucomicrobiota,Chlamydiae,Chlamydiales,Parachlamydiaceae,Neochlamydia,uncultured_bacterium,Chlamydiales; Parachlamydiaceae; Neochlamydia; uncultured_bacterium; ASV733,Verrucomicrobiota; Chlamydiales; Parachlamydiaceae
ASV734,Bacteria,Proteobacteria,Alphaproteobacteria,Rhizobiales,Devosiaceae,Devosia,,Rhizobiales; Devosiaceae; Devosia; ASV734,Proteobacteria; Rhizobiales; Devosiaceae
ASV735,Bacteria,Bacteroidota,Bacteroidia,Cytophagales,Amoebophilaceae,Candidatus_Amoebophilus,uncultured_bacterium,Cytophagales; Amoebophilaceae; Candidatus_Amoebophilus; uncultured_bacterium; ASV735,Bacteroidota; Cytophagales; Amoebophilaceae
ASV736,Bacteria,Patescibacteria,Saccharimonadia,Saccharimonadales,,,,Saccharimonadales; ASV736,Patescibacteria; Saccharimonadales
ASV737,Bacteria,Proteobacteria,Alphaproteobacteria,Caulobacterales,Caulobacteraceae,Brevundimonas,,Caulobacterales; Caulobacteraceae; Brevundimonas; ASV737,Proteobacteria; Caulobacterales; Caulobacteraceae
ASV738,Bacteria,Proteobacteria,Gammaproteobacteria,Pseudomonadales,Pseudomonadaceae,Pseudomonas,Pseudomonas_xanthomarina,Pseudomonadales; Pseudomonadaceae; Pseudomonas; Pseudomonas_xanthomarina; ASV738,Proteobacteria; Pseudomonadales; Pseudomonadaceae
ASV739,Bacteria,Proteobacteria,Alphaproteobacteria,Rhizobiales,,,,Rhizobiales; ASV739,Proteobacteria; Rhizobiales
ASV740,Bacteria,Actinobacteriota,Acidimicrobiia,Microtrichales,Iamiaceae,Iamia,Aquihabitans_daechungensis,Microtrichales; Iamiaceae; Iamia; Aquihabitans_daechungensis; ASV740,Actinobacteriota; Microtrichales; Iamiaceae
ASV741,Bacteria,Proteobacteria,Gammaproteobacteria,Alteromonadales,Alteromonadaceae,Alteromonas,,Alteromonadales; Alteromonadaceae; Alteromonas; ASV741,Proteobacteria; Alteromonadales; Alteromonadaceae
ASV742,Bacteria,Planctomycetota,Planctomycetes,Isosphaerales,Isosphaeraceae,Tundrisphaera,,Isosphaerales; Isosphaeraceae; Tundrisphaera; ASV742,Planctomycetota; Isosphaerales; Isosphaeraceae
ASV743,Bacteria,Proteobacteria,Alphaproteobacteria,Rhizobiales,Hyphomicrobiaceae,Hyphomicrobium,uncultured_bacterium,Rhizobiales; Hyphomicrobiaceae; Hyphomicrobium; uncultured_bacterium; ASV743,Proteobacteria; Rhizobiales; Hyphomicrobiaceae
ASV744,Bacteria,Bacteroidota,Bacteroidia,Cytophagales,Hymenobacteraceae,Hymenobacter,,Cytophagales; Hymenobacteraceae; Hymenobacter; ASV744,Bacteroidota; Cytophagales; Hymenobacteraceae
ASV745,Bacteria,Proteobacteria,Alphaproteobacteria,Rhizobiales,Beijerinckiaceae,,uncultured_Methylocella,Rhizobiales; Beijerinckiaceae; uncultured_Methylocella; ASV745,Proteobacteria; Rhizobiales; Beijerinckiaceae
ASV746,Bacteria,Planctomycetota,Planctomycetes,Isosphaerales,Isosphaeraceae,Candidatus_Nostocoida,uncultured_bacterium,Isosphaerales; Isosphaeraceae; Candidatus_Nostocoida; uncultured_bacterium; ASV746,Planctomycetota; Isosphaerales; Isosphaeraceae
ASV747,Bacteria,Proteobacteria,Gammaproteobacteria,Gammaproteobacteria_Incertae_Sedis,,Candidatus_Ovatusbacter,uncultured_bacterium,Gammaproteobacteria_Incertae_Sedis; Candidatus_Ovatusbacter; uncultured_bacterium; ASV747,Proteobacteria; Gammaproteobacteria_Incertae_Sedis
ASV748,Bacteria,Firmicutes,Bacilli,Staphylococcales,Staphylococcaceae,Staphylococcus,,Staphylococcales; Staphylococcaceae; Staphylococcus; ASV748,Firmicutes; Staphylococcales; Staphylococcaceae
ASV749,Bacteria,Proteobacteria,Gammaproteobacteria,Alteromonadales,Alteromonadaceae,Paraglaciecola,,Alteromonadales; Alteromonadaceae; Paraglaciecola; ASV749,Proteobacteria; Alteromonadales; Alteromonadaceae
ASV750,Bacteria,Proteobacteria,Alphaproteobacteria,Acetobacterales,Acetobacteraceae,,,Acetobacterales; Acetobacteraceae; ASV750,Proteobacteria; Acetobacterales; Acetobacteraceae
ASV751,Bacteria,Proteobacteria,Gammaproteobacteria,Pseudomonadales,Moraxellaceae,Acinetobacter,,Pseudomonadales; Moraxellaceae; Acinetobacter; ASV751,Proteobacteria; Pseudomonadales; Moraxellaceae
ASV752,Bacteria,Proteobacteria,Alphaproteobacteria,Acetobacterales,Acetobacteraceae,Acidiphilium,,Acetobacterales; Acetobacteraceae; Acidiphilium; ASV752,Proteobacteria; Acetobacterales; Acetobacteraceae
ASV753,Bacteria,Proteobacteria,Alphaproteobacteria,Sphingomonadales,Sphingomonadaceae,Sphingorhabdus,,Sphingomonadales; Sphingomonadaceae; Sphingorhabdus; ASV753,Proteobacteria; Sphingomonadales; Sphingomonadaceae
ASV754,Bacteria,Proteobacteria,Alphaproteobacteria,Acetobacterales,Acetobacteraceae,Acidiphilium,,Acetobacterales; Acetobacteraceae; Acidiphilium; ASV754,Proteobacteria; Acetobacterales; Acetobacteraceae
ASV755,Bacteria,Proteobacteria,Gammaproteobacteria,Burkholderiales,Oxalobacteraceae,Noviherbaspirillum,,Burkholderiales; Oxalobacteraceae; Noviherbaspirillum; ASV755,Proteobacteria; Burkholderiales; Oxalobacteraceae
ASV756,Bacteria,Firmicutes,Bacilli,Paenibacillales,Paenibacillaceae,Paenibacillus,,Paenibacillales; Paenibacillaceae; Paenibacillus; ASV756,Firmicutes; Paenibacillales; Paenibacillaceae
ASV757,Bacteria,Proteobacteria,Gammaproteobacteria,SAR86_clade,SAR86_clade,SAR86_clade,uncultured_bacterium,SAR86_clade; SAR86_clade; SAR86_clade; uncultured_bacterium; ASV757,Proteobacteria; SAR86_clade; SAR86_clade
ASV758,Bacteria,Actinobacteriota,Thermoleophilia,Gaiellales,Gaiellaceae,Gaiella,,Gaiellales; Gaiellaceae; Gaiella; ASV758,Actinobacteriota; Gaiellales; Gaiellaceae
ASV759,Bacteria,Actinobacteriota,Acidimicrobiia,,,,,ASV759,Actinobacteriota
ASV760,Bacteria,Proteobacteria,Gammaproteobacteria,Enterobacterales,Erwiniaceae,Pantoea,,Enterobacterales; Erwiniaceae; Pantoea; ASV760,Proteobacteria; Enterobacterales; Erwiniaceae
ASV761,Bacteria,Firmicutes,Clostridia,Clostridiales,Clostridiaceae,Clostridium_sensu_stricto_1,Clostridium_perfringens,Clostridiales; Clostridiaceae; Clostridium_sensu_stricto_1; Clostridium_perfringens; ASV761,Firmicutes; Clostridiales; Clostridiaceae
ASV762,Bacteria,Planctomycetota,Planctomycetes,Isosphaerales,Isosphaeraceae,,,Isosphaerales; Isosphaeraceae; ASV762,Planctomycetota; Isosphaerales; Isosphaeraceae
ASV763,Bacteria,Proteobacteria,Alphaproteobacteria,Sphingomonadales,Sphingomonadaceae,Sphingorhabdus,,Sphingomonadales; Sphingomonadaceae; Sphingorhabdus; ASV763,Proteobacteria; Sphingomonadales; Sphingomonadaceae
ASV764,Bacteria,Proteobacteria,Alphaproteobacteria,Rhizobiales,Hyphomicrobiaceae,Hyphomicrobium,uncultured_bacterium,Rhizobiales; Hyphomicrobiaceae; Hyphomicrobium; uncultured_bacterium; ASV764,Proteobacteria; Rhizobiales; Hyphomicrobiaceae
ASV765,Bacteria,Planctomycetota,Planctomycetes,Isosphaerales,Isosphaeraceae,,,Isosphaerales; Isosphaeraceae; ASV765,Planctomycetota; Isosphaerales; Isosphaeraceae
ASV766,Bacteria,Verrucomicrobiota,Chlamydiae,Chlamydiales,Parachlamydiaceae,,metagenome,Chlamydiales; Parachlamydiaceae; metagenome; ASV766,Verrucomicrobiota; Chlamydiales; Parachlamydiaceae
ASV767,Bacteria,Planctomycetota,Planctomycetes,Pirellulales,Pirellulaceae,Pir4_lineage,,Pirellulales; Pirellulaceae; Pir4_lineage; ASV767,Planctomycetota; Pirellulales; Pirellulaceae
ASV768,Bacteria,Bacteroidota,Bacteroidia,Flavobacteriales,Flavobacteriaceae,NS3a_marine_group,,Flavobacteriales; Flavobacteriaceae; NS3a_marine_group; ASV768,Bacteroidota; Flavobacteriales; Flavobacteriaceae
ASV769,Bacteria,Proteobacteria,Gammaproteobacteria,Thiomicrospirales,Thioglobaceae,SUP05_cluster,,Thiomicrospirales; Thioglobaceae; SUP05_cluster; ASV769,Proteobacteria; Thiomicrospirales; Thioglobaceae
ASV770,Bacteria,Firmicutes,Bacilli,RsaHf231,RsaHf231,RsaHf231,uncultured_bacterium,RsaHf231; RsaHf231; RsaHf231; uncultured_bacterium; ASV770,Firmicutes; RsaHf231; RsaHf231
ASV771,Bacteria,Actinobacteriota,Actinobacteria,Kineosporiales,Kineosporiaceae,Kineosporia,,Kineosporiales; Kineosporiaceae; Kineosporia; ASV771,Actinobacteriota; Kineosporiales; Kineosporiaceae
ASV772,Bacteria,Actinobacteriota,Actinobacteria,Propionibacteriales,Propionibacteriaceae,Friedmanniella,uncultured_bacterium,Propionibacteriales; Propionibacteriaceae; Friedmanniella; uncultured_bacterium; ASV772,Actinobacteriota; Propionibacteriales; Propionibacteriaceae
ASV773,Bacteria,Firmicutes,Bacilli,Erysipelotrichales,Erysipelotrichaceae,Erysipelothrix,uncultured_Firmicutes,Erysipelotrichales; Erysipelotrichaceae; Erysipelothrix; uncultured_Firmicutes; ASV773,Firmicutes; Erysipelotrichales; Erysipelotrichaceae
ASV774,Bacteria,Actinobacteriota,Thermoleophilia,Solirubrobacterales,67-14,67-14,,Solirubrobacterales; 67-14; 67-14; ASV774,Actinobacteriota; Solirubrobacterales; 67-14
ASV775,Bacteria,Proteobacteria,Gammaproteobacteria,Gammaproteobacteria_Incertae_Sedis,,Candidatus_Ovatusbacter,uncultured_bacterium,Gammaproteobacteria_Incertae_Sedis; Candidatus_Ovatusbacter; uncultured_bacterium; ASV775,Proteobacteria; Gammaproteobacteria_Incertae_Sedis
ASV776,Bacteria,Proteobacteria,Alphaproteobacteria,Rhizobiales,Beijerinckiaceae,Psychroglaciecola,,Rhizobiales; Beijerinckiaceae; Psychroglaciecola; ASV776,Proteobacteria; Rhizobiales; Beijerinckiaceae
ASV777,Bacteria,Proteobacteria,Alphaproteobacteria,Rhodobacterales,Rhodobacteraceae,Sulfitobacter,,Rhodobacterales; Rhodobacteraceae; Sulfitobacter; ASV777,Proteobacteria; Rhodobacterales; Rhodobacteraceae
ASV778,Bacteria,Proteobacteria,Alphaproteobacteria,Rhodobacterales,Rhodobacteraceae,Yoonia-Loktanella,,Rhodobacterales; Rhodobacteraceae; Yoonia-Loktanella; ASV778,Proteobacteria; Rhodobacterales; Rhodobacteraceae
ASV779,Bacteria,Proteobacteria,Alphaproteobacteria,Acetobacterales,Acetobacteraceae,Acidiphilium,uncultured_bacterium,Acetobacterales; Acetobacteraceae; Acidiphilium; uncultured_bacterium; ASV779,Proteobacteria; Acetobacterales; Acetobacteraceae
ASV780,Bacteria,Proteobacteria,Alphaproteobacteria,Rhizobiales,Devosiaceae,Devosia,Devosia_limi,Rhizobiales; Devosiaceae; Devosia; Devosia_limi; ASV780,Proteobacteria; Rhizobiales; Devosiaceae
ASV781,Bacteria,Planctomycetota,Planctomycetes,Isosphaerales,Isosphaeraceae,Tundrisphaera,,Isosphaerales; Isosphaeraceae; Tundrisphaera; ASV781,Planctomycetota; Isosphaerales; Isosphaeraceae
ASV782,Bacteria,Planctomycetota,Planctomycetes,Gemmatales,Gemmataceae,,,Gemmatales; Gemmataceae; ASV782,Planctomycetota; Gemmatales; Gemmataceae
ASV783,Bacteria,Firmicutes,Clostridia,Clostridia,Hungateiclostridiaceae,,uncultured_Ruminococcaceae,Clostridia; Hungateiclostridiaceae; uncultured_Ruminococcaceae; ASV783,Firmicutes; Clostridia; Hungateiclostridiaceae
ASV784,Bacteria,Actinobacteriota,Acidimicrobiia,Microtrichales,Ilumatobacteraceae,,metagenome,Microtrichales; Ilumatobacteraceae; metagenome; ASV784,Actinobacteriota; Microtrichales; Ilumatobacteraceae
ASV785,Bacteria,Proteobacteria,Alphaproteobacteria,Rhizobiales,Devosiaceae,Arsenicitalea,,Rhizobiales; Devosiaceae; Arsenicitalea; ASV785,Proteobacteria; Rhizobiales; Devosiaceae
ASV786,Bacteria,Firmicutes,Bacilli,Bacillales,Bacillaceae,Anoxybacillus,,Bacillales; Bacillaceae; Anoxybacillus; ASV786,Firmicutes; Bacillales; Bacillaceae
ASV787,Bacteria,Planctomycetota,Planctomycetes,Gemmatales,Gemmataceae,,,Gemmatales; Gemmataceae; ASV787,Planctomycetota; Gemmatales; Gemmataceae
ASV788,Bacteria,Actinobacteriota,Actinobacteria,Micrococcales,Micrococcaceae,Nesterenkonia,Nesterenkonia_sp.,Micrococcales; Micrococcaceae; Nesterenkonia; Nesterenkonia_sp.; ASV788,Actinobacteriota; Micrococcales; Micrococcaceae
ASV789,Bacteria,Firmicutes,Clostridia,Clostridiales,Clostridiaceae,Clostridium_sensu_stricto_12,,Clostridiales; Clostridiaceae; Clostridium_sensu_stricto_12; ASV789,Firmicutes; Clostridiales; Clostridiaceae
ASV790,Bacteria,Actinobacteriota,Actinobacteria,Pseudonocardiales,Pseudonocardiaceae,Pseudonocardia,,Pseudonocardiales; Pseudonocardiaceae; Pseudonocardia; ASV790,Actinobacteriota; Pseudonocardiales; Pseudonocardiaceae
ASV791,Bacteria,Proteobacteria,Gammaproteobacteria,Legionellales,Legionellaceae,Legionella,uncultured_bacterium,Legionellales; Legionellaceae; Legionella; uncultured_bacterium; ASV791,Proteobacteria; Legionellales; Legionellaceae
ASV792,Bacteria,Proteobacteria,Gammaproteobacteria,Burkholderiales,Comamonadaceae,Comamonas,,Burkholderiales; Comamonadaceae; Comamonas; ASV792,Proteobacteria; Burkholderiales; Comamonadaceae
ASV793,Bacteria,Actinobacteriota,Acidimicrobiia,Microtrichales,Ilumatobacteraceae,CL500-29_marine_group,metagenome,Microtrichales; Ilumatobacteraceae; CL500-29_marine_group; metagenome; ASV793,Actinobacteriota; Microtrichales; Ilumatobacteraceae
ASV794,Bacteria,Planctomycetota,Planctomycetes,Isosphaerales,Isosphaeraceae,,uncultured_bacterium,Isosphaerales; Isosphaeraceae; uncultured_bacterium; ASV794,Planctomycetota; Isosphaerales; Isosphaeraceae
ASV795,Bacteria,Proteobacteria,Alphaproteobacteria,Rhizobiales,Beijerinckiaceae,,uncultured_Alphaproteobacteria,Rhizobiales; Beijerinckiaceae; uncultured_Alphaproteobacteria; ASV795,Proteobacteria; Rhizobiales; Beijerinckiaceae
ASV796,Bacteria,Dependentiae,Babeliae,Babeliales,Babeliaceae,Babeliaceae,uncultured_bacterium,Babeliales; Babeliaceae; Babeliaceae; uncultured_bacterium; ASV796,Dependentiae; Babeliales; Babeliaceae
ASV797,Bacteria,Actinobacteriota,Actinobacteria,Bifidobacteriales,Bifidobacteriaceae,Bifidobacterium,,Bifidobacteriales; Bifidobacteriaceae; Bifidobacterium; ASV797,Actinobacteriota; Bifidobacteriales; Bifidobacteriaceae
ASV798,Bacteria,Bacteroidota,Bacteroidia,Flavobacteriales,Flavobacteriaceae,NS5_marine_group,,Flavobacteriales; Flavobacteriaceae; NS5_marine_group; ASV798,Bacteroidota; Flavobacteriales; Flavobacteriaceae
ASV799,Bacteria,Planctomycetota,Planctomycetes,Gemmatales,Gemmataceae,Gemmata,Gemmata_sp.,Gemmatales; Gemmataceae; Gemmata; Gemmata_sp.; ASV799,Planctomycetota; Gemmatales; Gemmataceae
ASV800,Bacteria,Planctomycetota,Planctomycetes,Gemmatales,Gemmataceae,Fimbriiglobus,uncultured_bacterium,Gemmatales; Gemmataceae; Fimbriiglobus; uncultured_bacterium; ASV800,Planctomycetota; Gemmatales; Gemmataceae
ASV801,Bacteria,Planctomycetota,Planctomycetes,Isosphaerales,Isosphaeraceae,,uncultured_bacterium,Isosphaerales; Isosphaeraceae; uncultured_bacterium; ASV801,Planctomycetota; Isosphaerales; Isosphaeraceae
ASV802,Bacteria,Planctomycetota,Planctomycetes,Isosphaerales,Isosphaeraceae,Tundrisphaera,uncultured_bacterium,Isosphaerales; Isosphaeraceae; Tundrisphaera; uncultured_bacterium; ASV802,Planctomycetota; Isosphaerales; Isosphaeraceae
ASV803,Bacteria,Proteobacteria,Alphaproteobacteria,Rhizobiales,Beijerinckiaceae,alphaI_cluster,,Rhizobiales; Beijerinckiaceae; alphaI_cluster; ASV803,Proteobacteria; Rhizobiales; Beijerinckiaceae
ASV804,Bacteria,Proteobacteria,Alphaproteobacteria,Rhizobiales,Rhizobiales_Incertae_Sedis,Phreatobacter,uncultured_bacterium,Rhizobiales; Rhizobiales_Incertae_Sedis; Phreatobacter; uncultured_bacterium; ASV804,Proteobacteria; Rhizobiales; Rhizobiales_Incertae_Sedis
ASV805,Bacteria,Actinobacteriota,Actinobacteria,Micrococcales,Dermacoccaceae,Dermacoccus,,Micrococcales; Dermacoccaceae; Dermacoccus; ASV805,Actinobacteriota; Micrococcales; Dermacoccaceae
ASV806,Bacteria,Actinobacteriota,Actinobacteria,Streptosporangiales,Nocardiopsaceae,Nocardiopsis,,Streptosporangiales; Nocardiopsaceae; Nocardiopsis; ASV806,Actinobacteriota; Streptosporangiales; Nocardiopsaceae
ASV807,Bacteria,Bacteroidota,Bacteroidia,Chitinophagales,Chitinophagaceae,Aurantisolimonas,uncultured_bacterium,Chitinophagales; Chitinophagaceae; Aurantisolimonas; uncultured_bacterium; ASV807,Bacteroidota; Chitinophagales; Chitinophagaceae
ASV808,Bacteria,Proteobacteria,Alphaproteobacteria,Rhodobacterales,Rhodobacteraceae,,,Rhodobacterales; Rhodobacteraceae; ASV808,Proteobacteria; Rhodobacterales; Rhodobacteraceae
ASV809,Bacteria,Chloroflexi,Chloroflexia,Thermomicrobiales,JG30-KF-CM45,JG30-KF-CM45,uncultured_Sphaerobacter,Thermomicrobiales; JG30-KF-CM45; JG30-KF-CM45; uncultured_Sphaerobacter; ASV809,Chloroflexi; Thermomicrobiales; JG30-KF-CM45
ASV810,Bacteria,Proteobacteria,Gammaproteobacteria,Legionellales,Legionellaceae,Legionella,,Legionellales; Legionellaceae; Legionella; ASV810,Proteobacteria; Legionellales; Legionellaceae
ASV811,Bacteria,Verrucomicrobiota,Verrucomicrobiae,Verrucomicrobiales,Rubritaleaceae,Luteolibacter,,Verrucomicrobiales; Rubritaleaceae; Luteolibacter; ASV811,Verrucomicrobiota; Verrucomicrobiales; Rubritaleaceae
ASV812,Bacteria,Proteobacteria,Gammaproteobacteria,Pseudomonadales,Pseudomonadaceae,Pseudomonas,,Pseudomonadales; Pseudomonadaceae; Pseudomonas; ASV812,Proteobacteria; Pseudomonadales; Pseudomonadaceae
ASV813,Bacteria,Planctomycetota,Planctomycetes,Isosphaerales,Isosphaeraceae,Singulisphaera,,Isosphaerales; Isosphaeraceae; Singulisphaera; ASV813,Planctomycetota; Isosphaerales; Isosphaeraceae
ASV814,Bacteria,Proteobacteria,Alphaproteobacteria,Rhizobiales,Xanthobacteraceae,,,Rhizobiales; Xanthobacteraceae; ASV814,Proteobacteria; Rhizobiales; Xanthobacteraceae
ASV815,Bacteria,Proteobacteria,Gammaproteobacteria,Alteromonadales,Alteromonadaceae,Paraglaciecola,Paraglaciecola_arctica,Alteromonadales; Alteromonadaceae; Paraglaciecola; Paraglaciecola_arctica; ASV815,Proteobacteria; Alteromonadales; Alteromonadaceae
ASV816,Bacteria,Actinobacteriota,Actinobacteria,Pseudonocardiales,Pseudonocardiaceae,Pseudonocardia,,Pseudonocardiales; Pseudonocardiaceae; Pseudonocardia; ASV816,Actinobacteriota; Pseudonocardiales; Pseudonocardiaceae
ASV817,Bacteria,Verrucomicrobiota,Verrucomicrobiae,Chthoniobacterales,Chthoniobacteraceae,LD29,uncultured_bacterium,Chthoniobacterales; Chthoniobacteraceae; LD29; uncultured_bacterium; ASV817,Verrucomicrobiota; Chthoniobacterales; Chthoniobacteraceae
ASV818,Bacteria,Planctomycetota,Planctomycetes,Gemmatales,Gemmataceae,Gemmata,,Gemmatales; Gemmataceae; Gemmata; ASV818,Planctomycetota; Gemmatales; Gemmataceae
ASV819,Bacteria,Planctomycetota,Planctomycetes,Gemmatales,Gemmataceae,,uncultured_bacterium,Gemmatales; Gemmataceae; uncultured_bacterium; ASV819,Planctomycetota; Gemmatales; Gemmataceae
ASV820,Bacteria,Actinobacteriota,Actinobacteria,PeM15,PeM15,PeM15,,PeM15; PeM15; PeM15; ASV820,Actinobacteriota; PeM15; PeM15
ASV821,Bacteria,Proteobacteria,Alphaproteobacteria,Acetobacterales,Acetobacteraceae,Roseomonas,,Acetobacterales; Acetobacteraceae; Roseomonas; ASV821,Proteobacteria; Acetobacterales; Acetobacteraceae
ASV822,Bacteria,Actinobacteriota,Actinobacteria,Frankiales,Geodermatophilaceae,Klenkia,,Frankiales; Geodermatophilaceae; Klenkia; ASV822,Actinobacteriota; Frankiales; Geodermatophilaceae
ASV823,Bacteria,Firmicutes,Bacilli,Bacillales,Bacillaceae,Bacillus,,Bacillales; Bacillaceae; Bacillus; ASV823,Firmicutes; Bacillales; Bacillaceae
ASV824,Bacteria,Planctomycetota,Planctomycetes,Isosphaerales,Isosphaeraceae,,,Isosphaerales; Isosphaeraceae; ASV824,Planctomycetota; Isosphaerales; Isosphaeraceae
ASV825,Bacteria,Firmicutes,Bacilli,Alicyclobacillales,Alicyclobacillaceae,Alicyclobacillus,,Alicyclobacillales; Alicyclobacillaceae; Alicyclobacillus; ASV825,Firmicutes; Alicyclobacillales; Alicyclobacillaceae
ASV826,Bacteria,Actinobacteriota,Actinobacteria,Micrococcales,Micrococcaceae,Kocuria,,Micrococcales; Micrococcaceae; Kocuria; ASV826,Actinobacteriota; Micrococcales; Micrococcaceae
ASV827,Bacteria,Proteobacteria,Alphaproteobacteria,Rhodobacterales,Rhodobacteraceae,,,Rhodobacterales; Rhodobacteraceae; ASV827,Proteobacteria; Rhodobacterales; Rhodobacteraceae
ASV828,Bacteria,Verrucomicrobiota,Chlamydiae,Chlamydiales,Parachlamydiaceae,,,Chlamydiales; Parachlamydiaceae; ASV828,Verrucomicrobiota; Chlamydiales; Parachlamydiaceae
ASV829,Bacteria,Actinobacteriota,Actinobacteria,Kineosporiales,Kineosporiaceae,,,Kineosporiales; Kineosporiaceae; ASV829,Actinobacteriota; Kineosporiales; Kineosporiaceae
ASV830,Bacteria,Planctomycetota,Planctomycetes,Gemmatales,Gemmataceae,,uncultured_bacterium,Gemmatales; Gemmataceae; uncultured_bacterium; ASV830,Planctomycetota; Gemmatales; Gemmataceae
ASV831,Bacteria,Proteobacteria,Alphaproteobacteria,Sphingomonadales,Sphingomonadaceae,,,Sphingomonadales; Sphingomonadaceae; ASV831,Proteobacteria; Sphingomonadales; Sphingomonadaceae
ASV832,Bacteria,Planctomycetota,Planctomycetes,Pirellulales,Pirellulaceae,Pirellula,,Pirellulales; Pirellulaceae; Pirellula; ASV832,Planctomycetota; Pirellulales; Pirellulaceae
ASV833,Bacteria,Planctomycetota,Planctomycetes,Pirellulales,Pirellulaceae,,uncultured_bacterium,Pirellulales; Pirellulaceae; uncultured_bacterium; ASV833,Planctomycetota; Pirellulales; Pirellulaceae
ASV834,Bacteria,Proteobacteria,Alphaproteobacteria,Rhizobiales,Xanthobacteraceae,,,Rhizobiales; Xanthobacteraceae; ASV834,Proteobacteria; Rhizobiales; Xanthobacteraceae
ASV835,Bacteria,Firmicutes,Clostridia,Lachnospirales,Lachnospiraceae,Tyzzerella,,Lachnospirales; Lachnospiraceae; Tyzzerella; ASV835,Firmicutes; Lachnospirales; Lachnospiraceae
ASV836,Bacteria,Proteobacteria,Gammaproteobacteria,,,,,ASV836,Proteobacteria
ASV837,Bacteria,Proteobacteria,Alphaproteobacteria,Acetobacterales,Acetobacteraceae,Rhodovarius,uncultured_bacterium,Acetobacterales; Acetobacteraceae; Rhodovarius; uncultured_bacterium; ASV837,Proteobacteria; Acetobacterales; Acetobacteraceae
ASV838,Bacteria,Proteobacteria,Alphaproteobacteria,Sphingomonadales,Sphingomonadaceae,Novosphingobium,,Sphingomonadales; Sphingomonadaceae; Novosphingobium; ASV838,Proteobacteria; Sphingomonadales; Sphingomonadaceae
ASV839,Bacteria,Actinobacteriota,Actinobacteria,Frankiales,Frankiaceae,Jatrophihabitans,,Frankiales; Frankiaceae; Jatrophihabitans; ASV839,Actinobacteriota; Frankiales; Frankiaceae
ASV840,Bacteria,Proteobacteria,Alphaproteobacteria,Sphingomonadales,Sphingomonadaceae,Novosphingobium,,Sphingomonadales; Sphingomonadaceae; Novosphingobium; ASV840,Proteobacteria; Sphingomonadales; Sphingomonadaceae
ASV841,Bacteria,Actinobacteriota,Thermoleophilia,Solirubrobacterales,Solirubrobacteraceae,Conexibacter,uncultured_endolithic,Solirubrobacterales; Solirubrobacteraceae; Conexibacter; uncultured_endolithic; ASV841,Actinobacteriota; Solirubrobacterales; Solirubrobacteraceae
ASV842,Bacteria,Planctomycetota,Planctomycetes,Isosphaerales,Isosphaeraceae,,,Isosphaerales; Isosphaeraceae; ASV842,Planctomycetota; Isosphaerales; Isosphaeraceae
ASV843,Bacteria,Actinobacteriota,Actinobacteria,Micrococcales,Intrasporangiaceae,Phycicoccus,,Micrococcales; Intrasporangiaceae; Phycicoccus; ASV843,Actinobacteriota; Micrococcales; Intrasporangiaceae
ASV844,Bacteria,Actinobacteriota,Acidimicrobiia,Microtrichales,,,uncultured_bacterium,Microtrichales; uncultured_bacterium; ASV844,Actinobacteriota; Microtrichales
ASV845,Bacteria,Chloroflexi,Ktedonobacteria,Ktedonobacterales,Ktedonobacteraceae,,uncultured_Ktedobacteria,Ktedonobacterales; Ktedonobacteraceae; uncultured_Ktedobacteria; ASV845,Chloroflexi; Ktedonobacterales; Ktedonobacteraceae
ASV846,Bacteria,Actinobacteriota,Actinobacteria,Propionibacteriales,Nocardioidaceae,Kribbella,,Propionibacteriales; Nocardioidaceae; Kribbella; ASV846,Actinobacteriota; Propionibacteriales; Nocardioidaceae
ASV847,Bacteria,Actinobacteriota,Actinobacteria,Pseudonocardiales,Pseudonocardiaceae,Pseudonocardia,,Pseudonocardiales; Pseudonocardiaceae; Pseudonocardia; ASV847,Actinobacteriota; Pseudonocardiales; Pseudonocardiaceae
ASV848,Bacteria,Chloroflexi,Ktedonobacteria,Ktedonobacterales,Ktedonobacteraceae,,uncultured_Ktedobacteria,Ktedonobacterales; Ktedonobacteraceae; uncultured_Ktedobacteria; ASV848,Chloroflexi; Ktedonobacterales; Ktedonobacteraceae
ASV849,Bacteria,Acidobacteriota,Acidobacteriae,Acidobacteriales,Acidobacteriaceae_(Subgroup_1),Granulicella,,Acidobacteriales; Acidobacteriaceae_(Subgroup_1); Granulicella; ASV849,Acidobacteriota; Acidobacteriales; Acidobacteriaceae_(Subgroup_1)
ASV850,Bacteria,Firmicutes,Clostridia,Clostridiales,Clostridiaceae,Clostridium_sensu_stricto_3,,Clostridiales; Clostridiaceae; Clostridium_sensu_stricto_3; ASV850,Firmicutes; Clostridiales; Clostridiaceae
ASV851,Bacteria,Verrucomicrobiota,Chlamydiae,Chlamydiales,Parachlamydiaceae,Neochlamydia,metagenome,Chlamydiales; Parachlamydiaceae; Neochlamydia; metagenome; ASV851,Verrucomicrobiota; Chlamydiales; Parachlamydiaceae
ASV852,Bacteria,Planctomycetota,Planctomycetes,Gemmatales,Gemmataceae,,uncultured_bacterium,Gemmatales; Gemmataceae; uncultured_bacterium; ASV852,Planctomycetota; Gemmatales; Gemmataceae
ASV853,Bacteria,Planctomycetota,Planctomycetes,Gemmatales,Gemmataceae,,uncultured_bacterium,Gemmatales; Gemmataceae; uncultured_bacterium; ASV853,Planctomycetota; Gemmatales; Gemmataceae
ASV854,Bacteria,Firmicutes,Desulfitobacteriia,Desulfitobacteriales,Desulfitobacteriaceae,Desulfosporosinus,,Desulfitobacteriales; Desulfitobacteriaceae; Desulfosporosinus; ASV854,Firmicutes; Desulfitobacteriales; Desulfitobacteriaceae
ASV855,Bacteria,Planctomycetota,Planctomycetes,Isosphaerales,Isosphaeraceae,Tundrisphaera,,Isosphaerales; Isosphaeraceae; Tundrisphaera; ASV855,Planctomycetota; Isosphaerales; Isosphaeraceae
ASV856,Bacteria,Proteobacteria,Gammaproteobacteria,Burkholderiales,Comamonadaceae,Schlegelella,uncultured_bacterium,Burkholderiales; Comamonadaceae; Schlegelella; uncultured_bacterium; ASV856,Proteobacteria; Burkholderiales; Comamonadaceae
ASV857,Bacteria,Firmicutes,Clostridia,Clostridiales,Clostridiaceae,Clostridium_sensu_stricto_1,uncultured_Clostridia,Clostridiales; Clostridiaceae; Clostridium_sensu_stricto_1; uncultured_Clostridia; ASV857,Firmicutes; Clostridiales; Clostridiaceae
ASV858,Bacteria,Firmicutes,Clostridia,Oscillospirales,Ruminococcaceae,Candidatus_Soleaferrea,uncultured_Firmicutes,Oscillospirales; Ruminococcaceae; Candidatus_Soleaferrea; uncultured_Firmicutes; ASV858,Firmicutes; Oscillospirales; Ruminococcaceae
ASV859,Bacteria,Proteobacteria,Gammaproteobacteria,Enterobacterales,Enterobacteriaceae,,,Enterobacterales; Enterobacteriaceae; ASV859,Proteobacteria; Enterobacterales; Enterobacteriaceae
ASV860,Bacteria,Planctomycetota,Planctomycetes,Gemmatales,Gemmataceae,,,Gemmatales; Gemmataceae; ASV860,Planctomycetota; Gemmatales; Gemmataceae
ASV861,Bacteria,Proteobacteria,Gammaproteobacteria,Burkholderiales,Comamonadaceae,,,Burkholderiales; Comamonadaceae; ASV861,Proteobacteria; Burkholderiales; Comamonadaceae
ASV862,Bacteria,Verrucomicrobiota,Verrucomicrobiae,Chthoniobacterales,Chthoniobacteraceae,Candidatus_Udaeobacter,uncultured_cyanobacterium,Chthoniobacterales; Chthoniobacteraceae; Candidatus_Udaeobacter; uncultured_cyanobacterium; ASV862,Verrucomicrobiota; Chthoniobacterales; Chthoniobacteraceae
ASV863,Bacteria,Cyanobacteria,Cyanobacteriia,Cyanobacteriales,Microcystaceae,Microcystis_PCC-7914,,Cyanobacteriales; Microcystaceae; Microcystis_PCC-7914; ASV863,Cyanobacteria; Cyanobacteriales; Microcystaceae
ASV864,Bacteria,Proteobacteria,Gammaproteobacteria,Cellvibrionales,Cellvibrionaceae,Cellvibrio,,Cellvibrionales; Cellvibrionaceae; Cellvibrio; ASV864,Proteobacteria; Cellvibrionales; Cellvibrionaceae
ASV865,Bacteria,Actinobacteriota,Acidimicrobiia,Microtrichales,Iamiaceae,Iamia,,Microtrichales; Iamiaceae; Iamia; ASV865,Actinobacteriota; Microtrichales; Iamiaceae
ASV866,Bacteria,Proteobacteria,Alphaproteobacteria,Rhizobiales,Beijerinckiaceae,Methylobacterium-Methylorubrum,uncultured_Methylobacterium,Rhizobiales; Beijerinckiaceae; Methylobacterium-Methylorubrum; uncultured_Methylobacterium; ASV866,Proteobacteria; Rhizobiales; Beijerinckiaceae
ASV867,Bacteria,Proteobacteria,Alphaproteobacteria,Rhizobiales,,,uncultured_bacterium,Rhizobiales; uncultured_bacterium; ASV867,Proteobacteria; Rhizobiales
ASV868,Bacteria,Actinobacteriota,Actinobacteria,Micrococcales,Cellulomonadaceae,Cellulomonas,,Micrococcales; Cellulomonadaceae; Cellulomonas; ASV868,Actinobacteriota; Micrococcales; Cellulomonadaceae
ASV869,Bacteria,Bacteroidota,Bacteroidia,Flavobacteriales,Weeksellaceae,Empedobacter,,Flavobacteriales; Weeksellaceae; Empedobacter; ASV869,Bacteroidota; Flavobacteriales; Weeksellaceae
ASV870,Bacteria,Proteobacteria,Alphaproteobacteria,SAR11_clade,Clade_I,Clade_Ia,,SAR11_clade; Clade_I; Clade_Ia; ASV870,Proteobacteria; SAR11_clade; Clade_I
ASV871,Bacteria,Chloroflexi,Chloroflexia,Thermomicrobiales,JG30-KF-CM45,JG30-KF-CM45,uncultured_bacterium,Thermomicrobiales; JG30-KF-CM45; JG30-KF-CM45; uncultured_bacterium; ASV871,Chloroflexi; Thermomicrobiales; JG30-KF-CM45
ASV872,Bacteria,Firmicutes,Bacilli,Bacillales,Sporolactobacillaceae,Sporolactobacillus,uncultured_bacterium,Bacillales; Sporolactobacillaceae; Sporolactobacillus; uncultured_bacterium; ASV872,Firmicutes; Bacillales; Sporolactobacillaceae
ASV873,Bacteria,Proteobacteria,Alphaproteobacteria,Rhizobiales,Beijerinckiaceae,Bosea,,Rhizobiales; Beijerinckiaceae; Bosea; ASV873,Proteobacteria; Rhizobiales; Beijerinckiaceae
ASV874,Bacteria,Proteobacteria,Alphaproteobacteria,Rhizobiales,Hyphomicrobiaceae,Pedomicrobium,,Rhizobiales; Hyphomicrobiaceae; Pedomicrobium; ASV874,Proteobacteria; Rhizobiales; Hyphomicrobiaceae
ASV875,Bacteria,Deinococcota,Deinococci,Deinococcales,Deinococcaceae,Deinococcus,,Deinococcales; Deinococcaceae; Deinococcus; ASV875,Deinococcota; Deinococcales; Deinococcaceae
ASV876,Bacteria,Dependentiae,Babeliae,Babeliales,UBA12409,UBA12409,uncultured_bacterium,Babeliales; UBA12409; UBA12409; uncultured_bacterium; ASV876,Dependentiae; Babeliales; UBA12409
ASV877,Bacteria,Proteobacteria,Alphaproteobacteria,Sphingomonadales,Sphingomonadaceae,Qipengyuania,,Sphingomonadales; Sphingomonadaceae; Qipengyuania; ASV877,Proteobacteria; Sphingomonadales; Sphingomonadaceae
ASV878,Bacteria,Planctomycetota,Planctomycetes,Gemmatales,Gemmataceae,,uncultured_bacterium,Gemmatales; Gemmataceae; uncultured_bacterium; ASV878,Planctomycetota; Gemmatales; Gemmataceae
ASV879,Bacteria,Actinobacteriota,Actinobacteria,Frankiales,,,Actinomycetales_bacterium,Frankiales; Actinomycetales_bacterium; ASV879,Actinobacteriota; Frankiales
ASV880,Bacteria,Firmicutes,Bacilli,Brevibacillales,Brevibacillaceae,Brevibacillus,,Brevibacillales; Brevibacillaceae; Brevibacillus; ASV880,Firmicutes; Brevibacillales; Brevibacillaceae
ASV881,Bacteria,Actinobacteriota,Actinobacteria,Frankiales,,,,Frankiales; ASV881,Actinobacteriota; Frankiales
ASV882,Bacteria,Proteobacteria,Gammaproteobacteria,Pseudomonadales,Moraxellaceae,Enhydrobacter,,Pseudomonadales; Moraxellaceae; Enhydrobacter; ASV882,Proteobacteria; Pseudomonadales; Moraxellaceae
ASV883,Bacteria,Proteobacteria,Alphaproteobacteria,Acetobacterales,Acetobacteraceae,Acidiphilium,uncultured_bacterium,Acetobacterales; Acetobacteraceae; Acidiphilium; uncultured_bacterium; ASV883,Proteobacteria; Acetobacterales; Acetobacteraceae
ASV884,Bacteria,Proteobacteria,Alphaproteobacteria,Rhizobiales,Hyphomicrobiaceae,Hyphomicrobium,uncultured_bacterium,Rhizobiales; Hyphomicrobiaceae; Hyphomicrobium; uncultured_bacterium; ASV884,Proteobacteria; Rhizobiales; Hyphomicrobiaceae
ASV885,Bacteria,Acidobacteriota,Acidobacteriae,Bryobacterales,Bryobacteraceae,Bryobacter,,Bryobacterales; Bryobacteraceae; Bryobacter; ASV885,Acidobacteriota; Bryobacterales; Bryobacteraceae
ASV886,Bacteria,Planctomycetota,Planctomycetes,Pirellulales,Pirellulaceae,,uncultured_bacterium,Pirellulales; Pirellulaceae; uncultured_bacterium; ASV886,Planctomycetota; Pirellulales; Pirellulaceae
ASV887,Bacteria,Firmicutes,Clostridia,Lachnospirales,Lachnospiraceae,Tyzzerella,,Lachnospirales; Lachnospiraceae; Tyzzerella; ASV887,Firmicutes; Lachnospirales; Lachnospiraceae
ASV888,Bacteria,Planctomycetota,Planctomycetes,Gemmatales,Gemmataceae,Fimbriiglobus,metagenome,Gemmatales; Gemmataceae; Fimbriiglobus; metagenome; ASV888,Planctomycetota; Gemmatales; Gemmataceae
ASV889,Bacteria,Firmicutes,Clostridia,Clostridiales,Clostridiaceae,Clostridium_sensu_stricto_13,,Clostridiales; Clostridiaceae; Clostridium_sensu_stricto_13; ASV889,Firmicutes; Clostridiales; Clostridiaceae
ASV890,Bacteria,Planctomycetota,Planctomycetes,Gemmatales,Gemmataceae,,metagenome,Gemmatales; Gemmataceae; metagenome; ASV890,Planctomycetota; Gemmatales; Gemmataceae
ASV891,Bacteria,Actinobacteriota,Actinobacteria,Propionibacteriales,Nocardioidaceae,Nocardioides,,Propionibacteriales; Nocardioidaceae; Nocardioides; ASV891,Actinobacteriota; Propionibacteriales; Nocardioidaceae
ASV892,Bacteria,Verrucomicrobiota,Verrucomicrobiae,Chthoniobacterales,Xiphinematobacteraceae,Candidatus_Xiphinematobacter,metagenome,Chthoniobacterales; Xiphinematobacteraceae; Candidatus_Xiphinematobacter; metagenome; ASV892,Verrucomicrobiota; Chthoniobacterales; Xiphinematobacteraceae
ASV893,Bacteria,Proteobacteria,Alphaproteobacteria,Rhizobiales,Beijerinckiaceae,Bosea,,Rhizobiales; Beijerinckiaceae; Bosea; ASV893,Proteobacteria; Rhizobiales; Beijerinckiaceae
ASV894,Bacteria,Proteobacteria,Gammaproteobacteria,Burkholderiales,Oxalobacteraceae,Janthinobacterium,,Burkholderiales; Oxalobacteraceae; Janthinobacterium; ASV894,Proteobacteria; Burkholderiales; Oxalobacteraceae
ASV895,Bacteria,Bacteroidota,Bacteroidia,Cytophagales,Cyclobacteriaceae,Algoriphagus,,Cytophagales; Cyclobacteriaceae; Algoriphagus; ASV895,Bacteroidota; Cytophagales; Cyclobacteriaceae
ASV896,Bacteria,Actinobacteriota,Thermoleophilia,Solirubrobacterales,Solirubrobacteraceae,,Phytoplasma_sp.,Solirubrobacterales; Solirubrobacteraceae; Phytoplasma_sp.; ASV896,Actinobacteriota; Solirubrobacterales; Solirubrobacteraceae
ASV897,Bacteria,Actinobacteriota,Actinobacteria,Micrococcales,Intrasporangiaceae,Terrabacter,,Micrococcales; Intrasporangiaceae; Terrabacter; ASV897,Actinobacteriota; Micrococcales; Intrasporangiaceae
ASV898,Bacteria,Firmicutes,Bacilli,Paenibacillales,Paenibacillaceae,Paenibacillus,,Paenibacillales; Paenibacillaceae; Paenibacillus; ASV898,Firmicutes; Paenibacillales; Paenibacillaceae
ASV899,Bacteria,Actinobacteriota,Rubrobacteria,Rubrobacterales,Rubrobacteriaceae,Rubrobacter,uncultured_bacterium,Rubrobacterales; Rubrobacteriaceae; Rubrobacter; uncultured_bacterium; ASV899,Actinobacteriota; Rubrobacterales; Rubrobacteriaceae
ASV900,Bacteria,Actinobacteriota,Actinobacteria,Streptomycetales,Streptomycetaceae,Streptomyces,,Streptomycetales; Streptomycetaceae; Streptomyces; ASV900,Actinobacteriota; Streptomycetales; Streptomycetaceae
ASV901,Bacteria,Proteobacteria,Alphaproteobacteria,Sphingomonadales,Sphingomonadaceae,Sphingomonas,,Sphingomonadales; Sphingomonadaceae; Sphingomonas; ASV901,Proteobacteria; Sphingomonadales; Sphingomonadaceae
ASV902,Bacteria,Proteobacteria,Gammaproteobacteria,Pseudomonadales,Moraxellaceae,Acinetobacter,,Pseudomonadales; Moraxellaceae; Acinetobacter; ASV902,Proteobacteria; Pseudomonadales; Moraxellaceae
ASV903,Bacteria,Actinobacteriota,Thermoleophilia,Solirubrobacterales,Solirubrobacteraceae,Solirubrobacter,uncultured_bacterium,Solirubrobacterales; Solirubrobacteraceae; Solirubrobacter; uncultured_bacterium; ASV903,Actinobacteriota; Solirubrobacterales; Solirubrobacteraceae
ASV904,Bacteria,Planctomycetota,Planctomycetes,Gemmatales,Gemmataceae,Fimbriiglobus,metagenome,Gemmatales; Gemmataceae; Fimbriiglobus; metagenome; ASV904,Planctomycetota; Gemmatales; Gemmataceae
ASV905,Bacteria,Bacteroidota,Bacteroidia,Bacteroidales,Prevotellaceae,Prevotella,Prevotella_timonensis,Bacteroidales; Prevotellaceae; Prevotella; Prevotella_timonensis; ASV905,Bacteroidota; Bacteroidales; Prevotellaceae
ASV906,Bacteria,Proteobacteria,Alphaproteobacteria,Caulobacterales,Caulobacteraceae,Asticcacaulis,uncultured_bacterium,Caulobacterales; Caulobacteraceae; Asticcacaulis; uncultured_bacterium; ASV906,Proteobacteria; Caulobacterales; Caulobacteraceae
ASV907,Bacteria,Firmicutes,Bacilli,Lactobacillales,Streptococcaceae,Streptococcus,Streptococcus_suis,Lactobacillales; Streptococcaceae; Streptococcus; Streptococcus_suis; ASV907,Firmicutes; Lactobacillales; Streptococcaceae
ASV908,Bacteria,Proteobacteria,Alphaproteobacteria,Rhizobiales,Methyloligellaceae,,,Rhizobiales; Methyloligellaceae; ASV908,Proteobacteria; Rhizobiales; Methyloligellaceae
ASV909,Bacteria,Spirochaetota,Spirochaetia,Spirochaetales,Spirochaetaceae,Treponema,uncultured_bacterium,Spirochaetales; Spirochaetaceae; Treponema; uncultured_bacterium; ASV909,Spirochaetota; Spirochaetales; Spirochaetaceae
ASV910,Bacteria,Firmicutes,Bacilli,Bacillales,Bacillaceae,Bacillus,,Bacillales; Bacillaceae; Bacillus; ASV910,Firmicutes; Bacillales; Bacillaceae
ASV911,Bacteria,Actinobacteriota,Actinobacteria,Micrococcales,Microbacteriaceae,Pseudoclavibacter,,Micrococcales; Microbacteriaceae; Pseudoclavibacter; ASV911,Actinobacteriota; Micrococcales; Microbacteriaceae
ASV912,Bacteria,Proteobacteria,Alphaproteobacteria,Reyranellales,Reyranellaceae,Reyranella,metagenome,Reyranellales; Reyranellaceae; Reyranella; metagenome; ASV912,Proteobacteria; Reyranellales; Reyranellaceae
ASV913,Bacteria,Proteobacteria,Alphaproteobacteria,Acetobacterales,Acetobacteraceae,Acidiphilium,,Acetobacterales; Acetobacteraceae; Acidiphilium; ASV913,Proteobacteria; Acetobacterales; Acetobacteraceae
ASV914,Bacteria,Proteobacteria,Alphaproteobacteria,Rhizobiales,Xanthobacteraceae,,,Rhizobiales; Xanthobacteraceae; ASV914,Proteobacteria; Rhizobiales; Xanthobacteraceae
ASV915,Bacteria,Planctomycetota,Planctomycetes,Isosphaerales,Isosphaeraceae,Tundrisphaera,uncultured_bacterium,Isosphaerales; Isosphaeraceae; Tundrisphaera; uncultured_bacterium; ASV915,Planctomycetota; Isosphaerales; Isosphaeraceae
ASV916,Bacteria,Proteobacteria,Gammaproteobacteria,Burkholderiales,Comamonadaceae,,,Burkholderiales; Comamonadaceae; ASV916,Proteobacteria; Burkholderiales; Comamonadaceae
ASV917,Bacteria,Actinobacteriota,Thermoleophilia,Solirubrobacterales,Solirubrobacteraceae,Conexibacter,,Solirubrobacterales; Solirubrobacteraceae; Conexibacter; ASV917,Actinobacteriota; Solirubrobacterales; Solirubrobacteraceae
ASV918,Bacteria,Proteobacteria,Gammaproteobacteria,Pseudomonadales,Moraxellaceae,Acinetobacter,,Pseudomonadales; Moraxellaceae; Acinetobacter; ASV918,Proteobacteria; Pseudomonadales; Moraxellaceae
ASV919,Bacteria,Proteobacteria,Alphaproteobacteria,Sphingomonadales,Sphingomonadaceae,Blastomonas,,Sphingomonadales; Sphingomonadaceae; Blastomonas; ASV919,Proteobacteria; Sphingomonadales; Sphingomonadaceae
ASV920,Bacteria,Firmicutes,Clostridia,Oscillospirales,Oscillospiraceae,Sporobacter,,Oscillospirales; Oscillospiraceae; Sporobacter; ASV920,Firmicutes; Oscillospirales; Oscillospiraceae
ASV921,Bacteria,Firmicutes,Clostridia,Clostridiales,Clostridiaceae,Clostridium_sensu_stricto_5,Clostridium_sp.,Clostridiales; Clostridiaceae; Clostridium_sensu_stricto_5; Clostridium_sp.; ASV921,Firmicutes; Clostridiales; Clostridiaceae
ASV922,Bacteria,Cyanobacteria,Cyanobacteriia,Cyanobacteriales,Phormidiaceae,Tychonema_CCAP_1459-11B,,Cyanobacteriales; Phormidiaceae; Tychonema_CCAP_1459-11B; ASV922,Cyanobacteria; Cyanobacteriales; Phormidiaceae
ASV923,Bacteria,Firmicutes,Clostridia,Clostridiales,Clostridiaceae,Clostridium_sensu_stricto_1,,Clostridiales; Clostridiaceae; Clostridium_sensu_stricto_1; ASV923,Firmicutes; Clostridiales; Clostridiaceae
ASV924,Bacteria,Planctomycetota,Planctomycetes,Gemmatales,Gemmataceae,Gemmata,Gemmata_sp.,Gemmatales; Gemmataceae; Gemmata; Gemmata_sp.; ASV924,Planctomycetota; Gemmatales; Gemmataceae
ASV925,Bacteria,Bacteroidota,Bacteroidia,Sphingobacteriales,Sphingobacteriaceae,Mucilaginibacter,,Sphingobacteriales; Sphingobacteriaceae; Mucilaginibacter; ASV925,Bacteroidota; Sphingobacteriales; Sphingobacteriaceae
ASV926,Bacteria,Firmicutes,Clostridia,Clostridiales,Clostridiaceae,,,Clostridiales; Clostridiaceae; ASV926,Firmicutes; Clostridiales; Clostridiaceae
ASV927,Bacteria,Proteobacteria,Alphaproteobacteria,Sphingomonadales,Sphingomonadaceae,,,Sphingomonadales; Sphingomonadaceae; ASV927,Proteobacteria; Sphingomonadales; Sphingomonadaceae
ASV928,Bacteria,Chloroflexi,Ktedonobacteria,Ktedonobacterales,Ktedonobacteraceae,,uncultured_Ktedobacteria,Ktedonobacterales; Ktedonobacteraceae; uncultured_Ktedobacteria; ASV928,Chloroflexi; Ktedonobacterales; Ktedonobacteraceae
ASV929,Bacteria,Actinobacteriota,Actinobacteria,Propionibacteriales,Nocardioidaceae,Nocardioides,,Propionibacteriales; Nocardioidaceae; Nocardioides; ASV929,Actinobacteriota; Propionibacteriales; Nocardioidaceae
ASV930,Bacteria,Actinobacteriota,Actinobacteria,Micrococcales,Microbacteriaceae,Leucobacter,Leucobacter_sp.,Micrococcales; Microbacteriaceae; Leucobacter; Leucobacter_sp.; ASV930,Actinobacteriota; Micrococcales; Microbacteriaceae
ASV931,Bacteria,Proteobacteria,Gammaproteobacteria,Cellvibrionales,Cellvibrionaceae,Cellvibrio,uncultured_Cellvibrio,Cellvibrionales; Cellvibrionaceae; Cellvibrio; uncultured_Cellvibrio; ASV931,Proteobacteria; Cellvibrionales; Cellvibrionaceae
ASV932,Bacteria,Proteobacteria,Alphaproteobacteria,Rhizobiales,Beijerinckiaceae,,,Rhizobiales; Beijerinckiaceae; ASV932,Proteobacteria; Rhizobiales; Beijerinckiaceae
ASV933,Bacteria,Proteobacteria,Alphaproteobacteria,Rhizobiales,Hyphomicrobiaceae,Hyphomicrobium,,Rhizobiales; Hyphomicrobiaceae; Hyphomicrobium; ASV933,Proteobacteria; Rhizobiales; Hyphomicrobiaceae
ASV934,Bacteria,Myxococcota,Myxococcia,Myxococcales,Myxococcaceae,P3OB-42,uncultured_bacterium,Myxococcales; Myxococcaceae; P3OB-42; uncultured_bacterium; ASV934,Myxococcota; Myxococcales; Myxococcaceae
ASV935,Bacteria,Proteobacteria,Alphaproteobacteria,Reyranellales,Reyranellaceae,Reyranella,,Reyranellales; Reyranellaceae; Reyranella; ASV935,Proteobacteria; Reyranellales; Reyranellaceae
ASV936,Bacteria,Proteobacteria,Gammaproteobacteria,Coxiellales,Coxiellaceae,Coxiella,,Coxiellales; Coxiellaceae; Coxiella; ASV936,Proteobacteria; Coxiellales; Coxiellaceae
ASV937,Bacteria,Proteobacteria,Alphaproteobacteria,Sphingomonadales,Sphingomonadaceae,Sphingomonas,,Sphingomonadales; Sphingomonadaceae; Sphingomonas; ASV937,Proteobacteria; Sphingomonadales; Sphingomonadaceae
ASV938,Bacteria,Proteobacteria,Alphaproteobacteria,Rhodobacterales,Rhodobacteraceae,Jannaschia,,Rhodobacterales; Rhodobacteraceae; Jannaschia; ASV938,Proteobacteria; Rhodobacterales; Rhodobacteraceae
ASV939,Bacteria,Bacteroidota,Bacteroidia,Bacteroidales,Prevotellaceae,Prevotella,,Bacteroidales; Prevotellaceae; Prevotella; ASV939,Bacteroidota; Bacteroidales; Prevotellaceae
ASV940,Bacteria,Firmicutes,Bacilli,Lactobacillales,,,,Lactobacillales; ASV940,Firmicutes; Lactobacillales
ASV941,Bacteria,Planctomycetota,Planctomycetes,Isosphaerales,Isosphaeraceae,,uncultured_bacterium,Isosphaerales; Isosphaeraceae; uncultured_bacterium; ASV941,Planctomycetota; Isosphaerales; Isosphaeraceae
ASV942,Bacteria,Armatimonadota,Armatimonadia,Armatimonadales,Armatimonadales,Armatimonadales,uncultured_soil,Armatimonadales; Armatimonadales; Armatimonadales; uncultured_soil; ASV942,Armatimonadota; Armatimonadales; Armatimonadales
ASV943,Bacteria,Proteobacteria,Alphaproteobacteria,Rhizobiales,Rhizobiaceae,Mesorhizobium,,Rhizobiales; Rhizobiaceae; Mesorhizobium; ASV943,Proteobacteria; Rhizobiales; Rhizobiaceae
ASV944,Bacteria,Planctomycetota,Planctomycetes,Pirellulales,Pirellulaceae,Pirellula,bacterium_enrichment,Pirellulales; Pirellulaceae; Pirellula; bacterium_enrichment; ASV944,Planctomycetota; Pirellulales; Pirellulaceae
ASV945,Bacteria,Actinobacteriota,Actinobacteria,Frankiales,,,,Frankiales; ASV945,Actinobacteriota; Frankiales
ASV946,Bacteria,Proteobacteria,Alphaproteobacteria,Rhizobiales,Hyphomicrobiaceae,Hyphomicrobium,,Rhizobiales; Hyphomicrobiaceae; Hyphomicrobium; ASV946,Proteobacteria; Rhizobiales; Hyphomicrobiaceae
ASV947,Bacteria,Proteobacteria,Alphaproteobacteria,Acetobacterales,Acetobacteraceae,,,Acetobacterales; Acetobacteraceae; ASV947,Proteobacteria; Acetobacterales; Acetobacteraceae
ASV948,Bacteria,Proteobacteria,Alphaproteobacteria,Sphingomonadales,Sphingomonadaceae,Novosphingobium,,Sphingomonadales; Sphingomonadaceae; Novosphingobium; ASV948,Proteobacteria; Sphingomonadales; Sphingomonadaceae
ASV949,Bacteria,Proteobacteria,Alphaproteobacteria,Rhizobiales,Beijerinckiaceae,1174-901-12,uncultured_bacterium,Rhizobiales; Beijerinckiaceae; 1174-901-12; uncultured_bacterium; ASV949,Proteobacteria; Rhizobiales; Beijerinckiaceae
ASV950,Bacteria,Actinobacteriota,Actinobacteria,Kineosporiales,Kineosporiaceae,Quadrisphaera,uncultured_bacterium,Kineosporiales; Kineosporiaceae; Quadrisphaera; uncultured_bacterium; ASV950,Actinobacteriota; Kineosporiales; Kineosporiaceae
ASV951,Bacteria,Firmicutes,Bacilli,Bacillales,Bacillaceae,Oceanobacillus,uncultured_bacterium,Bacillales; Bacillaceae; Oceanobacillus; uncultured_bacterium; ASV951,Firmicutes; Bacillales; Bacillaceae
ASV952,Bacteria,Planctomycetota,Planctomycetes,Pirellulales,Pirellulaceae,,uncultured_Planctomycetaceae,Pirellulales; Pirellulaceae; uncultured_Planctomycetaceae; ASV952,Planctomycetota; Pirellulales; Pirellulaceae
ASV953,Bacteria,Bacteroidota,Bacteroidia,Bacteroidales,Prevotellaceae,Prevotella,Prevotella_timonensis,Bacteroidales; Prevotellaceae; Prevotella; Prevotella_timonensis; ASV953,Bacteroidota; Bacteroidales; Prevotellaceae
ASV954,Bacteria,Actinobacteriota,Actinobacteria,Pseudonocardiales,Pseudonocardiaceae,Pseudonocardia,,Pseudonocardiales; Pseudonocardiaceae; Pseudonocardia; ASV954,Actinobacteriota; Pseudonocardiales; Pseudonocardiaceae
ASV955,Bacteria,Proteobacteria,Alphaproteobacteria,Acetobacterales,Acetobacteraceae,,,Acetobacterales; Acetobacteraceae; ASV955,Proteobacteria; Acetobacterales; Acetobacteraceae
ASV956,Bacteria,Proteobacteria,Alphaproteobacteria,Rhizobiales,Devosiaceae,,,Rhizobiales; Devosiaceae; ASV956,Proteobacteria; Rhizobiales; Devosiaceae
ASV957,Bacteria,Proteobacteria,Gammaproteobacteria,Legionellales,Legionellaceae,Legionella,Legionella_sp.,Legionellales; Legionellaceae; Legionella; Legionella_sp.; ASV957,Proteobacteria; Legionellales; Legionellaceae
ASV958,Bacteria,Proteobacteria,Alphaproteobacteria,Caulobacterales,Caulobacteraceae,Caulobacter,,Caulobacterales; Caulobacteraceae; Caulobacter; ASV958,Proteobacteria; Caulobacterales; Caulobacteraceae
ASV959,Bacteria,Chloroflexi,Chloroflexia,Thermomicrobiales,JG30-KF-CM45,JG30-KF-CM45,uncultured_soil,Thermomicrobiales; JG30-KF-CM45; JG30-KF-CM45; uncultured_soil; ASV959,Chloroflexi; Thermomicrobiales; JG30-KF-CM45
ASV960,Bacteria,Proteobacteria,Gammaproteobacteria,Burkholderiales,Alcaligenaceae,Verticiella,uncultured_bacterium,Burkholderiales; Alcaligenaceae; Verticiella; uncultured_bacterium; ASV960,Proteobacteria; Burkholderiales; Alcaligenaceae
ASV961,Bacteria,Proteobacteria,Gammaproteobacteria,Gammaproteobacteria_Incertae_Sedis,,Candidatus_Ovatusbacter,,Gammaproteobacteria_Incertae_Sedis; Candidatus_Ovatusbacter; ASV961,Proteobacteria; Gammaproteobacteria_Incertae_Sedis
ASV962,Bacteria,Bacteroidota,Bacteroidia,Bacteroidales,Dysgonomonadaceae,Dysgonomonas,uncultured_Porphyromonadaceae,Bacteroidales; Dysgonomonadaceae; Dysgonomonas; uncultured_Porphyromonadaceae; ASV962,Bacteroidota; Bacteroidales; Dysgonomonadaceae
ASV963,Bacteria,Firmicutes,Bacilli,Erysipelotrichales,Erysipelotrichaceae,ZOR0006,uncultured_bacterium,Erysipelotrichales; Erysipelotrichaceae; ZOR0006; uncultured_bacterium; ASV963,Firmicutes; Erysipelotrichales; Erysipelotrichaceae
ASV964,Bacteria,Actinobacteriota,Actinobacteria,Micrococcales,Demequinaceae,,,Micrococcales; Demequinaceae; ASV964,Actinobacteriota; Micrococcales; Demequinaceae
ASV965,Bacteria,Proteobacteria,Alphaproteobacteria,Rhizobiales,Hyphomicrobiaceae,Hyphomicrobium,,Rhizobiales; Hyphomicrobiaceae; Hyphomicrobium; ASV965,Proteobacteria; Rhizobiales; Hyphomicrobiaceae
ASV966,Bacteria,Proteobacteria,Alphaproteobacteria,Rhizobiales,Methyloligellaceae,,,Rhizobiales; Methyloligellaceae; ASV966,Proteobacteria; Rhizobiales; Methyloligellaceae
ASV967,Bacteria,Actinobacteriota,Thermoleophilia,Solirubrobacterales,67-14,67-14,uncultured_soil,Solirubrobacterales; 67-14; 67-14; uncultured_soil; ASV967,Actinobacteriota; Solirubrobacterales; 67-14
ASV968,Bacteria,Firmicutes,Clostridia,Clostridiales,Clostridiaceae,Clostridium_sensu_stricto_1,,Clostridiales; Clostridiaceae; Clostridium_sensu_stricto_1; ASV968,Firmicutes; Clostridiales; Clostridiaceae
ASV969,Bacteria,Actinobacteriota,Actinobacteria,Micrococcales,Micrococcaceae,Kocuria,,Micrococcales; Micrococcaceae; Kocuria; ASV969,Actinobacteriota; Micrococcales; Micrococcaceae
ASV970,Bacteria,Proteobacteria,Gammaproteobacteria,Burkholderiales,Comamonadaceae,,,Burkholderiales; Comamonadaceae; ASV970,Proteobacteria; Burkholderiales; Comamonadaceae
ASV971,Bacteria,Proteobacteria,Alphaproteobacteria,Rhizobiales,Hyphomicrobiaceae,Hyphomicrobium,,Rhizobiales; Hyphomicrobiaceae; Hyphomicrobium; ASV971,Proteobacteria; Rhizobiales; Hyphomicrobiaceae
ASV972,Bacteria,Proteobacteria,Gammaproteobacteria,Burkholderiales,Oxalobacteraceae,Janthinobacterium,,Burkholderiales; Oxalobacteraceae; Janthinobacterium; ASV972,Proteobacteria; Burkholderiales; Oxalobacteraceae
ASV973,Bacteria,Planctomycetota,Planctomycetes,Isosphaerales,Isosphaeraceae,Tundrisphaera,uncultured_bacterium,Isosphaerales; Isosphaeraceae; Tundrisphaera; uncultured_bacterium; ASV973,Planctomycetota; Isosphaerales; Isosphaeraceae
ASV974,Bacteria,Actinobacteriota,Acidimicrobiia,,,,uncultured_Acidimicrobiia,uncultured_Acidimicrobiia; ASV974,Actinobacteriota
ASV975,Bacteria,Planctomycetota,Planctomycetes,Gemmatales,Gemmataceae,,,Gemmatales; Gemmataceae; ASV975,Planctomycetota; Gemmatales; Gemmataceae
ASV976,Bacteria,Actinobacteriota,Actinobacteria,Frankiales,Frankiaceae,Jatrophihabitans,Jatrophihabitans_sp.,Frankiales; Frankiaceae; Jatrophihabitans; Jatrophihabitans_sp.; ASV976,Actinobacteriota; Frankiales; Frankiaceae
ASV977,Bacteria,Planctomycetota,Planctomycetes,Gemmatales,Gemmataceae,Fimbriiglobus,uncultured_planctomycete,Gemmatales; Gemmataceae; Fimbriiglobus; uncultured_planctomycete; ASV977,Planctomycetota; Gemmatales; Gemmataceae
ASV978,Bacteria,Proteobacteria,Alphaproteobacteria,Rhizobiales,Beijerinckiaceae,,uncultured_endolithic,Rhizobiales; Beijerinckiaceae; uncultured_endolithic; ASV978,Proteobacteria; Rhizobiales; Beijerinckiaceae
ASV979,Bacteria,Planctomycetota,Planctomycetes,Isosphaerales,Isosphaeraceae,,,Isosphaerales; Isosphaeraceae; ASV979,Planctomycetota; Isosphaerales; Isosphaeraceae
ASV980,Bacteria,Actinobacteriota,Actinobacteria,Corynebacteriales,Corynebacteriaceae,Corynebacterium,,Corynebacteriales; Corynebacteriaceae; Corynebacterium; ASV980,Actinobacteriota; Corynebacteriales; Corynebacteriaceae
ASV981,Bacteria,Campilobacterota,Campylobacteria,Campylobacterales,Arcobacteraceae,,,Campylobacterales; Arcobacteraceae; ASV981,Campilobacterota; Campylobacterales; Arcobacteraceae
ASV982,Bacteria,Proteobacteria,Gammaproteobacteria,Gammaproteobacteria_Incertae_Sedis,,Marinicella,uncultured_gamma,Gammaproteobacteria_Incertae_Sedis; Marinicella; uncultured_gamma; ASV982,Proteobacteria; Gammaproteobacteria_Incertae_Sedis
ASV983,Bacteria,Proteobacteria,Gammaproteobacteria,Pseudomonadales,Moraxellaceae,Psychrobacter,Psychrobacter_immobilis,Pseudomonadales; Moraxellaceae; Psychrobacter; Psychrobacter_immobilis; ASV983,Proteobacteria; Pseudomonadales; Moraxellaceae
ASV984,Bacteria,Proteobacteria,Alphaproteobacteria,Rhizobiales,Xanthobacteraceae,,,Rhizobiales; Xanthobacteraceae; ASV984,Proteobacteria; Rhizobiales; Xanthobacteraceae
ASV985,Bacteria,Planctomycetota,Planctomycetes,Gemmatales,Gemmataceae,,uncultured_bacterium,Gemmatales; Gemmataceae; uncultured_bacterium; ASV985,Planctomycetota; Gemmatales; Gemmataceae
ASV986,Bacteria,Proteobacteria,Alphaproteobacteria,Sphingomonadales,Sphingomonadaceae,,,Sphingomonadales; Sphingomonadaceae; ASV986,Proteobacteria; Sphingomonadales; Sphingomonadaceae
ASV987,Bacteria,Proteobacteria,Alphaproteobacteria,Rhizobiales,Beijerinckiaceae,,,Rhizobiales; Beijerinckiaceae; ASV987,Proteobacteria; Rhizobiales; Beijerinckiaceae
ASV988,Bacteria,Proteobacteria,Alphaproteobacteria,Rhizobiales,Devosiaceae,Devosia,,Rhizobiales; Devosiaceae; Devosia; ASV988,Proteobacteria; Rhizobiales; Devosiaceae
ASV989,Bacteria,Planctomycetota,Planctomycetes,Isosphaerales,Isosphaeraceae,Aquisphaera,uncultured_bacterium,Isosphaerales; Isosphaeraceae; Aquisphaera; uncultured_bacterium; ASV989,Planctomycetota; Isosphaerales; Isosphaeraceae
ASV990,Bacteria,Firmicutes,Bacilli,Paenibacillales,Paenibacillaceae,Paenibacillus,,Paenibacillales; Paenibacillaceae; Paenibacillus; ASV990,Firmicutes; Paenibacillales; Paenibacillaceae
ASV991,Bacteria,Actinobacteriota,Thermoleophilia,Solirubrobacterales,Solirubrobacteraceae,Solirubrobacter,,Solirubrobacterales; Solirubrobacteraceae; Solirubrobacter; ASV991,Actinobacteriota; Solirubrobacterales; Solirubrobacteraceae
ASV992,Bacteria,Firmicutes,Bacilli,Brevibacillales,Brevibacillaceae,Brevibacillus,Brevibacillus_thermoruber,Brevibacillales; Brevibacillaceae; Brevibacillus; Brevibacillus_thermoruber; ASV992,Firmicutes; Brevibacillales; Brevibacillaceae
ASV993,Bacteria,Proteobacteria,Gammaproteobacteria,Xanthomonadales,Xanthomonadaceae,Arenimonas,uncultured_gamma,Xanthomonadales; Xanthomonadaceae; Arenimonas; uncultured_gamma; ASV993,Proteobacteria; Xanthomonadales; Xanthomonadaceae
ASV994,Bacteria,Planctomycetota,Planctomycetes,Pirellulales,Pirellulaceae,,,Pirellulales; Pirellulaceae; ASV994,Planctomycetota; Pirellulales; Pirellulaceae
ASV995,Bacteria,Proteobacteria,Gammaproteobacteria,Oceanospirillales,Halomonadaceae,Halomonas,,Oceanospirillales; Halomonadaceae; Halomonas; ASV995,Proteobacteria; Oceanospirillales; Halomonadaceae
ASV996,Bacteria,Planctomycetota,Planctomycetes,Isosphaerales,Isosphaeraceae,,,Isosphaerales; Isosphaeraceae; ASV996,Planctomycetota; Isosphaerales; Isosphaeraceae
ASV997,Bacteria,Planctomycetota,Planctomycetes,Gemmatales,Gemmataceae,,uncultured_bacterium,Gemmatales; Gemmataceae; uncultured_bacterium; ASV997,Planctomycetota; Gemmatales; Gemmataceae
ASV998,Bacteria,Actinobacteriota,Actinobacteria,Micrococcales,Microbacteriaceae,Leucobacter,metagenome,Micrococcales; Microbacteriaceae; Leucobacter; metagenome; ASV998,Actinobacteriota; Micrococcales; Microbacteriaceae
ASV999,Bacteria,Proteobacteria,Alphaproteobacteria,Acetobacterales,Acetobacteraceae,Craurococcus-Caldovatus,uncultured_bacterium,Acetobacterales; Acetobacteraceae; Craurococcus-Caldovatus; uncultured_bacterium; ASV999,Proteobacteria; Acetobacterales; Acetobacteraceae
ASV1000,Bacteria,Proteobacteria,Alphaproteobacteria,Paracaedibacterales,Paracaedibacteraceae,Candidatus_Paracaedibacter,metagenome,Paracaedibacterales; Paracaedibacteraceae; Candidatus_Paracaedibacter; metagenome; ASV1000,Proteobacteria; Paracaedibacterales; Paracaedibacteraceae
ASV1001,Bacteria,Firmicutes,Bacilli,Lactobacillales,Aerococcaceae,Eremococcus,uncultured_bacterium,Lactobacillales; Aerococcaceae; Eremococcus; uncultured_bacterium; ASV1001,Firmicutes; Lactobacillales; Aerococcaceae
ASV1002,Bacteria,Proteobacteria,Alphaproteobacteria,Sphingomonadales,Sphingomonadaceae,Sphingomonas,bacterium_815Y,Sphingomonadales; Sphingomonadaceae; Sphingomonas; bacterium_815Y; ASV1002,Proteobacteria; Sphingomonadales; Sphingomonadaceae
ASV1003,Bacteria,Proteobacteria,Gammaproteobacteria,Burkholderiales,Burkholderiaceae,Cupriavidus,,Burkholderiales; Burkholderiaceae; Cupriavidus; ASV1003,Proteobacteria; Burkholderiales; Burkholderiaceae
ASV1004,Bacteria,Actinobacteriota,Actinobacteria,Streptosporangiales,Nocardiopsaceae,Nocardiopsis,Nocardiopsis_sp.,Streptosporangiales; Nocardiopsaceae; Nocardiopsis; Nocardiopsis_sp.; ASV1004,Actinobacteriota; Streptosporangiales; Nocardiopsaceae
ASV1005,Bacteria,Proteobacteria,Gammaproteobacteria,Burkholderiales,Comamonadaceae,,,Burkholderiales; Comamonadaceae; ASV1005,Proteobacteria; Burkholderiales; Comamonadaceae
ASV1006,Bacteria,Verrucomicrobiota,Chlamydiae,Chlamydiales,Chlamydiaceae,Chlamydiaceae,metagenome,Chlamydiales; Chlamydiaceae; Chlamydiaceae; metagenome; ASV1006,Verrucomicrobiota; Chlamydiales; Chlamydiaceae
ASV1007,Bacteria,Actinobacteriota,Acidimicrobiia,Microtrichales,,,,Microtrichales; ASV1007,Actinobacteriota; Microtrichales
ASV1008,Bacteria,Actinobacteriota,Actinobacteria,Streptomycetales,Streptomycetaceae,Streptomyces,,Streptomycetales; Streptomycetaceae; Streptomyces; ASV1008,Actinobacteriota; Streptomycetales; Streptomycetaceae
ASV1009,Bacteria,Actinobacteriota,Actinobacteria,Micrococcales,Intrasporangiaceae,Phycicoccus,,Micrococcales; Intrasporangiaceae; Phycicoccus; ASV1009,Actinobacteriota; Micrococcales; Intrasporangiaceae
ASV1010,Bacteria,Actinobacteriota,Actinobacteria,Micrococcales,Microbacteriaceae,Pseudoclavibacter,,Micrococcales; Microbacteriaceae; Pseudoclavibacter; ASV1010,Actinobacteriota; Micrococcales; Microbacteriaceae
ASV1011,Bacteria,Actinobacteriota,Thermoleophilia,Solirubrobacterales,67-14,67-14,uncultured_actinobacterium,Solirubrobacterales; 67-14; 67-14; uncultured_actinobacterium; ASV1011,Actinobacteriota; Solirubrobacterales; 67-14
ASV1012,Bacteria,Proteobacteria,Alphaproteobacteria,Sphingomonadales,Sphingomonadaceae,Sphingobium,,Sphingomonadales; Sphingomonadaceae; Sphingobium; ASV1012,Proteobacteria; Sphingomonadales; Sphingomonadaceae
ASV1013,Bacteria,Proteobacteria,Gammaproteobacteria,Legionellales,Legionellaceae,Legionella,,Legionellales; Legionellaceae; Legionella; ASV1013,Proteobacteria; Legionellales; Legionellaceae
ASV1014,Bacteria,Planctomycetota,Planctomycetes,Gemmatales,Gemmataceae,,uncultured_bacterium,Gemmatales; Gemmataceae; uncultured_bacterium; ASV1014,Planctomycetota; Gemmatales; Gemmataceae
ASV1015,Bacteria,Actinobacteriota,Thermoleophilia,Solirubrobacterales,Solirubrobacteraceae,,Colobanthus_quitensis,Solirubrobacterales; Solirubrobacteraceae; Colobanthus_quitensis; ASV1015,Actinobacteriota; Solirubrobacterales; Solirubrobacteraceae
ASV1016,Bacteria,Cyanobacteria,Cyanobacteriia,Cyanobacteriales,Xenococcaceae,Pleurocapsa_PCC-7319,,Cyanobacteriales; Xenococcaceae; Pleurocapsa_PCC-7319; ASV1016,Cyanobacteria; Cyanobacteriales; Xenococcaceae
ASV1017,Bacteria,Actinobacteriota,Actinobacteria,Kineosporiales,Kineosporiaceae,,,Kineosporiales; Kineosporiaceae; ASV1017,Actinobacteriota; Kineosporiales; Kineosporiaceae
ASV1018,Bacteria,Proteobacteria,Alphaproteobacteria,Rhizobiales,Xanthobacteraceae,,,Rhizobiales; Xanthobacteraceae; ASV1018,Proteobacteria; Rhizobiales; Xanthobacteraceae
ASV1019,Bacteria,Planctomycetota,Planctomycetes,Gemmatales,Gemmataceae,Fimbriiglobus,metagenome,Gemmatales; Gemmataceae; Fimbriiglobus; metagenome; ASV1019,Planctomycetota; Gemmatales; Gemmataceae
ASV1020,Bacteria,Actinobacteriota,Thermoleophilia,Solirubrobacterales,Solirubrobacteraceae,Conexibacter,,Solirubrobacterales; Solirubrobacteraceae; Conexibacter; ASV1020,Actinobacteriota; Solirubrobacterales; Solirubrobacteraceae
ASV1021,Bacteria,Firmicutes,Bacilli,Paenibacillales,Paenibacillaceae,Paenibacillus,,Paenibacillales; Paenibacillaceae; Paenibacillus; ASV1021,Firmicutes; Paenibacillales; Paenibacillaceae
ASV1022,Bacteria,Proteobacteria,Gammaproteobacteria,Gammaproteobacteria_Incertae_Sedis,,Candidatus_Berkiella,uncultured_bacterium,Gammaproteobacteria_Incertae_Sedis; Candidatus_Berkiella; uncultured_bacterium; ASV1022,Proteobacteria; Gammaproteobacteria_Incertae_Sedis
ASV1023,Bacteria,Proteobacteria,Gammaproteobacteria,Burkholderiales,Comamonadaceae,,,Burkholderiales; Comamonadaceae; ASV1023,Proteobacteria; Burkholderiales; Comamonadaceae
ASV1024,Bacteria,Actinobacteriota,Actinobacteria,Streptosporangiales,Nocardiopsaceae,Nocardiopsis,Nocardiopsis_sp.,Streptosporangiales; Nocardiopsaceae; Nocardiopsis; Nocardiopsis_sp.; ASV1024,Actinobacteriota; Streptosporangiales; Nocardiopsaceae
ASV1025,Bacteria,Proteobacteria,Gammaproteobacteria,Burkholderiales,Comamonadaceae,,,Burkholderiales; Comamonadaceae; ASV1025,Proteobacteria; Burkholderiales; Comamonadaceae
ASV1026,Bacteria,Firmicutes,Clostridia,Peptostreptococcales-Tissierellales,Peptostreptococcales-Tissierellales,Anaerococcus,,Peptostreptococcales-Tissierellales; Peptostreptococcales-Tissierellales; Anaerococcus; ASV1026,Firmicutes; Peptostreptococcales-Tissierellales; Peptostreptococcales-Tissierellales
ASV1027,Bacteria,Proteobacteria,Alphaproteobacteria,Rhizobiales,Beijerinckiaceae,Bosea,,Rhizobiales; Beijerinckiaceae; Bosea; ASV1027,Proteobacteria; Rhizobiales; Beijerinckiaceae
ASV1028,Bacteria,Bacteroidota,Bacteroidia,Bacteroidales,Paludibacteraceae,Paludibacter,uncultured_bacterium,Bacteroidales; Paludibacteraceae; Paludibacter; uncultured_bacterium; ASV1028,Bacteroidota; Bacteroidales; Paludibacteraceae
ASV1029,Bacteria,Proteobacteria,Alphaproteobacteria,Sphingomonadales,Sphingomonadaceae,Sphingopyxis,Sphingopyxis_sp.,Sphingomonadales; Sphingomonadaceae; Sphingopyxis; Sphingopyxis_sp.; ASV1029,Proteobacteria; Sphingomonadales; Sphingomonadaceae
ASV1030,Bacteria,Proteobacteria,Alphaproteobacteria,Sphingomonadales,Sphingomonadaceae,Novosphingobium,,Sphingomonadales; Sphingomonadaceae; Novosphingobium; ASV1030,Proteobacteria; Sphingomonadales; Sphingomonadaceae
ASV1031,Bacteria,Verrucomicrobiota,Chlamydiae,Chlamydiales,Parachlamydiaceae,,,Chlamydiales; Parachlamydiaceae; ASV1031,Verrucomicrobiota; Chlamydiales; Parachlamydiaceae
ASV1032,Bacteria,Planctomycetota,Planctomycetes,Planctomycetales,,,metagenome,Planctomycetales; metagenome; ASV1032,Planctomycetota; Planctomycetales
ASV1033,Bacteria,Proteobacteria,Alphaproteobacteria,Acetobacterales,Acetobacteraceae,Acidiphilium,uncultured_bacterium,Acetobacterales; Acetobacteraceae; Acidiphilium; uncultured_bacterium; ASV1033,Proteobacteria; Acetobacterales; Acetobacteraceae
ASV1034,Bacteria,Firmicutes,Clostridia,Peptostreptococcales-Tissierellales,Anaerovoracaceae,,,Peptostreptococcales-Tissierellales; Anaerovoracaceae; ASV1034,Firmicutes; Peptostreptococcales-Tissierellales; Anaerovoracaceae
ASV1035,Bacteria,Proteobacteria,Gammaproteobacteria,Oceanospirillales,Pseudohongiellaceae,Pseudohongiella,,Oceanospirillales; Pseudohongiellaceae; Pseudohongiella; ASV1035,Proteobacteria; Oceanospirillales; Pseudohongiellaceae
ASV1036,Bacteria,Actinobacteriota,Actinobacteria,Micrococcales,Microbacteriaceae,,,Micrococcales; Microbacteriaceae; ASV1036,Actinobacteriota; Micrococcales; Microbacteriaceae
ASV1037,Bacteria,Planctomycetota,Planctomycetes,Isosphaerales,Isosphaeraceae,Tundrisphaera,uncultured_planctomycete,Isosphaerales; Isosphaeraceae; Tundrisphaera; uncultured_planctomycete; ASV1037,Planctomycetota; Isosphaerales; Isosphaeraceae
ASV1038,Bacteria,Proteobacteria,Alphaproteobacteria,Sphingomonadales,Sphingomonadaceae,,,Sphingomonadales; Sphingomonadaceae; ASV1038,Proteobacteria; Sphingomonadales; Sphingomonadaceae
ASV1039,Bacteria,Proteobacteria,Gammaproteobacteria,Cellvibrionales,Halieaceae,OM60(NOR5)_clade,,Cellvibrionales; Halieaceae; OM60(NOR5)_clade; ASV1039,Proteobacteria; Cellvibrionales; Halieaceae
ASV1040,Bacteria,Proteobacteria,Alphaproteobacteria,Rhizobiales,Devosiaceae,Devosia,Devosia_limi,Rhizobiales; Devosiaceae; Devosia; Devosia_limi; ASV1040,Proteobacteria; Rhizobiales; Devosiaceae
ASV1041,Bacteria,Firmicutes,Clostridia,Peptostreptococcales-Tissierellales,Peptostreptococcales-Tissierellales,Peptoniphilus,,Peptostreptococcales-Tissierellales; Peptostreptococcales-Tissierellales; Peptoniphilus; ASV1041,Firmicutes; Peptostreptococcales-Tissierellales; Peptostreptococcales-Tissierellales
ASV1042,Bacteria,Actinobacteriota,Actinobacteria,Frankiales,,,,Frankiales; ASV1042,Actinobacteriota; Frankiales
ASV1043,Bacteria,Cyanobacteria,Cyanobacteriia,Cyanobacteriales,Chroococcidiopsaceae,Aliterella,,Cyanobacteriales; Chroococcidiopsaceae; Aliterella; ASV1043,Cyanobacteria; Cyanobacteriales; Chroococcidiopsaceae
ASV1044,Bacteria,Actinobacteriota,Actinobacteria,Corynebacteriales,Nocardiaceae,Rhodococcus,,Corynebacteriales; Nocardiaceae; Rhodococcus; ASV1044,Actinobacteriota; Corynebacteriales; Nocardiaceae
ASV1045,Bacteria,Firmicutes,Clostridia,Peptostreptococcales-Tissierellales,Peptostreptococcales-Tissierellales,Tissierella,,Peptostreptococcales-Tissierellales; Peptostreptococcales-Tissierellales; Tissierella; ASV1045,Firmicutes; Peptostreptococcales-Tissierellales; Peptostreptococcales-Tissierellales
ASV1046,Bacteria,Proteobacteria,Alphaproteobacteria,Rhizobiales,Beijerinckiaceae,alphaI_cluster,metagenome,Rhizobiales; Beijerinckiaceae; alphaI_cluster; metagenome; ASV1046,Proteobacteria; Rhizobiales; Beijerinckiaceae
ASV1047,Bacteria,Proteobacteria,Alphaproteobacteria,Rhizobiales,D05-2,D05-2,uncultured_bacterium,Rhizobiales; D05-2; D05-2; uncultured_bacterium; ASV1047,Proteobacteria; Rhizobiales; D05-2
ASV1048,Bacteria,Actinobacteriota,Actinobacteria,Frankiales,Frankiaceae,Jatrophihabitans,,Frankiales; Frankiaceae; Jatrophihabitans; ASV1048,Actinobacteriota; Frankiales; Frankiaceae
ASV1049,Bacteria,Planctomycetota,Planctomycetes,Isosphaerales,Isosphaeraceae,Singulisphaera,,Isosphaerales; Isosphaeraceae; Singulisphaera; ASV1049,Planctomycetota; Isosphaerales; Isosphaeraceae
ASV1050,Bacteria,Bacteroidota,Bacteroidia,Flavobacteriales,Weeksellaceae,Chryseobacterium,,Flavobacteriales; Weeksellaceae; Chryseobacterium; ASV1050,Bacteroidota; Flavobacteriales; Weeksellaceae
ASV1051,Bacteria,Firmicutes,Bacilli,Lactobacillales,Streptococcaceae,Lactococcus,,Lactobacillales; Streptococcaceae; Lactococcus; ASV1051,Firmicutes; Lactobacillales; Streptococcaceae
ASV1052,Bacteria,Verrucomicrobiota,Chlamydiae,Chlamydiales,,,,Chlamydiales; ASV1052,Verrucomicrobiota; Chlamydiales
ASV1053,Bacteria,Proteobacteria,Alphaproteobacteria,Rhizobiales,Rhizobiaceae,Allorhizobium-Neorhizobium-Pararhizobium-Rhizobium,,Rhizobiales; Rhizobiaceae; Allorhizobium-Neorhizobium-Pararhizobium-Rhizobium; ASV1053,Proteobacteria; Rhizobiales; Rhizobiaceae
ASV1054,Bacteria,Chloroflexi,Chloroflexia,Thermomicrobiales,JG30-KF-CM45,JG30-KF-CM45,uncultured_soil,Thermomicrobiales; JG30-KF-CM45; JG30-KF-CM45; uncultured_soil; ASV1054,Chloroflexi; Thermomicrobiales; JG30-KF-CM45
ASV1055,Bacteria,Proteobacteria,Alphaproteobacteria,Sphingomonadales,Sphingomonadaceae,Sphingomonas,,Sphingomonadales; Sphingomonadaceae; Sphingomonas; ASV1055,Proteobacteria; Sphingomonadales; Sphingomonadaceae
ASV1056,Bacteria,Planctomycetota,Planctomycetes,Isosphaerales,Isosphaeraceae,,,Isosphaerales; Isosphaeraceae; ASV1056,Planctomycetota; Isosphaerales; Isosphaeraceae
ASV1057,Bacteria,Verrucomicrobiota,Chlamydiae,Chlamydiales,,,,Chlamydiales; ASV1057,Verrucomicrobiota; Chlamydiales
ASV1058,Bacteria,Firmicutes,Bacilli,Bacillales,Bacillaceae,,uncultured_bacterium,Bacillales; Bacillaceae; uncultured_bacterium; ASV1058,Firmicutes; Bacillales; Bacillaceae
ASV1059,Bacteria,Proteobacteria,Alphaproteobacteria,Sphingomonadales,Sphingomonadaceae,Sphingomonas,,Sphingomonadales; Sphingomonadaceae; Sphingomonas; ASV1059,Proteobacteria; Sphingomonadales; Sphingomonadaceae
ASV1060,Bacteria,Proteobacteria,Alphaproteobacteria,Acetobacterales,Acetobacteraceae,Acidiphilium,,Acetobacterales; Acetobacteraceae; Acidiphilium; ASV1060,Proteobacteria; Acetobacterales; Acetobacteraceae
ASV1061,Bacteria,Proteobacteria,Alphaproteobacteria,Rhizobiales,Hyphomicrobiaceae,Hyphomicrobium,,Rhizobiales; Hyphomicrobiaceae; Hyphomicrobium; ASV1061,Proteobacteria; Rhizobiales; Hyphomicrobiaceae
ASV1062,Bacteria,Firmicutes,Bacilli,Thermoactinomycetales,Thermoactinomycetaceae,Thermoactinomyces,,Thermoactinomycetales; Thermoactinomycetaceae; Thermoactinomyces; ASV1062,Firmicutes; Thermoactinomycetales; Thermoactinomycetaceae
ASV1063,Bacteria,Proteobacteria,Gammaproteobacteria,Burkholderiales,Burkholderiaceae,Burkholderia-Caballeronia-Paraburkholderia,,Burkholderiales; Burkholderiaceae; Burkholderia-Caballeronia-Paraburkholderia; ASV1063,Proteobacteria; Burkholderiales; Burkholderiaceae
ASV1064,Bacteria,Deinococcota,Deinococci,Deinococcales,Trueperaceae,Truepera,,Deinococcales; Trueperaceae; Truepera; ASV1064,Deinococcota; Deinococcales; Trueperaceae
ASV1065,Bacteria,Proteobacteria,Alphaproteobacteria,Sphingomonadales,Sphingomonadaceae,Sphingomonas,,Sphingomonadales; Sphingomonadaceae; Sphingomonas; ASV1065,Proteobacteria; Sphingomonadales; Sphingomonadaceae
ASV1066,Bacteria,Chloroflexi,Chloroflexia,Thermomicrobiales,JG30-KF-CM45,JG30-KF-CM45,,Thermomicrobiales; JG30-KF-CM45; JG30-KF-CM45; ASV1066,Chloroflexi; Thermomicrobiales; JG30-KF-CM45
ASV1067,Bacteria,Actinobacteriota,Acidimicrobiia,Microtrichales,Ilumatobacteraceae,,uncultured_bacterium,Microtrichales; Ilumatobacteraceae; uncultured_bacterium; ASV1067,Actinobacteriota; Microtrichales; Ilumatobacteraceae
ASV1068,Bacteria,Proteobacteria,Alphaproteobacteria,Sphingomonadales,Sphingomonadaceae,Sphingomonas,,Sphingomonadales; Sphingomonadaceae; Sphingomonas; ASV1068,Proteobacteria; Sphingomonadales; Sphingomonadaceae
ASV1069,Bacteria,Actinobacteriota,Acidimicrobiia,Microtrichales,Microtrichaceae,IMCC26207,uncultured_bacterium,Microtrichales; Microtrichaceae; IMCC26207; uncultured_bacterium; ASV1069,Actinobacteriota; Microtrichales; Microtrichaceae
ASV1070,Bacteria,Bacteroidota,Bacteroidia,Chitinophagales,Chitinophagaceae,Taibaiella,Taibaiella_sp.,Chitinophagales; Chitinophagaceae; Taibaiella; Taibaiella_sp.; ASV1070,Bacteroidota; Chitinophagales; Chitinophagaceae
ASV1071,Bacteria,Proteobacteria,Alphaproteobacteria,Rhizobiales,,,,Rhizobiales; ASV1071,Proteobacteria; Rhizobiales
ASV1072,Bacteria,Proteobacteria,Alphaproteobacteria,Rhizobiales,Rhizobiaceae,Allorhizobium-Neorhizobium-Pararhizobium-Rhizobium,,Rhizobiales; Rhizobiaceae; Allorhizobium-Neorhizobium-Pararhizobium-Rhizobium; ASV1072,Proteobacteria; Rhizobiales; Rhizobiaceae
ASV1073,Bacteria,Proteobacteria,Alphaproteobacteria,Sphingomonadales,Sphingomonadaceae,Sphingomonas,,Sphingomonadales; Sphingomonadaceae; Sphingomonas; ASV1073,Proteobacteria; Sphingomonadales; Sphingomonadaceae
ASV1074,Bacteria,Proteobacteria,Alphaproteobacteria,Sphingomonadales,Sphingomonadaceae,,,Sphingomonadales; Sphingomonadaceae; ASV1074,Proteobacteria; Sphingomonadales; Sphingomonadaceae
ASV1075,Bacteria,Cyanobacteria,Cyanobacteriia,Leptolyngbyales,Leptolyngbyaceae,Chamaesiphon_PCC-7430,uncultured_bacterium,Leptolyngbyales; Leptolyngbyaceae; Chamaesiphon_PCC-7430; uncultured_bacterium; ASV1075,Cyanobacteria; Leptolyngbyales; Leptolyngbyaceae
ASV1076,Bacteria,Proteobacteria,Gammaproteobacteria,Xanthomonadales,Xanthomonadaceae,Stenotrophomonas,,Xanthomonadales; Xanthomonadaceae; Stenotrophomonas; ASV1076,Proteobacteria; Xanthomonadales; Xanthomonadaceae
ASV1077,Bacteria,Actinobacteriota,Actinobacteria,PeM15,PeM15,PeM15,metagenome,PeM15; PeM15; PeM15; metagenome; ASV1077,Actinobacteriota; PeM15; PeM15
ASV1078,Bacteria,Proteobacteria,Alphaproteobacteria,Rhizobiales,Xanthobacteraceae,,,Rhizobiales; Xanthobacteraceae; ASV1078,Proteobacteria; Rhizobiales; Xanthobacteraceae
ASV1079,Bacteria,Patescibacteria,Saccharimonadia,Saccharimonadales,Saccharimonadales,Saccharimonadales,uncultured_gamma,Saccharimonadales; Saccharimonadales; Saccharimonadales; uncultured_gamma; ASV1079,Patescibacteria; Saccharimonadales; Saccharimonadales
ASV1080,Bacteria,Actinobacteriota,Actinobacteria,Micrococcales,Cellulomonadaceae,Cellulomonas,,Micrococcales; Cellulomonadaceae; Cellulomonas; ASV1080,Actinobacteriota; Micrococcales; Cellulomonadaceae
ASV1081,Bacteria,Proteobacteria,Alphaproteobacteria,Rhizobiales,Xanthobacteraceae,,,Rhizobiales; Xanthobacteraceae; ASV1081,Proteobacteria; Rhizobiales; Xanthobacteraceae
ASV1082,Bacteria,Verrucomicrobiota,Chlamydiae,Chlamydiales,Parachlamydiaceae,,metagenome,Chlamydiales; Parachlamydiaceae; metagenome; ASV1082,Verrucomicrobiota; Chlamydiales; Parachlamydiaceae
ASV1083,Bacteria,Proteobacteria,Alphaproteobacteria,Sphingomonadales,Sphingomonadaceae,Sphingorhabdus,uncultured_bacterium,Sphingomonadales; Sphingomonadaceae; Sphingorhabdus; uncultured_bacterium; ASV1083,Proteobacteria; Sphingomonadales; Sphingomonadaceae
ASV1084,Bacteria,Proteobacteria,Gammaproteobacteria,Xanthomonadales,Xanthomonadaceae,Stenotrophomonas,,Xanthomonadales; Xanthomonadaceae; Stenotrophomonas; ASV1084,Proteobacteria; Xanthomonadales; Xanthomonadaceae
ASV1085,Bacteria,Firmicutes,Clostridia,Oscillospirales,Ruminococcaceae,,uncultured_Firmicutes,Oscillospirales; Ruminococcaceae; uncultured_Firmicutes; ASV1085,Firmicutes; Oscillospirales; Ruminococcaceae
ASV1086,Bacteria,Proteobacteria,Alphaproteobacteria,Rhizobiales,Rhizobiaceae,Allorhizobium-Neorhizobium-Pararhizobium-Rhizobium,,Rhizobiales; Rhizobiaceae; Allorhizobium-Neorhizobium-Pararhizobium-Rhizobium; ASV1086,Proteobacteria; Rhizobiales; Rhizobiaceae
ASV1087,Bacteria,Planctomycetota,Planctomycetes,Pirellulales,Pirellulaceae,Pirellula,,Pirellulales; Pirellulaceae; Pirellula; ASV1087,Planctomycetota; Pirellulales; Pirellulaceae
ASV1088,Bacteria,Proteobacteria,Alphaproteobacteria,Rhizobiales,Rhizobiaceae,Allorhizobium-Neorhizobium-Pararhizobium-Rhizobium,,Rhizobiales; Rhizobiaceae; Allorhizobium-Neorhizobium-Pararhizobium-Rhizobium; ASV1088,Proteobacteria; Rhizobiales; Rhizobiaceae
ASV1089,Bacteria,Proteobacteria,Alphaproteobacteria,Rhizobiales,Devosiaceae,Devosia,,Rhizobiales; Devosiaceae; Devosia; ASV1089,Proteobacteria; Rhizobiales; Devosiaceae
ASV1090,Bacteria,Proteobacteria,Gammaproteobacteria,Alteromonadales,Alteromonadaceae,,,Alteromonadales; Alteromonadaceae; ASV1090,Proteobacteria; Alteromonadales; Alteromonadaceae
ASV1091,Bacteria,Proteobacteria,Alphaproteobacteria,Rhizobiales,Rhizobiaceae,Allorhizobium-Neorhizobium-Pararhizobium-Rhizobium,,Rhizobiales; Rhizobiaceae; Allorhizobium-Neorhizobium-Pararhizobium-Rhizobium; ASV1091,Proteobacteria; Rhizobiales; Rhizobiaceae
ASV1092,Bacteria,Bacteroidota,Bacteroidia,Chitinophagales,Chitinophagaceae,Taibaiella,,Chitinophagales; Chitinophagaceae; Taibaiella; ASV1092,Bacteroidota; Chitinophagales; Chitinophagaceae
ASV1093,Bacteria,Bacteroidota,Bacteroidia,Bacteroidales,Dysgonomonadaceae,Dysgonomonas,,Bacteroidales; Dysgonomonadaceae; Dysgonomonas; ASV1093,Bacteroidota; Bacteroidales; Dysgonomonadaceae
ASV1094,Bacteria,Proteobacteria,Alphaproteobacteria,Acetobacterales,Acetobacteraceae,Acidiphilium,uncultured_bacterium,Acetobacterales; Acetobacteraceae; Acidiphilium; uncultured_bacterium; ASV1094,Proteobacteria; Acetobacterales; Acetobacteraceae
ASV1095,Bacteria,Firmicutes,Clostridia,,,,,ASV1095,Firmicutes
ASV1096,Bacteria,Planctomycetota,Planctomycetes,Isosphaerales,Isosphaeraceae,,,Isosphaerales; Isosphaeraceae; ASV1096,Planctomycetota; Isosphaerales; Isosphaeraceae
ASV1097,Bacteria,Proteobacteria,Alphaproteobacteria,Rhodobacterales,Rhodobacteraceae,Rubellimicrobium,,Rhodobacterales; Rhodobacteraceae; Rubellimicrobium; ASV1097,Proteobacteria; Rhodobacterales; Rhodobacteraceae
ASV1098,Bacteria,Firmicutes,Bacilli,Bacillales,Bacillaceae,Geobacillus,,Bacillales; Bacillaceae; Geobacillus; ASV1098,Firmicutes; Bacillales; Bacillaceae
ASV1099,Bacteria,Proteobacteria,Alphaproteobacteria,Rhizobiales,Beijerinckiaceae,Bosea,,Rhizobiales; Beijerinckiaceae; Bosea; ASV1099,Proteobacteria; Rhizobiales; Beijerinckiaceae
ASV1100,Bacteria,Verrucomicrobiota,Verrucomicrobiae,Verrucomicrobiales,Rubritaleaceae,Luteolibacter,,Verrucomicrobiales; Rubritaleaceae; Luteolibacter; ASV1100,Verrucomicrobiota; Verrucomicrobiales; Rubritaleaceae
ASV1101,Bacteria,Proteobacteria,Alphaproteobacteria,Rhizobiales,Beijerinckiaceae,Psychroglaciecola,uncultured_bacterium,Rhizobiales; Beijerinckiaceae; Psychroglaciecola; uncultured_bacterium; ASV1101,Proteobacteria; Rhizobiales; Beijerinckiaceae
ASV1102,Bacteria,Firmicutes,Bacilli,Paenibacillales,Paenibacillaceae,Paenibacillus,,Paenibacillales; Paenibacillaceae; Paenibacillus; ASV1102,Firmicutes; Paenibacillales; Paenibacillaceae
ASV1103,Bacteria,Proteobacteria,Alphaproteobacteria,Acetobacterales,Acetobacteraceae,Acidiphilium,uncultured_soil,Acetobacterales; Acetobacteraceae; Acidiphilium; uncultured_soil; ASV1103,Proteobacteria; Acetobacterales; Acetobacteraceae
ASV1104,Bacteria,Actinobacteriota,Acidimicrobiia,Microtrichales,Iamiaceae,Iamia,,Microtrichales; Iamiaceae; Iamia; ASV1104,Actinobacteriota; Microtrichales; Iamiaceae
ASV1105,Bacteria,Actinobacteriota,Actinobacteria,Frankiales,Frankiaceae,,,Frankiales; Frankiaceae; ASV1105,Actinobacteriota; Frankiales; Frankiaceae
ASV1106,Bacteria,Proteobacteria,Alphaproteobacteria,Rhizobiales,Rhizobiales_Incertae_Sedis,,metagenome,Rhizobiales; Rhizobiales_Incertae_Sedis; metagenome; ASV1106,Proteobacteria; Rhizobiales; Rhizobiales_Incertae_Sedis
ASV1107,Bacteria,Bacteroidota,Bacteroidia,Chitinophagales,Chitinophagaceae,,uncultured_Chitinophagaceae,Chitinophagales; Chitinophagaceae; uncultured_Chitinophagaceae; ASV1107,Bacteroidota; Chitinophagales; Chitinophagaceae
ASV1108,Bacteria,Planctomycetota,Planctomycetes,Gemmatales,Gemmataceae,,uncultured_bacterium,Gemmatales; Gemmataceae; uncultured_bacterium; ASV1108,Planctomycetota; Gemmatales; Gemmataceae
ASV1109,Bacteria,Proteobacteria,Alphaproteobacteria,Rhizobiales,Beijerinckiaceae,Microvirga,Microvirga_sp.,Rhizobiales; Beijerinckiaceae; Microvirga; Microvirga_sp.; ASV1109,Proteobacteria; Rhizobiales; Beijerinckiaceae
ASV1110,Bacteria,Actinobacteriota,Actinobacteria,Propionibacteriales,Nocardioidaceae,Nocardioides,,Propionibacteriales; Nocardioidaceae; Nocardioides; ASV1110,Actinobacteriota; Propionibacteriales; Nocardioidaceae
ASV1111,Bacteria,Verrucomicrobiota,Verrucomicrobiae,Chthoniobacterales,Chthoniobacteraceae,Chthoniobacter,,Chthoniobacterales; Chthoniobacteraceae; Chthoniobacter; ASV1111,Verrucomicrobiota; Chthoniobacterales; Chthoniobacteraceae
ASV1112,Bacteria,Proteobacteria,Alphaproteobacteria,Rhizobiales,Beijerinckiaceae,,uncultured_bacterium,Rhizobiales; Beijerinckiaceae; uncultured_bacterium; ASV1112,Proteobacteria; Rhizobiales; Beijerinckiaceae
ASV1113,Bacteria,Proteobacteria,Alphaproteobacteria,Acetobacterales,Acetobacteraceae,,,Acetobacterales; Acetobacteraceae; ASV1113,Proteobacteria; Acetobacterales; Acetobacteraceae
ASV1114,Bacteria,Planctomycetota,Planctomycetes,Isosphaerales,Isosphaeraceae,,uncultured_bacterium,Isosphaerales; Isosphaeraceae; uncultured_bacterium; ASV1114,Planctomycetota; Isosphaerales; Isosphaeraceae
ASV1115,Bacteria,Proteobacteria,Gammaproteobacteria,Burkholderiales,Burkholderiaceae,Cupriavidus,,Burkholderiales; Burkholderiaceae; Cupriavidus; ASV1115,Proteobacteria; Burkholderiales; Burkholderiaceae
ASV1116,Bacteria,Actinobacteriota,Actinobacteria,Propionibacteriales,Nocardioidaceae,,,Propionibacteriales; Nocardioidaceae; ASV1116,Actinobacteriota; Propionibacteriales; Nocardioidaceae
ASV1117,Bacteria,Actinobacteriota,Actinobacteria,Frankiales,Frankiaceae,Jatrophihabitans,,Frankiales; Frankiaceae; Jatrophihabitans; ASV1117,Actinobacteriota; Frankiales; Frankiaceae
ASV1118,Bacteria,Proteobacteria,Gammaproteobacteria,Xanthomonadales,Rhodanobacteraceae,Luteibacter,,Xanthomonadales; Rhodanobacteraceae; Luteibacter; ASV1118,Proteobacteria; Xanthomonadales; Rhodanobacteraceae
ASV1119,Bacteria,Chloroflexi,Chloroflexia,Thermomicrobiales,JG30-KF-CM45,JG30-KF-CM45,uncultured_bacterium,Thermomicrobiales; JG30-KF-CM45; JG30-KF-CM45; uncultured_bacterium; ASV1119,Chloroflexi; Thermomicrobiales; JG30-KF-CM45
ASV1120,Bacteria,Verrucomicrobiota,Verrucomicrobiae,Chthoniobacterales,Chthoniobacteraceae,Candidatus_Udaeobacter,,Chthoniobacterales; Chthoniobacteraceae; Candidatus_Udaeobacter; ASV1120,Verrucomicrobiota; Chthoniobacterales; Chthoniobacteraceae
ASV1121,Bacteria,Proteobacteria,Alphaproteobacteria,Sphingomonadales,Sphingomonadaceae,Sphingomonas,bacterium_815Y,Sphingomonadales; Sphingomonadaceae; Sphingomonas; bacterium_815Y; ASV1121,Proteobacteria; Sphingomonadales; Sphingomonadaceae
ASV1122,Bacteria,Bacteroidota,Bacteroidia,Flavobacteriales,Flavobacteriaceae,Flavobacterium,,Flavobacteriales; Flavobacteriaceae; Flavobacterium; ASV1122,Bacteroidota; Flavobacteriales; Flavobacteriaceae
ASV1123,Bacteria,Firmicutes,Bacilli,Paenibacillales,Paenibacillaceae,Thermobacillus,uncultured_compost,Paenibacillales; Paenibacillaceae; Thermobacillus; uncultured_compost; ASV1123,Firmicutes; Paenibacillales; Paenibacillaceae
ASV1124,Bacteria,Proteobacteria,Gammaproteobacteria,Pseudomonadales,Moraxellaceae,Cavicella,uncultured_bacterium,Pseudomonadales; Moraxellaceae; Cavicella; uncultured_bacterium; ASV1124,Proteobacteria; Pseudomonadales; Moraxellaceae
ASV1125,Bacteria,Bacteroidota,Bacteroidia,Flavobacteriales,Flavobacteriaceae,Flavobacterium,,Flavobacteriales; Flavobacteriaceae; Flavobacterium; ASV1125,Bacteroidota; Flavobacteriales; Flavobacteriaceae
ASV1126,Bacteria,Proteobacteria,Alphaproteobacteria,Rhizobiales,Beijerinckiaceae,,uncultured_bacterium,Rhizobiales; Beijerinckiaceae; uncultured_bacterium; ASV1126,Proteobacteria; Rhizobiales; Beijerinckiaceae
ASV1127,Bacteria,Proteobacteria,Alphaproteobacteria,Rhizobiales,Devosiaceae,Devosia,Devosia_limi,Rhizobiales; Devosiaceae; Devosia; Devosia_limi; ASV1127,Proteobacteria; Rhizobiales; Devosiaceae
ASV1128,Bacteria,Proteobacteria,Gammaproteobacteria,,,,metagenome,metagenome; ASV1128,Proteobacteria
ASV1129,Bacteria,Actinobacteriota,Acidimicrobiia,Microtrichales,Microtrichaceae,,uncultured_Acidimicrobiia,Microtrichales; Microtrichaceae; uncultured_Acidimicrobiia; ASV1129,Actinobacteriota; Microtrichales; Microtrichaceae
ASV1130,Bacteria,Proteobacteria,Alphaproteobacteria,Rhizobiales,Kaistiaceae,Kaistia,uncultured_bacterium,Rhizobiales; Kaistiaceae; Kaistia; uncultured_bacterium; ASV1130,Proteobacteria; Rhizobiales; Kaistiaceae
ASV1131,Bacteria,Proteobacteria,Alphaproteobacteria,Acetobacterales,Acetobacteraceae,,,Acetobacterales; Acetobacteraceae; ASV1131,Proteobacteria; Acetobacterales; Acetobacteraceae
ASV1132,Bacteria,Firmicutes,Moorellia,Desulfitibacterales,Desulfitibacteraceae,Desulfitibacter,uncultured_bacterium,Desulfitibacterales; Desulfitibacteraceae; Desulfitibacter; uncultured_bacterium; ASV1132,Firmicutes; Desulfitibacterales; Desulfitibacteraceae
ASV1133,Bacteria,Proteobacteria,Alphaproteobacteria,Rhizobiales,Devosiaceae,Arsenicitalea,,Rhizobiales; Devosiaceae; Arsenicitalea; ASV1133,Proteobacteria; Rhizobiales; Devosiaceae
ASV1134,Bacteria,Cyanobacteria,Cyanobacteriia,Cyanobacteriales,Chroococcidiopsaceae,Aliterella,,Cyanobacteriales; Chroococcidiopsaceae; Aliterella; ASV1134,Cyanobacteria; Cyanobacteriales; Chroococcidiopsaceae
ASV1135,Bacteria,Actinobacteriota,Actinobacteria,Frankiales,Geodermatophilaceae,Blastococcus,,Frankiales; Geodermatophilaceae; Blastococcus; ASV1135,Actinobacteriota; Frankiales; Geodermatophilaceae
ASV1136,Bacteria,Bacteroidota,Bacteroidia,Flavobacteriales,Weeksellaceae,Chryseobacterium,,Flavobacteriales; Weeksellaceae; Chryseobacterium; ASV1136,Bacteroidota; Flavobacteriales; Weeksellaceae
ASV1137,Bacteria,Actinobacteriota,Actinobacteria,Micrococcales,Microbacteriaceae,,,Micrococcales; Microbacteriaceae; ASV1137,Actinobacteriota; Micrococcales; Microbacteriaceae
ASV1138,Bacteria,Bacteroidota,Bacteroidia,Sphingobacteriales,Sphingobacteriaceae,Pedobacter,,Sphingobacteriales; Sphingobacteriaceae; Pedobacter; ASV1138,Bacteroidota; Sphingobacteriales; Sphingobacteriaceae
ASV1139,Bacteria,Actinobacteriota,Actinobacteria,Propionibacteriales,Nocardioidaceae,Nocardioides,,Propionibacteriales; Nocardioidaceae; Nocardioides; ASV1139,Actinobacteriota; Propionibacteriales; Nocardioidaceae
ASV1140,Bacteria,Proteobacteria,Gammaproteobacteria,Burkholderiales,Comamonadaceae,Hydrogenophaga,,Burkholderiales; Comamonadaceae; Hydrogenophaga; ASV1140,Proteobacteria; Burkholderiales; Comamonadaceae
ASV1141,Bacteria,Proteobacteria,Alphaproteobacteria,Puniceispirillales,SAR116_clade,Candidatus_Puniceispirillum,,Puniceispirillales; SAR116_clade; Candidatus_Puniceispirillum; ASV1141,Proteobacteria; Puniceispirillales; SAR116_clade
ASV1142,Bacteria,Chloroflexi,TK10,TK10,TK10,TK10,,TK10; TK10; TK10; ASV1142,Chloroflexi; TK10; TK10
ASV1143,Bacteria,Proteobacteria,Gammaproteobacteria,Vibrionales,Vibrionaceae,Vibrio,,Vibrionales; Vibrionaceae; Vibrio; ASV1143,Proteobacteria; Vibrionales; Vibrionaceae
ASV1144,Bacteria,Bacteroidota,Bacteroidia,Bacteroidales,Dysgonomonadaceae,Dysgonomonas,uncultured_bacterium,Bacteroidales; Dysgonomonadaceae; Dysgonomonas; uncultured_bacterium; ASV1144,Bacteroidota; Bacteroidales; Dysgonomonadaceae
ASV1145,Bacteria,Planctomycetota,Planctomycetes,Pirellulales,Pirellulaceae,Pirellula,,Pirellulales; Pirellulaceae; Pirellula; ASV1145,Planctomycetota; Pirellulales; Pirellulaceae
ASV1146,Bacteria,Planctomycetota,Planctomycetes,Gemmatales,Gemmataceae,,,Gemmatales; Gemmataceae; ASV1146,Planctomycetota; Gemmatales; Gemmataceae
ASV1147,Bacteria,Actinobacteriota,Actinobacteria,Frankiales,Frankiaceae,,,Frankiales; Frankiaceae; ASV1147,Actinobacteriota; Frankiales; Frankiaceae
ASV1148,Bacteria,Actinobacteriota,Acidimicrobiia,Microtrichales,Ilumatobacteraceae,Ilumatobacter,,Microtrichales; Ilumatobacteraceae; Ilumatobacter; ASV1148,Actinobacteriota; Microtrichales; Ilumatobacteraceae
ASV1149,Bacteria,Proteobacteria,Alphaproteobacteria,Rhizobiales,Rhizobiaceae,Allorhizobium-Neorhizobium-Pararhizobium-Rhizobium,Pararhizobium_herbae,Rhizobiales; Rhizobiaceae; Allorhizobium-Neorhizobium-Pararhizobium-Rhizobium; Pararhizobium_herbae; ASV1149,Proteobacteria; Rhizobiales; Rhizobiaceae
ASV1150,Bacteria,Planctomycetota,Planctomycetes,Isosphaerales,Isosphaeraceae,Aquisphaera,uncultured_bacterium,Isosphaerales; Isosphaeraceae; Aquisphaera; uncultured_bacterium; ASV1150,Planctomycetota; Isosphaerales; Isosphaeraceae
ASV1151,Bacteria,Bacteroidota,Bacteroidia,Flavobacteriales,Weeksellaceae,Chryseobacterium,,Flavobacteriales; Weeksellaceae; Chryseobacterium; ASV1151,Bacteroidota; Flavobacteriales; Weeksellaceae
ASV1152,Bacteria,Proteobacteria,Alphaproteobacteria,Rhizobiales,Hyphomicrobiaceae,,,Rhizobiales; Hyphomicrobiaceae; ASV1152,Proteobacteria; Rhizobiales; Hyphomicrobiaceae
ASV1153,Bacteria,Verrucomicrobiota,Chlamydiae,Chlamydiales,Parachlamydiaceae,,,Chlamydiales; Parachlamydiaceae; ASV1153,Verrucomicrobiota; Chlamydiales; Parachlamydiaceae
ASV1154,Bacteria,Firmicutes,Bacilli,Lactobacillales,Streptococcaceae,Lactococcus,,Lactobacillales; Streptococcaceae; Lactococcus; ASV1154,Firmicutes; Lactobacillales; Streptococcaceae
ASV1155,Bacteria,Verrucomicrobiota,Verrucomicrobiae,Chthoniobacterales,Chthoniobacteraceae,Chthoniobacter,Verrucomicrobia_bacterium,Chthoniobacterales; Chthoniobacteraceae; Chthoniobacter; Verrucomicrobia_bacterium; ASV1155,Verrucomicrobiota; Chthoniobacterales; Chthoniobacteraceae
ASV1156,Bacteria,Proteobacteria,Gammaproteobacteria,Burkholderiales,Comamonadaceae,,,Burkholderiales; Comamonadaceae; ASV1156,Proteobacteria; Burkholderiales; Comamonadaceae
ASV1157,Bacteria,Firmicutes,Bacilli,,,,,ASV1157,Firmicutes
ASV1158,Bacteria,Verrucomicrobiota,Verrucomicrobiae,Verrucomicrobiales,Rubritaleaceae,Luteolibacter,,Verrucomicrobiales; Rubritaleaceae; Luteolibacter; ASV1158,Verrucomicrobiota; Verrucomicrobiales; Rubritaleaceae
ASV1159,Bacteria,Proteobacteria,Alphaproteobacteria,Rhizobiales,Rhizobiaceae,,,Rhizobiales; Rhizobiaceae; ASV1159,Proteobacteria; Rhizobiales; Rhizobiaceae
ASV1160,Bacteria,Firmicutes,Clostridia,Clostridiales,Clostridiaceae,Clostridium_sensu_stricto_1,,Clostridiales; Clostridiaceae; Clostridium_sensu_stricto_1; ASV1160,Firmicutes; Clostridiales; Clostridiaceae
ASV1161,Bacteria,Proteobacteria,Gammaproteobacteria,Burkholderiales,Oxalobacteraceae,Janthinobacterium,,Burkholderiales; Oxalobacteraceae; Janthinobacterium; ASV1161,Proteobacteria; Burkholderiales; Oxalobacteraceae
ASV1162,Bacteria,Actinobacteriota,Acidimicrobiia,Microtrichales,Microtrichaceae,,uncultured_Arthrobacter,Microtrichales; Microtrichaceae; uncultured_Arthrobacter; ASV1162,Actinobacteriota; Microtrichales; Microtrichaceae
ASV1163,Bacteria,Campilobacterota,Campylobacteria,Campylobacterales,Campylobacteraceae,Campylobacter,Campylobacter_hominis,Campylobacterales; Campylobacteraceae; Campylobacter; Campylobacter_hominis; ASV1163,Campilobacterota; Campylobacterales; Campylobacteraceae
ASV1164,Bacteria,Proteobacteria,Gammaproteobacteria,Burkholderiales,Rhodocyclaceae,Uliginosibacterium,uncultured_bacterium,Burkholderiales; Rhodocyclaceae; Uliginosibacterium; uncultured_bacterium; ASV1164,Proteobacteria; Burkholderiales; Rhodocyclaceae
ASV1165,Bacteria,Proteobacteria,Gammaproteobacteria,Xanthomonadales,Xanthomonadaceae,Stenotrophomonas,,Xanthomonadales; Xanthomonadaceae; Stenotrophomonas; ASV1165,Proteobacteria; Xanthomonadales; Xanthomonadaceae
ASV1166,Bacteria,Firmicutes,Clostridia,Peptostreptococcales-Tissierellales,Peptostreptococcales-Tissierellales,Peptoniphilus,Peptoniphilus_duerdenii,Peptostreptococcales-Tissierellales; Peptostreptococcales-Tissierellales; Peptoniphilus; Peptoniphilus_duerdenii; ASV1166,Firmicutes; Peptostreptococcales-Tissierellales; Peptostreptococcales-Tissierellales
ASV1167,Bacteria,Proteobacteria,Alphaproteobacteria,Sphingomonadales,Sphingomonadaceae,Sphingobium,,Sphingomonadales; Sphingomonadaceae; Sphingobium; ASV1167,Proteobacteria; Sphingomonadales; Sphingomonadaceae
ASV1168,Bacteria,Bacteroidota,Bacteroidia,Bacteroidales,Dysgonomonadaceae,Dysgonomonas,Dysgonomonas_alginatilytica,Bacteroidales; Dysgonomonadaceae; Dysgonomonas; Dysgonomonas_alginatilytica; ASV1168,Bacteroidota; Bacteroidales; Dysgonomonadaceae
ASV1169,Bacteria,Actinobacteriota,Actinobacteria,Streptosporangiales,Streptosporangiaceae,Microbispora,,Streptosporangiales; Streptosporangiaceae; Microbispora; ASV1169,Actinobacteriota; Streptosporangiales; Streptosporangiaceae
ASV1170,Bacteria,Firmicutes,Bacilli,Lactobacillales,Enterococcaceae,Enterococcus,,Lactobacillales; Enterococcaceae; Enterococcus; ASV1170,Firmicutes; Lactobacillales; Enterococcaceae
ASV1171,Bacteria,Actinobacteriota,Thermoleophilia,Solirubrobacterales,Solirubrobacteraceae,Solirubrobacter,uncultured_bacterium,Solirubrobacterales; Solirubrobacteraceae; Solirubrobacter; uncultured_bacterium; ASV1171,Actinobacteriota; Solirubrobacterales; Solirubrobacteraceae
ASV1172,Bacteria,Actinobacteriota,Actinobacteria,Bifidobacteriales,Bifidobacteriaceae,Gardnerella,,Bifidobacteriales; Bifidobacteriaceae; Gardnerella; ASV1172,Actinobacteriota; Bifidobacteriales; Bifidobacteriaceae
ASV1173,Bacteria,Firmicutes,Bacilli,Staphylococcales,Staphylococcaceae,Jeotgalicoccus,,Staphylococcales; Staphylococcaceae; Jeotgalicoccus; ASV1173,Firmicutes; Staphylococcales; Staphylococcaceae
ASV1174,Bacteria,Verrucomicrobiota,Chlamydiae,Chlamydiales,Parachlamydiaceae,,,Chlamydiales; Parachlamydiaceae; ASV1174,Verrucomicrobiota; Chlamydiales; Parachlamydiaceae
ASV1175,Bacteria,Proteobacteria,Alphaproteobacteria,Rhizobiales,Beijerinckiaceae,Bosea,,Rhizobiales; Beijerinckiaceae; Bosea; ASV1175,Proteobacteria; Rhizobiales; Beijerinckiaceae
ASV1176,Bacteria,Actinobacteriota,Actinobacteria,Micrococcales,Demequinaceae,Demequina,uncultured_bacterium,Micrococcales; Demequinaceae; Demequina; uncultured_bacterium; ASV1176,Actinobacteriota; Micrococcales; Demequinaceae
ASV1177,Bacteria,Actinobacteriota,Acidimicrobiia,Microtrichales,Microtrichaceae,IMCC26207,,Microtrichales; Microtrichaceae; IMCC26207; ASV1177,Actinobacteriota; Microtrichales; Microtrichaceae
ASV1178,Bacteria,Firmicutes,Bacilli,Paenibacillales,Paenibacillaceae,Cohnella,Paenibacillus_sp.,Paenibacillales; Paenibacillaceae; Cohnella; Paenibacillus_sp.; ASV1178,Firmicutes; Paenibacillales; Paenibacillaceae
ASV1179,Bacteria,Actinobacteriota,Actinobacteria,Propionibacteriales,Nocardioidaceae,Nocardioides,Marmoricola_sp.,Propionibacteriales; Nocardioidaceae; Nocardioides; Marmoricola_sp.; ASV1179,Actinobacteriota; Propionibacteriales; Nocardioidaceae
ASV1180,Bacteria,Firmicutes,Bacilli,Paenibacillales,Paenibacillaceae,Paenibacillus,,Paenibacillales; Paenibacillaceae; Paenibacillus; ASV1180,Firmicutes; Paenibacillales; Paenibacillaceae
ASV1181,Bacteria,Planctomycetota,Planctomycetes,Pirellulales,Pirellulaceae,,,Pirellulales; Pirellulaceae; ASV1181,Planctomycetota; Pirellulales; Pirellulaceae
ASV1182,Bacteria,Firmicutes,Bacilli,RsaHf231,RsaHf231,RsaHf231,uncultured_bacterium,RsaHf231; RsaHf231; RsaHf231; uncultured_bacterium; ASV1182,Firmicutes; RsaHf231; RsaHf231
ASV1183,Bacteria,Firmicutes,Clostridia,Peptostreptococcales-Tissierellales,Peptostreptococcales-Tissierellales,Fenollaria,uncultured_bacterium,Peptostreptococcales-Tissierellales; Peptostreptococcales-Tissierellales; Fenollaria; uncultured_bacterium; ASV1183,Firmicutes; Peptostreptococcales-Tissierellales; Peptostreptococcales-Tissierellales
ASV1184,Bacteria,Planctomycetota,Planctomycetes,Gemmatales,Gemmataceae,Gemmata,metagenome,Gemmatales; Gemmataceae; Gemmata; metagenome; ASV1184,Planctomycetota; Gemmatales; Gemmataceae
ASV1185,Bacteria,Planctomycetota,Planctomycetes,Gemmatales,Gemmataceae,Fimbriiglobus,uncultured_bacterium,Gemmatales; Gemmataceae; Fimbriiglobus; uncultured_bacterium; ASV1185,Planctomycetota; Gemmatales; Gemmataceae
ASV1186,Bacteria,Actinobacteriota,Actinobacteria,Propionibacteriales,Nocardioidaceae,Nocardioides,uncultured_organism,Propionibacteriales; Nocardioidaceae; Nocardioides; uncultured_organism; ASV1186,Actinobacteriota; Propionibacteriales; Nocardioidaceae
ASV1187,Bacteria,Actinobacteriota,Actinobacteria,Frankiales,Geodermatophilaceae,Modestobacter,,Frankiales; Geodermatophilaceae; Modestobacter; ASV1187,Actinobacteriota; Frankiales; Geodermatophilaceae
ASV1188,Bacteria,Proteobacteria,Alphaproteobacteria,Sphingomonadales,Sphingomonadaceae,Rhizorhapis,,Sphingomonadales; Sphingomonadaceae; Rhizorhapis; ASV1188,Proteobacteria; Sphingomonadales; Sphingomonadaceae
ASV1189,Bacteria,Actinobacteriota,Actinobacteria,Frankiales,Frankiaceae,Frankia,,Frankiales; Frankiaceae; Frankia; ASV1189,Actinobacteriota; Frankiales; Frankiaceae
ASV1190,Bacteria,Proteobacteria,Alphaproteobacteria,Rhizobiales,Beijerinckiaceae,1174-901-12,uncultured_bacterium,Rhizobiales; Beijerinckiaceae; 1174-901-12; uncultured_bacterium; ASV1190,Proteobacteria; Rhizobiales; Beijerinckiaceae
ASV1191,Bacteria,Planctomycetota,Planctomycetes,Pirellulales,Pirellulaceae,,metagenome,Pirellulales; Pirellulaceae; metagenome; ASV1191,Planctomycetota; Pirellulales; Pirellulaceae
ASV1192,Bacteria,Actinobacteriota,Thermoleophilia,Solirubrobacterales,67-14,67-14,metagenome,Solirubrobacterales; 67-14; 67-14; metagenome; ASV1192,Actinobacteriota; Solirubrobacterales; 67-14
ASV1193,Bacteria,Actinobacteriota,Actinobacteria,Propionibacteriales,Nocardioidaceae,Nocardioides,,Propionibacteriales; Nocardioidaceae; Nocardioides; ASV1193,Actinobacteriota; Propionibacteriales; Nocardioidaceae
ASV1194,Bacteria,Proteobacteria,Alphaproteobacteria,Sphingomonadales,Sphingomonadaceae,Sphingomonas,bacterium_815Y,Sphingomonadales; Sphingomonadaceae; Sphingomonas; bacterium_815Y; ASV1194,Proteobacteria; Sphingomonadales; Sphingomonadaceae
ASV1195,Bacteria,Verrucomicrobiota,Verrucomicrobiae,Chthoniobacterales,Chthoniobacteraceae,Chthoniobacter,uncultured_bacterium,Chthoniobacterales; Chthoniobacteraceae; Chthoniobacter; uncultured_bacterium; ASV1195,Verrucomicrobiota; Chthoniobacterales; Chthoniobacteraceae
ASV1196,Bacteria,Proteobacteria,Alphaproteobacteria,Rhizobiales,Devosiaceae,Devosia,,Rhizobiales; Devosiaceae; Devosia; ASV1196,Proteobacteria; Rhizobiales; Devosiaceae
ASV1197,Bacteria,Acidobacteriota,Acidobacteriae,Bryobacterales,Bryobacteraceae,Bryobacter,uncultured_bacterium,Bryobacterales; Bryobacteraceae; Bryobacter; uncultured_bacterium; ASV1197,Acidobacteriota; Bryobacterales; Bryobacteraceae
ASV1198,Bacteria,Planctomycetota,Planctomycetes,Gemmatales,Gemmataceae,Fimbriiglobus,metagenome,Gemmatales; Gemmataceae; Fimbriiglobus; metagenome; ASV1198,Planctomycetota; Gemmatales; Gemmataceae
ASV1199,Bacteria,Planctomycetota,Planctomycetes,Gemmatales,Gemmataceae,Fimbriiglobus,uncultured_bacterium,Gemmatales; Gemmataceae; Fimbriiglobus; uncultured_bacterium; ASV1199,Planctomycetota; Gemmatales; Gemmataceae
ASV1200,Bacteria,Actinobacteriota,Actinobacteria,Frankiales,Geodermatophilaceae,Blastococcus,,Frankiales; Geodermatophilaceae; Blastococcus; ASV1200,Actinobacteriota; Frankiales; Geodermatophilaceae
ASV1201,Bacteria,Proteobacteria,Alphaproteobacteria,Sphingomonadales,Sphingomonadaceae,Sphingobium,,Sphingomonadales; Sphingomonadaceae; Sphingobium; ASV1201,Proteobacteria; Sphingomonadales; Sphingomonadaceae
ASV1202,Bacteria,Firmicutes,Bacilli,Lactobacillales,Streptococcaceae,Lactococcus,,Lactobacillales; Streptococcaceae; Lactococcus; ASV1202,Firmicutes; Lactobacillales; Streptococcaceae
ASV1203,Bacteria,Firmicutes,Bacilli,Erysipelotrichales,Erysipelotrichaceae,ZOR0006,uncultured_bacterium,Erysipelotrichales; Erysipelotrichaceae; ZOR0006; uncultured_bacterium; ASV1203,Firmicutes; Erysipelotrichales; Erysipelotrichaceae
ASV1204,Bacteria,Planctomycetota,Planctomycetes,Gemmatales,Gemmataceae,,metagenome,Gemmatales; Gemmataceae; metagenome; ASV1204,Planctomycetota; Gemmatales; Gemmataceae
ASV1205,Bacteria,Planctomycetota,Planctomycetes,Isosphaerales,Isosphaeraceae,Candidatus_Nostocoida,uncultured_bacterium,Isosphaerales; Isosphaeraceae; Candidatus_Nostocoida; uncultured_bacterium; ASV1205,Planctomycetota; Isosphaerales; Isosphaeraceae
ASV1206,Bacteria,Planctomycetota,Planctomycetes,Isosphaerales,Isosphaeraceae,Candidatus_Nostocoida,uncultured_bacterium,Isosphaerales; Isosphaeraceae; Candidatus_Nostocoida; uncultured_bacterium; ASV1206,Planctomycetota; Isosphaerales; Isosphaeraceae
ASV1207,Bacteria,Verrucomicrobiota,Verrucomicrobiae,Chthoniobacterales,Chthoniobacteraceae,Chthoniobacter,,Chthoniobacterales; Chthoniobacteraceae; Chthoniobacter; ASV1207,Verrucomicrobiota; Chthoniobacterales; Chthoniobacteraceae
ASV1208,Bacteria,Actinobacteriota,Actinobacteria,Frankiales,,,Actinomycetales_bacterium,Frankiales; Actinomycetales_bacterium; ASV1208,Actinobacteriota; Frankiales
ASV1209,Bacteria,Firmicutes,Bacilli,Paenibacillales,Paenibacillaceae,Paenibacillus,,Paenibacillales; Paenibacillaceae; Paenibacillus; ASV1209,Firmicutes; Paenibacillales; Paenibacillaceae
ASV1210,Bacteria,Proteobacteria,Alphaproteobacteria,Acetobacterales,Acetobacteraceae,Acidiphilium,uncultured_Alphaproteobacteria,Acetobacterales; Acetobacteraceae; Acidiphilium; uncultured_Alphaproteobacteria; ASV1210,Proteobacteria; Acetobacterales; Acetobacteraceae
ASV1211,Bacteria,Proteobacteria,Alphaproteobacteria,Rhizobiales,Beijerinckiaceae,,uncultured_Methylocella,Rhizobiales; Beijerinckiaceae; uncultured_Methylocella; ASV1211,Proteobacteria; Rhizobiales; Beijerinckiaceae
ASV1212,Bacteria,Proteobacteria,Alphaproteobacteria,Rhizobiales,Beijerinckiaceae,Methylobacterium-Methylorubrum,Methylobacterium_goesingense,Rhizobiales; Beijerinckiaceae; Methylobacterium-Methylorubrum; Methylobacterium_goesingense; ASV1212,Proteobacteria; Rhizobiales; Beijerinckiaceae
ASV1213,Bacteria,Proteobacteria,Gammaproteobacteria,Legionellales,Legionellaceae,Legionella,,Legionellales; Legionellaceae; Legionella; ASV1213,Proteobacteria; Legionellales; Legionellaceae
ASV1214,Bacteria,Proteobacteria,Alphaproteobacteria,Rhodobacterales,Rhodobacteraceae,Paracoccus,,Rhodobacterales; Rhodobacteraceae; Paracoccus; ASV1214,Proteobacteria; Rhodobacterales; Rhodobacteraceae
ASV1215,Bacteria,Actinobacteriota,Actinobacteria,Micrococcales,Microbacteriaceae,Agromyces,,Micrococcales; Microbacteriaceae; Agromyces; ASV1215,Actinobacteriota; Micrococcales; Microbacteriaceae
ASV1216,Bacteria,Actinobacteriota,Actinobacteria,Streptosporangiales,Streptosporangiaceae,,,Streptosporangiales; Streptosporangiaceae; ASV1216,Actinobacteriota; Streptosporangiales; Streptosporangiaceae
ASV1217,Bacteria,Proteobacteria,Alphaproteobacteria,Rhizobiales,Xanthobacteraceae,,uncultured_forest,Rhizobiales; Xanthobacteraceae; uncultured_forest; ASV1217,Proteobacteria; Rhizobiales; Xanthobacteraceae
ASV1218,Bacteria,Firmicutes,Clostridia,Clostridiales,Caloramatoraceae,Fonticella,uncultured_bacterium,Clostridiales; Caloramatoraceae; Fonticella; uncultured_bacterium; ASV1218,Firmicutes; Clostridiales; Caloramatoraceae
ASV1219,Bacteria,Actinobacteriota,Actinobacteria,Frankiales,,,,Frankiales; ASV1219,Actinobacteriota; Frankiales
ASV1220,Bacteria,Proteobacteria,Alphaproteobacteria,Sphingomonadales,Sphingomonadaceae,Rhizorhapis,uncultured_Alphaproteobacteria,Sphingomonadales; Sphingomonadaceae; Rhizorhapis; uncultured_Alphaproteobacteria; ASV1220,Proteobacteria; Sphingomonadales; Sphingomonadaceae
ASV1221,Bacteria,Actinobacteriota,Actinobacteria,Pseudonocardiales,Pseudonocardiaceae,Saccharopolyspora,,Pseudonocardiales; Pseudonocardiaceae; Saccharopolyspora; ASV1221,Actinobacteriota; Pseudonocardiales; Pseudonocardiaceae
ASV1222,Bacteria,Proteobacteria,Alphaproteobacteria,Rhizobiales,,,,Rhizobiales; ASV1222,Proteobacteria; Rhizobiales
ASV1223,Bacteria,Proteobacteria,Alphaproteobacteria,Rhizobiales,Beijerinckiaceae,Methylobacterium-Methylorubrum,Methylobacterium_goesingense,Rhizobiales; Beijerinckiaceae; Methylobacterium-Methylorubrum; Methylobacterium_goesingense; ASV1223,Proteobacteria; Rhizobiales; Beijerinckiaceae
ASV1224,Bacteria,Bacteroidota,Bacteroidia,Flavobacteriales,Flavobacteriaceae,Flavobacterium,,Flavobacteriales; Flavobacteriaceae; Flavobacterium; ASV1224,Bacteroidota; Flavobacteriales; Flavobacteriaceae
ASV1225,Bacteria,Firmicutes,Clostridia,Peptostreptococcales-Tissierellales,Peptostreptococcales-Tissierellales,,uncultured_bacterium,Peptostreptococcales-Tissierellales; Peptostreptococcales-Tissierellales; uncultured_bacterium; ASV1225,Firmicutes; Peptostreptococcales-Tissierellales; Peptostreptococcales-Tissierellales
ASV1226,Bacteria,Proteobacteria,Alphaproteobacteria,Rhizobiales,Hyphomicrobiaceae,Hyphomicrobium,,Rhizobiales; Hyphomicrobiaceae; Hyphomicrobium; ASV1226,Proteobacteria; Rhizobiales; Hyphomicrobiaceae
ASV1227,Bacteria,Actinobacteriota,Thermoleophilia,Solirubrobacterales,Solirubrobacteraceae,Solirubrobacter,uncultured_bacterium,Solirubrobacterales; Solirubrobacteraceae; Solirubrobacter; uncultured_bacterium; ASV1227,Actinobacteriota; Solirubrobacterales; Solirubrobacteraceae
ASV1228,Bacteria,Firmicutes,Bacilli,Lactobacillales,Carnobacteriaceae,Carnobacterium,,Lactobacillales; Carnobacteriaceae; Carnobacterium; ASV1228,Firmicutes; Lactobacillales; Carnobacteriaceae
ASV1229,Bacteria,Planctomycetota,Planctomycetes,Gemmatales,Gemmataceae,,metagenome,Gemmatales; Gemmataceae; metagenome; ASV1229,Planctomycetota; Gemmatales; Gemmataceae
ASV1230,Bacteria,Chloroflexi,Chloroflexia,Kallotenuales,AKIW781,AKIW781,uncultured_bacterium,Kallotenuales; AKIW781; AKIW781; uncultured_bacterium; ASV1230,Chloroflexi; Kallotenuales; AKIW781
ASV1231,Bacteria,Proteobacteria,Alphaproteobacteria,Rhizobiales,Xanthobacteraceae,,,Rhizobiales; Xanthobacteraceae; ASV1231,Proteobacteria; Rhizobiales; Xanthobacteraceae
ASV1232,Bacteria,Proteobacteria,Alphaproteobacteria,Rhizobiales,Devosiaceae,Devosia,,Rhizobiales; Devosiaceae; Devosia; ASV1232,Proteobacteria; Rhizobiales; Devosiaceae
ASV1233,Bacteria,Firmicutes,Bacilli,Paenibacillales,Paenibacillaceae,Paenibacillus,,Paenibacillales; Paenibacillaceae; Paenibacillus; ASV1233,Firmicutes; Paenibacillales; Paenibacillaceae
ASV1234,Bacteria,Actinobacteriota,Actinobacteria,Frankiales,Geodermatophilaceae,Blastococcus,,Frankiales; Geodermatophilaceae; Blastococcus; ASV1234,Actinobacteriota; Frankiales; Geodermatophilaceae
ASV1235,Bacteria,Proteobacteria,Gammaproteobacteria,Legionellales,Legionellaceae,Legionella,,Legionellales; Legionellaceae; Legionella; ASV1235,Proteobacteria; Legionellales; Legionellaceae
ASV1236,Bacteria,Proteobacteria,Alphaproteobacteria,Rhizobiales,Beijerinckiaceae,,,Rhizobiales; Beijerinckiaceae; ASV1236,Proteobacteria; Rhizobiales; Beijerinckiaceae
ASV1237,Bacteria,Actinobacteriota,Actinobacteria,Frankiales,,,,Frankiales; ASV1237,Actinobacteriota; Frankiales
ASV1238,Bacteria,Firmicutes,Clostridia,Lachnospirales,Lachnospiraceae,Tyzzerella,,Lachnospirales; Lachnospiraceae; Tyzzerella; ASV1238,Firmicutes; Lachnospirales; Lachnospiraceae
ASV1239,Bacteria,Bacteroidota,Bacteroidia,Cytophagales,Spirosomaceae,Dyadobacter,metagenome,Cytophagales; Spirosomaceae; Dyadobacter; metagenome; ASV1239,Bacteroidota; Cytophagales; Spirosomaceae
ASV1240,Bacteria,Planctomycetota,Planctomycetes,Gemmatales,Gemmataceae,,uncultured_bacterium,Gemmatales; Gemmataceae; uncultured_bacterium; ASV1240,Planctomycetota; Gemmatales; Gemmataceae
ASV1241,Bacteria,Actinobacteriota,Actinobacteria,Micrococcales,Microbacteriaceae,Microbacteriaceae,uncultured_bacterium,Micrococcales; Microbacteriaceae; Microbacteriaceae; uncultured_bacterium; ASV1241,Actinobacteriota; Micrococcales; Microbacteriaceae
ASV1242,Bacteria,Proteobacteria,Alphaproteobacteria,Caulobacterales,Caulobacteraceae,Brevundimonas,,Caulobacterales; Caulobacteraceae; Brevundimonas; ASV1242,Proteobacteria; Caulobacterales; Caulobacteraceae
ASV1243,Bacteria,Proteobacteria,Gammaproteobacteria,,,,metagenome,metagenome; ASV1243,Proteobacteria
ASV1244,Bacteria,Proteobacteria,Alphaproteobacteria,Rhizobiales,Hyphomicrobiaceae,Hyphomicrobium,uncultured_bacterium,Rhizobiales; Hyphomicrobiaceae; Hyphomicrobium; uncultured_bacterium; ASV1244,Proteobacteria; Rhizobiales; Hyphomicrobiaceae
ASV1245,Bacteria,Planctomycetota,Planctomycetes,Isosphaerales,Isosphaeraceae,Tundrisphaera,,Isosphaerales; Isosphaeraceae; Tundrisphaera; ASV1245,Planctomycetota; Isosphaerales; Isosphaeraceae
ASV1246,Bacteria,Proteobacteria,Gammaproteobacteria,Burkholderiales,Comamonadaceae,,,Burkholderiales; Comamonadaceae; ASV1246,Proteobacteria; Burkholderiales; Comamonadaceae
ASV1247,Bacteria,Actinobacteriota,Actinobacteria,Micromonosporales,Micromonosporaceae,,,Micromonosporales; Micromonosporaceae; ASV1247,Actinobacteriota; Micromonosporales; Micromonosporaceae
ASV1248,Bacteria,Firmicutes,Clostridia,Peptostreptococcales-Tissierellales,Anaerovoracaceae,,,Peptostreptococcales-Tissierellales; Anaerovoracaceae; ASV1248,Firmicutes; Peptostreptococcales-Tissierellales; Anaerovoracaceae
ASV1249,Bacteria,Actinobacteriota,Actinobacteria,Frankiales,Frankiaceae,Jatrophihabitans,,Frankiales; Frankiaceae; Jatrophihabitans; ASV1249,Actinobacteriota; Frankiales; Frankiaceae
ASV1250,Bacteria,Planctomycetota,Planctomycetes,Pirellulales,Pirellulaceae,Pirellula,uncultured_bacterium,Pirellulales; Pirellulaceae; Pirellula; uncultured_bacterium; ASV1250,Planctomycetota; Pirellulales; Pirellulaceae
ASV1251,Bacteria,Proteobacteria,Alphaproteobacteria,Rhizobiales,Devosiaceae,Devosia,,Rhizobiales; Devosiaceae; Devosia; ASV1251,Proteobacteria; Rhizobiales; Devosiaceae
ASV1252,Bacteria,Proteobacteria,Gammaproteobacteria,Gammaproteobacteria_Incertae_Sedis,,Candidatus_Ovatusbacter,uncultured_bacterium,Gammaproteobacteria_Incertae_Sedis; Candidatus_Ovatusbacter; uncultured_bacterium; ASV1252,Proteobacteria; Gammaproteobacteria_Incertae_Sedis
ASV1253,Bacteria,Verrucomicrobiota,Verrucomicrobiae,Chthoniobacterales,Chthoniobacteraceae,Chthoniobacter,metagenome,Chthoniobacterales; Chthoniobacteraceae; Chthoniobacter; metagenome; ASV1253,Verrucomicrobiota; Chthoniobacterales; Chthoniobacteraceae
ASV1254,Bacteria,Verrucomicrobiota,Chlamydiae,Chlamydiales,Parachlamydiaceae,Neochlamydia,metagenome,Chlamydiales; Parachlamydiaceae; Neochlamydia; metagenome; ASV1254,Verrucomicrobiota; Chlamydiales; Parachlamydiaceae
ASV1255,Bacteria,Proteobacteria,Alphaproteobacteria,Rhizobiales,Devosiaceae,Devosia,,Rhizobiales; Devosiaceae; Devosia; ASV1255,Proteobacteria; Rhizobiales; Devosiaceae
ASV1256,Bacteria,Planctomycetota,Planctomycetes,Pirellulales,Pirellulaceae,,Planctomycetaceae,Pirellulales; Pirellulaceae; Planctomycetaceae; ASV1256,Planctomycetota; Pirellulales; Pirellulaceae
ASV1257,Bacteria,Bacteroidota,Bacteroidia,Flavobacteriales,Flavobacteriaceae,Ulvibacter,uncultured_marine,Flavobacteriales; Flavobacteriaceae; Ulvibacter; uncultured_marine; ASV1257,Bacteroidota; Flavobacteriales; Flavobacteriaceae
ASV1258,Bacteria,Verrucomicrobiota,Verrucomicrobiae,Chthoniobacterales,Chthoniobacteraceae,Chthoniobacter,uncultured_bacterium,Chthoniobacterales; Chthoniobacteraceae; Chthoniobacter; uncultured_bacterium; ASV1258,Verrucomicrobiota; Chthoniobacterales; Chthoniobacteraceae
ASV1259,Bacteria,Planctomycetota,Planctomycetes,Pirellulales,Pirellulaceae,Pirellula,uncultured_Planctomycetales,Pirellulales; Pirellulaceae; Pirellula; uncultured_Planctomycetales; ASV1259,Planctomycetota; Pirellulales; Pirellulaceae
ASV1260,Bacteria,Planctomycetota,Planctomycetes,Planctomycetales,,,metagenome,Planctomycetales; metagenome; ASV1260,Planctomycetota; Planctomycetales
ASV1261,Bacteria,Proteobacteria,Alphaproteobacteria,Sphingomonadales,Sphingomonadaceae,Novosphingobium,,Sphingomonadales; Sphingomonadaceae; Novosphingobium; ASV1261,Proteobacteria; Sphingomonadales; Sphingomonadaceae
ASV1262,Bacteria,Proteobacteria,Alphaproteobacteria,Rhizobiales,Rhizobiales_Incertae_Sedis,,,Rhizobiales; Rhizobiales_Incertae_Sedis; ASV1262,Proteobacteria; Rhizobiales; Rhizobiales_Incertae_Sedis
ASV1263,Bacteria,Proteobacteria,Alphaproteobacteria,Holosporales,Holosporaceae,,uncultured_bacterium,Holosporales; Holosporaceae; uncultured_bacterium; ASV1263,Proteobacteria; Holosporales; Holosporaceae
ASV1264,Bacteria,Proteobacteria,Alphaproteobacteria,,,,,ASV1264,Proteobacteria
ASV1265,Bacteria,Proteobacteria,Gammaproteobacteria,Pasteurellales,Pasteurellaceae,Pasteurella,Bisgaard_Taxon,Pasteurellales; Pasteurellaceae; Pasteurella; Bisgaard_Taxon; ASV1265,Proteobacteria; Pasteurellales; Pasteurellaceae
ASV1266,Bacteria,Proteobacteria,Gammaproteobacteria,Gammaproteobacteria_Incertae_Sedis,,Candidatus_Ovatusbacter,uncultured_bacterium,Gammaproteobacteria_Incertae_Sedis; Candidatus_Ovatusbacter; uncultured_bacterium; ASV1266,Proteobacteria; Gammaproteobacteria_Incertae_Sedis
ASV1267,Bacteria,Planctomycetota,Planctomycetes,Isosphaerales,Isosphaeraceae,,Isosphaera_sp.,Isosphaerales; Isosphaeraceae; Isosphaera_sp.; ASV1267,Planctomycetota; Isosphaerales; Isosphaeraceae
ASV1268,Bacteria,Planctomycetota,Planctomycetes,Gemmatales,Gemmataceae,,uncultured_bacterium,Gemmatales; Gemmataceae; uncultured_bacterium; ASV1268,Planctomycetota; Gemmatales; Gemmataceae
ASV1269,Bacteria,Proteobacteria,Alphaproteobacteria,Sphingomonadales,Sphingomonadaceae,Sphingopyxis,,Sphingomonadales; Sphingomonadaceae; Sphingopyxis; ASV1269,Proteobacteria; Sphingomonadales; Sphingomonadaceae
ASV1270,Bacteria,Firmicutes,Bacilli,Lactobacillales,Streptococcaceae,Lactococcus,,Lactobacillales; Streptococcaceae; Lactococcus; ASV1270,Firmicutes; Lactobacillales; Streptococcaceae
ASV1271,Bacteria,Actinobacteriota,Actinobacteria,Micrococcales,Microbacteriaceae,,,Micrococcales; Microbacteriaceae; ASV1271,Actinobacteriota; Micrococcales; Microbacteriaceae
ASV1272,Bacteria,Cyanobacteria,Cyanobacteriia,SepB-3,SepB-3,SepB-3,uncultured_bacterium,SepB-3; SepB-3; SepB-3; uncultured_bacterium; ASV1272,Cyanobacteria; SepB-3; SepB-3
ASV1273,Bacteria,Proteobacteria,Alphaproteobacteria,Rhizobiales,Beijerinckiaceae,Bosea,,Rhizobiales; Beijerinckiaceae; Bosea; ASV1273,Proteobacteria; Rhizobiales; Beijerinckiaceae
ASV1274,Bacteria,Proteobacteria,Alphaproteobacteria,Rhizobiales,Beijerinckiaceae,Bosea,,Rhizobiales; Beijerinckiaceae; Bosea; ASV1274,Proteobacteria; Rhizobiales; Beijerinckiaceae
ASV1275,Bacteria,Proteobacteria,Alphaproteobacteria,Rhizobiales,Rhizobiaceae,,,Rhizobiales; Rhizobiaceae; ASV1275,Proteobacteria; Rhizobiales; Rhizobiaceae
ASV1276,Bacteria,Proteobacteria,Alphaproteobacteria,Sphingomonadales,Sphingomonadaceae,Blastomonas,,Sphingomonadales; Sphingomonadaceae; Blastomonas; ASV1276,Proteobacteria; Sphingomonadales; Sphingomonadaceae
ASV1277,Bacteria,Proteobacteria,Gammaproteobacteria,Burkholderiales,Comamonadaceae,,,Burkholderiales; Comamonadaceae; ASV1277,Proteobacteria; Burkholderiales; Comamonadaceae
ASV1278,Bacteria,Bacteroidota,Bacteroidia,Bacteroidales,Porphyromonadaceae,Porphyromonas,uncultured_microorganism,Bacteroidales; Porphyromonadaceae; Porphyromonas; uncultured_microorganism; ASV1278,Bacteroidota; Bacteroidales; Porphyromonadaceae
ASV1279,Bacteria,Firmicutes,Clostridia,Clostridiales,Clostridiaceae,Clostridium_sensu_stricto_1,,Clostridiales; Clostridiaceae; Clostridium_sensu_stricto_1; ASV1279,Firmicutes; Clostridiales; Clostridiaceae
ASV1280,Bacteria,Proteobacteria,Alphaproteobacteria,Rhizobiales,Beijerinckiaceae,,,Rhizobiales; Beijerinckiaceae; ASV1280,Proteobacteria; Rhizobiales; Beijerinckiaceae
ASV1281,Bacteria,Firmicutes,Clostridia,Oscillospirales,Ruminococcaceae,,,Oscillospirales; Ruminococcaceae; ASV1281,Firmicutes; Oscillospirales; Ruminococcaceae
ASV1282,Bacteria,Actinobacteriota,Actinobacteria,Propionibacteriales,Nocardioidaceae,Marmoricola,,Propionibacteriales; Nocardioidaceae; Marmoricola; ASV1282,Actinobacteriota; Propionibacteriales; Nocardioidaceae
ASV1283,Bacteria,Proteobacteria,Gammaproteobacteria,Pseudomonadales,Pseudomonadaceae,Pseudomonas,,Pseudomonadales; Pseudomonadaceae; Pseudomonas; ASV1283,Proteobacteria; Pseudomonadales; Pseudomonadaceae
ASV1284,Bacteria,Cyanobacteria,Cyanobacteriia,Cyanobacteriales,Chroococcidiopsaceae,Aliterella,uncultured_bacterium,Cyanobacteriales; Chroococcidiopsaceae; Aliterella; uncultured_bacterium; ASV1284,Cyanobacteria; Cyanobacteriales; Chroococcidiopsaceae
ASV1285,Bacteria,Verrucomicrobiota,Chlamydiae,Chlamydiales,Parachlamydiaceae,Candidatus_Protochlamydia,metagenome,Chlamydiales; Parachlamydiaceae; Candidatus_Protochlamydia; metagenome; ASV1285,Verrucomicrobiota; Chlamydiales; Parachlamydiaceae
ASV1286,Bacteria,Patescibacteria,Saccharimonadia,Saccharimonadales,Saccharimonadales,Saccharimonadales,,Saccharimonadales; Saccharimonadales; Saccharimonadales; ASV1286,Patescibacteria; Saccharimonadales; Saccharimonadales
ASV1287,Bacteria,Proteobacteria,Alphaproteobacteria,Rhizobiales,Xanthobacteraceae,,,Rhizobiales; Xanthobacteraceae; ASV1287,Proteobacteria; Rhizobiales; Xanthobacteraceae
ASV1288,Bacteria,Proteobacteria,Alphaproteobacteria,Rhizobiales,Beijerinckiaceae,,,Rhizobiales; Beijerinckiaceae; ASV1288,Proteobacteria; Rhizobiales; Beijerinckiaceae
ASV1289,Bacteria,Actinobacteriota,Actinobacteria,Micrococcales,,,,Micrococcales; ASV1289,Actinobacteriota; Micrococcales
ASV1290,Bacteria,Verrucomicrobiota,Chlamydiae,Chlamydiales,Parachlamydiaceae,Neochlamydia,metagenome,Chlamydiales; Parachlamydiaceae; Neochlamydia; metagenome; ASV1290,Verrucomicrobiota; Chlamydiales; Parachlamydiaceae
ASV1291,Bacteria,Planctomycetota,Planctomycetes,Isosphaerales,Isosphaeraceae,Singulisphaera,uncultured_bacterium,Isosphaerales; Isosphaeraceae; Singulisphaera; uncultured_bacterium; ASV1291,Planctomycetota; Isosphaerales; Isosphaeraceae
ASV1292,Bacteria,Proteobacteria,Alphaproteobacteria,Rhizobiales,Rhizobiaceae,Allorhizobium-Neorhizobium-Pararhizobium-Rhizobium,,Rhizobiales; Rhizobiaceae; Allorhizobium-Neorhizobium-Pararhizobium-Rhizobium; ASV1292,Proteobacteria; Rhizobiales; Rhizobiaceae
ASV1293,Bacteria,Verrucomicrobiota,Verrucomicrobiae,Chthoniobacterales,Chthoniobacteraceae,LD29,uncultured_bacterium,Chthoniobacterales; Chthoniobacteraceae; LD29; uncultured_bacterium; ASV1293,Verrucomicrobiota; Chthoniobacterales; Chthoniobacteraceae
ASV1294,Bacteria,Actinobacteriota,Actinobacteria,Corynebacteriales,Nocardiaceae,Rhodococcus,Rhodococcus_aerolatus,Corynebacteriales; Nocardiaceae; Rhodococcus; Rhodococcus_aerolatus; ASV1294,Actinobacteriota; Corynebacteriales; Nocardiaceae
ASV1295,Bacteria,Actinobacteriota,Thermoleophilia,Solirubrobacterales,67-14,67-14,metagenome,Solirubrobacterales; 67-14; 67-14; metagenome; ASV1295,Actinobacteriota; Solirubrobacterales; 67-14
ASV1296,Bacteria,Verrucomicrobiota,Chlamydiae,Chlamydiales,Parachlamydiaceae,Neochlamydia,metagenome,Chlamydiales; Parachlamydiaceae; Neochlamydia; metagenome; ASV1296,Verrucomicrobiota; Chlamydiales; Parachlamydiaceae
ASV1297,Bacteria,Actinobacteriota,Actinobacteria,Propionibacteriales,Nocardioidaceae,Nocardioides,,Propionibacteriales; Nocardioidaceae; Nocardioides; ASV1297,Actinobacteriota; Propionibacteriales; Nocardioidaceae
ASV1298,Bacteria,Planctomycetota,Planctomycetes,Isosphaerales,Isosphaeraceae,Tundrisphaera,uncultured_planctomycete,Isosphaerales; Isosphaeraceae; Tundrisphaera; uncultured_planctomycete; ASV1298,Planctomycetota; Isosphaerales; Isosphaeraceae
ASV1299,Bacteria,Actinobacteriota,Actinobacteria,Propionibacteriales,Nocardioidaceae,Nocardioides,,Propionibacteriales; Nocardioidaceae; Nocardioides; ASV1299,Actinobacteriota; Propionibacteriales; Nocardioidaceae
ASV1300,Bacteria,Planctomycetota,Planctomycetes,Pirellulales,Pirellulaceae,Pirellula,uncultured_bacterium,Pirellulales; Pirellulaceae; Pirellula; uncultured_bacterium; ASV1300,Planctomycetota; Pirellulales; Pirellulaceae
ASV1301,Bacteria,Proteobacteria,Gammaproteobacteria,Alteromonadales,Alteromonadaceae,,,Alteromonadales; Alteromonadaceae; ASV1301,Proteobacteria; Alteromonadales; Alteromonadaceae
ASV1302,Bacteria,Deinococcota,Deinococci,Deinococcales,Trueperaceae,Truepera,,Deinococcales; Trueperaceae; Truepera; ASV1302,Deinococcota; Deinococcales; Trueperaceae
ASV1303,Bacteria,Acidobacteriota,Acidobacteriae,Acidobacteriae,Acidobacteriae,Paludibaculum,uncultured_bacterium,Acidobacteriae; Acidobacteriae; Paludibaculum; uncultured_bacterium; ASV1303,Acidobacteriota; Acidobacteriae; Acidobacteriae
ASV1304,Bacteria,Proteobacteria,Alphaproteobacteria,Rhizobiales,D05-2,D05-2,uncultured_bacterium,Rhizobiales; D05-2; D05-2; uncultured_bacterium; ASV1304,Proteobacteria; Rhizobiales; D05-2
ASV1305,Bacteria,Firmicutes,Clostridia,Peptostreptococcales-Tissierellales,Peptostreptococcales-Tissierellales,Fenollaria,uncultured_bacterium,Peptostreptococcales-Tissierellales; Peptostreptococcales-Tissierellales; Fenollaria; uncultured_bacterium; ASV1305,Firmicutes; Peptostreptococcales-Tissierellales; Peptostreptococcales-Tissierellales
ASV1306,Bacteria,Planctomycetota,Planctomycetes,Gemmatales,Gemmataceae,Fimbriiglobus,uncultured_bacterium,Gemmatales; Gemmataceae; Fimbriiglobus; uncultured_bacterium; ASV1306,Planctomycetota; Gemmatales; Gemmataceae
ASV1307,Bacteria,Proteobacteria,Alphaproteobacteria,Sphingomonadales,Sphingomonadaceae,,,Sphingomonadales; Sphingomonadaceae; ASV1307,Proteobacteria; Sphingomonadales; Sphingomonadaceae
ASV1308,Bacteria,Bacteroidota,Bacteroidia,Bacteroidales,Prevotellaceae,Prevotella,Prevotella_bivia,Bacteroidales; Prevotellaceae; Prevotella; Prevotella_bivia; ASV1308,Bacteroidota; Bacteroidales; Prevotellaceae
ASV1309,Bacteria,Firmicutes,Clostridia,Oscillospirales,Ruminococcaceae,Faecalibacterium,,Oscillospirales; Ruminococcaceae; Faecalibacterium; ASV1309,Firmicutes; Oscillospirales; Ruminococcaceae
ASV1310,Bacteria,Actinobacteriota,Actinobacteria,Micrococcales,Microbacteriaceae,Candidatus_Aquiluna,uncultured_bacterium,Micrococcales; Microbacteriaceae; Candidatus_Aquiluna; uncultured_bacterium; ASV1310,Actinobacteriota; Micrococcales; Microbacteriaceae
ASV1311,Bacteria,Proteobacteria,Alphaproteobacteria,Rhizobiales,Beijerinckiaceae,Bosea,,Rhizobiales; Beijerinckiaceae; Bosea; ASV1311,Proteobacteria; Rhizobiales; Beijerinckiaceae
ASV1312,Bacteria,Actinobacteriota,Actinobacteria,Frankiales,Frankiaceae,Frankia,,Frankiales; Frankiaceae; Frankia; ASV1312,Actinobacteriota; Frankiales; Frankiaceae
ASV1313,Bacteria,Proteobacteria,Alphaproteobacteria,Rhizobiales,Beijerinckiaceae,Bosea,,Rhizobiales; Beijerinckiaceae; Bosea; ASV1313,Proteobacteria; Rhizobiales; Beijerinckiaceae
ASV1314,Bacteria,Firmicutes,Negativicutes,Veillonellales-Selenomonadales,Veillonellaceae,Megasphaera,,Veillonellales-Selenomonadales; Veillonellaceae; Megasphaera; ASV1314,Firmicutes; Veillonellales-Selenomonadales; Veillonellaceae
ASV1315,Bacteria,Verrucomicrobiota,Verrucomicrobiae,Chthoniobacterales,Chthoniobacteraceae,LD29,uncultured_bacterium,Chthoniobacterales; Chthoniobacteraceae; LD29; uncultured_bacterium; ASV1315,Verrucomicrobiota; Chthoniobacterales; Chthoniobacteraceae
ASV1316,Bacteria,Actinobacteriota,Acidimicrobiia,Microtrichales,,,metagenome,Microtrichales; metagenome; ASV1316,Actinobacteriota; Microtrichales
ASV1317,Bacteria,Planctomycetota,Planctomycetes,Isosphaerales,Isosphaeraceae,,,Isosphaerales; Isosphaeraceae; ASV1317,Planctomycetota; Isosphaerales; Isosphaeraceae
ASV1318,Bacteria,Firmicutes,Bacilli,Paenibacillales,Paenibacillaceae,Paenibacillus,,Paenibacillales; Paenibacillaceae; Paenibacillus; ASV1318,Firmicutes; Paenibacillales; Paenibacillaceae
ASV1319,Bacteria,Actinobacteriota,Acidimicrobiia,IMCC26256,IMCC26256,IMCC26256,,IMCC26256; IMCC26256; IMCC26256; ASV1319,Actinobacteriota; IMCC26256; IMCC26256
ASV1320,Bacteria,Actinobacteriota,Acidimicrobiia,Microtrichales,,,,Microtrichales; ASV1320,Actinobacteriota; Microtrichales
ASV1321,Bacteria,Verrucomicrobiota,Chlamydiae,Chlamydiales,Parachlamydiaceae,Candidatus_Protochlamydia,metagenome,Chlamydiales; Parachlamydiaceae; Candidatus_Protochlamydia; metagenome; ASV1321,Verrucomicrobiota; Chlamydiales; Parachlamydiaceae
ASV1322,Bacteria,Proteobacteria,Alphaproteobacteria,Rhizobiales,Devosiaceae,Devosia,,Rhizobiales; Devosiaceae; Devosia; ASV1322,Proteobacteria; Rhizobiales; Devosiaceae
ASV1323,Bacteria,Patescibacteria,Saccharimonadia,Saccharimonadales,Saccharimonadales,Saccharimonadales,,Saccharimonadales; Saccharimonadales; Saccharimonadales; ASV1323,Patescibacteria; Saccharimonadales; Saccharimonadales
ASV1324,Bacteria,Bacteroidota,Bacteroidia,Flavobacteriales,Weeksellaceae,Chryseobacterium,,Flavobacteriales; Weeksellaceae; Chryseobacterium; ASV1324,Bacteroidota; Flavobacteriales; Weeksellaceae
ASV1325,Bacteria,Proteobacteria,Alphaproteobacteria,Rhizobiales,Beijerinckiaceae,Methylobacterium-Methylorubrum,,Rhizobiales; Beijerinckiaceae; Methylobacterium-Methylorubrum; ASV1325,Proteobacteria; Rhizobiales; Beijerinckiaceae
ASV1326,Bacteria,Firmicutes,Bacilli,RsaHf231,RsaHf231,RsaHf231,uncultured_bacterium,RsaHf231; RsaHf231; RsaHf231; uncultured_bacterium; ASV1326,Firmicutes; RsaHf231; RsaHf231
ASV1327,Bacteria,Proteobacteria,Alphaproteobacteria,Rhizobiales,Beijerinckiaceae,Bosea,,Rhizobiales; Beijerinckiaceae; Bosea; ASV1327,Proteobacteria; Rhizobiales; Beijerinckiaceae
ASV1328,Bacteria,Firmicutes,Bacilli,Lactobacillales,,,,Lactobacillales; ASV1328,Firmicutes; Lactobacillales
ASV1329,Bacteria,Proteobacteria,Alphaproteobacteria,Sphingomonadales,Sphingomonadaceae,Rhizorhapis,,Sphingomonadales; Sphingomonadaceae; Rhizorhapis; ASV1329,Proteobacteria; Sphingomonadales; Sphingomonadaceae
ASV1330,Bacteria,Bacteroidota,Bacteroidia,Flavobacteriales,Flavobacteriaceae,Flavobacterium,,Flavobacteriales; Flavobacteriaceae; Flavobacterium; ASV1330,Bacteroidota; Flavobacteriales; Flavobacteriaceae
ASV1331,Bacteria,Actinobacteriota,Acidimicrobiia,Microtrichales,,,metagenome,Microtrichales; metagenome; ASV1331,Actinobacteriota; Microtrichales
ASV1332,Bacteria,Proteobacteria,Gammaproteobacteria,,,,,ASV1332,Proteobacteria
ASV1333,Bacteria,Proteobacteria,Alphaproteobacteria,Rhizobiales,Devosiaceae,Devosia,,Rhizobiales; Devosiaceae; Devosia; ASV1333,Proteobacteria; Rhizobiales; Devosiaceae
ASV1334,Bacteria,Proteobacteria,Gammaproteobacteria,Pseudomonadales,Pseudomonadaceae,Pseudomonas,,Pseudomonadales; Pseudomonadaceae; Pseudomonas; ASV1334,Proteobacteria; Pseudomonadales; Pseudomonadaceae
ASV1335,Bacteria,Firmicutes,Clostridia,Peptostreptococcales-Tissierellales,Peptostreptococcales-Tissierellales,Tissierella,,Peptostreptococcales-Tissierellales; Peptostreptococcales-Tissierellales; Tissierella; ASV1335,Firmicutes; Peptostreptococcales-Tissierellales; Peptostreptococcales-Tissierellales
ASV1336,Bacteria,Proteobacteria,Gammaproteobacteria,Pseudomonadales,Moraxellaceae,Acinetobacter,,Pseudomonadales; Moraxellaceae; Acinetobacter; ASV1336,Proteobacteria; Pseudomonadales; Moraxellaceae
ASV1337,Bacteria,Proteobacteria,Alphaproteobacteria,Sphingomonadales,Sphingomonadaceae,,,Sphingomonadales; Sphingomonadaceae; ASV1337,Proteobacteria; Sphingomonadales; Sphingomonadaceae
ASV1338,Bacteria,Actinobacteriota,Thermoleophilia,Solirubrobacterales,Solirubrobacteraceae,,,Solirubrobacterales; Solirubrobacteraceae; ASV1338,Actinobacteriota; Solirubrobacterales; Solirubrobacteraceae
ASV1339,Bacteria,Actinobacteriota,Acidimicrobiia,Microtrichales,Iamiaceae,Iamia,,Microtrichales; Iamiaceae; Iamia; ASV1339,Actinobacteriota; Microtrichales; Iamiaceae
ASV1340,Bacteria,Actinobacteriota,Actinobacteria,Pseudonocardiales,Pseudonocardiaceae,Pseudonocardia,,Pseudonocardiales; Pseudonocardiaceae; Pseudonocardia; ASV1340,Actinobacteriota; Pseudonocardiales; Pseudonocardiaceae
ASV1341,Bacteria,Firmicutes,Bacilli,Lactobacillales,Enterococcaceae,Enterococcus,,Lactobacillales; Enterococcaceae; Enterococcus; ASV1341,Firmicutes; Lactobacillales; Enterococcaceae
ASV1342,Bacteria,Verrucomicrobiota,Verrucomicrobiae,Verrucomicrobiales,Rubritaleaceae,Luteolibacter,,Verrucomicrobiales; Rubritaleaceae; Luteolibacter; ASV1342,Verrucomicrobiota; Verrucomicrobiales; Rubritaleaceae
ASV1343,Bacteria,Actinobacteriota,Thermoleophilia,Solirubrobacterales,67-14,67-14,uncultured_organism,Solirubrobacterales; 67-14; 67-14; uncultured_organism; ASV1343,Actinobacteriota; Solirubrobacterales; 67-14
ASV1344,Bacteria,Chloroflexi,Ktedonobacteria,Ktedonobacterales,Ktedonobacteraceae,,uncultured_Ktedobacteria,Ktedonobacterales; Ktedonobacteraceae; uncultured_Ktedobacteria; ASV1344,Chloroflexi; Ktedonobacterales; Ktedonobacteraceae
ASV1345,Bacteria,Proteobacteria,Alphaproteobacteria,Rhizobiales,Devosiaceae,Devosia,,Rhizobiales; Devosiaceae; Devosia; ASV1345,Proteobacteria; Rhizobiales; Devosiaceae
ASV1346,Bacteria,Proteobacteria,Alphaproteobacteria,Rhizobiales,Beijerinckiaceae,Methylobacterium-Methylorubrum,,Rhizobiales; Beijerinckiaceae; Methylobacterium-Methylorubrum; ASV1346,Proteobacteria; Rhizobiales; Beijerinckiaceae
ASV1347,Bacteria,Deinococcota,Deinococci,Deinococcales,Deinococcaceae,Deinococcus,,Deinococcales; Deinococcaceae; Deinococcus; ASV1347,Deinococcota; Deinococcales; Deinococcaceae
ASV1348,Bacteria,Actinobacteriota,Actinobacteria,Propionibacteriales,Nocardioidaceae,Nocardioides,,Propionibacteriales; Nocardioidaceae; Nocardioides; ASV1348,Actinobacteriota; Propionibacteriales; Nocardioidaceae
ASV1349,Bacteria,Proteobacteria,Alphaproteobacteria,Rhizobiales,Beijerinckiaceae,Psychroglaciecola,metagenome,Rhizobiales; Beijerinckiaceae; Psychroglaciecola; metagenome; ASV1349,Proteobacteria; Rhizobiales; Beijerinckiaceae
ASV1350,Bacteria,Desulfobacterota,Desulfomonilia,Desulfomonilales,Desulfomonilaceae,Desulfomonile,uncultured_bacterium,Desulfomonilales; Desulfomonilaceae; Desulfomonile; uncultured_bacterium; ASV1350,Desulfobacterota; Desulfomonilales; Desulfomonilaceae
ASV1351,Bacteria,Firmicutes,Bacilli,Lactobacillales,Leuconostocaceae,Weissella,,Lactobacillales; Leuconostocaceae; Weissella; ASV1351,Firmicutes; Lactobacillales; Leuconostocaceae
ASV1352,Bacteria,Proteobacteria,Alphaproteobacteria,Azospirillales,Azospirillaceae,Niveispirillum,uncultured_Rhodocista,Azospirillales; Azospirillaceae; Niveispirillum; uncultured_Rhodocista; ASV1352,Proteobacteria; Azospirillales; Azospirillaceae
ASV1353,Bacteria,Bacteroidota,Bacteroidia,Bacteroidales,Dysgonomonadaceae,Dysgonomonas,uncultured_bacterium,Bacteroidales; Dysgonomonadaceae; Dysgonomonas; uncultured_bacterium; ASV1353,Bacteroidota; Bacteroidales; Dysgonomonadaceae
ASV1354,Bacteria,Firmicutes,Clostridia,,,,,ASV1354,Firmicutes
ASV1355,Bacteria,Planctomycetota,Planctomycetes,Isosphaerales,Isosphaeraceae,Tundrisphaera,uncultured_Singulisphaera,Isosphaerales; Isosphaeraceae; Tundrisphaera; uncultured_Singulisphaera; ASV1355,Planctomycetota; Isosphaerales; Isosphaeraceae
ASV1356,Bacteria,Firmicutes,Bacilli,Lactobacillales,Streptococcaceae,Lactococcus,,Lactobacillales; Streptococcaceae; Lactococcus; ASV1356,Firmicutes; Lactobacillales; Streptococcaceae
ASV1357,Bacteria,Firmicutes,Bacilli,Lactobacillales,,,,Lactobacillales; ASV1357,Firmicutes; Lactobacillales
ASV1358,Bacteria,Firmicutes,Bacilli,RsaHf231,RsaHf231,RsaHf231,uncultured_bacterium,RsaHf231; RsaHf231; RsaHf231; uncultured_bacterium; ASV1358,Firmicutes; RsaHf231; RsaHf231
ASV1359,Bacteria,Firmicutes,Clostridia,Clostridiales,Clostridiaceae,Clostridium_sensu_stricto_1,,Clostridiales; Clostridiaceae; Clostridium_sensu_stricto_1; ASV1359,Firmicutes; Clostridiales; Clostridiaceae
ASV1360,Bacteria,Firmicutes,Bacilli,Lactobacillales,Streptococcaceae,Lactococcus,,Lactobacillales; Streptococcaceae; Lactococcus; ASV1360,Firmicutes; Lactobacillales; Streptococcaceae
ASV1361,Bacteria,Proteobacteria,Alphaproteobacteria,Rhizobiales,Devosiaceae,Devosia,Devosia_limi,Rhizobiales; Devosiaceae; Devosia; Devosia_limi; ASV1361,Proteobacteria; Rhizobiales; Devosiaceae
ASV1362,Bacteria,Proteobacteria,Alphaproteobacteria,Rhizobiales,Beijerinckiaceae,Bosea,,Rhizobiales; Beijerinckiaceae; Bosea; ASV1362,Proteobacteria; Rhizobiales; Beijerinckiaceae
ASV1363,Bacteria,Actinobacteriota,Thermoleophilia,Solirubrobacterales,Solirubrobacteraceae,Conexibacter,,Solirubrobacterales; Solirubrobacteraceae; Conexibacter; ASV1363,Actinobacteriota; Solirubrobacterales; Solirubrobacteraceae
ASV1364,Bacteria,Actinobacteriota,Actinobacteria,Micrococcales,Intrasporangiaceae,Aquipuribacter,uncultured_bacterium,Micrococcales; Intrasporangiaceae; Aquipuribacter; uncultured_bacterium; ASV1364,Actinobacteriota; Micrococcales; Intrasporangiaceae
ASV1365,Bacteria,Proteobacteria,Gammaproteobacteria,Oceanospirillales,Saccharospirillaceae,Oleispira,uncultured_bacterium,Oceanospirillales; Saccharospirillaceae; Oleispira; uncultured_bacterium; ASV1365,Proteobacteria; Oceanospirillales; Saccharospirillaceae
ASV1366,Bacteria,Acidobacteriota,Acidobacteriae,Bryobacterales,Bryobacteraceae,Bryobacter,,Bryobacterales; Bryobacteraceae; Bryobacter; ASV1366,Acidobacteriota; Bryobacterales; Bryobacteraceae
ASV1367,Bacteria,Proteobacteria,Alphaproteobacteria,Sphingomonadales,Sphingomonadaceae,Sphingopyxis,,Sphingomonadales; Sphingomonadaceae; Sphingopyxis; ASV1367,Proteobacteria; Sphingomonadales; Sphingomonadaceae
ASV1368,Bacteria,Proteobacteria,Alphaproteobacteria,Sphingomonadales,Sphingomonadaceae,Porphyrobacter,,Sphingomonadales; Sphingomonadaceae; Porphyrobacter; ASV1368,Proteobacteria; Sphingomonadales; Sphingomonadaceae
ASV1369,Bacteria,Proteobacteria,Alphaproteobacteria,Rhizobiales,Hyphomicrobiaceae,Hyphomicrobium,,Rhizobiales; Hyphomicrobiaceae; Hyphomicrobium; ASV1369,Proteobacteria; Rhizobiales; Hyphomicrobiaceae
ASV1370,Bacteria,Proteobacteria,Alphaproteobacteria,Rhizobiales,Beijerinckiaceae,Bosea,,Rhizobiales; Beijerinckiaceae; Bosea; ASV1370,Proteobacteria; Rhizobiales; Beijerinckiaceae
ASV1371,Bacteria,Proteobacteria,Alphaproteobacteria,Rhizobiales,Beijerinckiaceae,Bosea,,Rhizobiales; Beijerinckiaceae; Bosea; ASV1371,Proteobacteria; Rhizobiales; Beijerinckiaceae
ASV1372,Bacteria,Verrucomicrobiota,Chlamydiae,Chlamydiales,Parachlamydiaceae,,,Chlamydiales; Parachlamydiaceae; ASV1372,Verrucomicrobiota; Chlamydiales; Parachlamydiaceae
ASV1373,Bacteria,Proteobacteria,Alphaproteobacteria,Acetobacterales,Acetobacteraceae,Acidiphilium,uncultured_bacterium,Acetobacterales; Acetobacteraceae; Acidiphilium; uncultured_bacterium; ASV1373,Proteobacteria; Acetobacterales; Acetobacteraceae
ASV1374,Bacteria,Firmicutes,Bacilli,Lactobacillales,Streptococcaceae,Lactococcus,,Lactobacillales; Streptococcaceae; Lactococcus; ASV1374,Firmicutes; Lactobacillales; Streptococcaceae
ASV1375,Bacteria,Proteobacteria,Alphaproteobacteria,Rhizobiales,Devosiaceae,Devosia,Devosia_limi,Rhizobiales; Devosiaceae; Devosia; Devosia_limi; ASV1375,Proteobacteria; Rhizobiales; Devosiaceae
ASV1376,Bacteria,Firmicutes,,,,,,ASV1376,Firmicutes
ASV1377,Bacteria,Firmicutes,Clostridia,Clostridia,Hungateiclostridiaceae,,,Clostridia; Hungateiclostridiaceae; ASV1377,Firmicutes; Clostridia; Hungateiclostridiaceae
ASV1378,Bacteria,Proteobacteria,Gammaproteobacteria,Cardiobacteriales,Cardiobacteriales,Cardiobacteriales,uncultured_bacterium,Cardiobacteriales; Cardiobacteriales; Cardiobacteriales; uncultured_bacterium; ASV1378,Proteobacteria; Cardiobacteriales; Cardiobacteriales
ASV1379,Bacteria,Proteobacteria,Alphaproteobacteria,Rhizobiales,Devosiaceae,Devosia,,Rhizobiales; Devosiaceae; Devosia; ASV1379,Proteobacteria; Rhizobiales; Devosiaceae
ASV1380,Bacteria,Proteobacteria,Alphaproteobacteria,Rhizobiales,Beijerinckiaceae,Bosea,,Rhizobiales; Beijerinckiaceae; Bosea; ASV1380,Proteobacteria; Rhizobiales; Beijerinckiaceae
ASV1381,Bacteria,Firmicutes,Clostridia,Eubacteriales,Eubacteriaceae,Acetobacterium,,Eubacteriales; Eubacteriaceae; Acetobacterium; ASV1381,Firmicutes; Eubacteriales; Eubacteriaceae
ASV1382,Bacteria,Verrucomicrobiota,Chlamydiae,Chlamydiales,Parachlamydiaceae,Neochlamydia,metagenome,Chlamydiales; Parachlamydiaceae; Neochlamydia; metagenome; ASV1382,Verrucomicrobiota; Chlamydiales; Parachlamydiaceae
ASV1383,Bacteria,Patescibacteria,Saccharimonadia,Saccharimonadales,Saccharimonadaceae,TM7a,uncultured_bacterium,Saccharimonadales; Saccharimonadaceae; TM7a; uncultured_bacterium; ASV1383,Patescibacteria; Saccharimonadales; Saccharimonadaceae
ASV1384,Bacteria,Proteobacteria,Gammaproteobacteria,Gammaproteobacteria_Incertae_Sedis,,Candidatus_Ovatusbacter,uncultured_proteobacterium,Gammaproteobacteria_Incertae_Sedis; Candidatus_Ovatusbacter; uncultured_proteobacterium; ASV1384,Proteobacteria; Gammaproteobacteria_Incertae_Sedis
ASV1385,Bacteria,Planctomycetota,Planctomycetes,Gemmatales,Gemmataceae,,uncultured_bacterium,Gemmatales; Gemmataceae; uncultured_bacterium; ASV1385,Planctomycetota; Gemmatales; Gemmataceae
ASV1386,Bacteria,Proteobacteria,Alphaproteobacteria,Rhizobiales,Beijerinckiaceae,Bosea,,Rhizobiales; Beijerinckiaceae; Bosea; ASV1386,Proteobacteria; Rhizobiales; Beijerinckiaceae
ASV1387,Bacteria,Cyanobacteria,Cyanobacteriia,,,,,ASV1387,Cyanobacteria
ASV1388,Bacteria,Verrucomicrobiota,Chlamydiae,Chlamydiales,Parachlamydiaceae,,,Chlamydiales; Parachlamydiaceae; ASV1388,Verrucomicrobiota; Chlamydiales; Parachlamydiaceae
ASV1389,Bacteria,Proteobacteria,Alphaproteobacteria,,,,,ASV1389,Proteobacteria
ASV1390,Bacteria,Planctomycetota,Planctomycetes,Planctomycetales,,,uncultured_planctomycete,Planctomycetales; uncultured_planctomycete; ASV1390,Planctomycetota; Planctomycetales
ASV1391,Bacteria,Firmicutes,Bacilli,Lactobacillales,Streptococcaceae,Lactococcus,,Lactobacillales; Streptococcaceae; Lactococcus; ASV1391,Firmicutes; Lactobacillales; Streptococcaceae
ASV1392,Bacteria,Bacteroidota,Bacteroidia,Sphingobacteriales,env.OPS_17,env.OPS_17,,Sphingobacteriales; env.OPS_17; env.OPS_17; ASV1392,Bacteroidota; Sphingobacteriales; env.OPS_17
ASV1393,Bacteria,Bacteroidota,Bacteroidia,Chitinophagales,Chitinophagaceae,Taibaiella,Taibaiella_sp.,Chitinophagales; Chitinophagaceae; Taibaiella; Taibaiella_sp.; ASV1393,Bacteroidota; Chitinophagales; Chitinophagaceae
ASV1394,Bacteria,Planctomycetota,Planctomycetes,Gemmatales,Gemmataceae,,uncultured_bacterium,Gemmatales; Gemmataceae; uncultured_bacterium; ASV1394,Planctomycetota; Gemmatales; Gemmataceae
ASV1395,Bacteria,Proteobacteria,Gammaproteobacteria,Burkholderiales,Comamonadaceae,,,Burkholderiales; Comamonadaceae; ASV1395,Proteobacteria; Burkholderiales; Comamonadaceae
ASV1396,Bacteria,Proteobacteria,Gammaproteobacteria,Pseudomonadales,Pseudomonadaceae,Pseudomonas,,Pseudomonadales; Pseudomonadaceae; Pseudomonas; ASV1396,Proteobacteria; Pseudomonadales; Pseudomonadaceae
ASV1397,Bacteria,Firmicutes,Clostridia,Clostridiales,Clostridiaceae,Clostridium_sensu_stricto_1,,Clostridiales; Clostridiaceae; Clostridium_sensu_stricto_1; ASV1397,Firmicutes; Clostridiales; Clostridiaceae
ASV1398,Bacteria,Firmicutes,Bacilli,Lactobacillales,Streptococcaceae,Lactococcus,,Lactobacillales; Streptococcaceae; Lactococcus; ASV1398,Firmicutes; Lactobacillales; Streptococcaceae
ASV1399,Bacteria,Proteobacteria,Alphaproteobacteria,Rhizobiales,Rhizobiaceae,Allorhizobium-Neorhizobium-Pararhizobium-Rhizobium,,Rhizobiales; Rhizobiaceae; Allorhizobium-Neorhizobium-Pararhizobium-Rhizobium; ASV1399,Proteobacteria; Rhizobiales; Rhizobiaceae
ASV1400,Bacteria,Proteobacteria,Alphaproteobacteria,Rhizobiales,Rhizobiaceae,Mesorhizobium,,Rhizobiales; Rhizobiaceae; Mesorhizobium; ASV1400,Proteobacteria; Rhizobiales; Rhizobiaceae
ASV1401,Bacteria,Proteobacteria,Alphaproteobacteria,Rhizobiales,Xanthobacteraceae,,,Rhizobiales; Xanthobacteraceae; ASV1401,Proteobacteria; Rhizobiales; Xanthobacteraceae
ASV1402,Bacteria,Verrucomicrobiota,Chlamydiae,Chlamydiales,Parachlamydiaceae,Candidatus_Protochlamydia,,Chlamydiales; Parachlamydiaceae; Candidatus_Protochlamydia; ASV1402,Verrucomicrobiota; Chlamydiales; Parachlamydiaceae
ASV1403,Bacteria,Proteobacteria,Alphaproteobacteria,Rhizobiales,Beijerinckiaceae,Bosea,,Rhizobiales; Beijerinckiaceae; Bosea; ASV1403,Proteobacteria; Rhizobiales; Beijerinckiaceae
ASV1404,Bacteria,Proteobacteria,Gammaproteobacteria,Xanthomonadales,Xanthomonadaceae,Stenotrophomonas,,Xanthomonadales; Xanthomonadaceae; Stenotrophomonas; ASV1404,Proteobacteria; Xanthomonadales; Xanthomonadaceae
ASV1405,Bacteria,Proteobacteria,Gammaproteobacteria,Burkholderiales,Oxalobacteraceae,Janthinobacterium,,Burkholderiales; Oxalobacteraceae; Janthinobacterium; ASV1405,Proteobacteria; Burkholderiales; Oxalobacteraceae
ASV1406,Bacteria,Proteobacteria,Alphaproteobacteria,Rhizobiales,Methyloligellaceae,,,Rhizobiales; Methyloligellaceae; ASV1406,Proteobacteria; Rhizobiales; Methyloligellaceae
ASV1407,Bacteria,Proteobacteria,Gammaproteobacteria,Burkholderiales,Rhodocyclaceae,Zoogloea,,Burkholderiales; Rhodocyclaceae; Zoogloea; ASV1407,Proteobacteria; Burkholderiales; Rhodocyclaceae
ASV1408,Bacteria,Proteobacteria,Gammaproteobacteria,Burkholderiales,Oxalobacteraceae,,,Burkholderiales; Oxalobacteraceae; ASV1408,Proteobacteria; Burkholderiales; Oxalobacteraceae
ASV1409,Bacteria,Proteobacteria,Gammaproteobacteria,Legionellales,Legionellaceae,Legionella,uncultured_bacterium,Legionellales; Legionellaceae; Legionella; uncultured_bacterium; ASV1409,Proteobacteria; Legionellales; Legionellaceae
ASV1410,Bacteria,Firmicutes,Clostridia,Clostridiales,Caloramatoraceae,Fonticella,uncultured_bacterium,Clostridiales; Caloramatoraceae; Fonticella; uncultured_bacterium; ASV1410,Firmicutes; Clostridiales; Caloramatoraceae
ASV1411,Bacteria,Actinobacteriota,Actinobacteria,Corynebacteriales,Mycobacteriaceae,Mycobacterium,,Corynebacteriales; Mycobacteriaceae; Mycobacterium; ASV1411,Actinobacteriota; Corynebacteriales; Mycobacteriaceae
ASV1412,Bacteria,Proteobacteria,Gammaproteobacteria,Burkholderiales,Oxalobacteraceae,Massilia,,Burkholderiales; Oxalobacteraceae; Massilia; ASV1412,Proteobacteria; Burkholderiales; Oxalobacteraceae
ASV1413,Bacteria,Proteobacteria,Gammaproteobacteria,Burkholderiales,Oxalobacteraceae,,,Burkholderiales; Oxalobacteraceae; ASV1413,Proteobacteria; Burkholderiales; Oxalobacteraceae
ASV1414,Bacteria,Gemmatimonadota,Gemmatimonadetes,Gemmatimonadales,Gemmatimonadaceae,Gemmatimonas,uncultured_bacterium,Gemmatimonadales; Gemmatimonadaceae; Gemmatimonas; uncultured_bacterium; ASV1414,Gemmatimonadota; Gemmatimonadales; Gemmatimonadaceae
ASV1415,Bacteria,Firmicutes,Bacilli,Paenibacillales,Paenibacillaceae,Paenibacillus,,Paenibacillales; Paenibacillaceae; Paenibacillus; ASV1415,Firmicutes; Paenibacillales; Paenibacillaceae
ASV1416,Bacteria,Proteobacteria,Gammaproteobacteria,Burkholderiales,Comamonadaceae,,,Burkholderiales; Comamonadaceae; ASV1416,Proteobacteria; Burkholderiales; Comamonadaceae
ASV1417,Bacteria,Verrucomicrobiota,Chlamydiae,Chlamydiales,Parachlamydiaceae,,,Chlamydiales; Parachlamydiaceae; ASV1417,Verrucomicrobiota; Chlamydiales; Parachlamydiaceae
ASV1418,Bacteria,Firmicutes,Bacilli,Lactobacillales,Streptococcaceae,Lactococcus,,Lactobacillales; Streptococcaceae; Lactococcus; ASV1418,Firmicutes; Lactobacillales; Streptococcaceae
ASV1419,Bacteria,Planctomycetota,Planctomycetes,Planctomycetales,Schlesneriaceae,Schlesneria,uncultured_bacterium,Planctomycetales; Schlesneriaceae; Schlesneria; uncultured_bacterium; ASV1419,Planctomycetota; Planctomycetales; Schlesneriaceae
ASV1420,Bacteria,Myxococcota,Polyangia,Nannocystales,Nannocystaceae,Nannocystis,Nannocystis_exedens,Nannocystales; Nannocystaceae; Nannocystis; Nannocystis_exedens; ASV1420,Myxococcota; Nannocystales; Nannocystaceae
ASV1421,Bacteria,Firmicutes,Clostridia,Clostridiales,Clostridiaceae,Clostridium_sensu_stricto_1,,Clostridiales; Clostridiaceae; Clostridium_sensu_stricto_1; ASV1421,Firmicutes; Clostridiales; Clostridiaceae
ASV1422,Bacteria,Actinobacteriota,Acidimicrobiia,Microtrichales,Ilumatobacteraceae,CL500-29_marine_group,metagenome,Microtrichales; Ilumatobacteraceae; CL500-29_marine_group; metagenome; ASV1422,Actinobacteriota; Microtrichales; Ilumatobacteraceae
ASV1423,Bacteria,Actinobacteriota,Actinobacteria,Corynebacteriales,Corynebacteriaceae,Corynebacterium,,Corynebacteriales; Corynebacteriaceae; Corynebacterium; ASV1423,Actinobacteriota; Corynebacteriales; Corynebacteriaceae
ASV1424,Bacteria,Firmicutes,Bacilli,Lactobacillales,,,,Lactobacillales; ASV1424,Firmicutes; Lactobacillales
ASV1425,Bacteria,Actinobacteriota,Acidimicrobiia,IMCC26256,IMCC26256,IMCC26256,,IMCC26256; IMCC26256; IMCC26256; ASV1425,Actinobacteriota; IMCC26256; IMCC26256
ASV1426,Bacteria,Actinobacteriota,Thermoleophilia,Solirubrobacterales,Solirubrobacteraceae,Solirubrobacter,uncultured_bacterium,Solirubrobacterales; Solirubrobacteraceae; Solirubrobacter; uncultured_bacterium; ASV1426,Actinobacteriota; Solirubrobacterales; Solirubrobacteraceae
ASV1427,Bacteria,Proteobacteria,Alphaproteobacteria,Rhizobiales,Devosiaceae,Devosia,Devosia_limi,Rhizobiales; Devosiaceae; Devosia; Devosia_limi; ASV1427,Proteobacteria; Rhizobiales; Devosiaceae
ASV1428,Bacteria,Planctomycetota,Planctomycetes,Pirellulales,Pirellulaceae,,metagenome,Pirellulales; Pirellulaceae; metagenome; ASV1428,Planctomycetota; Pirellulales; Pirellulaceae
ASV1429,Bacteria,Proteobacteria,Alphaproteobacteria,SAR11_clade,Clade_I,Clade_Ia,,SAR11_clade; Clade_I; Clade_Ia; ASV1429,Proteobacteria; SAR11_clade; Clade_I
ASV1430,Bacteria,Proteobacteria,Gammaproteobacteria,Oceanospirillales,Nitrincolaceae,Corallomonas,,Oceanospirillales; Nitrincolaceae; Corallomonas; ASV1430,Proteobacteria; Oceanospirillales; Nitrincolaceae
ASV1431,Bacteria,Firmicutes,Clostridia,Peptostreptococcales-Tissierellales,Peptostreptococcales-Tissierellales,Peptoniphilus,Peptoniphilus_lacrimalis,Peptostreptococcales-Tissierellales; Peptostreptococcales-Tissierellales; Peptoniphilus; Peptoniphilus_lacrimalis; ASV1431,Firmicutes; Peptostreptococcales-Tissierellales; Peptostreptococcales-Tissierellales
ASV1432,Bacteria,Planctomycetota,Planctomycetes,Gemmatales,Gemmataceae,Fimbriiglobus,metagenome,Gemmatales; Gemmataceae; Fimbriiglobus; metagenome; ASV1432,Planctomycetota; Gemmatales; Gemmataceae
ASV1433,Bacteria,Proteobacteria,Gammaproteobacteria,Diplorickettsiales,Diplorickettsiaceae,,uncultured_bacterium,Diplorickettsiales; Diplorickettsiaceae; uncultured_bacterium; ASV1433,Proteobacteria; Diplorickettsiales; Diplorickettsiaceae
ASV1434,Bacteria,Proteobacteria,Gammaproteobacteria,Legionellales,Legionellaceae,Legionella,,Legionellales; Legionellaceae; Legionella; ASV1434,Proteobacteria; Legionellales; Legionellaceae
ASV1435,Bacteria,Proteobacteria,Alphaproteobacteria,Rhizobiales,Devosiaceae,Devosia,Devosia_limi,Rhizobiales; Devosiaceae; Devosia; Devosia_limi; ASV1435,Proteobacteria; Rhizobiales; Devosiaceae
ASV1436,Bacteria,Planctomycetota,Planctomycetes,Gemmatales,Gemmataceae,Gemmata,,Gemmatales; Gemmataceae; Gemmata; ASV1436,Planctomycetota; Gemmatales; Gemmataceae
ASV1437,Bacteria,Bacteroidota,Bacteroidia,Sphingobacteriales,Sphingobacteriaceae,Pedobacter,,Sphingobacteriales; Sphingobacteriaceae; Pedobacter; ASV1437,Bacteroidota; Sphingobacteriales; Sphingobacteriaceae
ASV1438,Bacteria,Proteobacteria,Alphaproteobacteria,Sphingomonadales,Sphingomonadaceae,Sphingomonas,,Sphingomonadales; Sphingomonadaceae; Sphingomonas; ASV1438,Proteobacteria; Sphingomonadales; Sphingomonadaceae
ASV1439,Bacteria,Proteobacteria,Alphaproteobacteria,Caulobacterales,Caulobacteraceae,Caulobacter,,Caulobacterales; Caulobacteraceae; Caulobacter; ASV1439,Proteobacteria; Caulobacterales; Caulobacteraceae
ASV1440,Bacteria,Firmicutes,Clostridia,Clostridiales,Clostridiaceae,Clostridium_sensu_stricto_1,,Clostridiales; Clostridiaceae; Clostridium_sensu_stricto_1; ASV1440,Firmicutes; Clostridiales; Clostridiaceae
ASV1441,Bacteria,Actinobacteriota,Thermoleophilia,Solirubrobacterales,67-14,67-14,,Solirubrobacterales; 67-14; 67-14; ASV1441,Actinobacteriota; Solirubrobacterales; 67-14
ASV1442,Bacteria,Actinobacteriota,Actinobacteria,Corynebacteriales,Corynebacteriaceae,Turicella,uncultured_bacterium,Corynebacteriales; Corynebacteriaceae; Turicella; uncultured_bacterium; ASV1442,Actinobacteriota; Corynebacteriales; Corynebacteriaceae
ASV1443,Bacteria,Verrucomicrobiota,Verrucomicrobiae,Verrucomicrobiales,Rubritaleaceae,Luteolibacter,,Verrucomicrobiales; Rubritaleaceae; Luteolibacter; ASV1443,Verrucomicrobiota; Verrucomicrobiales; Rubritaleaceae
ASV1444,Bacteria,Proteobacteria,Alphaproteobacteria,Rhizobiales,Beijerinckiaceae,Bosea,,Rhizobiales; Beijerinckiaceae; Bosea; ASV1444,Proteobacteria; Rhizobiales; Beijerinckiaceae
ASV1445,Bacteria,Proteobacteria,Alphaproteobacteria,Rhizobiales,Beijerinckiaceae,1174-901-12,uncultured_bacterium,Rhizobiales; Beijerinckiaceae; 1174-901-12; uncultured_bacterium; ASV1445,Proteobacteria; Rhizobiales; Beijerinckiaceae
ASV1446,Bacteria,Firmicutes,Bacilli,Lactobacillales,Enterococcaceae,Enterococcus,,Lactobacillales; Enterococcaceae; Enterococcus; ASV1446,Firmicutes; Lactobacillales; Enterococcaceae
ASV1447,Bacteria,Proteobacteria,Gammaproteobacteria,Xanthomonadales,Xanthomonadaceae,Stenotrophomonas,Stenotrophomonas_nitritireducens,Xanthomonadales; Xanthomonadaceae; Stenotrophomonas; Stenotrophomonas_nitritireducens; ASV1447,Proteobacteria; Xanthomonadales; Xanthomonadaceae
ASV1448,Bacteria,Verrucomicrobiota,Verrucomicrobiae,Chthoniobacterales,Chthoniobacteraceae,LD29,uncultured_bacterium,Chthoniobacterales; Chthoniobacteraceae; LD29; uncultured_bacterium; ASV1448,Verrucomicrobiota; Chthoniobacterales; Chthoniobacteraceae
ASV1449,Bacteria,Proteobacteria,Alphaproteobacteria,Rhizobiales,Beijerinckiaceae,Methylobacterium-Methylorubrum,uncultured_Methylobacterium,Rhizobiales; Beijerinckiaceae; Methylobacterium-Methylorubrum; uncultured_Methylobacterium; ASV1449,Proteobacteria; Rhizobiales; Beijerinckiaceae
ASV1450,Bacteria,Planctomycetota,Planctomycetes,Isosphaerales,Isosphaeraceae,Candidatus_Nostocoida,uncultured_bacterium,Isosphaerales; Isosphaeraceae; Candidatus_Nostocoida; uncultured_bacterium; ASV1450,Planctomycetota; Isosphaerales; Isosphaeraceae
ASV1451,Bacteria,Chloroflexi,Chloroflexia,Thermomicrobiales,JG30-KF-CM45,JG30-KF-CM45,,Thermomicrobiales; JG30-KF-CM45; JG30-KF-CM45; ASV1451,Chloroflexi; Thermomicrobiales; JG30-KF-CM45
ASV1452,Bacteria,Proteobacteria,Alphaproteobacteria,Rhizobiales,Devosiaceae,Devosia,,Rhizobiales; Devosiaceae; Devosia; ASV1452,Proteobacteria; Rhizobiales; Devosiaceae
ASV1453,Bacteria,Bdellovibrionota,Oligoflexia,Oligoflexales,,,,Oligoflexales; ASV1453,Bdellovibrionota; Oligoflexales
ASV1454,Bacteria,Planctomycetota,Planctomycetes,Pirellulales,Pirellulaceae,Pirellula,,Pirellulales; Pirellulaceae; Pirellula; ASV1454,Planctomycetota; Pirellulales; Pirellulaceae
ASV1455,Bacteria,Actinobacteriota,Actinobacteria,Pseudonocardiales,Pseudonocardiaceae,Pseudonocardia,,Pseudonocardiales; Pseudonocardiaceae; Pseudonocardia; ASV1455,Actinobacteriota; Pseudonocardiales; Pseudonocardiaceae
ASV1456,Bacteria,Proteobacteria,Alphaproteobacteria,Acetobacterales,Acetobacteraceae,Roseomonas,,Acetobacterales; Acetobacteraceae; Roseomonas; ASV1456,Proteobacteria; Acetobacterales; Acetobacteraceae
ASV1457,Bacteria,Bacteroidota,Bacteroidia,Sphingobacteriales,Sphingobacteriaceae,Pedobacter,,Sphingobacteriales; Sphingobacteriaceae; Pedobacter; ASV1457,Bacteroidota; Sphingobacteriales; Sphingobacteriaceae
ASV1458,Bacteria,Firmicutes,Clostridia,Clostridiales,Clostridiaceae,Clostridium_sensu_stricto_1,,Clostridiales; Clostridiaceae; Clostridium_sensu_stricto_1; ASV1458,Firmicutes; Clostridiales; Clostridiaceae
ASV1459,Bacteria,Actinobacteriota,Actinobacteria,Propionibacteriales,Nocardioidaceae,Nocardioides,,Propionibacteriales; Nocardioidaceae; Nocardioides; ASV1459,Actinobacteriota; Propionibacteriales; Nocardioidaceae
ASV1460,Bacteria,Actinobacteriota,Actinobacteria,Frankiales,,,,Frankiales; ASV1460,Actinobacteriota; Frankiales
ASV1461,Bacteria,Proteobacteria,Gammaproteobacteria,Diplorickettsiales,Diplorickettsiaceae,,bacterium_enrichment,Diplorickettsiales; Diplorickettsiaceae; bacterium_enrichment; ASV1461,Proteobacteria; Diplorickettsiales; Diplorickettsiaceae
ASV1462,Bacteria,Planctomycetota,Planctomycetes,Isosphaerales,Isosphaeraceae,,uncultured_bacterium,Isosphaerales; Isosphaeraceae; uncultured_bacterium; ASV1462,Planctomycetota; Isosphaerales; Isosphaeraceae
ASV1463,Bacteria,Actinobacteriota,Actinobacteria,Propionibacteriales,Nocardioidaceae,Kribbella,,Propionibacteriales; Nocardioidaceae; Kribbella; ASV1463,Actinobacteriota; Propionibacteriales; Nocardioidaceae
ASV1464,Bacteria,Planctomycetota,Planctomycetes,Gemmatales,Gemmataceae,Gemmata,uncultured_bacterium,Gemmatales; Gemmataceae; Gemmata; uncultured_bacterium; ASV1464,Planctomycetota; Gemmatales; Gemmataceae
ASV1465,Bacteria,Proteobacteria,Alphaproteobacteria,Rhizobiales,Devosiaceae,Devosia,,Rhizobiales; Devosiaceae; Devosia; ASV1465,Proteobacteria; Rhizobiales; Devosiaceae
ASV1466,Bacteria,Actinobacteriota,Actinobacteria,Micrococcales,Microbacteriaceae,,,Micrococcales; Microbacteriaceae; ASV1466,Actinobacteriota; Micrococcales; Microbacteriaceae
ASV1467,Bacteria,Firmicutes,Clostridia,Clostridiales,Clostridiaceae,Clostridium_sensu_stricto_1,,Clostridiales; Clostridiaceae; Clostridium_sensu_stricto_1; ASV1467,Firmicutes; Clostridiales; Clostridiaceae
ASV1468,Bacteria,Proteobacteria,Alphaproteobacteria,Rhizobiales,Devosiaceae,Devosia,,Rhizobiales; Devosiaceae; Devosia; ASV1468,Proteobacteria; Rhizobiales; Devosiaceae
ASV1469,Bacteria,Acidobacteriota,Acidobacteriae,Acidobacteriales,Acidobacteriaceae_(Subgroup_1),Granulicella,uncultured_bacterium,Acidobacteriales; Acidobacteriaceae_(Subgroup_1); Granulicella; uncultured_bacterium; ASV1469,Acidobacteriota; Acidobacteriales; Acidobacteriaceae_(Subgroup_1)
ASV1470,Bacteria,Proteobacteria,Gammaproteobacteria,Oceanospirillales,Marinomonadaceae,Marinomonas,Marinomonas_communis,Oceanospirillales; Marinomonadaceae; Marinomonas; Marinomonas_communis; ASV1470,Proteobacteria; Oceanospirillales; Marinomonadaceae
ASV1471,Bacteria,Myxococcota,Polyangia,Polyangiales,Polyangiaceae,Pajaroellobacter,metagenome,Polyangiales; Polyangiaceae; Pajaroellobacter; metagenome; ASV1471,Myxococcota; Polyangiales; Polyangiaceae
ASV1472,Bacteria,Proteobacteria,Alphaproteobacteria,Sphingomonadales,Sphingomonadaceae,Sphingomonas,,Sphingomonadales; Sphingomonadaceae; Sphingomonas; ASV1472,Proteobacteria; Sphingomonadales; Sphingomonadaceae
ASV1473,Bacteria,Chloroflexi,Chloroflexia,Thermomicrobiales,JG30-KF-CM45,JG30-KF-CM45,,Thermomicrobiales; JG30-KF-CM45; JG30-KF-CM45; ASV1473,Chloroflexi; Thermomicrobiales; JG30-KF-CM45
ASV1474,Bacteria,Actinobacteriota,Actinobacteria,Micrococcales,Intrasporangiaceae,,,Micrococcales; Intrasporangiaceae; ASV1474,Actinobacteriota; Micrococcales; Intrasporangiaceae
ASV1475,Bacteria,Proteobacteria,Alphaproteobacteria,Rhizobiales,Devosiaceae,Devosia,Devosia_limi,Rhizobiales; Devosiaceae; Devosia; Devosia_limi; ASV1475,Proteobacteria; Rhizobiales; Devosiaceae
ASV1476,Bacteria,Planctomycetota,Planctomycetes,Isosphaerales,Isosphaeraceae,,uncultured_bacterium,Isosphaerales; Isosphaeraceae; uncultured_bacterium; ASV1476,Planctomycetota; Isosphaerales; Isosphaeraceae
ASV1477,Bacteria,Actinobacteriota,Coriobacteriia,Coriobacteriales,Coriobacteriaceae,Collinsella,,Coriobacteriales; Coriobacteriaceae; Collinsella; ASV1477,Actinobacteriota; Coriobacteriales; Coriobacteriaceae
ASV1478,Bacteria,Proteobacteria,Alphaproteobacteria,Rhizobiales,Devosiaceae,Devosia,,Rhizobiales; Devosiaceae; Devosia; ASV1478,Proteobacteria; Rhizobiales; Devosiaceae
ASV1479,Bacteria,Firmicutes,Bacilli,Lactobacillales,Streptococcaceae,Lactococcus,,Lactobacillales; Streptococcaceae; Lactococcus; ASV1479,Firmicutes; Lactobacillales; Streptococcaceae
ASV1480,Bacteria,Proteobacteria,Gammaproteobacteria,Burkholderiales,Comamonadaceae,,,Burkholderiales; Comamonadaceae; ASV1480,Proteobacteria; Burkholderiales; Comamonadaceae
ASV1481,Bacteria,Proteobacteria,Gammaproteobacteria,Burkholderiales,Neisseriaceae,Neisseria,,Burkholderiales; Neisseriaceae; Neisseria; ASV1481,Proteobacteria; Burkholderiales; Neisseriaceae
ASV1482,Bacteria,Proteobacteria,Gammaproteobacteria,Coxiellales,Coxiellaceae,Coxiella,,Coxiellales; Coxiellaceae; Coxiella; ASV1482,Proteobacteria; Coxiellales; Coxiellaceae
ASV1483,Bacteria,Proteobacteria,Alphaproteobacteria,Reyranellales,Reyranellaceae,Reyranella,,Reyranellales; Reyranellaceae; Reyranella; ASV1483,Proteobacteria; Reyranellales; Reyranellaceae
ASV1484,Bacteria,Bacteroidota,Bacteroidia,Cytophagales,Amoebophilaceae,Candidatus_Amoebophilus,,Cytophagales; Amoebophilaceae; Candidatus_Amoebophilus; ASV1484,Bacteroidota; Cytophagales; Amoebophilaceae
ASV1485,Bacteria,Proteobacteria,Alphaproteobacteria,Acetobacterales,Acetobacteraceae,,,Acetobacterales; Acetobacteraceae; ASV1485,Proteobacteria; Acetobacterales; Acetobacteraceae
ASV1486,Bacteria,Armatimonadota,Armatimonadia,Armatimonadales,Armatimonadales,Armatimonadales,uncultured_soil,Armatimonadales; Armatimonadales; Armatimonadales; uncultured_soil; ASV1486,Armatimonadota; Armatimonadales; Armatimonadales
ASV1487,Bacteria,Actinobacteriota,Actinobacteria,Corynebacteriales,Corynebacteriaceae,Corynebacterium,,Corynebacteriales; Corynebacteriaceae; Corynebacterium; ASV1487,Actinobacteriota; Corynebacteriales; Corynebacteriaceae
ASV1488,Bacteria,Chloroflexi,Chloroflexia,Thermomicrobiales,JG30-KF-CM45,JG30-KF-CM45,uncultured_endolithic,Thermomicrobiales; JG30-KF-CM45; JG30-KF-CM45; uncultured_endolithic; ASV1488,Chloroflexi; Thermomicrobiales; JG30-KF-CM45
ASV1489,Bacteria,Chloroflexi,Chloroflexia,Thermomicrobiales,JG30-KF-CM45,JG30-KF-CM45,uncultured_Sphaerobacter,Thermomicrobiales; JG30-KF-CM45; JG30-KF-CM45; uncultured_Sphaerobacter; ASV1489,Chloroflexi; Thermomicrobiales; JG30-KF-CM45
ASV1490,Bacteria,Proteobacteria,Gammaproteobacteria,Burkholderiales,Alcaligenaceae,Achromobacter,,Burkholderiales; Alcaligenaceae; Achromobacter; ASV1490,Proteobacteria; Burkholderiales; Alcaligenaceae
ASV1491,Bacteria,Firmicutes,Bacilli,Staphylococcales,Staphylococcaceae,,,Staphylococcales; Staphylococcaceae; ASV1491,Firmicutes; Staphylococcales; Staphylococcaceae
ASV1492,Bacteria,Actinobacteriota,Actinobacteria,Micrococcales,Dermacoccaceae,Allobranchiibius,,Micrococcales; Dermacoccaceae; Allobranchiibius; ASV1492,Actinobacteriota; Micrococcales; Dermacoccaceae
ASV1493,Bacteria,Firmicutes,Clostridia,Oscillospirales,Oscillospiraceae,Colidextribacter,iron-reducing_bacterium,Oscillospirales; Oscillospiraceae; Colidextribacter; iron-reducing_bacterium; ASV1493,Firmicutes; Oscillospirales; Oscillospiraceae
ASV1494,Bacteria,Proteobacteria,Alphaproteobacteria,Rhizobiales,Beijerinckiaceae,Methylobacterium-Methylorubrum,,Rhizobiales; Beijerinckiaceae; Methylobacterium-Methylorubrum; ASV1494,Proteobacteria; Rhizobiales; Beijerinckiaceae
ASV1495,Bacteria,Planctomycetota,Planctomycetes,Isosphaerales,Isosphaeraceae,,uncultured_bacterium,Isosphaerales; Isosphaeraceae; uncultured_bacterium; ASV1495,Planctomycetota; Isosphaerales; Isosphaeraceae
ASV1496,Bacteria,Actinobacteriota,Actinobacteria,Micrococcales,Micrococcaceae,Paenarthrobacter,,Micrococcales; Micrococcaceae; Paenarthrobacter; ASV1496,Actinobacteriota; Micrococcales; Micrococcaceae
ASV1497,Bacteria,Armatimonadota,Armatimonadia,Armatimonadales,Armatimonadales,Armatimonadales,uncultured_soil,Armatimonadales; Armatimonadales; Armatimonadales; uncultured_soil; ASV1497,Armatimonadota; Armatimonadales; Armatimonadales
ASV1498,Bacteria,Actinobacteriota,Actinobacteria,Actinomycetales,Actinomycetaceae,Actinotignum,uncultured_bacterium,Actinomycetales; Actinomycetaceae; Actinotignum; uncultured_bacterium; ASV1498,Actinobacteriota; Actinomycetales; Actinomycetaceae
ASV1499,Bacteria,Proteobacteria,Gammaproteobacteria,Gammaproteobacteria_Incertae_Sedis,,Candidatus_Ovatusbacter,uncultured_bacterium,Gammaproteobacteria_Incertae_Sedis; Candidatus_Ovatusbacter; uncultured_bacterium; ASV1499,Proteobacteria; Gammaproteobacteria_Incertae_Sedis
ASV1500,Bacteria,Proteobacteria,Alphaproteobacteria,Rhizobiales,Beijerinckiaceae,,uncultured_bacterium,Rhizobiales; Beijerinckiaceae; uncultured_bacterium; ASV1500,Proteobacteria; Rhizobiales; Beijerinckiaceae
ASV1501,Bacteria,Actinobacteriota,Actinobacteria,Propionibacteriales,Nocardioidaceae,Marmoricola,,Propionibacteriales; Nocardioidaceae; Marmoricola; ASV1501,Actinobacteriota; Propionibacteriales; Nocardioidaceae
ASV1502,Bacteria,Actinobacteriota,Acidimicrobiia,Microtrichales,Microtrichaceae,,metagenome,Microtrichales; Microtrichaceae; metagenome; ASV1502,Actinobacteriota; Microtrichales; Microtrichaceae
ASV1503,Bacteria,Firmicutes,Clostridia,Peptostreptococcales-Tissierellales,Peptostreptococcales-Tissierellales,Finegoldia,uncultured_bacterium,Peptostreptococcales-Tissierellales; Peptostreptococcales-Tissierellales; Finegoldia; uncultured_bacterium; ASV1503,Firmicutes; Peptostreptococcales-Tissierellales; Peptostreptococcales-Tissierellales
ASV1504,Bacteria,Bacteroidota,Bacteroidia,Flavobacteriales,Flavobacteriaceae,Flavobacterium,,Flavobacteriales; Flavobacteriaceae; Flavobacterium; ASV1504,Bacteroidota; Flavobacteriales; Flavobacteriaceae
ASV1505,Bacteria,Proteobacteria,Alphaproteobacteria,Rhizobiales,Hyphomicrobiaceae,Hyphomicrobium,uncultured_bacterium,Rhizobiales; Hyphomicrobiaceae; Hyphomicrobium; uncultured_bacterium; ASV1505,Proteobacteria; Rhizobiales; Hyphomicrobiaceae
ASV1506,Bacteria,Planctomycetota,Planctomycetes,Isosphaerales,Isosphaeraceae,,,Isosphaerales; Isosphaeraceae; ASV1506,Planctomycetota; Isosphaerales; Isosphaeraceae
ASV1507,Bacteria,Actinobacteriota,Actinobacteria,Streptomycetales,Streptomycetaceae,,,Streptomycetales; Streptomycetaceae; ASV1507,Actinobacteriota; Streptomycetales; Streptomycetaceae
ASV1508,Bacteria,Firmicutes,Bacilli,Lactobacillales,Streptococcaceae,Lactococcus,,Lactobacillales; Streptococcaceae; Lactococcus; ASV1508,Firmicutes; Lactobacillales; Streptococcaceae
ASV1509,Bacteria,Proteobacteria,Gammaproteobacteria,Pseudomonadales,Pseudomonadaceae,Pseudomonas,,Pseudomonadales; Pseudomonadaceae; Pseudomonas; ASV1509,Proteobacteria; Pseudomonadales; Pseudomonadaceae
ASV1510,Bacteria,Proteobacteria,Alphaproteobacteria,Sphingomonadales,Sphingomonadaceae,,,Sphingomonadales; Sphingomonadaceae; ASV1510,Proteobacteria; Sphingomonadales; Sphingomonadaceae
ASV1511,Bacteria,Proteobacteria,Gammaproteobacteria,Enterobacterales,Hafniaceae,Hafnia-Obesumbacterium,,Enterobacterales; Hafniaceae; Hafnia-Obesumbacterium; ASV1511,Proteobacteria; Enterobacterales; Hafniaceae
ASV1512,Bacteria,Actinobacteriota,Actinobacteria,Corynebacteriales,Corynebacteriaceae,Corynebacterium,Corynebacterium_glucuronolyticum,Corynebacteriales; Corynebacteriaceae; Corynebacterium; Corynebacterium_glucuronolyticum; ASV1512,Actinobacteriota; Corynebacteriales; Corynebacteriaceae
ASV1513,Bacteria,Planctomycetota,Planctomycetes,Gemmatales,Gemmataceae,Gemmata,uncultured_bacterium,Gemmatales; Gemmataceae; Gemmata; uncultured_bacterium; ASV1513,Planctomycetota; Gemmatales; Gemmataceae
ASV1514,Bacteria,Planctomycetota,Planctomycetes,Pirellulales,Pirellulaceae,Pirellula,uncultured_bacterium,Pirellulales; Pirellulaceae; Pirellula; uncultured_bacterium; ASV1514,Planctomycetota; Pirellulales; Pirellulaceae
ASV1515,Bacteria,Proteobacteria,Alphaproteobacteria,Rhizobiales,Rhizobiaceae,Allorhizobium-Neorhizobium-Pararhizobium-Rhizobium,,Rhizobiales; Rhizobiaceae; Allorhizobium-Neorhizobium-Pararhizobium-Rhizobium; ASV1515,Proteobacteria; Rhizobiales; Rhizobiaceae
ASV1516,Bacteria,Proteobacteria,Gammaproteobacteria,Burkholderiales,Oxalobacteraceae,Undibacterium,,Burkholderiales; Oxalobacteraceae; Undibacterium; ASV1516,Proteobacteria; Burkholderiales; Oxalobacteraceae
ASV1517,Bacteria,Proteobacteria,Alphaproteobacteria,Rhizobiales,Rhizobiaceae,Allorhizobium-Neorhizobium-Pararhizobium-Rhizobium,,Rhizobiales; Rhizobiaceae; Allorhizobium-Neorhizobium-Pararhizobium-Rhizobium; ASV1517,Proteobacteria; Rhizobiales; Rhizobiaceae
ASV1518,Bacteria,Actinobacteriota,Actinobacteria,Micrococcales,Promicromonosporaceae,,,Micrococcales; Promicromonosporaceae; ASV1518,Actinobacteriota; Micrococcales; Promicromonosporaceae
ASV1519,Bacteria,Proteobacteria,Alphaproteobacteria,Reyranellales,Reyranellaceae,Reyranella,metagenome,Reyranellales; Reyranellaceae; Reyranella; metagenome; ASV1519,Proteobacteria; Reyranellales; Reyranellaceae
ASV1520,Bacteria,Acidobacteriota,Acidobacteriae,Solibacterales,Solibacteraceae,Candidatus_Solibacter,uncultured_forest,Solibacterales; Solibacteraceae; Candidatus_Solibacter; uncultured_forest; ASV1520,Acidobacteriota; Solibacterales; Solibacteraceae
ASV1521,Bacteria,Firmicutes,Clostridia,Clostridia,Hungateiclostridiaceae,Ruminiclostridium,,Clostridia; Hungateiclostridiaceae; Ruminiclostridium; ASV1521,Firmicutes; Clostridia; Hungateiclostridiaceae
ASV1522,Bacteria,Proteobacteria,Gammaproteobacteria,Pseudomonadales,Pseudomonadaceae,Pseudomonas,,Pseudomonadales; Pseudomonadaceae; Pseudomonas; ASV1522,Proteobacteria; Pseudomonadales; Pseudomonadaceae
ASV1523,Bacteria,Planctomycetota,Planctomycetes,Gemmatales,Gemmataceae,,metagenome,Gemmatales; Gemmataceae; metagenome; ASV1523,Planctomycetota; Gemmatales; Gemmataceae
ASV1524,Bacteria,Myxococcota,Polyangia,Haliangiales,Haliangiaceae,Haliangium,uncultured_Myxococcales,Haliangiales; Haliangiaceae; Haliangium; uncultured_Myxococcales; ASV1524,Myxococcota; Haliangiales; Haliangiaceae
ASV1525,Bacteria,Proteobacteria,Alphaproteobacteria,Rhizobiales,Beijerinckiaceae,Bosea,uncultured_bacterium,Rhizobiales; Beijerinckiaceae; Bosea; uncultured_bacterium; ASV1525,Proteobacteria; Rhizobiales; Beijerinckiaceae
ASV1526,Bacteria,Proteobacteria,Alphaproteobacteria,Rhizobiales,Beijerinckiaceae,Bosea,,Rhizobiales; Beijerinckiaceae; Bosea; ASV1526,Proteobacteria; Rhizobiales; Beijerinckiaceae
ASV1527,Bacteria,Verrucomicrobiota,Chlamydiae,Chlamydiales,Parachlamydiaceae,Candidatus_Protochlamydia,metagenome,Chlamydiales; Parachlamydiaceae; Candidatus_Protochlamydia; metagenome; ASV1527,Verrucomicrobiota; Chlamydiales; Parachlamydiaceae
ASV1528,Bacteria,Proteobacteria,Alphaproteobacteria,Rhizobiales,Devosiaceae,Devosia,,Rhizobiales; Devosiaceae; Devosia; ASV1528,Proteobacteria; Rhizobiales; Devosiaceae
ASV1529,Bacteria,Planctomycetota,Planctomycetes,Planctomycetales,Schlesneriaceae,Schlesneria,uncultured_bacterium,Planctomycetales; Schlesneriaceae; Schlesneria; uncultured_bacterium; ASV1529,Planctomycetota; Planctomycetales; Schlesneriaceae
ASV1530,Bacteria,Proteobacteria,Gammaproteobacteria,Pseudomonadales,Moraxellaceae,Acinetobacter,,Pseudomonadales; Moraxellaceae; Acinetobacter; ASV1530,Proteobacteria; Pseudomonadales; Moraxellaceae
ASV1531,Bacteria,Planctomycetota,Planctomycetes,Isosphaerales,Isosphaeraceae,Singulisphaera,uncultured_Singulisphaera,Isosphaerales; Isosphaeraceae; Singulisphaera; uncultured_Singulisphaera; ASV1531,Planctomycetota; Isosphaerales; Isosphaeraceae
ASV1532,Bacteria,Planctomycetota,Planctomycetes,Isosphaerales,Isosphaeraceae,,Isosphaera_sp.,Isosphaerales; Isosphaeraceae; Isosphaera_sp.; ASV1532,Planctomycetota; Isosphaerales; Isosphaeraceae
ASV1533,Bacteria,Planctomycetota,Planctomycetes,Isosphaerales,Isosphaeraceae,Aquisphaera,,Isosphaerales; Isosphaeraceae; Aquisphaera; ASV1533,Planctomycetota; Isosphaerales; Isosphaeraceae
ASV1534,Bacteria,Proteobacteria,Alphaproteobacteria,Rhizobiales,Beijerinckiaceae,Bosea,,Rhizobiales; Beijerinckiaceae; Bosea; ASV1534,Proteobacteria; Rhizobiales; Beijerinckiaceae
ASV1535,Bacteria,Firmicutes,Bacilli,Paenibacillales,Paenibacillaceae,Paenibacillus,,Paenibacillales; Paenibacillaceae; Paenibacillus; ASV1535,Firmicutes; Paenibacillales; Paenibacillaceae
ASV1536,Bacteria,Proteobacteria,Alphaproteobacteria,Rhizobiales,Xanthobacteraceae,,,Rhizobiales; Xanthobacteraceae; ASV1536,Proteobacteria; Rhizobiales; Xanthobacteraceae
ASV1537,Bacteria,Proteobacteria,Gammaproteobacteria,Methylococcales,Methylomonadaceae,Crenothrix,uncultured_bacterium,Methylococcales; Methylomonadaceae; Crenothrix; uncultured_bacterium; ASV1537,Proteobacteria; Methylococcales; Methylomonadaceae
ASV1538,Bacteria,Proteobacteria,Alphaproteobacteria,Rhizobiales,Beijerinckiaceae,Bosea,,Rhizobiales; Beijerinckiaceae; Bosea; ASV1538,Proteobacteria; Rhizobiales; Beijerinckiaceae
ASV1539,Bacteria,Planctomycetota,Planctomycetes,Gemmatales,Gemmataceae,Telmatocola,Telmatocola_sphagniphila,Gemmatales; Gemmataceae; Telmatocola; Telmatocola_sphagniphila; ASV1539,Planctomycetota; Gemmatales; Gemmataceae
ASV1540,Bacteria,Proteobacteria,Alphaproteobacteria,Rhizobiales,Hyphomicrobiaceae,Hyphomicrobium,metagenome,Rhizobiales; Hyphomicrobiaceae; Hyphomicrobium; metagenome; ASV1540,Proteobacteria; Rhizobiales; Hyphomicrobiaceae
ASV1541,Bacteria,Proteobacteria,Gammaproteobacteria,Diplorickettsiales,Diplorickettsiaceae,,metagenome,Diplorickettsiales; Diplorickettsiaceae; metagenome; ASV1541,Proteobacteria; Diplorickettsiales; Diplorickettsiaceae
ASV1542,Bacteria,Planctomycetota,Planctomycetes,Isosphaerales,Isosphaeraceae,,Isosphaera_sp.,Isosphaerales; Isosphaeraceae; Isosphaera_sp.; ASV1542,Planctomycetota; Isosphaerales; Isosphaeraceae
ASV1543,Bacteria,Proteobacteria,Gammaproteobacteria,Cellvibrionales,Cellvibrionaceae,Cellvibrio,,Cellvibrionales; Cellvibrionaceae; Cellvibrio; ASV1543,Proteobacteria; Cellvibrionales; Cellvibrionaceae
ASV1544,Bacteria,Firmicutes,Clostridia,Lachnospirales,Lachnospiraceae,,,Lachnospirales; Lachnospiraceae; ASV1544,Firmicutes; Lachnospirales; Lachnospiraceae
ASV1545,Bacteria,Proteobacteria,Alphaproteobacteria,Rhizobiales,Beijerinckiaceae,Bosea,,Rhizobiales; Beijerinckiaceae; Bosea; ASV1545,Proteobacteria; Rhizobiales; Beijerinckiaceae
ASV1546,Bacteria,Actinobacteriota,Actinobacteria,Micrococcales,Micrococcaceae,Kocuria,,Micrococcales; Micrococcaceae; Kocuria; ASV1546,Actinobacteriota; Micrococcales; Micrococcaceae
ASV1547,Bacteria,Proteobacteria,Alphaproteobacteria,Rhizobiales,Devosiaceae,Devosia,Devosia_psychrophila,Rhizobiales; Devosiaceae; Devosia; Devosia_psychrophila; ASV1547,Proteobacteria; Rhizobiales; Devosiaceae
ASV1548,Bacteria,Planctomycetota,Planctomycetes,Planctomycetales,Rubinisphaeraceae,SH-PL14,uncultured_planctomycete,Planctomycetales; Rubinisphaeraceae; SH-PL14; uncultured_planctomycete; ASV1548,Planctomycetota; Planctomycetales; Rubinisphaeraceae
ASV1549,Bacteria,Firmicutes,Bacilli,RsaHf231,RsaHf231,RsaHf231,,RsaHf231; RsaHf231; RsaHf231; ASV1549,Firmicutes; RsaHf231; RsaHf231
ASV1550,Bacteria,Proteobacteria,Gammaproteobacteria,Coxiellales,Coxiellaceae,Coxiella,,Coxiellales; Coxiellaceae; Coxiella; ASV1550,Proteobacteria; Coxiellales; Coxiellaceae
ASV1551,Bacteria,Bacteroidota,Bacteroidia,Bacteroidales,Dysgonomonadaceae,Dysgonomonas,uncultured_bacterium,Bacteroidales; Dysgonomonadaceae; Dysgonomonas; uncultured_bacterium; ASV1551,Bacteroidota; Bacteroidales; Dysgonomonadaceae
ASV1552,Bacteria,Actinobacteriota,Acidimicrobiia,Microtrichales,Ilumatobacteraceae,CL500-29_marine_group,metagenome,Microtrichales; Ilumatobacteraceae; CL500-29_marine_group; metagenome; ASV1552,Actinobacteriota; Microtrichales; Ilumatobacteraceae
ASV1553,Bacteria,Planctomycetota,Planctomycetes,Isosphaerales,Isosphaeraceae,,uncultured_bacterium,Isosphaerales; Isosphaeraceae; uncultured_bacterium; ASV1553,Planctomycetota; Isosphaerales; Isosphaeraceae
ASV1554,Bacteria,Cyanobacteria,Cyanobacteriia,Leptolyngbyales,Leptolyngbyaceae,Chamaesiphon_PCC-7430,uncultured_bacterium,Leptolyngbyales; Leptolyngbyaceae; Chamaesiphon_PCC-7430; uncultured_bacterium; ASV1554,Cyanobacteria; Leptolyngbyales; Leptolyngbyaceae
ASV1555,Bacteria,Firmicutes,Clostridia,Lachnospirales,Lachnospiraceae,Tyzzerella,Galloisiana_yuasai,Lachnospirales; Lachnospiraceae; Tyzzerella; Galloisiana_yuasai; ASV1555,Firmicutes; Lachnospirales; Lachnospiraceae
ASV1556,Bacteria,Proteobacteria,Gammaproteobacteria,Diplorickettsiales,Diplorickettsiaceae,Aquicella,,Diplorickettsiales; Diplorickettsiaceae; Aquicella; ASV1556,Proteobacteria; Diplorickettsiales; Diplorickettsiaceae
ASV1557,Bacteria,Firmicutes,Bacilli,Paenibacillales,Paenibacillaceae,Paenibacillus,,Paenibacillales; Paenibacillaceae; Paenibacillus; ASV1557,Firmicutes; Paenibacillales; Paenibacillaceae
ASV1558,Bacteria,Proteobacteria,Alphaproteobacteria,Rhizobiales,Devosiaceae,Devosia,Devosia_limi,Rhizobiales; Devosiaceae; Devosia; Devosia_limi; ASV1558,Proteobacteria; Rhizobiales; Devosiaceae
ASV1559,Bacteria,Planctomycetota,Planctomycetes,Isosphaerales,Isosphaeraceae,,uncultured_bacterium,Isosphaerales; Isosphaeraceae; uncultured_bacterium; ASV1559,Planctomycetota; Isosphaerales; Isosphaeraceae
ASV1560,Bacteria,Cyanobacteria,Cyanobacteriia,Cyanobacteriales,Phormidiaceae,Tychonema_CCAP_1459-11B,,Cyanobacteriales; Phormidiaceae; Tychonema_CCAP_1459-11B; ASV1560,Cyanobacteria; Cyanobacteriales; Phormidiaceae
ASV1561,Bacteria,Proteobacteria,Alphaproteobacteria,Rhizobiales,Beijerinckiaceae,,,Rhizobiales; Beijerinckiaceae; ASV1561,Proteobacteria; Rhizobiales; Beijerinckiaceae
ASV1562,Bacteria,Bacteroidota,Bacteroidia,Bacteroidales,Rikenellaceae,Mucinivorans,Mucinivorans_hirudinis,Bacteroidales; Rikenellaceae; Mucinivorans; Mucinivorans_hirudinis; ASV1562,Bacteroidota; Bacteroidales; Rikenellaceae
ASV1563,Bacteria,Proteobacteria,Gammaproteobacteria,Coxiellales,Coxiellaceae,Coxiella,uncultured_bacterium,Coxiellales; Coxiellaceae; Coxiella; uncultured_bacterium; ASV1563,Proteobacteria; Coxiellales; Coxiellaceae
ASV1564,Bacteria,Planctomycetota,Planctomycetes,Planctomycetales,,,uncultured_Planctomyces,Planctomycetales; uncultured_Planctomyces; ASV1564,Planctomycetota; Planctomycetales
ASV1565,Bacteria,Bacteroidota,Bacteroidia,Bacteroidales,Dysgonomonadaceae,Dysgonomonas,,Bacteroidales; Dysgonomonadaceae; Dysgonomonas; ASV1565,Bacteroidota; Bacteroidales; Dysgonomonadaceae
ASV1566,Bacteria,Firmicutes,Clostridia,Clostridia,Hungateiclostridiaceae,Ruminiclostridium,,Clostridia; Hungateiclostridiaceae; Ruminiclostridium; ASV1566,Firmicutes; Clostridia; Hungateiclostridiaceae
ASV1567,Bacteria,Bacteroidota,Bacteroidia,Flavobacteriales,Flavobacteriaceae,Flavobacterium,,Flavobacteriales; Flavobacteriaceae; Flavobacterium; ASV1567,Bacteroidota; Flavobacteriales; Flavobacteriaceae
ASV1568,Bacteria,Proteobacteria,Alphaproteobacteria,Rhizobiales,Beijerinckiaceae,Bosea,,Rhizobiales; Beijerinckiaceae; Bosea; ASV1568,Proteobacteria; Rhizobiales; Beijerinckiaceae
ASV1569,Bacteria,Proteobacteria,Gammaproteobacteria,Burkholderiales,Comamonadaceae,,,Burkholderiales; Comamonadaceae; ASV1569,Proteobacteria; Burkholderiales; Comamonadaceae
ASV1570,Bacteria,Proteobacteria,Gammaproteobacteria,Gammaproteobacteria_Incertae_Sedis,,Candidatus_Berkiella,uncultured_bacterium,Gammaproteobacteria_Incertae_Sedis; Candidatus_Berkiella; uncultured_bacterium; ASV1570,Proteobacteria; Gammaproteobacteria_Incertae_Sedis
ASV1571,Bacteria,Proteobacteria,Alphaproteobacteria,Rhizobiales,Devosiaceae,Devosia,,Rhizobiales; Devosiaceae; Devosia; ASV1571,Proteobacteria; Rhizobiales; Devosiaceae
ASV1572,Bacteria,Proteobacteria,Gammaproteobacteria,Thiomicrospirales,Thioglobaceae,SUP05_cluster,uncultured_marine,Thiomicrospirales; Thioglobaceae; SUP05_cluster; uncultured_marine; ASV1572,Proteobacteria; Thiomicrospirales; Thioglobaceae
ASV1573,Bacteria,Proteobacteria,Gammaproteobacteria,Alteromonadales,Alteromonadaceae,Glaciecola,,Alteromonadales; Alteromonadaceae; Glaciecola; ASV1573,Proteobacteria; Alteromonadales; Alteromonadaceae
ASV1574,Bacteria,Actinobacteriota,Actinobacteria,Frankiales,Frankiaceae,Jatrophihabitans,uncultured_Frankineae,Frankiales; Frankiaceae; Jatrophihabitans; uncultured_Frankineae; ASV1574,Actinobacteriota; Frankiales; Frankiaceae
ASV1575,Bacteria,Actinobacteriota,Actinobacteria,Propionibacteriales,Nocardioidaceae,,,Propionibacteriales; Nocardioidaceae; ASV1575,Actinobacteriota; Propionibacteriales; Nocardioidaceae
ASV1576,Bacteria,Proteobacteria,Alphaproteobacteria,Rhizobiales,Devosiaceae,,,Rhizobiales; Devosiaceae; ASV1576,Proteobacteria; Rhizobiales; Devosiaceae
ASV1577,Bacteria,Proteobacteria,Alphaproteobacteria,Rhizobiales,Rhizobiaceae,,,Rhizobiales; Rhizobiaceae; ASV1577,Proteobacteria; Rhizobiales; Rhizobiaceae
ASV1578,Bacteria,Proteobacteria,Alphaproteobacteria,Acetobacterales,Acetobacteraceae,Acidiphilium,uncultured_bacterium,Acetobacterales; Acetobacteraceae; Acidiphilium; uncultured_bacterium; ASV1578,Proteobacteria; Acetobacterales; Acetobacteraceae
ASV1579,Bacteria,Proteobacteria,Gammaproteobacteria,Xanthomonadales,Xanthomonadaceae,Stenotrophomonas,,Xanthomonadales; Xanthomonadaceae; Stenotrophomonas; ASV1579,Proteobacteria; Xanthomonadales; Xanthomonadaceae
ASV1580,Bacteria,Planctomycetota,Planctomycetes,Planctomycetales,,,metagenome,Planctomycetales; metagenome; ASV1580,Planctomycetota; Planctomycetales
ASV1581,Bacteria,Planctomycetota,Planctomycetes,Pirellulales,Pirellulaceae,,metagenome,Pirellulales; Pirellulaceae; metagenome; ASV1581,Planctomycetota; Pirellulales; Pirellulaceae
ASV1582,Bacteria,WPS-2,WPS-2,WPS-2,WPS-2,WPS-2,metagenome,WPS-2; WPS-2; WPS-2; metagenome; ASV1582,WPS-2; WPS-2; WPS-2
ASV1583,Bacteria,Firmicutes,Clostridia,Lachnospirales,Lachnospiraceae,Tyzzerella,uncultured_Eubacteriaceae,Lachnospirales; Lachnospiraceae; Tyzzerella; uncultured_Eubacteriaceae; ASV1583,Firmicutes; Lachnospirales; Lachnospiraceae
ASV1584,Bacteria,Proteobacteria,Gammaproteobacteria,Gammaproteobacteria_Incertae_Sedis,,Candidatus_Ovatusbacter,uncultured_bacterium,Gammaproteobacteria_Incertae_Sedis; Candidatus_Ovatusbacter; uncultured_bacterium; ASV1584,Proteobacteria; Gammaproteobacteria_Incertae_Sedis
ASV1585,Bacteria,Firmicutes,Bacilli,Erysipelotrichales,Erysipelotrichaceae,ZOR0006,,Erysipelotrichales; Erysipelotrichaceae; ZOR0006; ASV1585,Firmicutes; Erysipelotrichales; Erysipelotrichaceae
ASV1586,Bacteria,Actinobacteriota,Actinobacteria,Corynebacteriales,Corynebacteriaceae,Lawsonella,uncultured_bacterium,Corynebacteriales; Corynebacteriaceae; Lawsonella; uncultured_bacterium; ASV1586,Actinobacteriota; Corynebacteriales; Corynebacteriaceae
ASV1587,Bacteria,Bacteroidota,Bacteroidia,Sphingobacteriales,Sphingobacteriaceae,Pedobacter,Pedobacter_antarcticus,Sphingobacteriales; Sphingobacteriaceae; Pedobacter; Pedobacter_antarcticus; ASV1587,Bacteroidota; Sphingobacteriales; Sphingobacteriaceae
ASV1588,Bacteria,Verrucomicrobiota,Verrucomicrobiae,Verrucomicrobiales,Rubritaleaceae,Luteolibacter,,Verrucomicrobiales; Rubritaleaceae; Luteolibacter; ASV1588,Verrucomicrobiota; Verrucomicrobiales; Rubritaleaceae
ASV1589,Bacteria,Planctomycetota,Planctomycetes,Isosphaerales,Isosphaeraceae,Aquisphaera,uncultured_bacterium,Isosphaerales; Isosphaeraceae; Aquisphaera; uncultured_bacterium; ASV1589,Planctomycetota; Isosphaerales; Isosphaeraceae
ASV1590,Bacteria,Firmicutes,Clostridia,Clostridiales,Clostridiaceae,Clostridium_sensu_stricto_1,,Clostridiales; Clostridiaceae; Clostridium_sensu_stricto_1; ASV1590,Firmicutes; Clostridiales; Clostridiaceae
ASV1591,Bacteria,Planctomycetota,Planctomycetes,Gemmatales,Gemmataceae,Fimbriiglobus,metagenome,Gemmatales; Gemmataceae; Fimbriiglobus; metagenome; ASV1591,Planctomycetota; Gemmatales; Gemmataceae
ASV1592,Bacteria,Proteobacteria,Alphaproteobacteria,Rhizobiales,Devosiaceae,Devosia,Devosia_limi,Rhizobiales; Devosiaceae; Devosia; Devosia_limi; ASV1592,Proteobacteria; Rhizobiales; Devosiaceae
ASV1593,Bacteria,Proteobacteria,Gammaproteobacteria,Gammaproteobacteria_Incertae_Sedis,,Candidatus_Berkiella,uncultured_bacterium,Gammaproteobacteria_Incertae_Sedis; Candidatus_Berkiella; uncultured_bacterium; ASV1593,Proteobacteria; Gammaproteobacteria_Incertae_Sedis
ASV1594,Bacteria,Planctomycetota,Planctomycetes,Gemmatales,Gemmataceae,,uncultured_bacterium,Gemmatales; Gemmataceae; uncultured_bacterium; ASV1594,Planctomycetota; Gemmatales; Gemmataceae
ASV1595,Bacteria,Proteobacteria,Alphaproteobacteria,Rhizobiales,Devosiaceae,Devosia,,Rhizobiales; Devosiaceae; Devosia; ASV1595,Proteobacteria; Rhizobiales; Devosiaceae
ASV1596,Bacteria,Firmicutes,Bacilli,Erysipelotrichales,Erysipelotrichaceae,ZOR0006,,Erysipelotrichales; Erysipelotrichaceae; ZOR0006; ASV1596,Firmicutes; Erysipelotrichales; Erysipelotrichaceae
ASV1597,Bacteria,Proteobacteria,Gammaproteobacteria,Legionellales,Legionellaceae,Legionella,uncultured_bacterium,Legionellales; Legionellaceae; Legionella; uncultured_bacterium; ASV1597,Proteobacteria; Legionellales; Legionellaceae
ASV1598,Bacteria,Proteobacteria,Alphaproteobacteria,Rhizobiales,Devosiaceae,,,Rhizobiales; Devosiaceae; ASV1598,Proteobacteria; Rhizobiales; Devosiaceae
ASV1599,Bacteria,Planctomycetota,Planctomycetes,Isosphaerales,Isosphaeraceae,Candidatus_Nostocoida,uncultured_bacterium,Isosphaerales; Isosphaeraceae; Candidatus_Nostocoida; uncultured_bacterium; ASV1599,Planctomycetota; Isosphaerales; Isosphaeraceae
ASV1600,Bacteria,Firmicutes,Clostridia,Clostridiales,Clostridiaceae,Clostridium_sensu_stricto_1,,Clostridiales; Clostridiaceae; Clostridium_sensu_stricto_1; ASV1600,Firmicutes; Clostridiales; Clostridiaceae
ASV1601,Bacteria,Actinobacteriota,Acidimicrobiia,Microtrichales,,,,Microtrichales; ASV1601,Actinobacteriota; Microtrichales
ASV1602,Bacteria,Planctomycetota,Planctomycetes,Planctomycetales,Schlesneriaceae,Schlesneria,uncultured_bacterium,Planctomycetales; Schlesneriaceae; Schlesneria; uncultured_bacterium; ASV1602,Planctomycetota; Planctomycetales; Schlesneriaceae
ASV1603,Bacteria,Proteobacteria,Alphaproteobacteria,Acetobacterales,Acetobacteraceae,Rhodovarius,uncultured_bacterium,Acetobacterales; Acetobacteraceae; Rhodovarius; uncultured_bacterium; ASV1603,Proteobacteria; Acetobacterales; Acetobacteraceae
ASV1604,Bacteria,Firmicutes,Clostridia,Clostridiales,Clostridiaceae,Clostridium_sensu_stricto_1,,Clostridiales; Clostridiaceae; Clostridium_sensu_stricto_1; ASV1604,Firmicutes; Clostridiales; Clostridiaceae
ASV1605,Bacteria,Firmicutes,Bacilli,Lactobacillales,Leuconostocaceae,Leuconostoc,,Lactobacillales; Leuconostocaceae; Leuconostoc; ASV1605,Firmicutes; Lactobacillales; Leuconostocaceae
ASV1606,Bacteria,Proteobacteria,Alphaproteobacteria,Rhizobiales,Rhizobiaceae,,,Rhizobiales; Rhizobiaceae; ASV1606,Proteobacteria; Rhizobiales; Rhizobiaceae
ASV1607,Bacteria,Firmicutes,Bacilli,Lactobacillales,Vagococcaceae,Vagococcus,Vagococcus_salmoninarum,Lactobacillales; Vagococcaceae; Vagococcus; Vagococcus_salmoninarum; ASV1607,Firmicutes; Lactobacillales; Vagococcaceae
ASV1608,Bacteria,Planctomycetota,Planctomycetes,Pirellulales,Pirellulaceae,,uncultured_Planctomycetaceae,Pirellulales; Pirellulaceae; uncultured_Planctomycetaceae; ASV1608,Planctomycetota; Pirellulales; Pirellulaceae
ASV1609,Bacteria,Proteobacteria,Alphaproteobacteria,Rhizobiales,Devosiaceae,Devosia,,Rhizobiales; Devosiaceae; Devosia; ASV1609,Proteobacteria; Rhizobiales; Devosiaceae
ASV1610,Bacteria,Proteobacteria,Alphaproteobacteria,Rhizobiales,Xanthobacteraceae,Tardiphaga,,Rhizobiales; Xanthobacteraceae; Tardiphaga; ASV1610,Proteobacteria; Rhizobiales; Xanthobacteraceae
ASV1611,Bacteria,Chloroflexi,Chloroflexia,Thermomicrobiales,JG30-KF-CM45,JG30-KF-CM45,,Thermomicrobiales; JG30-KF-CM45; JG30-KF-CM45; ASV1611,Chloroflexi; Thermomicrobiales; JG30-KF-CM45
ASV1612,Bacteria,Bacteroidota,Bacteroidia,Bacteroidales,Prevotellaceae,Prevotella,Prevotella_timonensis,Bacteroidales; Prevotellaceae; Prevotella; Prevotella_timonensis; ASV1612,Bacteroidota; Bacteroidales; Prevotellaceae
ASV1613,Bacteria,Firmicutes,Clostridia,Peptostreptococcales-Tissierellales,Peptostreptococcales-Tissierellales,Anaerococcus,,Peptostreptococcales-Tissierellales; Peptostreptococcales-Tissierellales; Anaerococcus; ASV1613,Firmicutes; Peptostreptococcales-Tissierellales; Peptostreptococcales-Tissierellales
ASV1614,Bacteria,Chloroflexi,Chloroflexia,Thermomicrobiales,JG30-KF-CM45,JG30-KF-CM45,,Thermomicrobiales; JG30-KF-CM45; JG30-KF-CM45; ASV1614,Chloroflexi; Thermomicrobiales; JG30-KF-CM45
ASV1615,Bacteria,Proteobacteria,Alphaproteobacteria,Rhizobiales,Devosiaceae,Devosia,Devosia_limi,Rhizobiales; Devosiaceae; Devosia; Devosia_limi; ASV1615,Proteobacteria; Rhizobiales; Devosiaceae
ASV1616,Bacteria,Actinobacteriota,Actinobacteria,Propionibacteriales,Propionibacteriaceae,Friedmanniella,uncultured_bacterium,Propionibacteriales; Propionibacteriaceae; Friedmanniella; uncultured_bacterium; ASV1616,Actinobacteriota; Propionibacteriales; Propionibacteriaceae
ASV1617,Bacteria,Firmicutes,Clostridia,Peptostreptococcales-Tissierellales,Peptostreptococcales-Tissierellales,Gallicola,,Peptostreptococcales-Tissierellales; Peptostreptococcales-Tissierellales; Gallicola; ASV1617,Firmicutes; Peptostreptococcales-Tissierellales; Peptostreptococcales-Tissierellales
ASV1618,Bacteria,Firmicutes,Clostridia,Peptostreptococcales-Tissierellales,Peptostreptococcales-Tissierellales,Murdochiella,Murdochiella_asaccharolytica,Peptostreptococcales-Tissierellales; Peptostreptococcales-Tissierellales; Murdochiella; Murdochiella_asaccharolytica; ASV1618,Firmicutes; Peptostreptococcales-Tissierellales; Peptostreptococcales-Tissierellales
ASV1619,Bacteria,Spirochaetota,Spirochaetia,Spirochaetales,Spirochaetaceae,,bioreactor_sludge,Spirochaetales; Spirochaetaceae; bioreactor_sludge; ASV1619,Spirochaetota; Spirochaetales; Spirochaetaceae
ASV1620,Bacteria,Proteobacteria,Alphaproteobacteria,Puniceispirillales,SAR116_clade,SAR116_clade,,Puniceispirillales; SAR116_clade; SAR116_clade; ASV1620,Proteobacteria; Puniceispirillales; SAR116_clade
ASV1621,Bacteria,Planctomycetota,Planctomycetes,Gemmatales,Gemmataceae,Fimbriiglobus,uncultured_bacterium,Gemmatales; Gemmataceae; Fimbriiglobus; uncultured_bacterium; ASV1621,Planctomycetota; Gemmatales; Gemmataceae
ASV1622,Bacteria,Proteobacteria,Gammaproteobacteria,Alteromonadales,Pseudoalteromonadaceae,Pseudoalteromonas,,Alteromonadales; Pseudoalteromonadaceae; Pseudoalteromonas; ASV1622,Proteobacteria; Alteromonadales; Pseudoalteromonadaceae
ASV1623,Bacteria,Bacteroidota,Bacteroidia,Flavobacteriales,Flavobacteriaceae,Flavobacterium,Flavobacterium_hauense,Flavobacteriales; Flavobacteriaceae; Flavobacterium; Flavobacterium_hauense; ASV1623,Bacteroidota; Flavobacteriales; Flavobacteriaceae
ASV1624,Bacteria,Planctomycetota,Planctomycetes,Isosphaerales,Isosphaeraceae,Tundrisphaera,,Isosphaerales; Isosphaeraceae; Tundrisphaera; ASV1624,Planctomycetota; Isosphaerales; Isosphaeraceae
ASV1625,Bacteria,Bacteroidota,Bacteroidia,Flavobacteriales,Weeksellaceae,,,Flavobacteriales; Weeksellaceae; ASV1625,Bacteroidota; Flavobacteriales; Weeksellaceae
ASV1626,Bacteria,Bacteroidota,Bacteroidia,Flavobacteriales,Flavobacteriaceae,Flavobacterium,Flavobacterium_kingsejongi,Flavobacteriales; Flavobacteriaceae; Flavobacterium; Flavobacterium_kingsejongi; ASV1626,Bacteroidota; Flavobacteriales; Flavobacteriaceae
ASV1627,Bacteria,Proteobacteria,Gammaproteobacteria,,,,metagenome,metagenome; ASV1627,Proteobacteria
ASV1628,Bacteria,Planctomycetota,Planctomycetes,Gemmatales,Gemmataceae,,,Gemmatales; Gemmataceae; ASV1628,Planctomycetota; Gemmatales; Gemmataceae
ASV1629,Bacteria,Proteobacteria,Gammaproteobacteria,Cardiobacteriales,Cardiobacteriales,Cardiobacteriales,uncultured_bacterium,Cardiobacteriales; Cardiobacteriales; Cardiobacteriales; uncultured_bacterium; ASV1629,Proteobacteria; Cardiobacteriales; Cardiobacteriales
ASV1630,Bacteria,Bdellovibrionota,Bdellovibrionia,Bdellovibrionales,Bdellovibrionaceae,Bdellovibrio,uncultured_bacterium,Bdellovibrionales; Bdellovibrionaceae; Bdellovibrio; uncultured_bacterium; ASV1630,Bdellovibrionota; Bdellovibrionales; Bdellovibrionaceae
ASV1631,Bacteria,Actinobacteriota,Actinobacteria,Micrococcales,Cellulomonadaceae,Actinotalea,uncultured_bacterium,Micrococcales; Cellulomonadaceae; Actinotalea; uncultured_bacterium; ASV1631,Actinobacteriota; Micrococcales; Cellulomonadaceae
ASV1632,Bacteria,Actinobacteriota,Actinobacteria,Propionibacteriales,Propionibacteriaceae,Friedmanniella,uncultured_bacterium,Propionibacteriales; Propionibacteriaceae; Friedmanniella; uncultured_bacterium; ASV1632,Actinobacteriota; Propionibacteriales; Propionibacteriaceae
ASV1633,Bacteria,Cyanobacteria,Cyanobacteriia,,,,,ASV1633,Cyanobacteria
ASV1634,Bacteria,Proteobacteria,Alphaproteobacteria,Rhizobiales,Beijerinckiaceae,1174-901-12,uncultured_bacterium,Rhizobiales; Beijerinckiaceae; 1174-901-12; uncultured_bacterium; ASV1634,Proteobacteria; Rhizobiales; Beijerinckiaceae
ASV1635,Bacteria,Proteobacteria,Alphaproteobacteria,Puniceispirillales,SAR116_clade,Candidatus_Puniceispirillum,,Puniceispirillales; SAR116_clade; Candidatus_Puniceispirillum; ASV1635,Proteobacteria; Puniceispirillales; SAR116_clade
ASV1636,Bacteria,Bacteroidota,Bacteroidia,Cytophagales,Hymenobacteraceae,Hymenobacter,,Cytophagales; Hymenobacteraceae; Hymenobacter; ASV1636,Bacteroidota; Cytophagales; Hymenobacteraceae
ASV1637,Bacteria,Proteobacteria,Gammaproteobacteria,Alteromonadales,Alteromonadaceae,Glaciecola,,Alteromonadales; Alteromonadaceae; Glaciecola; ASV1637,Proteobacteria; Alteromonadales; Alteromonadaceae
ASV1638,Bacteria,Bacteroidota,Bacteroidia,Chitinophagales,Chitinophagaceae,Taibaiella,,Chitinophagales; Chitinophagaceae; Taibaiella; ASV1638,Bacteroidota; Chitinophagales; Chitinophagaceae
ASV1639,Bacteria,Planctomycetota,Planctomycetes,Gemmatales,Gemmataceae,Fimbriiglobus,uncultured_bacterium,Gemmatales; Gemmataceae; Fimbriiglobus; uncultured_bacterium; ASV1639,Planctomycetota; Gemmatales; Gemmataceae
ASV1640,Bacteria,Bacteroidota,Bacteroidia,Bacteroidales,Prevotellaceae,Prevotella,Prevotella_disiens,Bacteroidales; Prevotellaceae; Prevotella; Prevotella_disiens; ASV1640,Bacteroidota; Bacteroidales; Prevotellaceae
ASV1641,Bacteria,Proteobacteria,Alphaproteobacteria,Acetobacterales,Acetobacteraceae,Acidiphilium,uncultured_Alphaproteobacteria,Acetobacterales; Acetobacteraceae; Acidiphilium; uncultured_Alphaproteobacteria; ASV1641,Proteobacteria; Acetobacterales; Acetobacteraceae
ASV1642,Bacteria,Acidobacteriota,Blastocatellia,Pyrinomonadales,Pyrinomonadaceae,RB41,uncultured_bacterium,Pyrinomonadales; Pyrinomonadaceae; RB41; uncultured_bacterium; ASV1642,Acidobacteriota; Pyrinomonadales; Pyrinomonadaceae
ASV1643,Bacteria,Verrucomicrobiota,Chlamydiae,Chlamydiales,Parachlamydiaceae,Neochlamydia,uncultured_Chlamydiales,Chlamydiales; Parachlamydiaceae; Neochlamydia; uncultured_Chlamydiales; ASV1643,Verrucomicrobiota; Chlamydiales; Parachlamydiaceae
ASV1644,Bacteria,Proteobacteria,Alphaproteobacteria,Rhizobiales,Hyphomicrobiaceae,Hyphomicrobium,metagenome,Rhizobiales; Hyphomicrobiaceae; Hyphomicrobium; metagenome; ASV1644,Proteobacteria; Rhizobiales; Hyphomicrobiaceae
ASV1645,Bacteria,Verrucomicrobiota,Verrucomicrobiae,Chthoniobacterales,Chthoniobacteraceae,Candidatus_Udaeobacter,uncultured_Prosthecobacter,Chthoniobacterales; Chthoniobacteraceae; Candidatus_Udaeobacter; uncultured_Prosthecobacter; ASV1645,Verrucomicrobiota; Chthoniobacterales; Chthoniobacteraceae
ASV1646,Bacteria,Proteobacteria,Alphaproteobacteria,Paracaedibacterales,Paracaedibacteraceae,Candidatus_Paracaedibacter,metagenome,Paracaedibacterales; Paracaedibacteraceae; Candidatus_Paracaedibacter; metagenome; ASV1646,Proteobacteria; Paracaedibacterales; Paracaedibacteraceae
ASV1647,Bacteria,Proteobacteria,Alphaproteobacteria,Rhizobiales,Beijerinckiaceae,Methylobacterium-Methylorubrum,,Rhizobiales; Beijerinckiaceae; Methylobacterium-Methylorubrum; ASV1647,Proteobacteria; Rhizobiales; Beijerinckiaceae
ASV1648,Bacteria,Proteobacteria,Gammaproteobacteria,Pseudomonadales,Pseudomonadaceae,Pseudomonas,,Pseudomonadales; Pseudomonadaceae; Pseudomonas; ASV1648,Proteobacteria; Pseudomonadales; Pseudomonadaceae
ASV1649,Bacteria,Verrucomicrobiota,Verrucomicrobiae,Verrucomicrobiales,Rubritaleaceae,Luteolibacter,uncultured_Verrucomicrobia,Verrucomicrobiales; Rubritaleaceae; Luteolibacter; uncultured_Verrucomicrobia; ASV1649,Verrucomicrobiota; Verrucomicrobiales; Rubritaleaceae
ASV1650,Bacteria,Proteobacteria,Alphaproteobacteria,,,,,ASV1650,Proteobacteria
ASV1651,Bacteria,Planctomycetota,Planctomycetes,Isosphaerales,Isosphaeraceae,,uncultured_bacterium,Isosphaerales; Isosphaeraceae; uncultured_bacterium; ASV1651,Planctomycetota; Isosphaerales; Isosphaeraceae
ASV1652,Bacteria,Proteobacteria,Alphaproteobacteria,Elsterales,,,uncultured_Alphaproteobacteria,Elsterales; uncultured_Alphaproteobacteria; ASV1652,Proteobacteria; Elsterales
ASV1653,Bacteria,Proteobacteria,Alphaproteobacteria,Rhizobiales,Beijerinckiaceae,Bosea,,Rhizobiales; Beijerinckiaceae; Bosea; ASV1653,Proteobacteria; Rhizobiales; Beijerinckiaceae
ASV1654,Bacteria,Proteobacteria,Alphaproteobacteria,Rhodobacterales,Rhodobacteraceae,,,Rhodobacterales; Rhodobacteraceae; ASV1654,Proteobacteria; Rhodobacterales; Rhodobacteraceae
ASV1655,Bacteria,Acidobacteriota,Acidobacteriae,Acidobacteriales,Acidobacteriaceae_(Subgroup_1),Terriglobus,uncultured_bacterium,Acidobacteriales; Acidobacteriaceae_(Subgroup_1); Terriglobus; uncultured_bacterium; ASV1655,Acidobacteriota; Acidobacteriales; Acidobacteriaceae_(Subgroup_1)
ASV1656,Bacteria,Proteobacteria,Alphaproteobacteria,Rhizobiales,Devosiaceae,Devosia,,Rhizobiales; Devosiaceae; Devosia; ASV1656,Proteobacteria; Rhizobiales; Devosiaceae
ASV1657,Bacteria,Deinococcota,Deinococci,Deinococcales,Trueperaceae,Truepera,,Deinococcales; Trueperaceae; Truepera; ASV1657,Deinococcota; Deinococcales; Trueperaceae
ASV1658,Bacteria,Proteobacteria,Alphaproteobacteria,Rhodobacterales,Rhodobacteraceae,,,Rhodobacterales; Rhodobacteraceae; ASV1658,Proteobacteria; Rhodobacterales; Rhodobacteraceae
ASV1659,Bacteria,Proteobacteria,Gammaproteobacteria,Pseudomonadales,Pseudomonadaceae,Pseudomonas,,Pseudomonadales; Pseudomonadaceae; Pseudomonas; ASV1659,Proteobacteria; Pseudomonadales; Pseudomonadaceae
ASV1660,Bacteria,Proteobacteria,Alphaproteobacteria,Rhizobiales,Devosiaceae,Devosia,Devosia_limi,Rhizobiales; Devosiaceae; Devosia; Devosia_limi; ASV1660,Proteobacteria; Rhizobiales; Devosiaceae
ASV1661,Bacteria,Acidobacteriota,Vicinamibacteria,Vicinamibacterales,Vicinamibacteraceae,Vicinamibacteraceae,uncultured_Acidobacteriales,Vicinamibacterales; Vicinamibacteraceae; Vicinamibacteraceae; uncultured_Acidobacteriales; ASV1661,Acidobacteriota; Vicinamibacterales; Vicinamibacteraceae
ASV1662,Bacteria,Proteobacteria,Gammaproteobacteria,Alteromonadales,Alteromonadaceae,Glaciecola,,Alteromonadales; Alteromonadaceae; Glaciecola; ASV1662,Proteobacteria; Alteromonadales; Alteromonadaceae
ASV1663,Bacteria,Verrucomicrobiota,Chlamydiae,Chlamydiales,Parachlamydiaceae,,metagenome,Chlamydiales; Parachlamydiaceae; metagenome; ASV1663,Verrucomicrobiota; Chlamydiales; Parachlamydiaceae
ASV1664,Bacteria,Proteobacteria,Alphaproteobacteria,Sphingomonadales,Sphingomonadaceae,Sphingomonas,,Sphingomonadales; Sphingomonadaceae; Sphingomonas; ASV1664,Proteobacteria; Sphingomonadales; Sphingomonadaceae
ASV1665,Bacteria,Proteobacteria,Alphaproteobacteria,Rhizobiales,Beijerinckiaceae,Methylobacterium-Methylorubrum,,Rhizobiales; Beijerinckiaceae; Methylobacterium-Methylorubrum; ASV1665,Proteobacteria; Rhizobiales; Beijerinckiaceae
ASV1666,Bacteria,Actinobacteriota,Actinobacteria,Propionibacteriales,Nocardioidaceae,Nocardioides,,Propionibacteriales; Nocardioidaceae; Nocardioides; ASV1666,Actinobacteriota; Propionibacteriales; Nocardioidaceae
ASV1667,Bacteria,Bacteroidota,Bacteroidia,Sphingobacteriales,Sphingobacteriaceae,Pedobacter,,Sphingobacteriales; Sphingobacteriaceae; Pedobacter; ASV1667,Bacteroidota; Sphingobacteriales; Sphingobacteriaceae
ASV1668,Bacteria,Proteobacteria,,,,,,ASV1668,Proteobacteria
ASV1669,Bacteria,Firmicutes,Bacilli,Erysipelotrichales,Erysipelotrichaceae,ZOR0006,uncultured_bacterium,Erysipelotrichales; Erysipelotrichaceae; ZOR0006; uncultured_bacterium; ASV1669,Firmicutes; Erysipelotrichales; Erysipelotrichaceae
ASV1670,Bacteria,Proteobacteria,Alphaproteobacteria,Rhizobiales,Devosiaceae,Devosia,,Rhizobiales; Devosiaceae; Devosia; ASV1670,Proteobacteria; Rhizobiales; Devosiaceae
ASV1671,Bacteria,Proteobacteria,Alphaproteobacteria,Rhizobiales,Beijerinckiaceae,Bosea,,Rhizobiales; Beijerinckiaceae; Bosea; ASV1671,Proteobacteria; Rhizobiales; Beijerinckiaceae
ASV1672,Bacteria,Firmicutes,Clostridia,Clostridiales,Clostridiaceae,Clostridium_sensu_stricto_1,,Clostridiales; Clostridiaceae; Clostridium_sensu_stricto_1; ASV1672,Firmicutes; Clostridiales; Clostridiaceae
ASV1673,Bacteria,Bacteroidota,Bacteroidia,Sphingobacteriales,Sphingobacteriaceae,Pedobacter,,Sphingobacteriales; Sphingobacteriaceae; Pedobacter; ASV1673,Bacteroidota; Sphingobacteriales; Sphingobacteriaceae
ASV1674,Bacteria,Planctomycetota,Planctomycetes,Isosphaerales,Isosphaeraceae,,,Isosphaerales; Isosphaeraceae; ASV1674,Planctomycetota; Isosphaerales; Isosphaeraceae
ASV1675,Bacteria,Verrucomicrobiota,Chlamydiae,Chlamydiales,Parachlamydiaceae,,,Chlamydiales; Parachlamydiaceae; ASV1675,Verrucomicrobiota; Chlamydiales; Parachlamydiaceae
ASV1676,Bacteria,Proteobacteria,Alphaproteobacteria,Rhizobiales,Rhizobiaceae,Phyllobacterium,,Rhizobiales; Rhizobiaceae; Phyllobacterium; ASV1676,Proteobacteria; Rhizobiales; Rhizobiaceae
ASV1677,Bacteria,Proteobacteria,Gammaproteobacteria,Pseudomonadales,Moraxellaceae,Acinetobacter,,Pseudomonadales; Moraxellaceae; Acinetobacter; ASV1677,Proteobacteria; Pseudomonadales; Moraxellaceae
ASV1678,Bacteria,Proteobacteria,Alphaproteobacteria,Rhizobiales,Rhizobiaceae,,,Rhizobiales; Rhizobiaceae; ASV1678,Proteobacteria; Rhizobiales; Rhizobiaceae
ASV1679,Bacteria,Proteobacteria,Alphaproteobacteria,Rhizobiales,Devosiaceae,Devosia,Devosia_limi,Rhizobiales; Devosiaceae; Devosia; Devosia_limi; ASV1679,Proteobacteria; Rhizobiales; Devosiaceae
ASV1680,Bacteria,Verrucomicrobiota,Chlamydiae,Chlamydiales,Parachlamydiaceae,Neochlamydia,,Chlamydiales; Parachlamydiaceae; Neochlamydia; ASV1680,Verrucomicrobiota; Chlamydiales; Parachlamydiaceae
ASV1681,Bacteria,Proteobacteria,Alphaproteobacteria,Rhizobiales,Beijerinckiaceae,,,Rhizobiales; Beijerinckiaceae; ASV1681,Proteobacteria; Rhizobiales; Beijerinckiaceae
ASV1682,Bacteria,Actinobacteriota,Actinobacteria,PeM15,PeM15,PeM15,,PeM15; PeM15; PeM15; ASV1682,Actinobacteriota; PeM15; PeM15
ASV1683,Bacteria,Proteobacteria,Alphaproteobacteria,Sphingomonadales,Sphingomonadaceae,Sphingomonas,bacterium_815Y,Sphingomonadales; Sphingomonadaceae; Sphingomonas; bacterium_815Y; ASV1683,Proteobacteria; Sphingomonadales; Sphingomonadaceae
ASV1684,Bacteria,Proteobacteria,Alphaproteobacteria,Acetobacterales,Acetobacteraceae,,,Acetobacterales; Acetobacteraceae; ASV1684,Proteobacteria; Acetobacterales; Acetobacteraceae
ASV1685,Bacteria,Proteobacteria,Alphaproteobacteria,Rhizobiales,Rhizobiaceae,,,Rhizobiales; Rhizobiaceae; ASV1685,Proteobacteria; Rhizobiales; Rhizobiaceae
ASV1686,Bacteria,Chloroflexi,Chloroflexia,Thermomicrobiales,JG30-KF-CM45,JG30-KF-CM45,uncultured_soil,Thermomicrobiales; JG30-KF-CM45; JG30-KF-CM45; uncultured_soil; ASV1686,Chloroflexi; Thermomicrobiales; JG30-KF-CM45
ASV1687,Bacteria,Verrucomicrobiota,Chlamydiae,Chlamydiales,Parachlamydiaceae,,,Chlamydiales; Parachlamydiaceae; ASV1687,Verrucomicrobiota; Chlamydiales; Parachlamydiaceae
ASV1688,Bacteria,Planctomycetota,Planctomycetes,Pirellulales,Pirellulaceae,,uncultured_sludge,Pirellulales; Pirellulaceae; uncultured_sludge; ASV1688,Planctomycetota; Pirellulales; Pirellulaceae
ASV1689,Bacteria,Verrucomicrobiota,Verrucomicrobiae,Chthoniobacterales,Chthoniobacteraceae,Chthoniobacter,,Chthoniobacterales; Chthoniobacteraceae; Chthoniobacter; ASV1689,Verrucomicrobiota; Chthoniobacterales; Chthoniobacteraceae
ASV1690,Bacteria,Proteobacteria,Gammaproteobacteria,WD260,WD260,WD260,uncultured_bacterium,WD260; WD260; WD260; uncultured_bacterium; ASV1690,Proteobacteria; WD260; WD260
ASV1691,Bacteria,Verrucomicrobiota,Chlamydiae,Chlamydiales,Parachlamydiaceae,Neochlamydia,uncultured_bacterium,Chlamydiales; Parachlamydiaceae; Neochlamydia; uncultured_bacterium; ASV1691,Verrucomicrobiota; Chlamydiales; Parachlamydiaceae
ASV1692,Bacteria,Myxococcota,Polyangia,Polyangiales,Polyangiaceae,Pajaroellobacter,,Polyangiales; Polyangiaceae; Pajaroellobacter; ASV1692,Myxococcota; Polyangiales; Polyangiaceae
ASV1693,Bacteria,Deinococcota,Deinococci,Deinococcales,Deinococcaceae,Deinococcus,Deinococcus_ruber,Deinococcales; Deinococcaceae; Deinococcus; Deinococcus_ruber; ASV1693,Deinococcota; Deinococcales; Deinococcaceae
ASV1694,Bacteria,Proteobacteria,Alphaproteobacteria,Rhizobiales,Devosiaceae,Devosia,,Rhizobiales; Devosiaceae; Devosia; ASV1694,Proteobacteria; Rhizobiales; Devosiaceae
ASV1695,Bacteria,Proteobacteria,Alphaproteobacteria,Rhizobiales,Rhizobiaceae,Allorhizobium-Neorhizobium-Pararhizobium-Rhizobium,,Rhizobiales; Rhizobiaceae; Allorhizobium-Neorhizobium-Pararhizobium-Rhizobium; ASV1695,Proteobacteria; Rhizobiales; Rhizobiaceae
ASV1696,Bacteria,Actinobacteriota,Actinobacteria,Streptosporangiales,Streptosporangiaceae,,,Streptosporangiales; Streptosporangiaceae; ASV1696,Actinobacteriota; Streptosporangiales; Streptosporangiaceae
ASV1697,Bacteria,Proteobacteria,Alphaproteobacteria,Sphingomonadales,Sphingomonadaceae,Sphingomonas,,Sphingomonadales; Sphingomonadaceae; Sphingomonas; ASV1697,Proteobacteria; Sphingomonadales; Sphingomonadaceae
ASV1698,Bacteria,Proteobacteria,Alphaproteobacteria,Rhizobiales,Beijerinckiaceae,Bosea,,Rhizobiales; Beijerinckiaceae; Bosea; ASV1698,Proteobacteria; Rhizobiales; Beijerinckiaceae
ASV1699,Bacteria,Proteobacteria,Alphaproteobacteria,Rhizobiales,Xanthobacteraceae,,,Rhizobiales; Xanthobacteraceae; ASV1699,Proteobacteria; Rhizobiales; Xanthobacteraceae
ASV1700,Bacteria,Proteobacteria,Alphaproteobacteria,Sphingomonadales,Sphingomonadaceae,Polymorphobacter,,Sphingomonadales; Sphingomonadaceae; Polymorphobacter; ASV1700,Proteobacteria; Sphingomonadales; Sphingomonadaceae
ASV1701,Bacteria,Firmicutes,Clostridia,Clostridiales,Clostridiaceae,Clostridium_sensu_stricto_1,uncultured_Clostridia,Clostridiales; Clostridiaceae; Clostridium_sensu_stricto_1; uncultured_Clostridia; ASV1701,Firmicutes; Clostridiales; Clostridiaceae
ASV1702,Bacteria,Proteobacteria,Gammaproteobacteria,Legionellales,Legionellaceae,Legionella,uncultured_bacterium,Legionellales; Legionellaceae; Legionella; uncultured_bacterium; ASV1702,Proteobacteria; Legionellales; Legionellaceae
ASV1703,Bacteria,Proteobacteria,Alphaproteobacteria,Rhizobiales,Beijerinckiaceae,,uncultured_endolithic,Rhizobiales; Beijerinckiaceae; uncultured_endolithic; ASV1703,Proteobacteria; Rhizobiales; Beijerinckiaceae
ASV1704,Bacteria,Actinobacteriota,Actinobacteria,Propionibacteriales,Nocardioidaceae,Nocardioides,,Propionibacteriales; Nocardioidaceae; Nocardioides; ASV1704,Actinobacteriota; Propionibacteriales; Nocardioidaceae
ASV1705,Bacteria,Bdellovibrionota,Oligoflexia,Oligoflexales,Oligoflexales,Oligoflexus,Thymallus_thymallus,Oligoflexales; Oligoflexales; Oligoflexus; Thymallus_thymallus; ASV1705,Bdellovibrionota; Oligoflexales; Oligoflexales
ASV1706,Bacteria,Proteobacteria,Alphaproteobacteria,Rhizobiales,Beijerinckiaceae,Psychroglaciecola,,Rhizobiales; Beijerinckiaceae; Psychroglaciecola; ASV1706,Proteobacteria; Rhizobiales; Beijerinckiaceae
ASV1707,Bacteria,Proteobacteria,Alphaproteobacteria,Rhizobiales,Xanthobacteraceae,,,Rhizobiales; Xanthobacteraceae; ASV1707,Proteobacteria; Rhizobiales; Xanthobacteraceae
ASV1708,Bacteria,Actinobacteriota,Actinobacteria,Pseudonocardiales,Pseudonocardiaceae,,,Pseudonocardiales; Pseudonocardiaceae; ASV1708,Actinobacteriota; Pseudonocardiales; Pseudonocardiaceae
ASV1709,Bacteria,Bacteroidota,Bacteroidia,Flavobacteriales,Flavobacteriaceae,Flavobacterium,Flavobacterium_cheonhonense,Flavobacteriales; Flavobacteriaceae; Flavobacterium; Flavobacterium_cheonhonense; ASV1709,Bacteroidota; Flavobacteriales; Flavobacteriaceae
ASV1710,Bacteria,Actinobacteriota,Thermoleophilia,Solirubrobacterales,67-14,67-14,uncultured_actinobacterium,Solirubrobacterales; 67-14; 67-14; uncultured_actinobacterium; ASV1710,Actinobacteriota; Solirubrobacterales; 67-14
ASV1711,Bacteria,Actinobacteriota,Thermoleophilia,Gaiellales,,,metagenome,Gaiellales; metagenome; ASV1711,Actinobacteriota; Gaiellales
ASV1712,Bacteria,Verrucomicrobiota,Chlamydiae,Chlamydiales,Parachlamydiaceae,Candidatus_Protochlamydia,Candidatus_Protochlamydia,Chlamydiales; Parachlamydiaceae; Candidatus_Protochlamydia; Candidatus_Protochlamydia; ASV1712,Verrucomicrobiota; Chlamydiales; Parachlamydiaceae
ASV1713,Bacteria,Chloroflexi,Chloroflexia,Thermomicrobiales,JG30-KF-CM45,JG30-KF-CM45,,Thermomicrobiales; JG30-KF-CM45; JG30-KF-CM45; ASV1713,Chloroflexi; Thermomicrobiales; JG30-KF-CM45
ASV1714,Bacteria,Proteobacteria,Alphaproteobacteria,Rhizobiales,Beijerinckiaceae,1174-901-12,Rhizobiales_bacterium,Rhizobiales; Beijerinckiaceae; 1174-901-12; Rhizobiales_bacterium; ASV1714,Proteobacteria; Rhizobiales; Beijerinckiaceae
ASV1715,Bacteria,Planctomycetota,Planctomycetes,Isosphaerales,Isosphaeraceae,,,Isosphaerales; Isosphaeraceae; ASV1715,Planctomycetota; Isosphaerales; Isosphaeraceae
ASV1716,Bacteria,Actinobacteriota,Actinobacteria,Propionibacteriales,Nocardioidaceae,Nocardioides,,Propionibacteriales; Nocardioidaceae; Nocardioides; ASV1716,Actinobacteriota; Propionibacteriales; Nocardioidaceae
ASV1717,Bacteria,Actinobacteriota,Actinobacteria,Corynebacteriales,Mycobacteriaceae,Mycobacterium,,Corynebacteriales; Mycobacteriaceae; Mycobacterium; ASV1717,Actinobacteriota; Corynebacteriales; Mycobacteriaceae
ASV1718,Bacteria,Firmicutes,Bacilli,Lactobacillales,Streptococcaceae,Lactococcus,,Lactobacillales; Streptococcaceae; Lactococcus; ASV1718,Firmicutes; Lactobacillales; Streptococcaceae
ASV1719,Bacteria,Proteobacteria,Alphaproteobacteria,Rhizobiales,Beijerinckiaceae,Bosea,,Rhizobiales; Beijerinckiaceae; Bosea; ASV1719,Proteobacteria; Rhizobiales; Beijerinckiaceae
ASV1720,Bacteria,Proteobacteria,Alphaproteobacteria,Acetobacterales,Acetobacteraceae,,,Acetobacterales; Acetobacteraceae; ASV1720,Proteobacteria; Acetobacterales; Acetobacteraceae
ASV1721,Bacteria,Proteobacteria,Alphaproteobacteria,Rhizobiales,Methyloligellaceae,,uncultured_Rhodobium,Rhizobiales; Methyloligellaceae; uncultured_Rhodobium; ASV1721,Proteobacteria; Rhizobiales; Methyloligellaceae
ASV1722,Bacteria,Proteobacteria,Alphaproteobacteria,Rhizobiales,Xanthobacteraceae,Pseudolabrys,,Rhizobiales; Xanthobacteraceae; Pseudolabrys; ASV1722,Proteobacteria; Rhizobiales; Xanthobacteraceae
ASV1723,Bacteria,Proteobacteria,Alphaproteobacteria,Rhizobiales,Devosiaceae,Devosia,,Rhizobiales; Devosiaceae; Devosia; ASV1723,Proteobacteria; Rhizobiales; Devosiaceae
ASV1724,Bacteria,Firmicutes,Bacilli,Lactobacillales,Streptococcaceae,Lactococcus,,Lactobacillales; Streptococcaceae; Lactococcus; ASV1724,Firmicutes; Lactobacillales; Streptococcaceae
ASV1725,Bacteria,Verrucomicrobiota,Verrucomicrobiae,Chthoniobacterales,Chthoniobacteraceae,Candidatus_Udaeobacter,uncultured_Prosthecobacter,Chthoniobacterales; Chthoniobacteraceae; Candidatus_Udaeobacter; uncultured_Prosthecobacter; ASV1725,Verrucomicrobiota; Chthoniobacterales; Chthoniobacteraceae
ASV1726,Bacteria,Proteobacteria,Gammaproteobacteria,Burkholderiales,Oxalobacteraceae,Duganella,,Burkholderiales; Oxalobacteraceae; Duganella; ASV1726,Proteobacteria; Burkholderiales; Oxalobacteraceae
ASV1727,Bacteria,Firmicutes,Bacilli,,,,,ASV1727,Firmicutes
ASV1728,Bacteria,Firmicutes,Clostridia,Clostridiales,Clostridiaceae,Clostridium_sensu_stricto_1,,Clostridiales; Clostridiaceae; Clostridium_sensu_stricto_1; ASV1728,Firmicutes; Clostridiales; Clostridiaceae
ASV1729,Bacteria,Proteobacteria,Gammaproteobacteria,Xanthomonadales,Xanthomonadaceae,Stenotrophomonas,,Xanthomonadales; Xanthomonadaceae; Stenotrophomonas; ASV1729,Proteobacteria; Xanthomonadales; Xanthomonadaceae
ASV1730,Bacteria,Proteobacteria,Alphaproteobacteria,Acetobacterales,Acetobacteraceae,Roseomonas,Acetobacteraceae_bacterium,Acetobacterales; Acetobacteraceae; Roseomonas; Acetobacteraceae_bacterium; ASV1730,Proteobacteria; Acetobacterales; Acetobacteraceae
ASV1731,Bacteria,Planctomycetota,Planctomycetes,Gemmatales,Gemmataceae,,uncultured_bacterium,Gemmatales; Gemmataceae; uncultured_bacterium; ASV1731,Planctomycetota; Gemmatales; Gemmataceae
ASV1732,Bacteria,Planctomycetota,Planctomycetes,Pirellulales,Pirellulaceae,Pir4_lineage,metagenome,Pirellulales; Pirellulaceae; Pir4_lineage; metagenome; ASV1732,Planctomycetota; Pirellulales; Pirellulaceae
ASV1733,Bacteria,Firmicutes,Bacilli,RsaHf231,RsaHf231,RsaHf231,bacterium_PM5-3,RsaHf231; RsaHf231; RsaHf231; bacterium_PM5-3; ASV1733,Firmicutes; RsaHf231; RsaHf231
ASV1734,Bacteria,Proteobacteria,Alphaproteobacteria,Rhizobiales,Beijerinckiaceae,Bosea,,Rhizobiales; Beijerinckiaceae; Bosea; ASV1734,Proteobacteria; Rhizobiales; Beijerinckiaceae
ASV1735,Bacteria,Proteobacteria,Alphaproteobacteria,Rhizobiales,Rhizobiales_Incertae_Sedis,Phreatobacter,,Rhizobiales; Rhizobiales_Incertae_Sedis; Phreatobacter; ASV1735,Proteobacteria; Rhizobiales; Rhizobiales_Incertae_Sedis
ASV1736,Bacteria,Proteobacteria,Alphaproteobacteria,Rhizobiales,Kaistiaceae,Kaistia,uncultured_bacterium,Rhizobiales; Kaistiaceae; Kaistia; uncultured_bacterium; ASV1736,Proteobacteria; Rhizobiales; Kaistiaceae
ASV1737,Bacteria,Proteobacteria,Gammaproteobacteria,Cardiobacteriales,,,,Cardiobacteriales; ASV1737,Proteobacteria; Cardiobacteriales
ASV1738,Bacteria,Planctomycetota,Planctomycetes,Pirellulales,Pirellulaceae,Pirellula,,Pirellulales; Pirellulaceae; Pirellula; ASV1738,Planctomycetota; Pirellulales; Pirellulaceae
ASV1739,Bacteria,Planctomycetota,Planctomycetes,Planctomycetales,,,metagenome,Planctomycetales; metagenome; ASV1739,Planctomycetota; Planctomycetales
ASV1740,Bacteria,Proteobacteria,Gammaproteobacteria,Burkholderiales,Oxalobacteraceae,Duganella,,Burkholderiales; Oxalobacteraceae; Duganella; ASV1740,Proteobacteria; Burkholderiales; Oxalobacteraceae
ASV1741,Bacteria,Dependentiae,Babeliae,Babeliales,UBA12409,UBA12409,uncultured_bacterium,Babeliales; UBA12409; UBA12409; uncultured_bacterium; ASV1741,Dependentiae; Babeliales; UBA12409
ASV1742,Bacteria,Firmicutes,Clostridia,Lachnospirales,Lachnospiraceae,Lachnoclostridium,,Lachnospirales; Lachnospiraceae; Lachnoclostridium; ASV1742,Firmicutes; Lachnospirales; Lachnospiraceae
ASV1743,Bacteria,Firmicutes,Desulfitobacteriia,Desulfitobacteriales,Desulfitobacteriaceae,Desulfosporosinus,,Desulfitobacteriales; Desulfitobacteriaceae; Desulfosporosinus; ASV1743,Firmicutes; Desulfitobacteriales; Desulfitobacteriaceae
ASV1744,Bacteria,Actinobacteriota,Actinobacteria,Frankiales,Acidothermaceae,Acidothermus,uncultured_soil,Frankiales; Acidothermaceae; Acidothermus; uncultured_soil; ASV1744,Actinobacteriota; Frankiales; Acidothermaceae
ASV1745,Bacteria,Proteobacteria,Gammaproteobacteria,Pseudomonadales,Pseudomonadaceae,Pseudomonas,,Pseudomonadales; Pseudomonadaceae; Pseudomonas; ASV1745,Proteobacteria; Pseudomonadales; Pseudomonadaceae
ASV1746,Bacteria,Verrucomicrobiota,Chlamydiae,Chlamydiales,,,,Chlamydiales; ASV1746,Verrucomicrobiota; Chlamydiales
ASV1747,Bacteria,Planctomycetota,Planctomycetes,Gemmatales,Gemmataceae,,,Gemmatales; Gemmataceae; ASV1747,Planctomycetota; Gemmatales; Gemmataceae
ASV1748,Bacteria,Proteobacteria,Alphaproteobacteria,Sphingomonadales,Sphingomonadaceae,,,Sphingomonadales; Sphingomonadaceae; ASV1748,Proteobacteria; Sphingomonadales; Sphingomonadaceae
ASV1749,Bacteria,Actinobacteriota,Thermoleophilia,Solirubrobacterales,Solirubrobacteraceae,Conexibacter,metagenome,Solirubrobacterales; Solirubrobacteraceae; Conexibacter; metagenome; ASV1749,Actinobacteriota; Solirubrobacterales; Solirubrobacteraceae
ASV1750,Bacteria,Firmicutes,Bacilli,Erysipelotrichales,Erysipelotrichaceae,,,Erysipelotrichales; Erysipelotrichaceae; ASV1750,Firmicutes; Erysipelotrichales; Erysipelotrichaceae
ASV1751,Bacteria,Proteobacteria,Alphaproteobacteria,Rhizobiales,Methyloligellaceae,,,Rhizobiales; Methyloligellaceae; ASV1751,Proteobacteria; Rhizobiales; Methyloligellaceae
ASV1752,Bacteria,Verrucomicrobiota,Chlamydiae,Chlamydiales,Chlamydiaceae,Chlamydiaceae,metagenome,Chlamydiales; Chlamydiaceae; Chlamydiaceae; metagenome; ASV1752,Verrucomicrobiota; Chlamydiales; Chlamydiaceae
ASV1753,Bacteria,Proteobacteria,Gammaproteobacteria,Burkholderiales,Comamonadaceae,,,Burkholderiales; Comamonadaceae; ASV1753,Proteobacteria; Burkholderiales; Comamonadaceae
ASV1754,Bacteria,Actinobacteriota,Actinobacteria,Micrococcales,Microbacteriaceae,,,Micrococcales; Microbacteriaceae; ASV1754,Actinobacteriota; Micrococcales; Microbacteriaceae
ASV1755,Bacteria,Proteobacteria,Alphaproteobacteria,Rhizobiales,Devosiaceae,,,Rhizobiales; Devosiaceae; ASV1755,Proteobacteria; Rhizobiales; Devosiaceae
ASV1756,Bacteria,Firmicutes,Clostridia,,,,,ASV1756,Firmicutes
ASV1757,Bacteria,Proteobacteria,Gammaproteobacteria,Cardiobacteriales,Cardiobacteriales,Cardiobacteriales,uncultured_bacterium,Cardiobacteriales; Cardiobacteriales; Cardiobacteriales; uncultured_bacterium; ASV1757,Proteobacteria; Cardiobacteriales; Cardiobacteriales
ASV1758,Bacteria,Firmicutes,Bacilli,Lactobacillales,Enterococcaceae,Enterococcus,,Lactobacillales; Enterococcaceae; Enterococcus; ASV1758,Firmicutes; Lactobacillales; Enterococcaceae
ASV1759,Bacteria,Actinobacteriota,Actinobacteria,PeM15,PeM15,PeM15,,PeM15; PeM15; PeM15; ASV1759,Actinobacteriota; PeM15; PeM15
ASV1760,Bacteria,Proteobacteria,Gammaproteobacteria,Burkholderiales,Comamonadaceae,,,Burkholderiales; Comamonadaceae; ASV1760,Proteobacteria; Burkholderiales; Comamonadaceae
ASV1761,Bacteria,Bacteroidota,Bacteroidia,Bacteroidales,Williamwhitmaniaceae,Rs-D38_termite_group,uncultured_bacterium,Bacteroidales; Williamwhitmaniaceae; Rs-D38_termite_group; uncultured_bacterium; ASV1761,Bacteroidota; Bacteroidales; Williamwhitmaniaceae
ASV1762,Bacteria,Proteobacteria,Gammaproteobacteria,Burkholderiales,Comamonadaceae,,,Burkholderiales; Comamonadaceae; ASV1762,Proteobacteria; Burkholderiales; Comamonadaceae
ASV1763,Bacteria,Actinobacteriota,Thermoleophilia,Solirubrobacterales,Solirubrobacteraceae,Conexibacter,uncultured_bacterium,Solirubrobacterales; Solirubrobacteraceae; Conexibacter; uncultured_bacterium; ASV1763,Actinobacteriota; Solirubrobacterales; Solirubrobacteraceae
ASV1764,Bacteria,Proteobacteria,Alphaproteobacteria,Reyranellales,Reyranellaceae,Reyranella,metagenome,Reyranellales; Reyranellaceae; Reyranella; metagenome; ASV1764,Proteobacteria; Reyranellales; Reyranellaceae
ASV1765,Bacteria,Actinobacteriota,Acidimicrobiia,IMCC26256,IMCC26256,IMCC26256,,IMCC26256; IMCC26256; IMCC26256; ASV1765,Actinobacteriota; IMCC26256; IMCC26256
ASV1766,Bacteria,Proteobacteria,Gammaproteobacteria,Xanthomonadales,Xanthomonadaceae,Stenotrophomonas,,Xanthomonadales; Xanthomonadaceae; Stenotrophomonas; ASV1766,Proteobacteria; Xanthomonadales; Xanthomonadaceae
ASV1767,Bacteria,Proteobacteria,Alphaproteobacteria,Rhizobiales,Hyphomicrobiaceae,Pedomicrobium,,Rhizobiales; Hyphomicrobiaceae; Pedomicrobium; ASV1767,Proteobacteria; Rhizobiales; Hyphomicrobiaceae
ASV1768,Bacteria,Planctomycetota,Planctomycetes,Gemmatales,Gemmataceae,Gemmata,uncultured_bacterium,Gemmatales; Gemmataceae; Gemmata; uncultured_bacterium; ASV1768,Planctomycetota; Gemmatales; Gemmataceae
ASV1769,Bacteria,Bacteroidota,Bacteroidia,Sphingobacteriales,Sphingobacteriaceae,Pedobacter,,Sphingobacteriales; Sphingobacteriaceae; Pedobacter; ASV1769,Bacteroidota; Sphingobacteriales; Sphingobacteriaceae
ASV1770,Bacteria,Proteobacteria,Alphaproteobacteria,,,,,ASV1770,Proteobacteria
ASV1771,Bacteria,Proteobacteria,Alphaproteobacteria,Rhizobiales,Devosiaceae,Devosia,,Rhizobiales; Devosiaceae; Devosia; ASV1771,Proteobacteria; Rhizobiales; Devosiaceae
ASV1772,Bacteria,Planctomycetota,Planctomycetes,Isosphaerales,Isosphaeraceae,,,Isosphaerales; Isosphaeraceae; ASV1772,Planctomycetota; Isosphaerales; Isosphaeraceae
ASV1773,Bacteria,Proteobacteria,Alphaproteobacteria,Rhizobiales,Beijerinckiaceae,Bosea,,Rhizobiales; Beijerinckiaceae; Bosea; ASV1773,Proteobacteria; Rhizobiales; Beijerinckiaceae
ASV1774,Bacteria,Firmicutes,Bacilli,Exiguobacterales,Exiguobacteraceae,Exiguobacterium,,Exiguobacterales; Exiguobacteraceae; Exiguobacterium; ASV1774,Firmicutes; Exiguobacterales; Exiguobacteraceae
ASV1775,Bacteria,Firmicutes,Clostridia,Lachnospirales,Lachnospiraceae,Tyzzerella,,Lachnospirales; Lachnospiraceae; Tyzzerella; ASV1775,Firmicutes; Lachnospirales; Lachnospiraceae
ASV1776,Bacteria,Planctomycetota,Planctomycetes,Isosphaerales,Isosphaeraceae,,agricultural_soil,Isosphaerales; Isosphaeraceae; agricultural_soil; ASV1776,Planctomycetota; Isosphaerales; Isosphaeraceae
ASV1777,Bacteria,Proteobacteria,Gammaproteobacteria,Alteromonadales,Colwelliaceae,Colwellia,,Alteromonadales; Colwelliaceae; Colwellia; ASV1777,Proteobacteria; Alteromonadales; Colwelliaceae
ASV1778,Bacteria,Proteobacteria,Alphaproteobacteria,Rhizobiales,Devosiaceae,Devosia,,Rhizobiales; Devosiaceae; Devosia; ASV1778,Proteobacteria; Rhizobiales; Devosiaceae
ASV1779,Bacteria,Bacteroidota,Bacteroidia,Cytophagales,Spirosomaceae,Emticicia,,Cytophagales; Spirosomaceae; Emticicia; ASV1779,Bacteroidota; Cytophagales; Spirosomaceae
ASV1780,Bacteria,Planctomycetota,Planctomycetes,Planctomycetales,Rubinisphaeraceae,SH-PL14,uncultured_planctomycete,Planctomycetales; Rubinisphaeraceae; SH-PL14; uncultured_planctomycete; ASV1780,Planctomycetota; Planctomycetales; Rubinisphaeraceae
ASV1781,Bacteria,Planctomycetota,Planctomycetes,Planctomycetales,Rubinisphaeraceae,SH-PL14,uncultured_planctomycete,Planctomycetales; Rubinisphaeraceae; SH-PL14; uncultured_planctomycete; ASV1781,Planctomycetota; Planctomycetales; Rubinisphaeraceae
ASV1782,Bacteria,Bacteroidota,Bacteroidia,Cytophagales,Spirosomaceae,Spirosoma,uncultured_bacterium,Cytophagales; Spirosomaceae; Spirosoma; uncultured_bacterium; ASV1782,Bacteroidota; Cytophagales; Spirosomaceae
ASV1783,Bacteria,Planctomycetota,Planctomycetes,Pirellulales,Pirellulaceae,,uncultured_Planctomycetaceae,Pirellulales; Pirellulaceae; uncultured_Planctomycetaceae; ASV1783,Planctomycetota; Pirellulales; Pirellulaceae
ASV1784,Bacteria,Firmicutes,Bacilli,Lactobacillales,Streptococcaceae,Lactococcus,,Lactobacillales; Streptococcaceae; Lactococcus; ASV1784,Firmicutes; Lactobacillales; Streptococcaceae
ASV1785,Bacteria,Firmicutes,Clostridia,Clostridiales,Clostridiaceae,Clostridium_sensu_stricto_1,,Clostridiales; Clostridiaceae; Clostridium_sensu_stricto_1; ASV1785,Firmicutes; Clostridiales; Clostridiaceae
ASV1786,Bacteria,Actinobacteriota,Actinobacteria,Propionibacteriales,Nocardioidaceae,,uncultured_bacterium,Propionibacteriales; Nocardioidaceae; uncultured_bacterium; ASV1786,Actinobacteriota; Propionibacteriales; Nocardioidaceae
ASV1787,Bacteria,Proteobacteria,Alphaproteobacteria,Acetobacterales,Acetobacteraceae,Acidiphilium,uncultured_bacterium,Acetobacterales; Acetobacteraceae; Acidiphilium; uncultured_bacterium; ASV1787,Proteobacteria; Acetobacterales; Acetobacteraceae
ASV1788,Bacteria,Firmicutes,Bacilli,Lactobacillales,,,,Lactobacillales; ASV1788,Firmicutes; Lactobacillales
ASV1789,Bacteria,Proteobacteria,Gammaproteobacteria,,,,metagenome,metagenome; ASV1789,Proteobacteria
ASV1790,Bacteria,Proteobacteria,Gammaproteobacteria,Legionellales,Legionellaceae,Legionella,,Legionellales; Legionellaceae; Legionella; ASV1790,Proteobacteria; Legionellales; Legionellaceae
ASV1791,Bacteria,Proteobacteria,Alphaproteobacteria,Rhizobiales,Rhizobiales_Incertae_Sedis,,uncultured_bacterium,Rhizobiales; Rhizobiales_Incertae_Sedis; uncultured_bacterium; ASV1791,Proteobacteria; Rhizobiales; Rhizobiales_Incertae_Sedis
ASV1792,Bacteria,Patescibacteria,Saccharimonadia,Saccharimonadales,Saccharimonadales,Saccharimonadales,uncultured_bacterium,Saccharimonadales; Saccharimonadales; Saccharimonadales; uncultured_bacterium; ASV1792,Patescibacteria; Saccharimonadales; Saccharimonadales
ASV1793,Bacteria,Proteobacteria,Alphaproteobacteria,Rhizobiales,Beijerinckiaceae,Bosea,,Rhizobiales; Beijerinckiaceae; Bosea; ASV1793,Proteobacteria; Rhizobiales; Beijerinckiaceae
ASV1794,Bacteria,Firmicutes,Bacilli,RsaHf231,RsaHf231,RsaHf231,,RsaHf231; RsaHf231; RsaHf231; ASV1794,Firmicutes; RsaHf231; RsaHf231
ASV1795,Bacteria,Planctomycetota,Planctomycetes,Pirellulales,Pirellulaceae,,metagenome,Pirellulales; Pirellulaceae; metagenome; ASV1795,Planctomycetota; Pirellulales; Pirellulaceae
ASV1796,Bacteria,Firmicutes,Clostridia,Oscillospirales,Ruminococcaceae,,uncultured_Firmicutes,Oscillospirales; Ruminococcaceae; uncultured_Firmicutes; ASV1796,Firmicutes; Oscillospirales; Ruminococcaceae
ASV1797,Bacteria,Cyanobacteria,Cyanobacteriia,Oxyphotobacteria_Incertae_Sedis,,Calothrix_KVSF5,uncultured_bacterium,Oxyphotobacteria_Incertae_Sedis; Calothrix_KVSF5; uncultured_bacterium; ASV1797,Cyanobacteria; Oxyphotobacteria_Incertae_Sedis
ASV1798,Bacteria,Proteobacteria,Gammaproteobacteria,OM182_clade,OM182_clade,OM182_clade,marine_gamma,OM182_clade; OM182_clade; OM182_clade; marine_gamma; ASV1798,Proteobacteria; OM182_clade; OM182_clade
ASV1799,Bacteria,Firmicutes,Clostridia,Clostridiales,Clostridiaceae,Clostridium_sensu_stricto_1,,Clostridiales; Clostridiaceae; Clostridium_sensu_stricto_1; ASV1799,Firmicutes; Clostridiales; Clostridiaceae
ASV1800,Bacteria,Planctomycetota,Planctomycetes,Gemmatales,Gemmataceae,Fimbriiglobus,uncultured_bacterium,Gemmatales; Gemmataceae; Fimbriiglobus; uncultured_bacterium; ASV1800,Planctomycetota; Gemmatales; Gemmataceae
ASV1801,Bacteria,Proteobacteria,Alphaproteobacteria,Rhizobiales,Hyphomicrobiaceae,Hyphomicrobium,,Rhizobiales; Hyphomicrobiaceae; Hyphomicrobium; ASV1801,Proteobacteria; Rhizobiales; Hyphomicrobiaceae
ASV1802,Bacteria,Proteobacteria,Alphaproteobacteria,Rhizobiales,Beijerinckiaceae,Bosea,,Rhizobiales; Beijerinckiaceae; Bosea; ASV1802,Proteobacteria; Rhizobiales; Beijerinckiaceae
ASV1803,Bacteria,Proteobacteria,Gammaproteobacteria,Cellvibrionales,Cellvibrionaceae,Cellvibrio,,Cellvibrionales; Cellvibrionaceae; Cellvibrio; ASV1803,Proteobacteria; Cellvibrionales; Cellvibrionaceae
ASV1804,Bacteria,Firmicutes,Clostridia,Lachnospirales,Lachnospiraceae,Tyzzerella,,Lachnospirales; Lachnospiraceae; Tyzzerella; ASV1804,Firmicutes; Lachnospirales; Lachnospiraceae
ASV1805,Bacteria,Proteobacteria,Alphaproteobacteria,Rhizobiales,Rhizobiaceae,Allorhizobium-Neorhizobium-Pararhizobium-Rhizobium,,Rhizobiales; Rhizobiaceae; Allorhizobium-Neorhizobium-Pararhizobium-Rhizobium; ASV1805,Proteobacteria; Rhizobiales; Rhizobiaceae
ASV1806,Bacteria,Proteobacteria,Gammaproteobacteria,,,,metagenome,metagenome; ASV1806,Proteobacteria
ASV1807,Bacteria,Verrucomicrobiota,Chlamydiae,Chlamydiales,Parachlamydiaceae,Neochlamydia,uncultured_Chlamydiales,Chlamydiales; Parachlamydiaceae; Neochlamydia; uncultured_Chlamydiales; ASV1807,Verrucomicrobiota; Chlamydiales; Parachlamydiaceae
ASV1808,Bacteria,Proteobacteria,Gammaproteobacteria,Pseudomonadales,Pseudomonadaceae,Pseudomonas,,Pseudomonadales; Pseudomonadaceae; Pseudomonas; ASV1808,Proteobacteria; Pseudomonadales; Pseudomonadaceae
ASV1809,Bacteria,Chloroflexi,Chloroflexia,Thermomicrobiales,JG30-KF-CM45,JG30-KF-CM45,uncultured_soil,Thermomicrobiales; JG30-KF-CM45; JG30-KF-CM45; uncultured_soil; ASV1809,Chloroflexi; Thermomicrobiales; JG30-KF-CM45
ASV1810,Bacteria,Planctomycetota,Planctomycetes,Isosphaerales,Isosphaeraceae,Tundrisphaera,,Isosphaerales; Isosphaeraceae; Tundrisphaera; ASV1810,Planctomycetota; Isosphaerales; Isosphaeraceae
ASV1811,Bacteria,Proteobacteria,Alphaproteobacteria,Paracaedibacterales,Paracaedibacteraceae,Candidatus_Captivus,metagenome,Paracaedibacterales; Paracaedibacteraceae; Candidatus_Captivus; metagenome; ASV1811,Proteobacteria; Paracaedibacterales; Paracaedibacteraceae
ASV1812,Bacteria,Firmicutes,Clostridia,Oscillospirales,Ruminococcaceae,Candidatus_Soleaferrea,,Oscillospirales; Ruminococcaceae; Candidatus_Soleaferrea; ASV1812,Firmicutes; Oscillospirales; Ruminococcaceae
ASV1813,Bacteria,Proteobacteria,Gammaproteobacteria,Gammaproteobacteria_Incertae_Sedis,,Candidatus_Berkiella,uncultured_bacterium,Gammaproteobacteria_Incertae_Sedis; Candidatus_Berkiella; uncultured_bacterium; ASV1813,Proteobacteria; Gammaproteobacteria_Incertae_Sedis
ASV1814,Bacteria,Firmicutes,Bacilli,Bacillales,Bacillaceae,Geobacillus,,Bacillales; Bacillaceae; Geobacillus; ASV1814,Firmicutes; Bacillales; Bacillaceae
ASV1815,Bacteria,Planctomycetota,Planctomycetes,Gemmatales,Gemmataceae,,uncultured_Zavarzinella,Gemmatales; Gemmataceae; uncultured_Zavarzinella; ASV1815,Planctomycetota; Gemmatales; Gemmataceae
ASV1816,Bacteria,Proteobacteria,Alphaproteobacteria,Rhizobiales,Devosiaceae,Devosia,,Rhizobiales; Devosiaceae; Devosia; ASV1816,Proteobacteria; Rhizobiales; Devosiaceae
ASV1817,Bacteria,Proteobacteria,Gammaproteobacteria,Diplorickettsiales,Diplorickettsiaceae,Aquicella,uncultured_bacterium,Diplorickettsiales; Diplorickettsiaceae; Aquicella; uncultured_bacterium; ASV1817,Proteobacteria; Diplorickettsiales; Diplorickettsiaceae
ASV1818,Bacteria,Firmicutes,Clostridia,Clostridiales,Clostridiaceae,Clostridium_sensu_stricto_13,,Clostridiales; Clostridiaceae; Clostridium_sensu_stricto_13; ASV1818,Firmicutes; Clostridiales; Clostridiaceae
ASV1819,Bacteria,Actinobacteriota,Actinobacteria,Frankiales,Sporichthyaceae,Longivirga,uncultured_bacterium,Frankiales; Sporichthyaceae; Longivirga; uncultured_bacterium; ASV1819,Actinobacteriota; Frankiales; Sporichthyaceae
ASV1820,Bacteria,Firmicutes,Bacilli,Paenibacillales,Paenibacillaceae,Saccharibacillus,Saccharibacillus_deserti,Paenibacillales; Paenibacillaceae; Saccharibacillus; Saccharibacillus_deserti; ASV1820,Firmicutes; Paenibacillales; Paenibacillaceae
ASV1821,Bacteria,Proteobacteria,Alphaproteobacteria,Rhizobiales,Xanthobacteraceae,,uncultured_Bradyrhizobiaceae,Rhizobiales; Xanthobacteraceae; uncultured_Bradyrhizobiaceae; ASV1821,Proteobacteria; Rhizobiales; Xanthobacteraceae
ASV1822,Bacteria,Firmicutes,Bacilli,RsaHf231,RsaHf231,RsaHf231,uncultured_bacterium,RsaHf231; RsaHf231; RsaHf231; uncultured_bacterium; ASV1822,Firmicutes; RsaHf231; RsaHf231
ASV1823,Bacteria,Proteobacteria,Alphaproteobacteria,Rhizobiales,Hyphomicrobiaceae,Hyphomicrobium,uncultured_bacterium,Rhizobiales; Hyphomicrobiaceae; Hyphomicrobium; uncultured_bacterium; ASV1823,Proteobacteria; Rhizobiales; Hyphomicrobiaceae
ASV1824,Bacteria,Proteobacteria,Gammaproteobacteria,Legionellales,Legionellaceae,Legionella,,Legionellales; Legionellaceae; Legionella; ASV1824,Proteobacteria; Legionellales; Legionellaceae
ASV1825,Bacteria,Proteobacteria,Alphaproteobacteria,Sphingomonadales,Sphingomonadaceae,Sphingorhabdus,,Sphingomonadales; Sphingomonadaceae; Sphingorhabdus; ASV1825,Proteobacteria; Sphingomonadales; Sphingomonadaceae
ASV1826,Bacteria,Firmicutes,Bacilli,Lactobacillales,Streptococcaceae,Lactococcus,,Lactobacillales; Streptococcaceae; Lactococcus; ASV1826,Firmicutes; Lactobacillales; Streptococcaceae
ASV1827,Bacteria,Proteobacteria,Alphaproteobacteria,Rhizobiales,Rhizobiaceae,Allorhizobium-Neorhizobium-Pararhizobium-Rhizobium,,Rhizobiales; Rhizobiaceae; Allorhizobium-Neorhizobium-Pararhizobium-Rhizobium; ASV1827,Proteobacteria; Rhizobiales; Rhizobiaceae
ASV1828,Bacteria,Proteobacteria,Alphaproteobacteria,Rhizobiales,Rhizobiales_Incertae_Sedis,Phreatobacter,,Rhizobiales; Rhizobiales_Incertae_Sedis; Phreatobacter; ASV1828,Proteobacteria; Rhizobiales; Rhizobiales_Incertae_Sedis
ASV1829,Bacteria,Proteobacteria,Alphaproteobacteria,Rhizobiales,Devosiaceae,Devosia,,Rhizobiales; Devosiaceae; Devosia; ASV1829,Proteobacteria; Rhizobiales; Devosiaceae
ASV1830,Bacteria,Firmicutes,Bacilli,RsaHf231,RsaHf231,RsaHf231,bacterium_PM5-3,RsaHf231; RsaHf231; RsaHf231; bacterium_PM5-3; ASV1830,Firmicutes; RsaHf231; RsaHf231
ASV1831,Bacteria,Bdellovibrionota,Bdellovibrionia,Bdellovibrionales,Bdellovibrionaceae,OM27_clade,uncultured_delta,Bdellovibrionales; Bdellovibrionaceae; OM27_clade; uncultured_delta; ASV1831,Bdellovibrionota; Bdellovibrionales; Bdellovibrionaceae
ASV1832,Bacteria,Proteobacteria,Gammaproteobacteria,Burkholderiales,Comamonadaceae,,,Burkholderiales; Comamonadaceae; ASV1832,Proteobacteria; Burkholderiales; Comamonadaceae
ASV1833,Bacteria,Planctomycetota,Planctomycetes,Gemmatales,Gemmataceae,Gemmata,uncultured_bacterium,Gemmatales; Gemmataceae; Gemmata; uncultured_bacterium; ASV1833,Planctomycetota; Gemmatales; Gemmataceae
ASV1834,Bacteria,Proteobacteria,Alphaproteobacteria,Sphingomonadales,Sphingomonadaceae,Sphingobium,metagenome,Sphingomonadales; Sphingomonadaceae; Sphingobium; metagenome; ASV1834,Proteobacteria; Sphingomonadales; Sphingomonadaceae
ASV1835,Bacteria,Verrucomicrobiota,Chlamydiae,Chlamydiales,Parachlamydiaceae,Neochlamydia,,Chlamydiales; Parachlamydiaceae; Neochlamydia; ASV1835,Verrucomicrobiota; Chlamydiales; Parachlamydiaceae
ASV1836,Bacteria,Bacteroidota,Bacteroidia,Flavobacteriales,Weeksellaceae,Chryseobacterium,,Flavobacteriales; Weeksellaceae; Chryseobacterium; ASV1836,Bacteroidota; Flavobacteriales; Weeksellaceae
ASV1837,Bacteria,Planctomycetota,Planctomycetes,Gemmatales,Gemmataceae,,uncultured_bacterium,Gemmatales; Gemmataceae; uncultured_bacterium; ASV1837,Planctomycetota; Gemmatales; Gemmataceae
ASV1838,Bacteria,Deinococcota,Deinococci,Deinococcales,Deinococcaceae,Deinococcus,uncultured_bacterium,Deinococcales; Deinococcaceae; Deinococcus; uncultured_bacterium; ASV1838,Deinococcota; Deinococcales; Deinococcaceae
ASV1839,Bacteria,Verrucomicrobiota,Chlamydiae,Chlamydiales,Parachlamydiaceae,Candidatus_Protochlamydia,metagenome,Chlamydiales; Parachlamydiaceae; Candidatus_Protochlamydia; metagenome; ASV1839,Verrucomicrobiota; Chlamydiales; Parachlamydiaceae
ASV1840,Bacteria,Planctomycetota,Planctomycetes,Gemmatales,Gemmataceae,,,Gemmatales; Gemmataceae; ASV1840,Planctomycetota; Gemmatales; Gemmataceae
ASV1841,Bacteria,Actinobacteriota,Actinobacteria,Frankiales,Sporichthyaceae,Longivirga,,Frankiales; Sporichthyaceae; Longivirga; ASV1841,Actinobacteriota; Frankiales; Sporichthyaceae
ASV1842,Bacteria,Proteobacteria,Alphaproteobacteria,Rhizobiales,Rhizobiales_Incertae_Sedis,Phreatobacter,uncultured_bacterium,Rhizobiales; Rhizobiales_Incertae_Sedis; Phreatobacter; uncultured_bacterium; ASV1842,Proteobacteria; Rhizobiales; Rhizobiales_Incertae_Sedis
ASV1843,Bacteria,Planctomycetota,Planctomycetes,Planctomycetales,Rubinisphaeraceae,SH-PL14,uncultured_planctomycete,Planctomycetales; Rubinisphaeraceae; SH-PL14; uncultured_planctomycete; ASV1843,Planctomycetota; Planctomycetales; Rubinisphaeraceae
ASV1844,Bacteria,Proteobacteria,Alphaproteobacteria,Rhizobiales,Rhizobiaceae,Pseudochrobactrum,,Rhizobiales; Rhizobiaceae; Pseudochrobactrum; ASV1844,Proteobacteria; Rhizobiales; Rhizobiaceae
ASV1845,Bacteria,Firmicutes,Clostridia,Clostridiales,Clostridiaceae,Clostridium_sensu_stricto_1,,Clostridiales; Clostridiaceae; Clostridium_sensu_stricto_1; ASV1845,Firmicutes; Clostridiales; Clostridiaceae
ASV1846,Bacteria,Firmicutes,Clostridia,Lachnospirales,Lachnospiraceae,,,Lachnospirales; Lachnospiraceae; ASV1846,Firmicutes; Lachnospirales; Lachnospiraceae
ASV1847,Bacteria,Proteobacteria,Alphaproteobacteria,Rhizobiales,Beijerinckiaceae,Bosea,,Rhizobiales; Beijerinckiaceae; Bosea; ASV1847,Proteobacteria; Rhizobiales; Beijerinckiaceae
ASV1848,Bacteria,Firmicutes,Clostridia,Clostridiales,Clostridiaceae,Clostridium_sensu_stricto_1,,Clostridiales; Clostridiaceae; Clostridium_sensu_stricto_1; ASV1848,Firmicutes; Clostridiales; Clostridiaceae
ASV1849,Bacteria,Planctomycetota,Planctomycetes,Pirellulales,Pirellulaceae,,uncultured_Planctomycetaceae,Pirellulales; Pirellulaceae; uncultured_Planctomycetaceae; ASV1849,Planctomycetota; Pirellulales; Pirellulaceae
ASV1850,Bacteria,Firmicutes,Desulfitobacteriia,Desulfitobacteriales,Desulfitobacteriaceae,Desulfosporosinus,,Desulfitobacteriales; Desulfitobacteriaceae; Desulfosporosinus; ASV1850,Firmicutes; Desulfitobacteriales; Desulfitobacteriaceae
ASV1851,Bacteria,Acidobacteriota,Acidobacteriae,Acidobacteriales,Acidobacteriaceae_(Subgroup_1),,,Acidobacteriales; Acidobacteriaceae_(Subgroup_1); ASV1851,Acidobacteriota; Acidobacteriales; Acidobacteriaceae_(Subgroup_1)
ASV1852,Bacteria,Planctomycetota,Planctomycetes,Pirellulales,Pirellulaceae,Pirellula,uncultured_bacterium,Pirellulales; Pirellulaceae; Pirellula; uncultured_bacterium; ASV1852,Planctomycetota; Pirellulales; Pirellulaceae
ASV1853,Bacteria,Planctomycetota,Planctomycetes,Gemmatales,Gemmataceae,Gemmata,Gemmata_sp.,Gemmatales; Gemmataceae; Gemmata; Gemmata_sp.; ASV1853,Planctomycetota; Gemmatales; Gemmataceae
ASV1854,Bacteria,Cyanobacteria,Cyanobacteriia,Cyanobacteriales,Chroococcidiopsaceae,,uncultured_bacterium,Cyanobacteriales; Chroococcidiopsaceae; uncultured_bacterium; ASV1854,Cyanobacteria; Cyanobacteriales; Chroococcidiopsaceae
ASV1855,Bacteria,Verrucomicrobiota,Chlamydiae,Chlamydiales,Chlamydiaceae,Chlamydiaceae,metagenome,Chlamydiales; Chlamydiaceae; Chlamydiaceae; metagenome; ASV1855,Verrucomicrobiota; Chlamydiales; Chlamydiaceae
ASV1856,Bacteria,Firmicutes,Clostridia,Lachnospirales,Lachnospiraceae,,,Lachnospirales; Lachnospiraceae; ASV1856,Firmicutes; Lachnospirales; Lachnospiraceae
ASV1857,Bacteria,Desulfobacterota,Desulfuromonadia,Geobacterales,Geobacteraceae,Geobacter,,Geobacterales; Geobacteraceae; Geobacter; ASV1857,Desulfobacterota; Geobacterales; Geobacteraceae
ASV1858,Bacteria,Planctomycetota,Planctomycetes,Isosphaerales,Isosphaeraceae,,uncultured_bacterium,Isosphaerales; Isosphaeraceae; uncultured_bacterium; ASV1858,Planctomycetota; Isosphaerales; Isosphaeraceae
ASV1859,Bacteria,Planctomycetota,Planctomycetes,Pirellulales,Pirellulaceae,,uncultured_Planctomycetaceae,Pirellulales; Pirellulaceae; uncultured_Planctomycetaceae; ASV1859,Planctomycetota; Pirellulales; Pirellulaceae
ASV1860,Bacteria,Actinobacteriota,Actinobacteria,Propionibacteriales,Nocardioidaceae,Nocardioides,,Propionibacteriales; Nocardioidaceae; Nocardioides; ASV1860,Actinobacteriota; Propionibacteriales; Nocardioidaceae
ASV1861,Bacteria,Proteobacteria,Gammaproteobacteria,Legionellales,Legionellaceae,Legionella,uncultured_bacterium,Legionellales; Legionellaceae; Legionella; uncultured_bacterium; ASV1861,Proteobacteria; Legionellales; Legionellaceae
ASV1862,Bacteria,Proteobacteria,Alphaproteobacteria,Rhizobiales,Beijerinckiaceae,Bosea,,Rhizobiales; Beijerinckiaceae; Bosea; ASV1862,Proteobacteria; Rhizobiales; Beijerinckiaceae
ASV1863,Bacteria,Proteobacteria,Gammaproteobacteria,Xanthomonadales,Xanthomonadaceae,,,Xanthomonadales; Xanthomonadaceae; ASV1863,Proteobacteria; Xanthomonadales; Xanthomonadaceae
ASV1864,Bacteria,Proteobacteria,Gammaproteobacteria,Xanthomonadales,Xanthomonadaceae,Stenotrophomonas,,Xanthomonadales; Xanthomonadaceae; Stenotrophomonas; ASV1864,Proteobacteria; Xanthomonadales; Xanthomonadaceae
ASV1865,Bacteria,Firmicutes,Clostridia,Clostridiales,Clostridiaceae,Clostridium_sensu_stricto_1,,Clostridiales; Clostridiaceae; Clostridium_sensu_stricto_1; ASV1865,Firmicutes; Clostridiales; Clostridiaceae
ASV1866,Bacteria,Actinobacteriota,Thermoleophilia,Solirubrobacterales,Solirubrobacteraceae,Conexibacter,,Solirubrobacterales; Solirubrobacteraceae; Conexibacter; ASV1866,Actinobacteriota; Solirubrobacterales; Solirubrobacteraceae
ASV1867,Bacteria,Proteobacteria,Gammaproteobacteria,Pseudomonadales,Pseudomonadaceae,Pseudomonas,,Pseudomonadales; Pseudomonadaceae; Pseudomonas; ASV1867,Proteobacteria; Pseudomonadales; Pseudomonadaceae
ASV1868,Bacteria,Proteobacteria,Alphaproteobacteria,Rhizobiales,Devosiaceae,Devosia,,Rhizobiales; Devosiaceae; Devosia; ASV1868,Proteobacteria; Rhizobiales; Devosiaceae
ASV1869,Bacteria,Proteobacteria,Alphaproteobacteria,Sphingomonadales,Sphingomonadaceae,Sphingobium,Sphingobium_sufflavum,Sphingomonadales; Sphingomonadaceae; Sphingobium; Sphingobium_sufflavum; ASV1869,Proteobacteria; Sphingomonadales; Sphingomonadaceae
ASV1870,Bacteria,Proteobacteria,Alphaproteobacteria,Sphingomonadales,Sphingomonadaceae,,,Sphingomonadales; Sphingomonadaceae; ASV1870,Proteobacteria; Sphingomonadales; Sphingomonadaceae
ASV1871,Bacteria,Proteobacteria,Alphaproteobacteria,Rhizobiales,Devosiaceae,Devosia,,Rhizobiales; Devosiaceae; Devosia; ASV1871,Proteobacteria; Rhizobiales; Devosiaceae
ASV1872,Bacteria,Proteobacteria,Alphaproteobacteria,Rhizobiales,Xanthobacteraceae,Rhodopseudomonas,,Rhizobiales; Xanthobacteraceae; Rhodopseudomonas; ASV1872,Proteobacteria; Rhizobiales; Xanthobacteraceae
ASV1873,Bacteria,Firmicutes,Bacilli,Erysipelotrichales,Erysipelotrichaceae,Breznakia,Breznakia_pachnodae,Erysipelotrichales; Erysipelotrichaceae; Breznakia; Breznakia_pachnodae; ASV1873,Firmicutes; Erysipelotrichales; Erysipelotrichaceae
ASV1874,Bacteria,Verrucomicrobiota,Verrucomicrobiae,Opitutales,Puniceicoccaceae,Verruc-01,Opitutae_bacterium,Opitutales; Puniceicoccaceae; Verruc-01; Opitutae_bacterium; ASV1874,Verrucomicrobiota; Opitutales; Puniceicoccaceae
ASV1875,Bacteria,Firmicutes,Clostridia,Lachnospirales,Lachnospiraceae,Tyzzerella,,Lachnospirales; Lachnospiraceae; Tyzzerella; ASV1875,Firmicutes; Lachnospirales; Lachnospiraceae
ASV1876,Bacteria,Proteobacteria,Alphaproteobacteria,Rhizobiales,Devosiaceae,Devosia,,Rhizobiales; Devosiaceae; Devosia; ASV1876,Proteobacteria; Rhizobiales; Devosiaceae
ASV1877,Bacteria,Proteobacteria,Gammaproteobacteria,Burkholderiales,Oxalobacteraceae,,,Burkholderiales; Oxalobacteraceae; ASV1877,Proteobacteria; Burkholderiales; Oxalobacteraceae
ASV1878,Bacteria,Firmicutes,Clostridia,Clostridiales,Clostridiaceae,,,Clostridiales; Clostridiaceae; ASV1878,Firmicutes; Clostridiales; Clostridiaceae
ASV1879,Bacteria,Firmicutes,Clostridia,Lachnospirales,Lachnospiraceae,Tyzzerella,uncultured_Eubacteriaceae,Lachnospirales; Lachnospiraceae; Tyzzerella; uncultured_Eubacteriaceae; ASV1879,Firmicutes; Lachnospirales; Lachnospiraceae
ASV1880,Bacteria,Proteobacteria,Alphaproteobacteria,Acetobacterales,Acetobacteraceae,,,Acetobacterales; Acetobacteraceae; ASV1880,Proteobacteria; Acetobacterales; Acetobacteraceae
ASV1881,Bacteria,Proteobacteria,Gammaproteobacteria,Burkholderiales,Comamonadaceae,,,Burkholderiales; Comamonadaceae; ASV1881,Proteobacteria; Burkholderiales; Comamonadaceae
ASV1882,Bacteria,Proteobacteria,Alphaproteobacteria,Rhizobiales,Rhizobiaceae,Allorhizobium-Neorhizobium-Pararhizobium-Rhizobium,,Rhizobiales; Rhizobiaceae; Allorhizobium-Neorhizobium-Pararhizobium-Rhizobium; ASV1882,Proteobacteria; Rhizobiales; Rhizobiaceae
ASV1883,Bacteria,Proteobacteria,Alphaproteobacteria,Rhizobiales,Rhizobiaceae,,,Rhizobiales; Rhizobiaceae; ASV1883,Proteobacteria; Rhizobiales; Rhizobiaceae
ASV1884,Bacteria,Firmicutes,Bacilli,Paenibacillales,Paenibacillaceae,Paenibacillus,,Paenibacillales; Paenibacillaceae; Paenibacillus; ASV1884,Firmicutes; Paenibacillales; Paenibacillaceae
ASV1885,Bacteria,Actinobacteriota,Actinobacteria,Frankiales,Frankiaceae,Jatrophihabitans,,Frankiales; Frankiaceae; Jatrophihabitans; ASV1885,Actinobacteriota; Frankiales; Frankiaceae
ASV1886,Bacteria,Firmicutes,Clostridia,Clostridiales,Clostridiaceae,Clostridium_sensu_stricto_1,,Clostridiales; Clostridiaceae; Clostridium_sensu_stricto_1; ASV1886,Firmicutes; Clostridiales; Clostridiaceae
ASV1887,Bacteria,Firmicutes,Bacilli,Thermoactinomycetales,Thermoactinomycetaceae,,uncultured_bacterium,Thermoactinomycetales; Thermoactinomycetaceae; uncultured_bacterium; ASV1887,Firmicutes; Thermoactinomycetales; Thermoactinomycetaceae
ASV1888,Bacteria,Proteobacteria,Gammaproteobacteria,Pseudomonadales,Pseudomonadaceae,Pseudomonas,,Pseudomonadales; Pseudomonadaceae; Pseudomonas; ASV1888,Proteobacteria; Pseudomonadales; Pseudomonadaceae
ASV1889,Bacteria,Proteobacteria,Alphaproteobacteria,Acetobacterales,Acetobacteraceae,Acidiphilium,uncultured_Alphaproteobacteria,Acetobacterales; Acetobacteraceae; Acidiphilium; uncultured_Alphaproteobacteria; ASV1889,Proteobacteria; Acetobacterales; Acetobacteraceae
ASV1890,Bacteria,Proteobacteria,Gammaproteobacteria,Burkholderiales,Oxalobacteraceae,,,Burkholderiales; Oxalobacteraceae; ASV1890,Proteobacteria; Burkholderiales; Oxalobacteraceae
ASV1891,Bacteria,Proteobacteria,Alphaproteobacteria,Rhizobiales,Rhizobiaceae,,,Rhizobiales; Rhizobiaceae; ASV1891,Proteobacteria; Rhizobiales; Rhizobiaceae
ASV1892,Bacteria,Proteobacteria,Gammaproteobacteria,Alteromonadales,Colwelliaceae,Colwellia,,Alteromonadales; Colwelliaceae; Colwellia; ASV1892,Proteobacteria; Alteromonadales; Colwelliaceae
ASV1893,Bacteria,Proteobacteria,Gammaproteobacteria,Thiomicrospirales,Thioglobaceae,SUP05_cluster,,Thiomicrospirales; Thioglobaceae; SUP05_cluster; ASV1893,Proteobacteria; Thiomicrospirales; Thioglobaceae
ASV1894,Bacteria,Verrucomicrobiota,Verrucomicrobiae,Verrucomicrobiales,Rubritaleaceae,Luteolibacter,,Verrucomicrobiales; Rubritaleaceae; Luteolibacter; ASV1894,Verrucomicrobiota; Verrucomicrobiales; Rubritaleaceae
ASV1895,Bacteria,Proteobacteria,Alphaproteobacteria,Sphingomonadales,Sphingomonadaceae,Sphingorhabdus,Sphingomonas_sp.,Sphingomonadales; Sphingomonadaceae; Sphingorhabdus; Sphingomonas_sp.; ASV1895,Proteobacteria; Sphingomonadales; Sphingomonadaceae
ASV1896,Bacteria,Planctomycetota,Phycisphaerae,Tepidisphaerales,Tepidisphaeraceae,Tepidisphaera,uncultured_bacterium,Tepidisphaerales; Tepidisphaeraceae; Tepidisphaera; uncultured_bacterium; ASV1896,Planctomycetota; Tepidisphaerales; Tepidisphaeraceae
ASV1897,Bacteria,Proteobacteria,Gammaproteobacteria,Diplorickettsiales,Diplorickettsiaceae,,uncultured_bacterium,Diplorickettsiales; Diplorickettsiaceae; uncultured_bacterium; ASV1897,Proteobacteria; Diplorickettsiales; Diplorickettsiaceae
ASV1898,Bacteria,Firmicutes,Clostridia,Lachnospirales,Lachnospiraceae,,,Lachnospirales; Lachnospiraceae; ASV1898,Firmicutes; Lachnospirales; Lachnospiraceae
ASV1899,Bacteria,Proteobacteria,Alphaproteobacteria,Rhizobiales,Beijerinckiaceae,Bosea,,Rhizobiales; Beijerinckiaceae; Bosea; ASV1899,Proteobacteria; Rhizobiales; Beijerinckiaceae
ASV1900,Bacteria,Bacteroidota,Bacteroidia,Bacteroidales,Paludibacteraceae,Paludibacter,,Bacteroidales; Paludibacteraceae; Paludibacter; ASV1900,Bacteroidota; Bacteroidales; Paludibacteraceae
ASV1901,Bacteria,Chloroflexi,Ktedonobacteria,Ktedonobacterales,Ktedonobacteraceae,,uncultured_Ktedobacteria,Ktedonobacterales; Ktedonobacteraceae; uncultured_Ktedobacteria; ASV1901,Chloroflexi; Ktedonobacterales; Ktedonobacteraceae
ASV1902,Bacteria,Proteobacteria,Alphaproteobacteria,Rhizobiales,Beijerinckiaceae,FFCH5858,uncultured_bacterium,Rhizobiales; Beijerinckiaceae; FFCH5858; uncultured_bacterium; ASV1902,Proteobacteria; Rhizobiales; Beijerinckiaceae
ASV1903,Bacteria,Firmicutes,Bacilli,Lactobacillales,Streptococcaceae,Lactococcus,,Lactobacillales; Streptococcaceae; Lactococcus; ASV1903,Firmicutes; Lactobacillales; Streptococcaceae
ASV1904,Bacteria,Firmicutes,Bacilli,RsaHf231,RsaHf231,RsaHf231,,RsaHf231; RsaHf231; RsaHf231; ASV1904,Firmicutes; RsaHf231; RsaHf231
ASV1905,Bacteria,Actinobacteriota,Actinobacteria,Corynebacteriales,Corynebacteriaceae,Corynebacterium,,Corynebacteriales; Corynebacteriaceae; Corynebacterium; ASV1905,Actinobacteriota; Corynebacteriales; Corynebacteriaceae
ASV1906,Bacteria,Proteobacteria,Alphaproteobacteria,Rhizobiales,Beijerinckiaceae,,uncultured_Rhizobiales,Rhizobiales; Beijerinckiaceae; uncultured_Rhizobiales; ASV1906,Proteobacteria; Rhizobiales; Beijerinckiaceae
ASV1907,Bacteria,Actinobacteriota,Acidimicrobiia,Microtrichales,,,metagenome,Microtrichales; metagenome; ASV1907,Actinobacteriota; Microtrichales
ASV1908,Bacteria,Proteobacteria,Alphaproteobacteria,Sphingomonadales,Sphingomonadaceae,,,Sphingomonadales; Sphingomonadaceae; ASV1908,Proteobacteria; Sphingomonadales; Sphingomonadaceae
ASV1909,Bacteria,Firmicutes,Negativicutes,Veillonellales-Selenomonadales,Veillonellaceae,Dialister,,Veillonellales-Selenomonadales; Veillonellaceae; Dialister; ASV1909,Firmicutes; Veillonellales-Selenomonadales; Veillonellaceae
ASV1910,Bacteria,Actinobacteriota,Actinobacteria,Corynebacteriales,Corynebacteriaceae,Lawsonella,uncultured_bacterium,Corynebacteriales; Corynebacteriaceae; Lawsonella; uncultured_bacterium; ASV1910,Actinobacteriota; Corynebacteriales; Corynebacteriaceae
ASV1911,Bacteria,Firmicutes,Bacilli,Lactobacillales,Listeriaceae,Brochothrix,,Lactobacillales; Listeriaceae; Brochothrix; ASV1911,Firmicutes; Lactobacillales; Listeriaceae
ASV1912,Bacteria,Firmicutes,Bacilli,Lactobacillales,,,,Lactobacillales; ASV1912,Firmicutes; Lactobacillales
ASV1913,Bacteria,Firmicutes,Clostridia,Peptostreptococcales-Tissierellales,Peptostreptococcales-Tissierellales,Murdochiella,Murdochiella_asaccharolytica,Peptostreptococcales-Tissierellales; Peptostreptococcales-Tissierellales; Murdochiella; Murdochiella_asaccharolytica; ASV1913,Firmicutes; Peptostreptococcales-Tissierellales; Peptostreptococcales-Tissierellales
ASV1914,Bacteria,Actinobacteriota,Rubrobacteria,Rubrobacterales,Rubrobacteriaceae,Rubrobacter,,Rubrobacterales; Rubrobacteriaceae; Rubrobacter; ASV1914,Actinobacteriota; Rubrobacterales; Rubrobacteriaceae
ASV1915,Bacteria,Firmicutes,Clostridia,Clostridiales,Clostridiaceae,Clostridium_sensu_stricto_9,,Clostridiales; Clostridiaceae; Clostridium_sensu_stricto_9; ASV1915,Firmicutes; Clostridiales; Clostridiaceae
ASV1916,Bacteria,Firmicutes,Clostridia,Peptostreptococcales-Tissierellales,Peptostreptococcales-Tissierellales,Peptoniphilus,Peptoniphilus_lacrimalis,Peptostreptococcales-Tissierellales; Peptostreptococcales-Tissierellales; Peptoniphilus; Peptoniphilus_lacrimalis; ASV1916,Firmicutes; Peptostreptococcales-Tissierellales; Peptostreptococcales-Tissierellales
ASV1917,Bacteria,Proteobacteria,Alphaproteobacteria,Rhizobiales,Devosiaceae,,,Rhizobiales; Devosiaceae; ASV1917,Proteobacteria; Rhizobiales; Devosiaceae
ASV1918,Bacteria,Proteobacteria,Alphaproteobacteria,Rhizobiales,,,,Rhizobiales; ASV1918,Proteobacteria; Rhizobiales
ASV1919,Bacteria,Proteobacteria,Alphaproteobacteria,Sphingomonadales,Sphingomonadaceae,Sphingomonas,,Sphingomonadales; Sphingomonadaceae; Sphingomonas; ASV1919,Proteobacteria; Sphingomonadales; Sphingomonadaceae
ASV1920,Bacteria,Actinobacteriota,Thermoleophilia,Solirubrobacterales,67-14,67-14,metagenome,Solirubrobacterales; 67-14; 67-14; metagenome; ASV1920,Actinobacteriota; Solirubrobacterales; 67-14
ASV1921,Bacteria,Firmicutes,Bacilli,Lactobacillales,,,,Lactobacillales; ASV1921,Firmicutes; Lactobacillales
ASV1922,Bacteria,Planctomycetota,Planctomycetes,Isosphaerales,Isosphaeraceae,,uncultured_soil,Isosphaerales; Isosphaeraceae; uncultured_soil; ASV1922,Planctomycetota; Isosphaerales; Isosphaeraceae
ASV1923,Bacteria,Proteobacteria,Alphaproteobacteria,Rhizobiales,Beijerinckiaceae,Psychroglaciecola,,Rhizobiales; Beijerinckiaceae; Psychroglaciecola; ASV1923,Proteobacteria; Rhizobiales; Beijerinckiaceae
ASV1924,Bacteria,Proteobacteria,Gammaproteobacteria,Legionellales,Legionellaceae,Legionella,,Legionellales; Legionellaceae; Legionella; ASV1924,Proteobacteria; Legionellales; Legionellaceae
ASV1925,Bacteria,Dependentiae,Babeliae,Babeliales,Babeliales,Babeliales,uncultured_bacterium,Babeliales; Babeliales; Babeliales; uncultured_bacterium; ASV1925,Dependentiae; Babeliales; Babeliales
ASV1926,Bacteria,Firmicutes,Bacilli,,,,,ASV1926,Firmicutes
ASV1927,Bacteria,Chloroflexi,Chloroflexia,Thermomicrobiales,JG30-KF-CM45,JG30-KF-CM45,uncultured_soil,Thermomicrobiales; JG30-KF-CM45; JG30-KF-CM45; uncultured_soil; ASV1927,Chloroflexi; Thermomicrobiales; JG30-KF-CM45
ASV1928,Bacteria,Synergistota,Synergistia,Synergistales,Synergistaceae,Jonquetella,Jonquetella_anthropi,Synergistales; Synergistaceae; Jonquetella; Jonquetella_anthropi; ASV1928,Synergistota; Synergistales; Synergistaceae
ASV1929,Bacteria,Chloroflexi,Chloroflexia,Thermomicrobiales,JG30-KF-CM45,JG30-KF-CM45,uncultured_bacterium,Thermomicrobiales; JG30-KF-CM45; JG30-KF-CM45; uncultured_bacterium; ASV1929,Chloroflexi; Thermomicrobiales; JG30-KF-CM45
ASV1930,Bacteria,Firmicutes,Bacilli,Lactobacillales,Streptococcaceae,Lactococcus,,Lactobacillales; Streptococcaceae; Lactococcus; ASV1930,Firmicutes; Lactobacillales; Streptococcaceae
ASV1931,Bacteria,Planctomycetota,Planctomycetes,Gemmatales,Gemmataceae,,uncultured_bacterium,Gemmatales; Gemmataceae; uncultured_bacterium; ASV1931,Planctomycetota; Gemmatales; Gemmataceae
ASV1932,Bacteria,Proteobacteria,Alphaproteobacteria,Rhizobiales,Beijerinckiaceae,Methylobacterium-Methylorubrum,,Rhizobiales; Beijerinckiaceae; Methylobacterium-Methylorubrum; ASV1932,Proteobacteria; Rhizobiales; Beijerinckiaceae
ASV1933,Bacteria,Firmicutes,Bacilli,Paenibacillales,Paenibacillaceae,Paenibacillus,,Paenibacillales; Paenibacillaceae; Paenibacillus; ASV1933,Firmicutes; Paenibacillales; Paenibacillaceae
ASV1934,Bacteria,Proteobacteria,Gammaproteobacteria,Xanthomonadales,Xanthomonadaceae,Stenotrophomonas,Stenotrophomonas_nitritireducens,Xanthomonadales; Xanthomonadaceae; Stenotrophomonas; Stenotrophomonas_nitritireducens; ASV1934,Proteobacteria; Xanthomonadales; Xanthomonadaceae
ASV1935,Bacteria,Actinobacteriota,Actinobacteria,Frankiales,,,,Frankiales; ASV1935,Actinobacteriota; Frankiales
ASV1936,Bacteria,Proteobacteria,Gammaproteobacteria,Burkholderiales,Comamonadaceae,,,Burkholderiales; Comamonadaceae; ASV1936,Proteobacteria; Burkholderiales; Comamonadaceae
ASV1937,Bacteria,Proteobacteria,Gammaproteobacteria,Burkholderiales,Comamonadaceae,,,Burkholderiales; Comamonadaceae; ASV1937,Proteobacteria; Burkholderiales; Comamonadaceae
ASV1938,Bacteria,Planctomycetota,Planctomycetes,Planctomycetales,Rubinisphaeraceae,,metagenome,Planctomycetales; Rubinisphaeraceae; metagenome; ASV1938,Planctomycetota; Planctomycetales; Rubinisphaeraceae
ASV1939,Bacteria,Proteobacteria,Gammaproteobacteria,,,,metagenome,metagenome; ASV1939,Proteobacteria
ASV1940,Bacteria,Proteobacteria,Alphaproteobacteria,Rhizobiales,Devosiaceae,Devosia,,Rhizobiales; Devosiaceae; Devosia; ASV1940,Proteobacteria; Rhizobiales; Devosiaceae
ASV1941,Bacteria,Bacteroidota,Bacteroidia,Flavobacteriales,Cryomorphaceae,Vicingus,,Flavobacteriales; Cryomorphaceae; Vicingus; ASV1941,Bacteroidota; Flavobacteriales; Cryomorphaceae
ASV1942,Bacteria,Chloroflexi,Ktedonobacteria,Ktedonobacterales,Ktedonobacteraceae,,uncultured_Ktedobacteria,Ktedonobacterales; Ktedonobacteraceae; uncultured_Ktedobacteria; ASV1942,Chloroflexi; Ktedonobacterales; Ktedonobacteraceae
ASV1943,Bacteria,Proteobacteria,Alphaproteobacteria,Rhizobiales,Devosiaceae,Devosia,Devosia_limi,Rhizobiales; Devosiaceae; Devosia; Devosia_limi; ASV1943,Proteobacteria; Rhizobiales; Devosiaceae
ASV1944,Bacteria,Actinobacteriota,Actinobacteria,Corynebacteriales,Corynebacteriaceae,Corynebacterium,,Corynebacteriales; Corynebacteriaceae; Corynebacterium; ASV1944,Actinobacteriota; Corynebacteriales; Corynebacteriaceae
ASV1945,Bacteria,Bacteroidota,Bacteroidia,Bacteroidales,Prevotellaceae,Prevotella,Prevotella_corporis,Bacteroidales; Prevotellaceae; Prevotella; Prevotella_corporis; ASV1945,Bacteroidota; Bacteroidales; Prevotellaceae
ASV1946,Bacteria,Planctomycetota,Planctomycetes,Pirellulales,Pirellulaceae,Pirellula,uncultured_bacterium,Pirellulales; Pirellulaceae; Pirellula; uncultured_bacterium; ASV1946,Planctomycetota; Pirellulales; Pirellulaceae
ASV1947,Bacteria,Actinobacteriota,Thermoleophilia,Solirubrobacterales,Solirubrobacteraceae,Conexibacter,uncultured_bacterium,Solirubrobacterales; Solirubrobacteraceae; Conexibacter; uncultured_bacterium; ASV1947,Actinobacteriota; Solirubrobacterales; Solirubrobacteraceae
ASV1948,Bacteria,Firmicutes,Bacilli,Lactobacillales,,,,Lactobacillales; ASV1948,Firmicutes; Lactobacillales
ASV1949,Bacteria,Bacteroidota,Bacteroidia,Bacteroidales,Bacteroidaceae,Bacteroides,,Bacteroidales; Bacteroidaceae; Bacteroides; ASV1949,Bacteroidota; Bacteroidales; Bacteroidaceae
ASV1950,Bacteria,Planctomycetota,Planctomycetes,Isosphaerales,Isosphaeraceae,,uncultured_bacterium,Isosphaerales; Isosphaeraceae; uncultured_bacterium; ASV1950,Planctomycetota; Isosphaerales; Isosphaeraceae
ASV1951,Bacteria,Proteobacteria,Alphaproteobacteria,Rhizobiales,Xanthobacteraceae,Bradyrhizobium,,Rhizobiales; Xanthobacteraceae; Bradyrhizobium; ASV1951,Proteobacteria; Rhizobiales; Xanthobacteraceae
ASV1952,Bacteria,Proteobacteria,Alphaproteobacteria,Rhodobacterales,Rhodobacteraceae,,,Rhodobacterales; Rhodobacteraceae; ASV1952,Proteobacteria; Rhodobacterales; Rhodobacteraceae
ASV1953,Bacteria,Firmicutes,Bacilli,Lactobacillales,Streptococcaceae,Lactococcus,,Lactobacillales; Streptococcaceae; Lactococcus; ASV1953,Firmicutes; Lactobacillales; Streptococcaceae
ASV1954,Bacteria,Dependentiae,Babeliae,Babeliales,Vermiphilaceae,Vermiphilaceae,,Babeliales; Vermiphilaceae; Vermiphilaceae; ASV1954,Dependentiae; Babeliales; Vermiphilaceae
ASV1955,Bacteria,Firmicutes,Clostridia,Lachnospirales,Lachnospiraceae,[Ruminococcus]_gnavus_group,,Lachnospirales; Lachnospiraceae; [Ruminococcus]_gnavus_group; ASV1955,Firmicutes; Lachnospirales; Lachnospiraceae
ASV1956,Bacteria,Proteobacteria,Alphaproteobacteria,Rhizobiales,Devosiaceae,Devosia,Devosia_limi,Rhizobiales; Devosiaceae; Devosia; Devosia_limi; ASV1956,Proteobacteria; Rhizobiales; Devosiaceae
ASV1957,Bacteria,Proteobacteria,Gammaproteobacteria,Oceanospirillales,Marinomonadaceae,Marinomonas,,Oceanospirillales; Marinomonadaceae; Marinomonas; ASV1957,Proteobacteria; Oceanospirillales; Marinomonadaceae
ASV1958,Bacteria,Firmicutes,Clostridia,Peptostreptococcales-Tissierellales,Peptostreptococcales-Tissierellales,Finegoldia,uncultured_bacterium,Peptostreptococcales-Tissierellales; Peptostreptococcales-Tissierellales; Finegoldia; uncultured_bacterium; ASV1958,Firmicutes; Peptostreptococcales-Tissierellales; Peptostreptococcales-Tissierellales
ASV1959,Bacteria,Actinobacteriota,Acidimicrobiia,Microtrichales,Iamiaceae,Iamia,Aquihabitans_daechungensis,Microtrichales; Iamiaceae; Iamia; Aquihabitans_daechungensis; ASV1959,Actinobacteriota; Microtrichales; Iamiaceae
ASV1960,Bacteria,Planctomycetota,Planctomycetes,Gemmatales,Gemmataceae,Fimbriiglobus,uncultured_bacterium,Gemmatales; Gemmataceae; Fimbriiglobus; uncultured_bacterium; ASV1960,Planctomycetota; Gemmatales; Gemmataceae
ASV1961,Bacteria,Proteobacteria,Alphaproteobacteria,Rhizobiales,Rhizobiales_Incertae_Sedis,Phreatobacter,Phreatobacter_sp.,Rhizobiales; Rhizobiales_Incertae_Sedis; Phreatobacter; Phreatobacter_sp.; ASV1961,Proteobacteria; Rhizobiales; Rhizobiales_Incertae_Sedis
ASV1962,Bacteria,Actinobacteriota,Thermoleophilia,Solirubrobacterales,Solirubrobacteraceae,Solirubrobacter,uncultured_bacterium,Solirubrobacterales; Solirubrobacteraceae; Solirubrobacter; uncultured_bacterium; ASV1962,Actinobacteriota; Solirubrobacterales; Solirubrobacteraceae
ASV1963,Bacteria,Firmicutes,Bacilli,Paenibacillales,Paenibacillaceae,Paenibacillus,,Paenibacillales; Paenibacillaceae; Paenibacillus; ASV1963,Firmicutes; Paenibacillales; Paenibacillaceae
ASV1964,Bacteria,Desulfobacterota,Desulfobulbia,Desulfobulbales,Desulfocapsaceae,,,Desulfobulbales; Desulfocapsaceae; ASV1964,Desulfobacterota; Desulfobulbales; Desulfocapsaceae
ASV1965,Bacteria,Proteobacteria,Gammaproteobacteria,Pseudomonadales,Moraxellaceae,Psychrobacter,,Pseudomonadales; Moraxellaceae; Psychrobacter; ASV1965,Proteobacteria; Pseudomonadales; Moraxellaceae
ASV1966,Bacteria,Bdellovibrionota,Bdellovibrionia,Bacteriovoracales,Bacteriovoracaceae,Peredibacter,uncultured_Peredibacter,Bacteriovoracales; Bacteriovoracaceae; Peredibacter; uncultured_Peredibacter; ASV1966,Bdellovibrionota; Bacteriovoracales; Bacteriovoracaceae
ASV1967,Bacteria,Bdellovibrionota,Bdellovibrionia,Bdellovibrionales,Bdellovibrionaceae,Bdellovibrio,uncultured_bacterium,Bdellovibrionales; Bdellovibrionaceae; Bdellovibrio; uncultured_bacterium; ASV1967,Bdellovibrionota; Bdellovibrionales; Bdellovibrionaceae
ASV1968,Bacteria,Bacteroidota,Bacteroidia,Flavobacteriales,Flavobacteriaceae,NS3a_marine_group,,Flavobacteriales; Flavobacteriaceae; NS3a_marine_group; ASV1968,Bacteroidota; Flavobacteriales; Flavobacteriaceae
ASV1969,Bacteria,Planctomycetota,Planctomycetes,Gemmatales,Gemmataceae,,uncultured_bacterium,Gemmatales; Gemmataceae; uncultured_bacterium; ASV1969,Planctomycetota; Gemmatales; Gemmataceae
ASV1970,Bacteria,Proteobacteria,Gammaproteobacteria,Oceanospirillales,Nitrincolaceae,Neptuniibacter,,Oceanospirillales; Nitrincolaceae; Neptuniibacter; ASV1970,Proteobacteria; Oceanospirillales; Nitrincolaceae
ASV1971,Bacteria,Proteobacteria,Gammaproteobacteria,Alteromonadales,Alteromonadaceae,Paraglaciecola,uncultured_Glaciecola,Alteromonadales; Alteromonadaceae; Paraglaciecola; uncultured_Glaciecola; ASV1971,Proteobacteria; Alteromonadales; Alteromonadaceae
ASV1972,Bacteria,Bacteroidota,Bacteroidia,Flavobacteriales,Flavobacteriaceae,Flavobacterium,,Flavobacteriales; Flavobacteriaceae; Flavobacterium; ASV1972,Bacteroidota; Flavobacteriales; Flavobacteriaceae
ASV1973,Bacteria,Proteobacteria,Alphaproteobacteria,Sphingomonadales,Sphingomonadaceae,Sphingomonas,,Sphingomonadales; Sphingomonadaceae; Sphingomonas; ASV1973,Proteobacteria; Sphingomonadales; Sphingomonadaceae
ASV1974,Bacteria,Proteobacteria,Alphaproteobacteria,Rhodobacterales,Rhodobacteraceae,,,Rhodobacterales; Rhodobacteraceae; ASV1974,Proteobacteria; Rhodobacterales; Rhodobacteraceae
ASV1975,Bacteria,Proteobacteria,Alphaproteobacteria,Sphingomonadales,Sphingomonadaceae,Sphingopyxis,,Sphingomonadales; Sphingomonadaceae; Sphingopyxis; ASV1975,Proteobacteria; Sphingomonadales; Sphingomonadaceae
ASV1976,Bacteria,Firmicutes,Clostridia,Clostridiales,Clostridiaceae,Clostridium_sensu_stricto_13,,Clostridiales; Clostridiaceae; Clostridium_sensu_stricto_13; ASV1976,Firmicutes; Clostridiales; Clostridiaceae
ASV1977,Bacteria,Firmicutes,Bacilli,Lactobacillales,Enterococcaceae,Enterococcus,,Lactobacillales; Enterococcaceae; Enterococcus; ASV1977,Firmicutes; Lactobacillales; Enterococcaceae
ASV1978,Bacteria,Proteobacteria,Alphaproteobacteria,SAR11_clade,Clade_I,Clade_Ia,,SAR11_clade; Clade_I; Clade_Ia; ASV1978,Proteobacteria; SAR11_clade; Clade_I
ASV1979,Bacteria,Firmicutes,Bacilli,Lactobacillales,,,,Lactobacillales; ASV1979,Firmicutes; Lactobacillales
ASV1980,Bacteria,Planctomycetota,Planctomycetes,Planctomycetales,Rubinisphaeraceae,SH-PL14,uncultured_planctomycete,Planctomycetales; Rubinisphaeraceae; SH-PL14; uncultured_planctomycete; ASV1980,Planctomycetota; Planctomycetales; Rubinisphaeraceae
ASV1981,Bacteria,Firmicutes,Bacilli,Lactobacillales,Enterococcaceae,Enterococcus,,Lactobacillales; Enterococcaceae; Enterococcus; ASV1981,Firmicutes; Lactobacillales; Enterococcaceae
ASV1982,Bacteria,Proteobacteria,Gammaproteobacteria,Legionellales,Legionellaceae,Legionella,uncultured_bacterium,Legionellales; Legionellaceae; Legionella; uncultured_bacterium; ASV1982,Proteobacteria; Legionellales; Legionellaceae
ASV1983,Bacteria,Verrucomicrobiota,Verrucomicrobiae,Chthoniobacterales,Chthoniobacteraceae,Chthoniobacter,uncultured_bacterium,Chthoniobacterales; Chthoniobacteraceae; Chthoniobacter; uncultured_bacterium; ASV1983,Verrucomicrobiota; Chthoniobacterales; Chthoniobacteraceae
ASV1984,Bacteria,Planctomycetota,OM190,OM190,OM190,OM190,,OM190; OM190; OM190; ASV1984,Planctomycetota; OM190; OM190
ASV1985,Bacteria,Proteobacteria,Gammaproteobacteria,Burkholderiales,Alcaligenaceae,Advenella,Advenella_sp.,Burkholderiales; Alcaligenaceae; Advenella; Advenella_sp.; ASV1985,Proteobacteria; Burkholderiales; Alcaligenaceae
ASV1986,Bacteria,Proteobacteria,Alphaproteobacteria,Rhizobiales,Devosiaceae,,,Rhizobiales; Devosiaceae; ASV1986,Proteobacteria; Rhizobiales; Devosiaceae
ASV1987,Bacteria,Proteobacteria,Alphaproteobacteria,Sphingomonadales,Sphingomonadaceae,Sphingomonas,,Sphingomonadales; Sphingomonadaceae; Sphingomonas; ASV1987,Proteobacteria; Sphingomonadales; Sphingomonadaceae
ASV1988,Bacteria,Verrucomicrobiota,Verrucomicrobiae,Verrucomicrobiales,Rubritaleaceae,Luteolibacter,uncultured_Luteolibacter,Verrucomicrobiales; Rubritaleaceae; Luteolibacter; uncultured_Luteolibacter; ASV1988,Verrucomicrobiota; Verrucomicrobiales; Rubritaleaceae
ASV1989,Bacteria,Proteobacteria,Alphaproteobacteria,Sphingomonadales,Sphingomonadaceae,Sphingomonas,,Sphingomonadales; Sphingomonadaceae; Sphingomonas; ASV1989,Proteobacteria; Sphingomonadales; Sphingomonadaceae
ASV1990,Bacteria,Proteobacteria,Alphaproteobacteria,Rhodospirillales,AEGEAN-169_marine_group,AEGEAN-169_marine_group,,Rhodospirillales; AEGEAN-169_marine_group; AEGEAN-169_marine_group; ASV1990,Proteobacteria; Rhodospirillales; AEGEAN-169_marine_group
ASV1991,Bacteria,Chloroflexi,TK10,TK10,TK10,TK10,uncultured_bacterium,TK10; TK10; TK10; uncultured_bacterium; ASV1991,Chloroflexi; TK10; TK10
ASV1992,Bacteria,Proteobacteria,Alphaproteobacteria,Sphingomonadales,Sphingomonadaceae,Sphingomonas,,Sphingomonadales; Sphingomonadaceae; Sphingomonas; ASV1992,Proteobacteria; Sphingomonadales; Sphingomonadaceae
ASV1993,Bacteria,Proteobacteria,Alphaproteobacteria,Rhizobiales,Devosiaceae,Devosia,,Rhizobiales; Devosiaceae; Devosia; ASV1993,Proteobacteria; Rhizobiales; Devosiaceae
ASV1994,Bacteria,Bacteroidota,Bacteroidia,Bacteroidales,Prevotellaceae,Alloprevotella,Prevotellaceae_bacterium,Bacteroidales; Prevotellaceae; Alloprevotella; Prevotellaceae_bacterium; ASV1994,Bacteroidota; Bacteroidales; Prevotellaceae
ASV1995,Bacteria,Actinobacteriota,Acidimicrobiia,IMCC26256,IMCC26256,IMCC26256,,IMCC26256; IMCC26256; IMCC26256; ASV1995,Actinobacteriota; IMCC26256; IMCC26256
ASV1996,Bacteria,Planctomycetota,Planctomycetes,Gemmatales,Gemmataceae,Gemmata,uncultured_bacterium,Gemmatales; Gemmataceae; Gemmata; uncultured_bacterium; ASV1996,Planctomycetota; Gemmatales; Gemmataceae
ASV1997,Bacteria,Proteobacteria,Alphaproteobacteria,Sphingomonadales,Sphingomonadaceae,,,Sphingomonadales; Sphingomonadaceae; ASV1997,Proteobacteria; Sphingomonadales; Sphingomonadaceae
ASV1998,Bacteria,Proteobacteria,Alphaproteobacteria,Sphingomonadales,Sphingomonadaceae,Sphingomonas,,Sphingomonadales; Sphingomonadaceae; Sphingomonas; ASV1998,Proteobacteria; Sphingomonadales; Sphingomonadaceae
ASV1999,Bacteria,Proteobacteria,Gammaproteobacteria,Oceanospirillales,Nitrincolaceae,Neptuniibacter,,Oceanospirillales; Nitrincolaceae; Neptuniibacter; ASV1999,Proteobacteria; Oceanospirillales; Nitrincolaceae
ASV2000,Bacteria,Planctomycetota,Planctomycetes,Gemmatales,Gemmataceae,,uncultured_bacterium,Gemmatales; Gemmataceae; uncultured_bacterium; ASV2000,Planctomycetota; Gemmatales; Gemmataceae
ASV2001,Bacteria,Proteobacteria,Gammaproteobacteria,Burkholderiales,Methylophilaceae,OM43_clade,,Burkholderiales; Methylophilaceae; OM43_clade; ASV2001,Proteobacteria; Burkholderiales; Methylophilaceae
ASV2002,Bacteria,Armatimonadota,Fimbriimonadia,Fimbriimonadales,Fimbriimonadaceae,Fimbriimonadaceae,uncultured_bacterium,Fimbriimonadales; Fimbriimonadaceae; Fimbriimonadaceae; uncultured_bacterium; ASV2002,Armatimonadota; Fimbriimonadales; Fimbriimonadaceae
ASV2003,Bacteria,Bacteroidota,Bacteroidia,Sphingobacteriales,Sphingobacteriaceae,Pedobacter,,Sphingobacteriales; Sphingobacteriaceae; Pedobacter; ASV2003,Bacteroidota; Sphingobacteriales; Sphingobacteriaceae
ASV2004,Bacteria,Firmicutes,Clostridia,Peptostreptococcales-Tissierellales,Peptostreptococcales-Tissierellales,Anaerococcus,Anaerococcus_sp.,Peptostreptococcales-Tissierellales; Peptostreptococcales-Tissierellales; Anaerococcus; Anaerococcus_sp.; ASV2004,Firmicutes; Peptostreptococcales-Tissierellales; Peptostreptococcales-Tissierellales
ASV2005,Bacteria,Cyanobacteria,Cyanobacteriia,Synechococcales,Cyanobiaceae,Synechococcus_CC9902,uncultured_cyanobacterium,Synechococcales; Cyanobiaceae; Synechococcus_CC9902; uncultured_cyanobacterium; ASV2005,Cyanobacteria; Synechococcales; Cyanobiaceae
ASV2006,Bacteria,Proteobacteria,Alphaproteobacteria,Rhizobiales,Devosiaceae,Devosia,,Rhizobiales; Devosiaceae; Devosia; ASV2006,Proteobacteria; Rhizobiales; Devosiaceae
ASV2007,Bacteria,Proteobacteria,Gammaproteobacteria,Alteromonadales,Colwelliaceae,Colwellia,,Alteromonadales; Colwelliaceae; Colwellia; ASV2007,Proteobacteria; Alteromonadales; Colwelliaceae
ASV2008,Bacteria,Cyanobacteria,Cyanobacteriia,,,,,ASV2008,Cyanobacteria
ASV2009,Bacteria,Firmicutes,Bacilli,RsaHf231,RsaHf231,RsaHf231,uncultured_bacterium,RsaHf231; RsaHf231; RsaHf231; uncultured_bacterium; ASV2009,Firmicutes; RsaHf231; RsaHf231
ASV2010,Bacteria,Firmicutes,Bacilli,Lactobacillales,Enterococcaceae,Enterococcus,,Lactobacillales; Enterococcaceae; Enterococcus; ASV2010,Firmicutes; Lactobacillales; Enterococcaceae
ASV2011,Bacteria,Proteobacteria,Gammaproteobacteria,Gammaproteobacteria_Incertae_Sedis,,Candidatus_Berkiella,uncultured_bacterium,Gammaproteobacteria_Incertae_Sedis; Candidatus_Berkiella; uncultured_bacterium; ASV2011,Proteobacteria; Gammaproteobacteria_Incertae_Sedis
ASV2012,Bacteria,Bacteroidota,Bacteroidia,Flavobacteriales,Flavobacteriaceae,Croceitalea,,Flavobacteriales; Flavobacteriaceae; Croceitalea; ASV2012,Bacteroidota; Flavobacteriales; Flavobacteriaceae
ASV2013,Bacteria,Actinobacteriota,Actinobacteria,Micrococcales,Intrasporangiaceae,,,Micrococcales; Intrasporangiaceae; ASV2013,Actinobacteriota; Micrococcales; Intrasporangiaceae
ASV2014,Bacteria,Firmicutes,Clostridia,Lachnospirales,Lachnospiraceae,,,Lachnospirales; Lachnospiraceae; ASV2014,Firmicutes; Lachnospirales; Lachnospiraceae
ASV2015,Bacteria,Actinobacteriota,Thermoleophilia,Solirubrobacterales,,,,Solirubrobacterales; ASV2015,Actinobacteriota; Solirubrobacterales
ASV2016,Bacteria,Bacteroidota,Bacteroidia,Sphingobacteriales,Sphingobacteriaceae,Pedobacter,,Sphingobacteriales; Sphingobacteriaceae; Pedobacter; ASV2016,Bacteroidota; Sphingobacteriales; Sphingobacteriaceae
ASV2017,Bacteria,Bacteroidota,Bacteroidia,Bacteroidales,Prevotellaceae,Prevotella,Prevotella_disiens,Bacteroidales; Prevotellaceae; Prevotella; Prevotella_disiens; ASV2017,Bacteroidota; Bacteroidales; Prevotellaceae
ASV2018,Bacteria,Planctomycetota,Planctomycetes,Gemmatales,Gemmataceae,Fimbriiglobus,uncultured_bacterium,Gemmatales; Gemmataceae; Fimbriiglobus; uncultured_bacterium; ASV2018,Planctomycetota; Gemmatales; Gemmataceae
ASV2019,Bacteria,Actinobacteriota,Actinobacteria,Actinomycetales,Actinomycetaceae,Varibaculum,,Actinomycetales; Actinomycetaceae; Varibaculum; ASV2019,Actinobacteriota; Actinomycetales; Actinomycetaceae
ASV2020,Bacteria,Proteobacteria,Alphaproteobacteria,Rhizobiales,Devosiaceae,Devosia,Devosia_limi,Rhizobiales; Devosiaceae; Devosia; Devosia_limi; ASV2020,Proteobacteria; Rhizobiales; Devosiaceae
ASV2021,Bacteria,Verrucomicrobiota,Chlamydiae,Chlamydiales,Parachlamydiaceae,Candidatus_Protochlamydia,,Chlamydiales; Parachlamydiaceae; Candidatus_Protochlamydia; ASV2021,Verrucomicrobiota; Chlamydiales; Parachlamydiaceae
ASV2022,Bacteria,Actinobacteriota,Thermoleophilia,Solirubrobacterales,Solirubrobacteraceae,Parviterribacter,uncultured_bacterium,Solirubrobacterales; Solirubrobacteraceae; Parviterribacter; uncultured_bacterium; ASV2022,Actinobacteriota; Solirubrobacterales; Solirubrobacteraceae
ASV2023,Bacteria,Proteobacteria,Alphaproteobacteria,Rhizobiales,Beijerinckiaceae,Bosea,,Rhizobiales; Beijerinckiaceae; Bosea; ASV2023,Proteobacteria; Rhizobiales; Beijerinckiaceae
ASV2024,Bacteria,Dependentiae,Babeliae,Babeliales,Babeliaceae,Babeliaceae,uncultured_bacterium,Babeliales; Babeliaceae; Babeliaceae; uncultured_bacterium; ASV2024,Dependentiae; Babeliales; Babeliaceae
ASV2025,Bacteria,Actinobacteriota,Actinobacteria,Corynebacteriales,Nocardiaceae,Rhodococcus,,Corynebacteriales; Nocardiaceae; Rhodococcus; ASV2025,Actinobacteriota; Corynebacteriales; Nocardiaceae
ASV2026,Bacteria,Firmicutes,Bacilli,Thermoactinomycetales,Thermoactinomycetaceae,,,Thermoactinomycetales; Thermoactinomycetaceae; ASV2026,Firmicutes; Thermoactinomycetales; Thermoactinomycetaceae
ASV2027,Bacteria,Proteobacteria,Gammaproteobacteria,Burkholderiales,Comamonadaceae,,,Burkholderiales; Comamonadaceae; ASV2027,Proteobacteria; Burkholderiales; Comamonadaceae
ASV2028,Bacteria,Firmicutes,Bacilli,Lactobacillales,Leuconostocaceae,Leuconostoc,,Lactobacillales; Leuconostocaceae; Leuconostoc; ASV2028,Firmicutes; Lactobacillales; Leuconostocaceae
ASV2029,Bacteria,Proteobacteria,Alphaproteobacteria,Sphingomonadales,Sphingomonadaceae,Sphingomonas,,Sphingomonadales; Sphingomonadaceae; Sphingomonas; ASV2029,Proteobacteria; Sphingomonadales; Sphingomonadaceae
ASV2030,Bacteria,Actinobacteriota,Actinobacteria,Pseudonocardiales,Pseudonocardiaceae,Actinomycetospora,,Pseudonocardiales; Pseudonocardiaceae; Actinomycetospora; ASV2030,Actinobacteriota; Pseudonocardiales; Pseudonocardiaceae
ASV2031,Bacteria,Proteobacteria,Gammaproteobacteria,Burkholderiales,Comamonadaceae,,,Burkholderiales; Comamonadaceae; ASV2031,Proteobacteria; Burkholderiales; Comamonadaceae
ASV2032,Bacteria,Proteobacteria,Alphaproteobacteria,Rhizobiales,Devosiaceae,Devosia,,Rhizobiales; Devosiaceae; Devosia; ASV2032,Proteobacteria; Rhizobiales; Devosiaceae
ASV2033,Bacteria,Proteobacteria,Gammaproteobacteria,Oceanospirillales,Nitrincolaceae,,,Oceanospirillales; Nitrincolaceae; ASV2033,Proteobacteria; Oceanospirillales; Nitrincolaceae
ASV2034,Bacteria,Proteobacteria,Alphaproteobacteria,Rhizobiales,Xanthobacteraceae,Bradyrhizobium,uncultured_Bradyrhizobiaceae,Rhizobiales; Xanthobacteraceae; Bradyrhizobium; uncultured_Bradyrhizobiaceae; ASV2034,Proteobacteria; Rhizobiales; Xanthobacteraceae
ASV2035,Bacteria,Proteobacteria,Gammaproteobacteria,Burkholderiales,Comamonadaceae,,,Burkholderiales; Comamonadaceae; ASV2035,Proteobacteria; Burkholderiales; Comamonadaceae
ASV2036,Bacteria,Firmicutes,Clostridia,Lachnospirales,Lachnospiraceae,[Eubacterium]_ruminantium_group,uncultured_bacterium,Lachnospirales; Lachnospiraceae; [Eubacterium]_ruminantium_group; uncultured_bacterium; ASV2036,Firmicutes; Lachnospirales; Lachnospiraceae
ASV2037,Bacteria,Firmicutes,Bacilli,Bacillales,,,,Bacillales; ASV2037,Firmicutes; Bacillales
ASV2038,Bacteria,Actinobacteriota,Actinobacteria,Corynebacteriales,Corynebacteriaceae,Corynebacterium,,Corynebacteriales; Corynebacteriaceae; Corynebacterium; ASV2038,Actinobacteriota; Corynebacteriales; Corynebacteriaceae
ASV2039,Bacteria,Actinobacteriota,Actinobacteria,Corynebacteriales,Corynebacteriaceae,Corynebacterium,,Corynebacteriales; Corynebacteriaceae; Corynebacterium; ASV2039,Actinobacteriota; Corynebacteriales; Corynebacteriaceae
ASV2040,Bacteria,Proteobacteria,Alphaproteobacteria,Rhizobiales,Devosiaceae,Devosia,Devosia_limi,Rhizobiales; Devosiaceae; Devosia; Devosia_limi; ASV2040,Proteobacteria; Rhizobiales; Devosiaceae
ASV2041,Bacteria,Proteobacteria,Gammaproteobacteria,Burkholderiales,Hydrogenophilaceae,Hydrogenophilus,,Burkholderiales; Hydrogenophilaceae; Hydrogenophilus; ASV2041,Proteobacteria; Burkholderiales; Hydrogenophilaceae
ASV2042,Bacteria,Proteobacteria,Alphaproteobacteria,Rhizobiales,Beijerinckiaceae,Bosea,,Rhizobiales; Beijerinckiaceae; Bosea; ASV2042,Proteobacteria; Rhizobiales; Beijerinckiaceae
ASV2043,Bacteria,Actinobacteriota,Actinobacteria,Corynebacteriales,Nocardiaceae,Rhodococcus,,Corynebacteriales; Nocardiaceae; Rhodococcus; ASV2043,Actinobacteriota; Corynebacteriales; Nocardiaceae
ASV2044,Bacteria,Proteobacteria,Gammaproteobacteria,Pseudomonadales,Pseudomonadaceae,Pseudomonas,,Pseudomonadales; Pseudomonadaceae; Pseudomonas; ASV2044,Proteobacteria; Pseudomonadales; Pseudomonadaceae
ASV2045,Bacteria,Bacteroidota,Bacteroidia,,,,,ASV2045,Bacteroidota
ASV2046,Bacteria,Proteobacteria,Gammaproteobacteria,Burkholderiales,Oxalobacteraceae,Janthinobacterium,,Burkholderiales; Oxalobacteraceae; Janthinobacterium; ASV2046,Proteobacteria; Burkholderiales; Oxalobacteraceae
ASV2047,Bacteria,Proteobacteria,Gammaproteobacteria,Burkholderiales,Comamonadaceae,,,Burkholderiales; Comamonadaceae; ASV2047,Proteobacteria; Burkholderiales; Comamonadaceae
ASV2048,Bacteria,Firmicutes,Bacilli,RsaHf231,RsaHf231,RsaHf231,,RsaHf231; RsaHf231; RsaHf231; ASV2048,Firmicutes; RsaHf231; RsaHf231
ASV2049,Bacteria,Proteobacteria,Alphaproteobacteria,Sphingomonadales,Sphingomonadaceae,Sphingomonas,,Sphingomonadales; Sphingomonadaceae; Sphingomonas; ASV2049,Proteobacteria; Sphingomonadales; Sphingomonadaceae
ASV2050,Bacteria,Actinobacteriota,Acidimicrobiia,Microtrichales,Ilumatobacteraceae,CL500-29_marine_group,metagenome,Microtrichales; Ilumatobacteraceae; CL500-29_marine_group; metagenome; ASV2050,Actinobacteriota; Microtrichales; Ilumatobacteraceae
ASV2051,Bacteria,Firmicutes,Bacilli,Erysipelotrichales,Erysipelotrichaceae,ZOR0006,,Erysipelotrichales; Erysipelotrichaceae; ZOR0006; ASV2051,Firmicutes; Erysipelotrichales; Erysipelotrichaceae
ASV2052,Bacteria,Planctomycetota,Planctomycetes,Isosphaerales,Isosphaeraceae,,uncultured_Singulisphaera,Isosphaerales; Isosphaeraceae; uncultured_Singulisphaera; ASV2052,Planctomycetota; Isosphaerales; Isosphaeraceae
ASV2053,Bacteria,Proteobacteria,Gammaproteobacteria,Burkholderiales,Oxalobacteraceae,Herminiimonas,,Burkholderiales; Oxalobacteraceae; Herminiimonas; ASV2053,Proteobacteria; Burkholderiales; Oxalobacteraceae
ASV2054,Bacteria,Acidobacteriota,Acidobacteriae,Acidobacteriales,Acidobacteriaceae_(Subgroup_1),,,Acidobacteriales; Acidobacteriaceae_(Subgroup_1); ASV2054,Acidobacteriota; Acidobacteriales; Acidobacteriaceae_(Subgroup_1)
ASV2055,Bacteria,Proteobacteria,Gammaproteobacteria,Burkholderiales,Comamonadaceae,,,Burkholderiales; Comamonadaceae; ASV2055,Proteobacteria; Burkholderiales; Comamonadaceae
ASV2056,Bacteria,Actinobacteriota,Actinobacteria,Frankiales,Geodermatophilaceae,,,Frankiales; Geodermatophilaceae; ASV2056,Actinobacteriota; Frankiales; Geodermatophilaceae
ASV2057,Bacteria,Acidobacteriota,Acidobacteriae,Bryobacterales,Bryobacteraceae,Bryobacter,,Bryobacterales; Bryobacteraceae; Bryobacter; ASV2057,Acidobacteriota; Bryobacterales; Bryobacteraceae
ASV2058,Bacteria,Firmicutes,Bacilli,Lactobacillales,,,,Lactobacillales; ASV2058,Firmicutes; Lactobacillales
ASV2059,Bacteria,Actinobacteriota,Actinobacteria,Corynebacteriales,Corynebacteriaceae,Lawsonella,uncultured_bacterium,Corynebacteriales; Corynebacteriaceae; Lawsonella; uncultured_bacterium; ASV2059,Actinobacteriota; Corynebacteriales; Corynebacteriaceae
ASV2060,Bacteria,Firmicutes,Clostridia,Peptostreptococcales-Tissierellales,Peptostreptococcales-Tissierellales,Anaerococcus,,Peptostreptococcales-Tissierellales; Peptostreptococcales-Tissierellales; Anaerococcus; ASV2060,Firmicutes; Peptostreptococcales-Tissierellales; Peptostreptococcales-Tissierellales
ASV2061,Bacteria,Actinobacteriota,Actinobacteria,Frankiales,,,Actinomycetales_bacterium,Frankiales; Actinomycetales_bacterium; ASV2061,Actinobacteriota; Frankiales
ASV2062,Bacteria,Proteobacteria,Gammaproteobacteria,Burkholderiales,Comamonadaceae,,,Burkholderiales; Comamonadaceae; ASV2062,Proteobacteria; Burkholderiales; Comamonadaceae
ASV2063,Bacteria,Firmicutes,Clostridia,Peptostreptococcales-Tissierellales,Peptostreptococcales-Tissierellales,Peptoniphilus,,Peptostreptococcales-Tissierellales; Peptostreptococcales-Tissierellales; Peptoniphilus; ASV2063,Firmicutes; Peptostreptococcales-Tissierellales; Peptostreptococcales-Tissierellales
ASV2064,Bacteria,Proteobacteria,Alphaproteobacteria,Sphingomonadales,Sphingomonadaceae,Sphingomonas,groundwater_metagenome,Sphingomonadales; Sphingomonadaceae; Sphingomonas; groundwater_metagenome; ASV2064,Proteobacteria; Sphingomonadales; Sphingomonadaceae
ASV2065,Bacteria,Actinobacteriota,Acidimicrobiia,Microtrichales,,,,Microtrichales; ASV2065,Actinobacteriota; Microtrichales
ASV2066,Bacteria,Proteobacteria,Alphaproteobacteria,Rhizobiales,Beijerinckiaceae,Bosea,,Rhizobiales; Beijerinckiaceae; Bosea; ASV2066,Proteobacteria; Rhizobiales; Beijerinckiaceae
ASV2067,Bacteria,Actinobacteriota,Thermoleophilia,Gaiellales,,,,Gaiellales; ASV2067,Actinobacteriota; Gaiellales
ASV2068,Bacteria,Chloroflexi,Ktedonobacteria,C0119,C0119,C0119,uncultured_Chloroflexi,C0119; C0119; C0119; uncultured_Chloroflexi; ASV2068,Chloroflexi; C0119; C0119
ASV2069,Bacteria,Proteobacteria,Alphaproteobacteria,Rhizobiales,Beijerinckiaceae,Methylobacterium-Methylorubrum,uncultured_bacterium,Rhizobiales; Beijerinckiaceae; Methylobacterium-Methylorubrum; uncultured_bacterium; ASV2069,Proteobacteria; Rhizobiales; Beijerinckiaceae
ASV2070,Bacteria,Proteobacteria,Alphaproteobacteria,Rhizobiales,Devosiaceae,Devosia,Devosia_limi,Rhizobiales; Devosiaceae; Devosia; Devosia_limi; ASV2070,Proteobacteria; Rhizobiales; Devosiaceae
ASV2071,Bacteria,Bacteroidota,Bacteroidia,Cytophagales,Spirosomaceae,Dyadobacter,,Cytophagales; Spirosomaceae; Dyadobacter; ASV2071,Bacteroidota; Cytophagales; Spirosomaceae
ASV2072,Bacteria,Proteobacteria,Gammaproteobacteria,Cellvibrionales,Cellvibrionaceae,Cellvibrio,,Cellvibrionales; Cellvibrionaceae; Cellvibrio; ASV2072,Proteobacteria; Cellvibrionales; Cellvibrionaceae
ASV2073,Bacteria,Proteobacteria,Alphaproteobacteria,Rhizobiales,Hyphomicrobiaceae,Hyphomicrobium,uncultured_bacterium,Rhizobiales; Hyphomicrobiaceae; Hyphomicrobium; uncultured_bacterium; ASV2073,Proteobacteria; Rhizobiales; Hyphomicrobiaceae
ASV2074,Bacteria,Proteobacteria,Alphaproteobacteria,Sphingomonadales,Sphingomonadaceae,Sphingomonas,,Sphingomonadales; Sphingomonadaceae; Sphingomonas; ASV2074,Proteobacteria; Sphingomonadales; Sphingomonadaceae
ASV2075,Bacteria,Bacteroidota,Bacteroidia,Flavobacteriales,Flavobacteriaceae,Polaribacter,,Flavobacteriales; Flavobacteriaceae; Polaribacter; ASV2075,Bacteroidota; Flavobacteriales; Flavobacteriaceae
ASV2076,Bacteria,Proteobacteria,Alphaproteobacteria,Rhizobiales,Devosiaceae,Devosia,Devosia_limi,Rhizobiales; Devosiaceae; Devosia; Devosia_limi; ASV2076,Proteobacteria; Rhizobiales; Devosiaceae
ASV2077,Bacteria,Bacteroidota,Bacteroidia,Chitinophagales,Chitinophagaceae,Taibaiella,,Chitinophagales; Chitinophagaceae; Taibaiella; ASV2077,Bacteroidota; Chitinophagales; Chitinophagaceae
ASV2078,Bacteria,Proteobacteria,Gammaproteobacteria,Alteromonadales,Colwelliaceae,Colwellia,,Alteromonadales; Colwelliaceae; Colwellia; ASV2078,Proteobacteria; Alteromonadales; Colwelliaceae
ASV2079,Bacteria,Bdellovibrionota,Oligoflexia,Oligoflexales,,,,Oligoflexales; ASV2079,Bdellovibrionota; Oligoflexales
ASV2080,Bacteria,Actinobacteriota,Actinobacteria,Frankiales,,,,Frankiales; ASV2080,Actinobacteriota; Frankiales
ASV2081,Bacteria,Actinobacteriota,Acidimicrobiia,Microtrichales,,,,Microtrichales; ASV2081,Actinobacteriota; Microtrichales
ASV2082,Bacteria,Firmicutes,Bacilli,Exiguobacterales,Exiguobacteraceae,Exiguobacterium,,Exiguobacterales; Exiguobacteraceae; Exiguobacterium; ASV2082,Firmicutes; Exiguobacterales; Exiguobacteraceae
ASV2083,Bacteria,Firmicutes,Bacilli,Bacillales,,,,Bacillales; ASV2083,Firmicutes; Bacillales
ASV2084,Bacteria,Planctomycetota,Planctomycetes,Gemmatales,Gemmataceae,Gemmata,uncultured_bacterium,Gemmatales; Gemmataceae; Gemmata; uncultured_bacterium; ASV2084,Planctomycetota; Gemmatales; Gemmataceae
ASV2085,Bacteria,Proteobacteria,Alphaproteobacteria,Acetobacterales,Acetobacteraceae,Acidiphilium,uncultured_bacterium,Acetobacterales; Acetobacteraceae; Acidiphilium; uncultured_bacterium; ASV2085,Proteobacteria; Acetobacterales; Acetobacteraceae
ASV2086,Bacteria,Proteobacteria,Gammaproteobacteria,Pseudomonadales,Moraxellaceae,Acinetobacter,,Pseudomonadales; Moraxellaceae; Acinetobacter; ASV2086,Proteobacteria; Pseudomonadales; Moraxellaceae
ASV2087,Bacteria,Proteobacteria,Alphaproteobacteria,Rhizobiales,Devosiaceae,Devosia,Devosia_limi,Rhizobiales; Devosiaceae; Devosia; Devosia_limi; ASV2087,Proteobacteria; Rhizobiales; Devosiaceae
ASV2088,Bacteria,Firmicutes,Bacilli,Lactobacillales,Enterococcaceae,Enterococcus,,Lactobacillales; Enterococcaceae; Enterococcus; ASV2088,Firmicutes; Lactobacillales; Enterococcaceae
ASV2089,Bacteria,Proteobacteria,Gammaproteobacteria,Oceanospirillales,Nitrincolaceae,Amphritea,,Oceanospirillales; Nitrincolaceae; Amphritea; ASV2089,Proteobacteria; Oceanospirillales; Nitrincolaceae
ASV2090,Bacteria,Planctomycetota,Planctomycetes,Gemmatales,Gemmataceae,,,Gemmatales; Gemmataceae; ASV2090,Planctomycetota; Gemmatales; Gemmataceae
ASV2091,Bacteria,Planctomycetota,Planctomycetes,Isosphaerales,Isosphaeraceae,,uncultured_bacterium,Isosphaerales; Isosphaeraceae; uncultured_bacterium; ASV2091,Planctomycetota; Isosphaerales; Isosphaeraceae
ASV2092,Bacteria,Firmicutes,Bacilli,Lactobacillales,,,,Lactobacillales; ASV2092,Firmicutes; Lactobacillales
ASV2093,Bacteria,Firmicutes,Bacilli,Lactobacillales,Enterococcaceae,,,Lactobacillales; Enterococcaceae; ASV2093,Firmicutes; Lactobacillales; Enterococcaceae
ASV2094,Bacteria,Verrucomicrobiota,Chlamydiae,Chlamydiales,Parachlamydiaceae,Candidatus_Protochlamydia,metagenome,Chlamydiales; Parachlamydiaceae; Candidatus_Protochlamydia; metagenome; ASV2094,Verrucomicrobiota; Chlamydiales; Parachlamydiaceae
ASV2095,Bacteria,Proteobacteria,Alphaproteobacteria,Rhizobiales,Beijerinckiaceae,Methylobacterium-Methylorubrum,,Rhizobiales; Beijerinckiaceae; Methylobacterium-Methylorubrum; ASV2095,Proteobacteria; Rhizobiales; Beijerinckiaceae
ASV2096,Bacteria,Planctomycetota,Planctomycetes,Isosphaerales,Isosphaeraceae,,,Isosphaerales; Isosphaeraceae; ASV2096,Planctomycetota; Isosphaerales; Isosphaeraceae
ASV2097,Bacteria,Actinobacteriota,Acidimicrobiia,,,,metagenome,metagenome; ASV2097,Actinobacteriota
ASV2098,Bacteria,Firmicutes,Bacilli,Erysipelotrichales,Erysipelotrichaceae,ZOR0006,,Erysipelotrichales; Erysipelotrichaceae; ZOR0006; ASV2098,Firmicutes; Erysipelotrichales; Erysipelotrichaceae
ASV2099,Bacteria,Planctomycetota,Planctomycetes,Gemmatales,Gemmataceae,Fimbriiglobus,uncultured_bacterium,Gemmatales; Gemmataceae; Fimbriiglobus; uncultured_bacterium; ASV2099,Planctomycetota; Gemmatales; Gemmataceae
ASV2100,Bacteria,Actinobacteriota,Actinobacteria,Frankiales,Nakamurellaceae,Nakamurella,Nakamurella_sp.,Frankiales; Nakamurellaceae; Nakamurella; Nakamurella_sp.; ASV2100,Actinobacteriota; Frankiales; Nakamurellaceae
ASV2101,Bacteria,Proteobacteria,,,,,,ASV2101,Proteobacteria
ASV2102,Bacteria,Actinobacteriota,Actinobacteria,Micrococcales,Micrococcaceae,Micrococcus,,Micrococcales; Micrococcaceae; Micrococcus; ASV2102,Actinobacteriota; Micrococcales; Micrococcaceae
ASV2103,Bacteria,Firmicutes,Bacilli,Lactobacillales,,,,Lactobacillales; ASV2103,Firmicutes; Lactobacillales
ASV2104,Bacteria,Verrucomicrobiota,Verrucomicrobiae,Verrucomicrobiales,Rubritaleaceae,Luteolibacter,,Verrucomicrobiales; Rubritaleaceae; Luteolibacter; ASV2104,Verrucomicrobiota; Verrucomicrobiales; Rubritaleaceae
ASV2105,Bacteria,Proteobacteria,Gammaproteobacteria,Cellvibrionales,Cellvibrionaceae,Cellvibrio,,Cellvibrionales; Cellvibrionaceae; Cellvibrio; ASV2105,Proteobacteria; Cellvibrionales; Cellvibrionaceae
ASV2106,Bacteria,Firmicutes,Bacilli,Lactobacillales,,,,Lactobacillales; ASV2106,Firmicutes; Lactobacillales
ASV2107,Bacteria,Actinobacteriota,Actinobacteria,Micrococcales,Cellulomonadaceae,Cellulomonas,,Micrococcales; Cellulomonadaceae; Cellulomonas; ASV2107,Actinobacteriota; Micrococcales; Cellulomonadaceae
ASV2108,Bacteria,Chloroflexi,Chloroflexia,Thermomicrobiales,JG30-KF-CM45,JG30-KF-CM45,uncultured_soil,Thermomicrobiales; JG30-KF-CM45; JG30-KF-CM45; uncultured_soil; ASV2108,Chloroflexi; Thermomicrobiales; JG30-KF-CM45
ASV2109,Bacteria,Actinobacteriota,Actinobacteria,Frankiales,Acidothermaceae,Acidothermus,uncultured_Thermomonosporaceae,Frankiales; Acidothermaceae; Acidothermus; uncultured_Thermomonosporaceae; ASV2109,Actinobacteriota; Frankiales; Acidothermaceae
ASV2110,Bacteria,Proteobacteria,Alphaproteobacteria,Rhizobiales,Devosiaceae,Devosia,,Rhizobiales; Devosiaceae; Devosia; ASV2110,Proteobacteria; Rhizobiales; Devosiaceae
ASV2111,Bacteria,Firmicutes,Bacilli,Lactobacillales,Enterococcaceae,Enterococcus,,Lactobacillales; Enterococcaceae; Enterococcus; ASV2111,Firmicutes; Lactobacillales; Enterococcaceae
ASV2112,Bacteria,Proteobacteria,Gammaproteobacteria,Cellvibrionales,Cellvibrionaceae,Cellvibrio,,Cellvibrionales; Cellvibrionaceae; Cellvibrio; ASV2112,Proteobacteria; Cellvibrionales; Cellvibrionaceae
ASV2113,Bacteria,Proteobacteria,Alphaproteobacteria,Puniceispirillales,SAR116_clade,Candidatus_Puniceispirillum,,Puniceispirillales; SAR116_clade; Candidatus_Puniceispirillum; ASV2113,Proteobacteria; Puniceispirillales; SAR116_clade
ASV2114,Bacteria,Firmicutes,Bacilli,Paenibacillales,Paenibacillaceae,Paenibacillus,,Paenibacillales; Paenibacillaceae; Paenibacillus; ASV2114,Firmicutes; Paenibacillales; Paenibacillaceae
ASV2115,Bacteria,Proteobacteria,Alphaproteobacteria,Rhizobiales,Devosiaceae,Devosia,,Rhizobiales; Devosiaceae; Devosia; ASV2115,Proteobacteria; Rhizobiales; Devosiaceae
ASV2116,Bacteria,Proteobacteria,Alphaproteobacteria,Rhizobiales,Beijerinckiaceae,Bosea,,Rhizobiales; Beijerinckiaceae; Bosea; ASV2116,Proteobacteria; Rhizobiales; Beijerinckiaceae
ASV2117,Bacteria,Bacteroidota,Bacteroidia,Flavobacteriales,Weeksellaceae,Chryseobacterium,,Flavobacteriales; Weeksellaceae; Chryseobacterium; ASV2117,Bacteroidota; Flavobacteriales; Weeksellaceae
ASV2118,Bacteria,Firmicutes,,,,,,ASV2118,Firmicutes
ASV2119,Bacteria,Proteobacteria,Gammaproteobacteria,,,,,ASV2119,Proteobacteria
ASV2120,Bacteria,Firmicutes,Clostridia,Lachnospirales,Lachnospiraceae,Lachnoclostridium,,Lachnospirales; Lachnospiraceae; Lachnoclostridium; ASV2120,Firmicutes; Lachnospirales; Lachnospiraceae
ASV2121,Bacteria,Proteobacteria,Alphaproteobacteria,Caulobacterales,Caulobacteraceae,Caulobacter,metagenome,Caulobacterales; Caulobacteraceae; Caulobacter; metagenome; ASV2121,Proteobacteria; Caulobacterales; Caulobacteraceae
ASV2122,Bacteria,Proteobacteria,Gammaproteobacteria,Xanthomonadales,Xanthomonadaceae,,,Xanthomonadales; Xanthomonadaceae; ASV2122,Proteobacteria; Xanthomonadales; Xanthomonadaceae
ASV2123,Bacteria,Actinobacteriota,MB-A2-108,MB-A2-108,MB-A2-108,MB-A2-108,uncultured_bacterium,MB-A2-108; MB-A2-108; MB-A2-108; uncultured_bacterium; ASV2123,Actinobacteriota; MB-A2-108; MB-A2-108
ASV2124,Bacteria,Actinobacteriota,Thermoleophilia,Gaiellales,,,,Gaiellales; ASV2124,Actinobacteriota; Gaiellales
ASV2125,Bacteria,Planctomycetota,Planctomycetes,Gemmatales,Gemmataceae,Fimbriiglobus,uncultured_bacterium,Gemmatales; Gemmataceae; Fimbriiglobus; uncultured_bacterium; ASV2125,Planctomycetota; Gemmatales; Gemmataceae
ASV2126,Bacteria,Proteobacteria,Alphaproteobacteria,Rhizobiales,Beijerinckiaceae,Bosea,,Rhizobiales; Beijerinckiaceae; Bosea; ASV2126,Proteobacteria; Rhizobiales; Beijerinckiaceae
ASV2127,Bacteria,Proteobacteria,Alphaproteobacteria,Rhizobiales,Devosiaceae,Devosia,Devosia_limi,Rhizobiales; Devosiaceae; Devosia; Devosia_limi; ASV2127,Proteobacteria; Rhizobiales; Devosiaceae
ASV2128,Bacteria,Proteobacteria,Gammaproteobacteria,Burkholderiales,Oxalobacteraceae,Janthinobacterium,,Burkholderiales; Oxalobacteraceae; Janthinobacterium; ASV2128,Proteobacteria; Burkholderiales; Oxalobacteraceae
ASV2129,Bacteria,Proteobacteria,Gammaproteobacteria,Burkholderiales,Aquaspirillaceae,Microvirgula,Microvirgula_aerodenitrificans,Burkholderiales; Aquaspirillaceae; Microvirgula; Microvirgula_aerodenitrificans; ASV2129,Proteobacteria; Burkholderiales; Aquaspirillaceae
ASV2130,Bacteria,Planctomycetota,Planctomycetes,Planctomycetales,Rubinisphaeraceae,SH-PL14,uncultured_planctomycete,Planctomycetales; Rubinisphaeraceae; SH-PL14; uncultured_planctomycete; ASV2130,Planctomycetota; Planctomycetales; Rubinisphaeraceae
ASV2131,Bacteria,Proteobacteria,Gammaproteobacteria,Coxiellales,Coxiellaceae,Coxiella,,Coxiellales; Coxiellaceae; Coxiella; ASV2131,Proteobacteria; Coxiellales; Coxiellaceae
ASV2132,Bacteria,Firmicutes,Clostridia,Clostridiales,Clostridiaceae,Clostridium_sensu_stricto_9,uncultured_bacterium,Clostridiales; Clostridiaceae; Clostridium_sensu_stricto_9; uncultured_bacterium; ASV2132,Firmicutes; Clostridiales; Clostridiaceae
ASV2133,Bacteria,Planctomycetota,Planctomycetes,Pirellulales,Pirellulaceae,,uncultured_bacterium,Pirellulales; Pirellulaceae; uncultured_bacterium; ASV2133,Planctomycetota; Pirellulales; Pirellulaceae
ASV2134,Bacteria,Proteobacteria,Alphaproteobacteria,Rhizobiales,Rhizobiaceae,,,Rhizobiales; Rhizobiaceae; ASV2134,Proteobacteria; Rhizobiales; Rhizobiaceae
ASV2135,Bacteria,Rs-K70_termite_group,Rs-K70_termite_group,Rs-K70_termite_group,Rs-K70_termite_group,Rs-K70_termite_group,uncultured_delta,Rs-K70_termite_group; Rs-K70_termite_group; Rs-K70_termite_group; uncultured_delta; ASV2135,Rs-K70_termite_group; Rs-K70_termite_group; Rs-K70_termite_group
ASV2136,Bacteria,Actinobacteriota,Actinobacteria,Actinomycetales,Actinomycetaceae,Actinomyces,uncultured_Actinomycetales,Actinomycetales; Actinomycetaceae; Actinomyces; uncultured_Actinomycetales; ASV2136,Actinobacteriota; Actinomycetales; Actinomycetaceae
ASV2137,Bacteria,Proteobacteria,Alphaproteobacteria,Sphingomonadales,Sphingomonadaceae,Sphingobium,Sphingobium_japonicum,Sphingomonadales; Sphingomonadaceae; Sphingobium; Sphingobium_japonicum; ASV2137,Proteobacteria; Sphingomonadales; Sphingomonadaceae
ASV2138,Bacteria,Proteobacteria,Alphaproteobacteria,Reyranellales,Reyranellaceae,Reyranella,metagenome,Reyranellales; Reyranellaceae; Reyranella; metagenome; ASV2138,Proteobacteria; Reyranellales; Reyranellaceae
ASV2139,Bacteria,Actinobacteriota,Actinobacteria,Streptomycetales,Streptomycetaceae,Streptomyces,,Streptomycetales; Streptomycetaceae; Streptomyces; ASV2139,Actinobacteriota; Streptomycetales; Streptomycetaceae
ASV2140,Bacteria,Firmicutes,Bacilli,,,,,ASV2140,Firmicutes
ASV2141,Bacteria,Proteobacteria,Alphaproteobacteria,Caulobacterales,Caulobacteraceae,Caulobacter,,Caulobacterales; Caulobacteraceae; Caulobacter; ASV2141,Proteobacteria; Caulobacterales; Caulobacteraceae
ASV2142,Bacteria,Actinobacteriota,Actinobacteria,PeM15,PeM15,PeM15,,PeM15; PeM15; PeM15; ASV2142,Actinobacteriota; PeM15; PeM15
ASV2143,Bacteria,Verrucomicrobiota,Chlamydiae,Chlamydiales,Parachlamydiaceae,,,Chlamydiales; Parachlamydiaceae; ASV2143,Verrucomicrobiota; Chlamydiales; Parachlamydiaceae
ASV2144,Bacteria,Proteobacteria,Alphaproteobacteria,Rhizobiales,Beijerinckiaceae,,,Rhizobiales; Beijerinckiaceae; ASV2144,Proteobacteria; Rhizobiales; Beijerinckiaceae
ASV2145,Bacteria,Firmicutes,Bacilli,Thermoactinomycetales,Thermoactinomycetaceae,Pasteuria,uncultured_Firmicutes,Thermoactinomycetales; Thermoactinomycetaceae; Pasteuria; uncultured_Firmicutes; ASV2145,Firmicutes; Thermoactinomycetales; Thermoactinomycetaceae
ASV2146,Bacteria,Proteobacteria,Alphaproteobacteria,Rhizobiales,Beijerinckiaceae,Bosea,,Rhizobiales; Beijerinckiaceae; Bosea; ASV2146,Proteobacteria; Rhizobiales; Beijerinckiaceae
ASV2147,Bacteria,Planctomycetota,Planctomycetes,Planctomycetales,Rubinisphaeraceae,SH-PL14,uncultured_planctomycete,Planctomycetales; Rubinisphaeraceae; SH-PL14; uncultured_planctomycete; ASV2147,Planctomycetota; Planctomycetales; Rubinisphaeraceae
ASV2148,Bacteria,Firmicutes,Bacilli,Paenibacillales,Paenibacillaceae,Paenibacillus,,Paenibacillales; Paenibacillaceae; Paenibacillus; ASV2148,Firmicutes; Paenibacillales; Paenibacillaceae
ASV2149,Bacteria,Chloroflexi,AD3,AD3,AD3,AD3,uncultured_Chloroflexi,AD3; AD3; AD3; uncultured_Chloroflexi; ASV2149,Chloroflexi; AD3; AD3
ASV2150,Bacteria,Actinobacteriota,Actinobacteria,Actinomycetales,Actinomycetaceae,Actinomyces,uncultured_Actinomycetales,Actinomycetales; Actinomycetaceae; Actinomyces; uncultured_Actinomycetales; ASV2150,Actinobacteriota; Actinomycetales; Actinomycetaceae
ASV2151,Bacteria,Proteobacteria,Alphaproteobacteria,Sphingomonadales,Sphingomonadaceae,Sphingobium,,Sphingomonadales; Sphingomonadaceae; Sphingobium; ASV2151,Proteobacteria; Sphingomonadales; Sphingomonadaceae
ASV2152,Bacteria,Planctomycetota,Planctomycetes,Pirellulales,Pirellulaceae,Pir4_lineage,,Pirellulales; Pirellulaceae; Pir4_lineage; ASV2152,Planctomycetota; Pirellulales; Pirellulaceae
ASV2153,Bacteria,Planctomycetota,Planctomycetes,Isosphaerales,Isosphaeraceae,Aquisphaera,uncultured_bacterium,Isosphaerales; Isosphaeraceae; Aquisphaera; uncultured_bacterium; ASV2153,Planctomycetota; Isosphaerales; Isosphaeraceae
ASV2154,Bacteria,Planctomycetota,Planctomycetes,Gemmatales,Gemmataceae,,uncultured_bacterium,Gemmatales; Gemmataceae; uncultured_bacterium; ASV2154,Planctomycetota; Gemmatales; Gemmataceae
ASV2155,Bacteria,Planctomycetota,Planctomycetes,Pirellulales,Pirellulaceae,Pirellula,,Pirellulales; Pirellulaceae; Pirellula; ASV2155,Planctomycetota; Pirellulales; Pirellulaceae
ASV2156,Bacteria,Planctomycetota,Planctomycetes,Pirellulales,Pirellulaceae,,,Pirellulales; Pirellulaceae; ASV2156,Planctomycetota; Pirellulales; Pirellulaceae
ASV2157,Bacteria,Actinobacteriota,Actinobacteria,Propionibacteriales,Nocardioidaceae,Marmoricola,,Propionibacteriales; Nocardioidaceae; Marmoricola; ASV2157,Actinobacteriota; Propionibacteriales; Nocardioidaceae
ASV2158,Bacteria,Proteobacteria,Alphaproteobacteria,Rhizobiales,Beijerinckiaceae,Bosea,,Rhizobiales; Beijerinckiaceae; Bosea; ASV2158,Proteobacteria; Rhizobiales; Beijerinckiaceae
ASV2159,Bacteria,Proteobacteria,Alphaproteobacteria,Acetobacterales,Acetobacteraceae,,metagenome,Acetobacterales; Acetobacteraceae; metagenome; ASV2159,Proteobacteria; Acetobacterales; Acetobacteraceae
ASV2160,Bacteria,Proteobacteria,Alphaproteobacteria,Sphingomonadales,Sphingomonadaceae,Novosphingobium,,Sphingomonadales; Sphingomonadaceae; Novosphingobium; ASV2160,Proteobacteria; Sphingomonadales; Sphingomonadaceae
ASV2161,Bacteria,Proteobacteria,Alphaproteobacteria,Rhizobiales,Beijerinckiaceae,Bosea,,Rhizobiales; Beijerinckiaceae; Bosea; ASV2161,Proteobacteria; Rhizobiales; Beijerinckiaceae
ASV2162,Bacteria,Verrucomicrobiota,Verrucomicrobiae,Chthoniobacterales,Chthoniobacteraceae,Candidatus_Udaeobacter,uncultured_cyanobacterium,Chthoniobacterales; Chthoniobacteraceae; Candidatus_Udaeobacter; uncultured_cyanobacterium; ASV2162,Verrucomicrobiota; Chthoniobacterales; Chthoniobacteraceae
ASV2163,Bacteria,Bacteroidota,Bacteroidia,Flavobacteriales,Weeksellaceae,Chryseobacterium,,Flavobacteriales; Weeksellaceae; Chryseobacterium; ASV2163,Bacteroidota; Flavobacteriales; Weeksellaceae
ASV2164,Bacteria,Proteobacteria,Alphaproteobacteria,Rhizobiales,Rhizobiaceae,,,Rhizobiales; Rhizobiaceae; ASV2164,Proteobacteria; Rhizobiales; Rhizobiaceae
ASV2165,Bacteria,Proteobacteria,Alphaproteobacteria,Rhizobiales,Rhizobiaceae,Allorhizobium-Neorhizobium-Pararhizobium-Rhizobium,,Rhizobiales; Rhizobiaceae; Allorhizobium-Neorhizobium-Pararhizobium-Rhizobium; ASV2165,Proteobacteria; Rhizobiales; Rhizobiaceae
ASV2166,Bacteria,Proteobacteria,Alphaproteobacteria,Rhizobiales,Devosiaceae,Devosia,,Rhizobiales; Devosiaceae; Devosia; ASV2166,Proteobacteria; Rhizobiales; Devosiaceae
ASV2167,Bacteria,Firmicutes,Bacilli,RsaHf231,RsaHf231,RsaHf231,uncultured_bacterium,RsaHf231; RsaHf231; RsaHf231; uncultured_bacterium; ASV2167,Firmicutes; RsaHf231; RsaHf231
ASV2168,Bacteria,Planctomycetota,Planctomycetes,Pirellulales,Pirellulaceae,Pir4_lineage,,Pirellulales; Pirellulaceae; Pir4_lineage; ASV2168,Planctomycetota; Pirellulales; Pirellulaceae
ASV2169,Bacteria,Proteobacteria,Alphaproteobacteria,Rhizobiales,Rhizobiaceae,Allorhizobium-Neorhizobium-Pararhizobium-Rhizobium,,Rhizobiales; Rhizobiaceae; Allorhizobium-Neorhizobium-Pararhizobium-Rhizobium; ASV2169,Proteobacteria; Rhizobiales; Rhizobiaceae
ASV2170,Bacteria,Bacteroidota,Bacteroidia,Flavobacteriales,Flavobacteriaceae,Polaribacter,,Flavobacteriales; Flavobacteriaceae; Polaribacter; ASV2170,Bacteroidota; Flavobacteriales; Flavobacteriaceae
ASV2171,Bacteria,Proteobacteria,Alphaproteobacteria,Rhizobiales,Beijerinckiaceae,Bosea,,Rhizobiales; Beijerinckiaceae; Bosea; ASV2171,Proteobacteria; Rhizobiales; Beijerinckiaceae
ASV2172,Bacteria,Actinobacteriota,Actinobacteria,Frankiales,,,Actinomycetales_bacterium,Frankiales; Actinomycetales_bacterium; ASV2172,Actinobacteriota; Frankiales
ASV2173,Bacteria,Planctomycetota,Planctomycetes,Isosphaerales,Isosphaeraceae,,uncultured_bacterium,Isosphaerales; Isosphaeraceae; uncultured_bacterium; ASV2173,Planctomycetota; Isosphaerales; Isosphaeraceae
ASV2174,Bacteria,Proteobacteria,Alphaproteobacteria,Rhizobiales,Rhizobiaceae,Allorhizobium-Neorhizobium-Pararhizobium-Rhizobium,,Rhizobiales; Rhizobiaceae; Allorhizobium-Neorhizobium-Pararhizobium-Rhizobium; ASV2174,Proteobacteria; Rhizobiales; Rhizobiaceae
ASV2175,Bacteria,Planctomycetota,Planctomycetes,Planctomycetales,Rubinisphaeraceae,,,Planctomycetales; Rubinisphaeraceae; ASV2175,Planctomycetota; Planctomycetales; Rubinisphaeraceae
ASV2176,Bacteria,Proteobacteria,Alphaproteobacteria,Rhizobiales,Devosiaceae,Devosia,Devosia_limi,Rhizobiales; Devosiaceae; Devosia; Devosia_limi; ASV2176,Proteobacteria; Rhizobiales; Devosiaceae
ASV2177,Bacteria,Firmicutes,Clostridia,,,,,ASV2177,Firmicutes
ASV2178,Bacteria,Proteobacteria,Alphaproteobacteria,Acetobacterales,Acetobacteraceae,Roseococcus,uncultured_bacterium,Acetobacterales; Acetobacteraceae; Roseococcus; uncultured_bacterium; ASV2178,Proteobacteria; Acetobacterales; Acetobacteraceae
ASV2179,Bacteria,Actinobacteriota,Actinobacteria,Micrococcales,Intrasporangiaceae,,,Micrococcales; Intrasporangiaceae; ASV2179,Actinobacteriota; Micrococcales; Intrasporangiaceae
ASV2180,Bacteria,Patescibacteria,Saccharimonadia,Saccharimonadales,,,,Saccharimonadales; ASV2180,Patescibacteria; Saccharimonadales
ASV2181,Bacteria,Proteobacteria,Gammaproteobacteria,,,,,ASV2181,Proteobacteria
ASV2182,Bacteria,Firmicutes,Bacilli,Paenibacillales,Paenibacillaceae,Paenibacillus,,Paenibacillales; Paenibacillaceae; Paenibacillus; ASV2182,Firmicutes; Paenibacillales; Paenibacillaceae
ASV2183,Bacteria,Proteobacteria,Alphaproteobacteria,Rhizobiales,Beijerinckiaceae,Roseiarcus,,Rhizobiales; Beijerinckiaceae; Roseiarcus; ASV2183,Proteobacteria; Rhizobiales; Beijerinckiaceae
ASV2184,Bacteria,Proteobacteria,Alphaproteobacteria,Rhizobiales,Beijerinckiaceae,Bosea,,Rhizobiales; Beijerinckiaceae; Bosea; ASV2184,Proteobacteria; Rhizobiales; Beijerinckiaceae
ASV2185,Bacteria,Planctomycetota,Planctomycetes,Gemmatales,Gemmataceae,,,Gemmatales; Gemmataceae; ASV2185,Planctomycetota; Gemmatales; Gemmataceae
ASV2186,Bacteria,Acidobacteriota,Acidobacteriae,Solibacterales,Solibacteraceae,Candidatus_Solibacter,,Solibacterales; Solibacteraceae; Candidatus_Solibacter; ASV2186,Acidobacteriota; Solibacterales; Solibacteraceae
ASV2187,Bacteria,Proteobacteria,Alphaproteobacteria,Reyranellales,Reyranellaceae,Reyranella,,Reyranellales; Reyranellaceae; Reyranella; ASV2187,Proteobacteria; Reyranellales; Reyranellaceae
ASV2188,Bacteria,Proteobacteria,Gammaproteobacteria,Enterobacterales,Hafniaceae,Hafnia-Obesumbacterium,,Enterobacterales; Hafniaceae; Hafnia-Obesumbacterium; ASV2188,Proteobacteria; Enterobacterales; Hafniaceae
ASV2189,Bacteria,Proteobacteria,Alphaproteobacteria,Rhodobacterales,Rhodobacteraceae,,,Rhodobacterales; Rhodobacteraceae; ASV2189,Proteobacteria; Rhodobacterales; Rhodobacteraceae
ASV2190,Bacteria,Proteobacteria,Gammaproteobacteria,Burkholderiales,Comamonadaceae,,,Burkholderiales; Comamonadaceae; ASV2190,Proteobacteria; Burkholderiales; Comamonadaceae
ASV2191,Bacteria,Proteobacteria,Alphaproteobacteria,Rhizobiales,Devosiaceae,Devosia,,Rhizobiales; Devosiaceae; Devosia; ASV2191,Proteobacteria; Rhizobiales; Devosiaceae
ASV2192,Bacteria,Actinobacteriota,Acidimicrobiia,IMCC26256,IMCC26256,IMCC26256,uncultured_Ferrimicrobium,IMCC26256; IMCC26256; IMCC26256; uncultured_Ferrimicrobium; ASV2192,Actinobacteriota; IMCC26256; IMCC26256
ASV2193,Bacteria,Proteobacteria,Gammaproteobacteria,Burkholderiales,Comamonadaceae,,,Burkholderiales; Comamonadaceae; ASV2193,Proteobacteria; Burkholderiales; Comamonadaceae
ASV2194,Bacteria,Proteobacteria,Gammaproteobacteria,Xanthomonadales,Xanthomonadaceae,Stenotrophomonas,,Xanthomonadales; Xanthomonadaceae; Stenotrophomonas; ASV2194,Proteobacteria; Xanthomonadales; Xanthomonadaceae
ASV2195,Bacteria,Firmicutes,Clostridia,Oscillospirales,Ruminococcaceae,,uncultured_Firmicutes,Oscillospirales; Ruminococcaceae; uncultured_Firmicutes; ASV2195,Firmicutes; Oscillospirales; Ruminococcaceae
ASV2196,Bacteria,Proteobacteria,Gammaproteobacteria,Burkholderiales,Comamonadaceae,,,Burkholderiales; Comamonadaceae; ASV2196,Proteobacteria; Burkholderiales; Comamonadaceae
ASV2197,Bacteria,Proteobacteria,Gammaproteobacteria,Legionellales,Legionellaceae,Legionella,,Legionellales; Legionellaceae; Legionella; ASV2197,Proteobacteria; Legionellales; Legionellaceae
ASV2198,Bacteria,Proteobacteria,Gammaproteobacteria,Alteromonadales,Alteromonadaceae,Glaciecola,,Alteromonadales; Alteromonadaceae; Glaciecola; ASV2198,Proteobacteria; Alteromonadales; Alteromonadaceae
ASV2199,Bacteria,Planctomycetota,Planctomycetes,Pirellulales,Pirellulaceae,,metagenome,Pirellulales; Pirellulaceae; metagenome; ASV2199,Planctomycetota; Pirellulales; Pirellulaceae
ASV2200,Bacteria,Proteobacteria,Gammaproteobacteria,Coxiellales,Coxiellaceae,Coxiella,uncultured_bacterium,Coxiellales; Coxiellaceae; Coxiella; uncultured_bacterium; ASV2200,Proteobacteria; Coxiellales; Coxiellaceae
ASV2201,Bacteria,Proteobacteria,Alphaproteobacteria,Sphingomonadales,Sphingomonadaceae,Sphingopyxis,,Sphingomonadales; Sphingomonadaceae; Sphingopyxis; ASV2201,Proteobacteria; Sphingomonadales; Sphingomonadaceae
ASV2202,Bacteria,Firmicutes,Bacilli,Lactobacillales,Streptococcaceae,Lactococcus,,Lactobacillales; Streptococcaceae; Lactococcus; ASV2202,Firmicutes; Lactobacillales; Streptococcaceae
ASV2203,Bacteria,Planctomycetota,Planctomycetes,Gemmatales,Gemmataceae,Fimbriiglobus,,Gemmatales; Gemmataceae; Fimbriiglobus; ASV2203,Planctomycetota; Gemmatales; Gemmataceae
ASV2204,Bacteria,Proteobacteria,Alphaproteobacteria,Rhizobiales,Beijerinckiaceae,Bosea,,Rhizobiales; Beijerinckiaceae; Bosea; ASV2204,Proteobacteria; Rhizobiales; Beijerinckiaceae
ASV2205,Bacteria,Bacteroidota,Bacteroidia,Flavobacteriales,Weeksellaceae,Chryseobacterium,Chryseobacterium_halperniae,Flavobacteriales; Weeksellaceae; Chryseobacterium; Chryseobacterium_halperniae; ASV2205,Bacteroidota; Flavobacteriales; Weeksellaceae
ASV2206,Bacteria,Firmicutes,Clostridia,Lachnospirales,Lachnospiraceae,,,Lachnospirales; Lachnospiraceae; ASV2206,Firmicutes; Lachnospirales; Lachnospiraceae
ASV2207,Bacteria,Proteobacteria,Alphaproteobacteria,Rhizobiales,Rhizobiaceae,,,Rhizobiales; Rhizobiaceae; ASV2207,Proteobacteria; Rhizobiales; Rhizobiaceae
ASV2208,Bacteria,Bacteroidota,Bacteroidia,Flavobacteriales,Weeksellaceae,Empedobacter,Empedobacter_brevis,Flavobacteriales; Weeksellaceae; Empedobacter; Empedobacter_brevis; ASV2208,Bacteroidota; Flavobacteriales; Weeksellaceae
ASV2209,Bacteria,Actinobacteriota,Actinobacteria,Pseudonocardiales,Pseudonocardiaceae,Actinomycetospora,,Pseudonocardiales; Pseudonocardiaceae; Actinomycetospora; ASV2209,Actinobacteriota; Pseudonocardiales; Pseudonocardiaceae
ASV2210,Bacteria,Actinobacteriota,Acidimicrobiia,IMCC26256,IMCC26256,IMCC26256,,IMCC26256; IMCC26256; IMCC26256; ASV2210,Actinobacteriota; IMCC26256; IMCC26256
ASV2211,Bacteria,Bdellovibrionota,Oligoflexia,Oligoflexales,,,uncultured_bacterium,Oligoflexales; uncultured_bacterium; ASV2211,Bdellovibrionota; Oligoflexales
ASV2212,Bacteria,Actinobacteriota,Actinobacteria,Frankiales,Frankiaceae,Frankia,,Frankiales; Frankiaceae; Frankia; ASV2212,Actinobacteriota; Frankiales; Frankiaceae
ASV2213,Bacteria,Proteobacteria,Alphaproteobacteria,Rhizobiales,Devosiaceae,Devosia,,Rhizobiales; Devosiaceae; Devosia; ASV2213,Proteobacteria; Rhizobiales; Devosiaceae
ASV2214,Bacteria,Proteobacteria,Gammaproteobacteria,Burkholderiales,Comamonadaceae,,,Burkholderiales; Comamonadaceae; ASV2214,Proteobacteria; Burkholderiales; Comamonadaceae
ASV2215,Bacteria,Firmicutes,Bacilli,Lactobacillales,,,,Lactobacillales; ASV2215,Firmicutes; Lactobacillales
ASV2216,Bacteria,Firmicutes,Bacilli,Lactobacillales,Enterococcaceae,Enterococcus,,Lactobacillales; Enterococcaceae; Enterococcus; ASV2216,Firmicutes; Lactobacillales; Enterococcaceae
ASV2217,Bacteria,Chloroflexi,Chloroflexia,Thermomicrobiales,JG30-KF-CM45,JG30-KF-CM45,uncultured_soil,Thermomicrobiales; JG30-KF-CM45; JG30-KF-CM45; uncultured_soil; ASV2217,Chloroflexi; Thermomicrobiales; JG30-KF-CM45
ASV2218,Bacteria,Actinobacteriota,Thermoleophilia,Solirubrobacterales,67-14,67-14,metagenome,Solirubrobacterales; 67-14; 67-14; metagenome; ASV2218,Actinobacteriota; Solirubrobacterales; 67-14
ASV2219,Bacteria,Verrucomicrobiota,Chlamydiae,Chlamydiales,,,,Chlamydiales; ASV2219,Verrucomicrobiota; Chlamydiales
ASV2220,Bacteria,Dependentiae,Babeliae,Babeliales,Babeliaceae,Babeliaceae,uncultured_organism,Babeliales; Babeliaceae; Babeliaceae; uncultured_organism; ASV2220,Dependentiae; Babeliales; Babeliaceae
ASV2221,Bacteria,Actinobacteriota,Actinobacteria,Corynebacteriales,Corynebacteriaceae,Corynebacterium,,Corynebacteriales; Corynebacteriaceae; Corynebacterium; ASV2221,Actinobacteriota; Corynebacteriales; Corynebacteriaceae
ASV2222,Bacteria,Planctomycetota,Planctomycetes,Gemmatales,Gemmataceae,Fimbriiglobus,uncultured_bacterium,Gemmatales; Gemmataceae; Fimbriiglobus; uncultured_bacterium; ASV2222,Planctomycetota; Gemmatales; Gemmataceae
ASV2223,Bacteria,Planctomycetota,Planctomycetes,Pirellulales,Pirellulaceae,,Planctomycetaceae,Pirellulales; Pirellulaceae; Planctomycetaceae; ASV2223,Planctomycetota; Pirellulales; Pirellulaceae
ASV2224,Bacteria,Proteobacteria,Alphaproteobacteria,Rhizobiales,Devosiaceae,Devosia,,Rhizobiales; Devosiaceae; Devosia; ASV2224,Proteobacteria; Rhizobiales; Devosiaceae
ASV2225,Bacteria,Firmicutes,Bacilli,Lactobacillales,Enterococcaceae,Enterococcus,,Lactobacillales; Enterococcaceae; Enterococcus; ASV2225,Firmicutes; Lactobacillales; Enterococcaceae
ASV2226,Bacteria,Firmicutes,Bacilli,,,,,ASV2226,Firmicutes
ASV2227,Bacteria,Firmicutes,Bacilli,Lactobacillales,Enterococcaceae,Enterococcus,,Lactobacillales; Enterococcaceae; Enterococcus; ASV2227,Firmicutes; Lactobacillales; Enterococcaceae
ASV2228,Bacteria,Bacteroidota,Bacteroidia,Sphingobacteriales,Sphingobacteriaceae,Pedobacter,,Sphingobacteriales; Sphingobacteriaceae; Pedobacter; ASV2228,Bacteroidota; Sphingobacteriales; Sphingobacteriaceae
ASV2229,Bacteria,Firmicutes,Bacilli,Lactobacillales,Carnobacteriaceae,Carnobacterium,,Lactobacillales; Carnobacteriaceae; Carnobacterium; ASV2229,Firmicutes; Lactobacillales; Carnobacteriaceae
ASV2230,Bacteria,Actinobacteriota,Actinobacteria,Corynebacteriales,Nocardiaceae,Nocardia,,Corynebacteriales; Nocardiaceae; Nocardia; ASV2230,Actinobacteriota; Corynebacteriales; Nocardiaceae
ASV2231,Bacteria,Cyanobacteria,Cyanobacteriia,Cyanobacteriales,Chroococcidiopsaceae,,,Cyanobacteriales; Chroococcidiopsaceae; ASV2231,Cyanobacteria; Cyanobacteriales; Chroococcidiopsaceae
ASV2232,Bacteria,Proteobacteria,Gammaproteobacteria,Xanthomonadales,Xanthomonadaceae,Stenotrophomonas,,Xanthomonadales; Xanthomonadaceae; Stenotrophomonas; ASV2232,Proteobacteria; Xanthomonadales; Xanthomonadaceae
ASV2233,Bacteria,Proteobacteria,Alphaproteobacteria,Rhizobiales,Devosiaceae,Devosia,Devosia_limi,Rhizobiales; Devosiaceae; Devosia; Devosia_limi; ASV2233,Proteobacteria; Rhizobiales; Devosiaceae
ASV2234,Bacteria,Planctomycetota,Planctomycetes,Pirellulales,Pirellulaceae,,,Pirellulales; Pirellulaceae; ASV2234,Planctomycetota; Pirellulales; Pirellulaceae
ASV2235,Bacteria,Firmicutes,Bacilli,Staphylococcales,Staphylococcaceae,Staphylococcus,,Staphylococcales; Staphylococcaceae; Staphylococcus; ASV2235,Firmicutes; Staphylococcales; Staphylococcaceae
ASV2236,Bacteria,Bacteroidota,Bacteroidia,Flavobacteriales,Weeksellaceae,Chryseobacterium,,Flavobacteriales; Weeksellaceae; Chryseobacterium; ASV2236,Bacteroidota; Flavobacteriales; Weeksellaceae
ASV2237,Bacteria,Planctomycetota,Planctomycetes,Pirellulales,Pirellulaceae,,,Pirellulales; Pirellulaceae; ASV2237,Planctomycetota; Pirellulales; Pirellulaceae
ASV2238,Bacteria,Proteobacteria,Gammaproteobacteria,Pseudomonadales,Pseudomonadaceae,Pseudomonas,,Pseudomonadales; Pseudomonadaceae; Pseudomonas; ASV2238,Proteobacteria; Pseudomonadales; Pseudomonadaceae
ASV2239,Bacteria,Proteobacteria,Alphaproteobacteria,Rhodobacterales,Rhodobacteraceae,,,Rhodobacterales; Rhodobacteraceae; ASV2239,Proteobacteria; Rhodobacterales; Rhodobacteraceae
ASV2240,Bacteria,Proteobacteria,Gammaproteobacteria,Pseudomonadales,Moraxellaceae,Acinetobacter,,Pseudomonadales; Moraxellaceae; Acinetobacter; ASV2240,Proteobacteria; Pseudomonadales; Moraxellaceae
ASV2241,Bacteria,Proteobacteria,Alphaproteobacteria,Rhizobiales,Beijerinckiaceae,Bosea,,Rhizobiales; Beijerinckiaceae; Bosea; ASV2241,Proteobacteria; Rhizobiales; Beijerinckiaceae
ASV2242,Bacteria,Firmicutes,Clostridia,Clostridiales,Clostridiaceae,Clostridium_sensu_stricto_1,,Clostridiales; Clostridiaceae; Clostridium_sensu_stricto_1; ASV2242,Firmicutes; Clostridiales; Clostridiaceae
ASV2243,Bacteria,Proteobacteria,Alphaproteobacteria,Sphingomonadales,Sphingomonadaceae,Sandaracinobacter,,Sphingomonadales; Sphingomonadaceae; Sandaracinobacter; ASV2243,Proteobacteria; Sphingomonadales; Sphingomonadaceae
ASV2244,Bacteria,Proteobacteria,Gammaproteobacteria,Cardiobacteriales,Wohlfahrtiimonadaceae,Ignatzschineria,swine_effluent,Cardiobacteriales; Wohlfahrtiimonadaceae; Ignatzschineria; swine_effluent; ASV2244,Proteobacteria; Cardiobacteriales; Wohlfahrtiimonadaceae
ASV2245,Bacteria,Firmicutes,Clostridia,Clostridia,Hungateiclostridiaceae,,,Clostridia; Hungateiclostridiaceae; ASV2245,Firmicutes; Clostridia; Hungateiclostridiaceae
ASV2246,Bacteria,Proteobacteria,Alphaproteobacteria,Rhizobiales,Beijerinckiaceae,Bosea,,Rhizobiales; Beijerinckiaceae; Bosea; ASV2246,Proteobacteria; Rhizobiales; Beijerinckiaceae
ASV2247,Bacteria,Proteobacteria,Alphaproteobacteria,Rhizobiales,Beijerinckiaceae,,,Rhizobiales; Beijerinckiaceae; ASV2247,Proteobacteria; Rhizobiales; Beijerinckiaceae
ASV2248,Bacteria,Patescibacteria,Saccharimonadia,Saccharimonadales,LWQ8,LWQ8,uncultured_bacterium,Saccharimonadales; LWQ8; LWQ8; uncultured_bacterium; ASV2248,Patescibacteria; Saccharimonadales; LWQ8
ASV2249,Bacteria,Proteobacteria,Alphaproteobacteria,Rhizobiales,Beijerinckiaceae,Bosea,,Rhizobiales; Beijerinckiaceae; Bosea; ASV2249,Proteobacteria; Rhizobiales; Beijerinckiaceae
ASV2250,Bacteria,Proteobacteria,Gammaproteobacteria,Legionellales,Legionellaceae,Legionella,,Legionellales; Legionellaceae; Legionella; ASV2250,Proteobacteria; Legionellales; Legionellaceae
ASV2251,Bacteria,Proteobacteria,Alphaproteobacteria,Rhizobiales,Beijerinckiaceae,Bosea,,Rhizobiales; Beijerinckiaceae; Bosea; ASV2251,Proteobacteria; Rhizobiales; Beijerinckiaceae
ASV2252,Bacteria,Proteobacteria,Gammaproteobacteria,,,,,ASV2252,Proteobacteria
ASV2253,Bacteria,Proteobacteria,Gammaproteobacteria,Xanthomonadales,Xanthomonadaceae,Stenotrophomonas,,Xanthomonadales; Xanthomonadaceae; Stenotrophomonas; ASV2253,Proteobacteria; Xanthomonadales; Xanthomonadaceae
ASV2254,Bacteria,Actinobacteriota,Actinobacteria,Corynebacteriales,Nocardiaceae,,,Corynebacteriales; Nocardiaceae; ASV2254,Actinobacteriota; Corynebacteriales; Nocardiaceae
ASV2255,Bacteria,Actinobacteriota,Actinobacteria,Corynebacteriales,Corynebacteriaceae,Lawsonella,,Corynebacteriales; Corynebacteriaceae; Lawsonella; ASV2255,Actinobacteriota; Corynebacteriales; Corynebacteriaceae
ASV2256,Bacteria,Actinobacteriota,Acidimicrobiia,Microtrichales,Ilumatobacteraceae,CL500-29_marine_group,metagenome,Microtrichales; Ilumatobacteraceae; CL500-29_marine_group; metagenome; ASV2256,Actinobacteriota; Microtrichales; Ilumatobacteraceae
ASV2257,Bacteria,Proteobacteria,Gammaproteobacteria,Burkholderiales,Methylophilaceae,Methylotenera,,Burkholderiales; Methylophilaceae; Methylotenera; ASV2257,Proteobacteria; Burkholderiales; Methylophilaceae
ASV2258,Bacteria,Actinobacteriota,Acidimicrobiia,IMCC26256,IMCC26256,IMCC26256,uncultured_Acidimicrobiales,IMCC26256; IMCC26256; IMCC26256; uncultured_Acidimicrobiales; ASV2258,Actinobacteriota; IMCC26256; IMCC26256
ASV2259,Bacteria,Proteobacteria,Alphaproteobacteria,Rhizobiales,,,,Rhizobiales; ASV2259,Proteobacteria; Rhizobiales
ASV2260,Bacteria,Firmicutes,Bacilli,Lactobacillales,Streptococcaceae,Lactococcus,,Lactobacillales; Streptococcaceae; Lactococcus; ASV2260,Firmicutes; Lactobacillales; Streptococcaceae
ASV2261,Bacteria,Planctomycetota,Planctomycetes,Gemmatales,Gemmataceae,Fimbriiglobus,,Gemmatales; Gemmataceae; Fimbriiglobus; ASV2261,Planctomycetota; Gemmatales; Gemmataceae
ASV2262,Bacteria,Proteobacteria,Gammaproteobacteria,Burkholderiales,Burkholderiaceae,,bacterium_endosymbiont,Burkholderiales; Burkholderiaceae; bacterium_endosymbiont; ASV2262,Proteobacteria; Burkholderiales; Burkholderiaceae
ASV2263,Bacteria,Firmicutes,Bacilli,Erysipelotrichales,Erysipelotrichaceae,ZOR0006,uncultured_bacterium,Erysipelotrichales; Erysipelotrichaceae; ZOR0006; uncultured_bacterium; ASV2263,Firmicutes; Erysipelotrichales; Erysipelotrichaceae
ASV2264,Bacteria,Proteobacteria,Gammaproteobacteria,Oceanospirillales,Nitrincolaceae,,,Oceanospirillales; Nitrincolaceae; ASV2264,Proteobacteria; Oceanospirillales; Nitrincolaceae
ASV2265,Bacteria,Proteobacteria,Alphaproteobacteria,Rhizobiales,Hyphomicrobiaceae,Pedomicrobium,metagenome,Rhizobiales; Hyphomicrobiaceae; Pedomicrobium; metagenome; ASV2265,Proteobacteria; Rhizobiales; Hyphomicrobiaceae
ASV2266,Bacteria,Proteobacteria,Alphaproteobacteria,Sphingomonadales,Sphingomonadaceae,Sphingomonas,,Sphingomonadales; Sphingomonadaceae; Sphingomonas; ASV2266,Proteobacteria; Sphingomonadales; Sphingomonadaceae
ASV2267,Bacteria,Proteobacteria,Alphaproteobacteria,Rhizobiales,Devosiaceae,Devosia,,Rhizobiales; Devosiaceae; Devosia; ASV2267,Proteobacteria; Rhizobiales; Devosiaceae
ASV2268,Bacteria,Bdellovibrionota,Oligoflexia,0319-6G20,0319-6G20,0319-6G20,uncultured_proteobacterium,0319-6G20; 0319-6G20; 0319-6G20; uncultured_proteobacterium; ASV2268,Bdellovibrionota; 0319-6G20; 0319-6G20
ASV2269,Bacteria,Proteobacteria,Alphaproteobacteria,Rhodobacterales,Rhodobacteraceae,,,Rhodobacterales; Rhodobacteraceae; ASV2269,Proteobacteria; Rhodobacterales; Rhodobacteraceae
ASV2270,Bacteria,Proteobacteria,Alphaproteobacteria,Rhizobiales,Beijerinckiaceae,Bosea,,Rhizobiales; Beijerinckiaceae; Bosea; ASV2270,Proteobacteria; Rhizobiales; Beijerinckiaceae
ASV2271,Bacteria,Actinobacteriota,Actinobacteria,Corynebacteriales,Mycobacteriaceae,Mycobacterium,,Corynebacteriales; Mycobacteriaceae; Mycobacterium; ASV2271,Actinobacteriota; Corynebacteriales; Mycobacteriaceae
ASV2272,Bacteria,Planctomycetota,Planctomycetes,Planctomycetales,Rubinisphaeraceae,SH-PL14,uncultured_planctomycete,Planctomycetales; Rubinisphaeraceae; SH-PL14; uncultured_planctomycete; ASV2272,Planctomycetota; Planctomycetales; Rubinisphaeraceae
ASV2273,Bacteria,Proteobacteria,Alphaproteobacteria,Rhizobiales,Rhizobiaceae,,,Rhizobiales; Rhizobiaceae; ASV2273,Proteobacteria; Rhizobiales; Rhizobiaceae
ASV2274,Bacteria,Proteobacteria,Gammaproteobacteria,Enterobacterales,,,,Enterobacterales; ASV2274,Proteobacteria; Enterobacterales
ASV2275,Bacteria,Firmicutes,Bacilli,,,,,ASV2275,Firmicutes
ASV2276,Bacteria,Planctomycetota,Planctomycetes,Planctomycetales,Rubinisphaeraceae,,,Planctomycetales; Rubinisphaeraceae; ASV2276,Planctomycetota; Planctomycetales; Rubinisphaeraceae
ASV2277,Bacteria,Firmicutes,Bacilli,RsaHf231,RsaHf231,RsaHf231,bacterium_PM5-3,RsaHf231; RsaHf231; RsaHf231; bacterium_PM5-3; ASV2277,Firmicutes; RsaHf231; RsaHf231
ASV2278,Bacteria,Firmicutes,Clostridia,Clostridiales,Clostridiaceae,Clostridium_sensu_stricto_1,,Clostridiales; Clostridiaceae; Clostridium_sensu_stricto_1; ASV2278,Firmicutes; Clostridiales; Clostridiaceae
ASV2279,Bacteria,Bacteroidota,Bacteroidia,Sphingobacteriales,Sphingobacteriaceae,Pedobacter,,Sphingobacteriales; Sphingobacteriaceae; Pedobacter; ASV2279,Bacteroidota; Sphingobacteriales; Sphingobacteriaceae
ASV2280,Bacteria,Bacteroidota,Bacteroidia,Sphingobacteriales,Sphingobacteriaceae,Pedobacter,,Sphingobacteriales; Sphingobacteriaceae; Pedobacter; ASV2280,Bacteroidota; Sphingobacteriales; Sphingobacteriaceae
ASV2281,Bacteria,Firmicutes,Clostridia,Clostridiales,Clostridiaceae,Clostridium_sensu_stricto_1,,Clostridiales; Clostridiaceae; Clostridium_sensu_stricto_1; ASV2281,Firmicutes; Clostridiales; Clostridiaceae
ASV2282,Bacteria,Proteobacteria,Alphaproteobacteria,Rhizobiales,Rhizobiaceae,Allorhizobium-Neorhizobium-Pararhizobium-Rhizobium,,Rhizobiales; Rhizobiaceae; Allorhizobium-Neorhizobium-Pararhizobium-Rhizobium; ASV2282,Proteobacteria; Rhizobiales; Rhizobiaceae
ASV2283,Bacteria,Proteobacteria,Alphaproteobacteria,Rhizobiales,Beijerinckiaceae,Bosea,,Rhizobiales; Beijerinckiaceae; Bosea; ASV2283,Proteobacteria; Rhizobiales; Beijerinckiaceae
ASV2284,Bacteria,Proteobacteria,Alphaproteobacteria,Rhizobiales,Beijerinckiaceae,Bosea,,Rhizobiales; Beijerinckiaceae; Bosea; ASV2284,Proteobacteria; Rhizobiales; Beijerinckiaceae
ASV2285,Bacteria,Firmicutes,Clostridia,Oscillospirales,Oscillospiraceae,Sporobacter,uncultured_Firmicutes,Oscillospirales; Oscillospiraceae; Sporobacter; uncultured_Firmicutes; ASV2285,Firmicutes; Oscillospirales; Oscillospiraceae
ASV2286,Bacteria,Actinobacteriota,Acidimicrobiia,IMCC26256,IMCC26256,IMCC26256,,IMCC26256; IMCC26256; IMCC26256; ASV2286,Actinobacteriota; IMCC26256; IMCC26256
ASV2287,Bacteria,Proteobacteria,Gammaproteobacteria,Xanthomonadales,Xanthomonadaceae,Stenotrophomonas,,Xanthomonadales; Xanthomonadaceae; Stenotrophomonas; ASV2287,Proteobacteria; Xanthomonadales; Xanthomonadaceae
ASV2288,Bacteria,Firmicutes,Clostridia,Clostridiales,Clostridiaceae,Clostridium_sensu_stricto_1,,Clostridiales; Clostridiaceae; Clostridium_sensu_stricto_1; ASV2288,Firmicutes; Clostridiales; Clostridiaceae
ASV2289,Bacteria,Actinobacteriota,Actinobacteria,Corynebacteriales,Corynebacteriaceae,Lawsonella,uncultured_bacterium,Corynebacteriales; Corynebacteriaceae; Lawsonella; uncultured_bacterium; ASV2289,Actinobacteriota; Corynebacteriales; Corynebacteriaceae
ASV2290,Bacteria,Proteobacteria,Alphaproteobacteria,Rhizobiales,Hyphomicrobiaceae,Hyphomicrobium,,Rhizobiales; Hyphomicrobiaceae; Hyphomicrobium; ASV2290,Proteobacteria; Rhizobiales; Hyphomicrobiaceae
ASV2291,Bacteria,Verrucomicrobiota,Chlamydiae,Chlamydiales,Parachlamydiaceae,,,Chlamydiales; Parachlamydiaceae; ASV2291,Verrucomicrobiota; Chlamydiales; Parachlamydiaceae
ASV2292,Bacteria,Deinococcota,Deinococci,Deinococcales,Deinococcaceae,Deinococcus,Deinococcus_budaensis,Deinococcales; Deinococcaceae; Deinococcus; Deinococcus_budaensis; ASV2292,Deinococcota; Deinococcales; Deinococcaceae
ASV2293,Bacteria,Proteobacteria,Gammaproteobacteria,Vibrionales,Vibrionaceae,Vibrio,,Vibrionales; Vibrionaceae; Vibrio; ASV2293,Proteobacteria; Vibrionales; Vibrionaceae
ASV2294,Bacteria,Actinobacteriota,Actinobacteria,Micrococcales,Microbacteriaceae,,,Micrococcales; Microbacteriaceae; ASV2294,Actinobacteriota; Micrococcales; Microbacteriaceae
ASV2295,Bacteria,Proteobacteria,Alphaproteobacteria,Rhizobiales,Beijerinckiaceae,,uncultured_Rhizobiales,Rhizobiales; Beijerinckiaceae; uncultured_Rhizobiales; ASV2295,Proteobacteria; Rhizobiales; Beijerinckiaceae
ASV2296,Bacteria,Proteobacteria,Alphaproteobacteria,Sphingomonadales,Sphingomonadaceae,Sphingopyxis,,Sphingomonadales; Sphingomonadaceae; Sphingopyxis; ASV2296,Proteobacteria; Sphingomonadales; Sphingomonadaceae
ASV2297,Bacteria,Verrucomicrobiota,Verrucomicrobiae,Chthoniobacterales,Chthoniobacteraceae,Candidatus_Udaeobacter,,Chthoniobacterales; Chthoniobacteraceae; Candidatus_Udaeobacter; ASV2297,Verrucomicrobiota; Chthoniobacterales; Chthoniobacteraceae
ASV2298,Bacteria,Planctomycetota,Planctomycetes,Pirellulales,Pirellulaceae,,,Pirellulales; Pirellulaceae; ASV2298,Planctomycetota; Pirellulales; Pirellulaceae
ASV2299,Bacteria,Proteobacteria,Alphaproteobacteria,Acetobacterales,Acetobacteraceae,Roseococcus,Sediminicoccus_rosea,Acetobacterales; Acetobacteraceae; Roseococcus; Sediminicoccus_rosea; ASV2299,Proteobacteria; Acetobacterales; Acetobacteraceae
ASV2300,Bacteria,Actinobacteriota,Actinobacteria,Micrococcales,Cellulomonadaceae,Actinotalea,uncultured_bacterium,Micrococcales; Cellulomonadaceae; Actinotalea; uncultured_bacterium; ASV2300,Actinobacteriota; Micrococcales; Cellulomonadaceae
ASV2301,Bacteria,Proteobacteria,Alphaproteobacteria,Rhizobiales,Rhizobiales_Incertae_Sedis,Phreatobacter,uncultured_Alphaproteobacteria,Rhizobiales; Rhizobiales_Incertae_Sedis; Phreatobacter; uncultured_Alphaproteobacteria; ASV2301,Proteobacteria; Rhizobiales; Rhizobiales_Incertae_Sedis
ASV2302,Bacteria,Actinobacteriota,Actinobacteria,Propionibacteriales,Nocardioidaceae,,,Propionibacteriales; Nocardioidaceae; ASV2302,Actinobacteriota; Propionibacteriales; Nocardioidaceae
ASV2303,Bacteria,Firmicutes,Limnochordia,Limnochordia,Limnochordia,Hydrogenispora,uncultured_bacterium,Limnochordia; Limnochordia; Hydrogenispora; uncultured_bacterium; ASV2303,Firmicutes; Limnochordia; Limnochordia
ASV2304,Bacteria,Proteobacteria,Alphaproteobacteria,Sphingomonadales,Sphingomonadaceae,Sphingopyxis,,Sphingomonadales; Sphingomonadaceae; Sphingopyxis; ASV2304,Proteobacteria; Sphingomonadales; Sphingomonadaceae
ASV2305,Bacteria,Proteobacteria,Alphaproteobacteria,Rhizobiales,Devosiaceae,Devosia,,Rhizobiales; Devosiaceae; Devosia; ASV2305,Proteobacteria; Rhizobiales; Devosiaceae
ASV2306,Bacteria,Bacteroidota,Bacteroidia,Cytophagales,Spirosomaceae,Dyadobacter,,Cytophagales; Spirosomaceae; Dyadobacter; ASV2306,Bacteroidota; Cytophagales; Spirosomaceae
ASV2307,Bacteria,Proteobacteria,Alphaproteobacteria,,,,uncultured_Alphaproteobacteria,uncultured_Alphaproteobacteria; ASV2307,Proteobacteria
ASV2308,Bacteria,Proteobacteria,Alphaproteobacteria,Rhizobiales,,,,Rhizobiales; ASV2308,Proteobacteria; Rhizobiales
ASV2309,Bacteria,Proteobacteria,Gammaproteobacteria,Burkholderiales,Comamonadaceae,,,Burkholderiales; Comamonadaceae; ASV2309,Proteobacteria; Burkholderiales; Comamonadaceae
ASV2310,Bacteria,Bacteroidota,Bacteroidia,Bacteroidales,Bacteroidaceae,Bacteroides,,Bacteroidales; Bacteroidaceae; Bacteroides; ASV2310,Bacteroidota; Bacteroidales; Bacteroidaceae
ASV2311,Bacteria,Proteobacteria,Alphaproteobacteria,Elsterales,,,,Elsterales; ASV2311,Proteobacteria; Elsterales
ASV2312,Bacteria,Proteobacteria,Gammaproteobacteria,Xanthomonadales,Xanthomonadaceae,,,Xanthomonadales; Xanthomonadaceae; ASV2312,Proteobacteria; Xanthomonadales; Xanthomonadaceae
ASV2313,Bacteria,Planctomycetota,OM190,OM190,OM190,OM190,planctomycete_A-2,OM190; OM190; OM190; planctomycete_A-2; ASV2313,Planctomycetota; OM190; OM190
ASV2314,Bacteria,Firmicutes,Bacilli,Lactobacillales,Streptococcaceae,Lactococcus,,Lactobacillales; Streptococcaceae; Lactococcus; ASV2314,Firmicutes; Lactobacillales; Streptococcaceae
ASV2315,Bacteria,Proteobacteria,Alphaproteobacteria,Rhizobiales,Beijerinckiaceae,Bosea,,Rhizobiales; Beijerinckiaceae; Bosea; ASV2315,Proteobacteria; Rhizobiales; Beijerinckiaceae
ASV2316,Bacteria,Proteobacteria,Alphaproteobacteria,Rhizobiales,Devosiaceae,Devosia,,Rhizobiales; Devosiaceae; Devosia; ASV2316,Proteobacteria; Rhizobiales; Devosiaceae
ASV2317,Bacteria,Planctomycetota,Planctomycetes,Planctomycetales,Rubinisphaeraceae,SH-PL14,uncultured_planctomycete,Planctomycetales; Rubinisphaeraceae; SH-PL14; uncultured_planctomycete; ASV2317,Planctomycetota; Planctomycetales; Rubinisphaeraceae
ASV2318,Bacteria,Proteobacteria,Alphaproteobacteria,Rhizobiales,Beijerinckiaceae,Bosea,,Rhizobiales; Beijerinckiaceae; Bosea; ASV2318,Proteobacteria; Rhizobiales; Beijerinckiaceae
ASV2319,Bacteria,Bacteroidota,Bacteroidia,Bacteroidales,Dysgonomonadaceae,Dysgonomonas,,Bacteroidales; Dysgonomonadaceae; Dysgonomonas; ASV2319,Bacteroidota; Bacteroidales; Dysgonomonadaceae
ASV2320,Bacteria,Proteobacteria,Gammaproteobacteria,OM182_clade,OM182_clade,OM182_clade,,OM182_clade; OM182_clade; OM182_clade; ASV2320,Proteobacteria; OM182_clade; OM182_clade
ASV2321,Bacteria,Actinobacteriota,Acidimicrobiia,Microtrichales,Microtrichaceae,,uncultured_bacterium,Microtrichales; Microtrichaceae; uncultured_bacterium; ASV2321,Actinobacteriota; Microtrichales; Microtrichaceae
ASV2322,Bacteria,Bacteroidota,Bacteroidia,Chitinophagales,Chitinophagaceae,Taibaiella,uncultured_Sphingobacteriia,Chitinophagales; Chitinophagaceae; Taibaiella; uncultured_Sphingobacteriia; ASV2322,Bacteroidota; Chitinophagales; Chitinophagaceae
ASV2323,Bacteria,Bacteroidota,Bacteroidia,Bacteroidales,Dysgonomonadaceae,Dysgonomonas,Dysgonomonas_sp.,Bacteroidales; Dysgonomonadaceae; Dysgonomonas; Dysgonomonas_sp.; ASV2323,Bacteroidota; Bacteroidales; Dysgonomonadaceae
ASV2324,Bacteria,Proteobacteria,Alphaproteobacteria,Rhizobiales,Rhizobiaceae,Allorhizobium-Neorhizobium-Pararhizobium-Rhizobium,,Rhizobiales; Rhizobiaceae; Allorhizobium-Neorhizobium-Pararhizobium-Rhizobium; ASV2324,Proteobacteria; Rhizobiales; Rhizobiaceae
ASV2325,Bacteria,Proteobacteria,Gammaproteobacteria,Gammaproteobacteria_Incertae_Sedis,,Candidatus_Berkiella,uncultured_bacterium,Gammaproteobacteria_Incertae_Sedis; Candidatus_Berkiella; uncultured_bacterium; ASV2325,Proteobacteria; Gammaproteobacteria_Incertae_Sedis
ASV2326,Bacteria,Proteobacteria,Gammaproteobacteria,Pseudomonadales,Pseudomonadaceae,Pseudomonas,,Pseudomonadales; Pseudomonadaceae; Pseudomonas; ASV2326,Proteobacteria; Pseudomonadales; Pseudomonadaceae
ASV2327,Bacteria,Planctomycetota,Planctomycetes,Planctomycetales,Rubinisphaeraceae,,uncultured_sludge,Planctomycetales; Rubinisphaeraceae; uncultured_sludge; ASV2327,Planctomycetota; Planctomycetales; Rubinisphaeraceae
ASV2328,Bacteria,Proteobacteria,Alphaproteobacteria,Rhizobiales,Beijerinckiaceae,Bosea,,Rhizobiales; Beijerinckiaceae; Bosea; ASV2328,Proteobacteria; Rhizobiales; Beijerinckiaceae
ASV2329,Bacteria,Planctomycetota,Planctomycetes,Isosphaerales,Isosphaeraceae,,uncultured_bacterium,Isosphaerales; Isosphaeraceae; uncultured_bacterium; ASV2329,Planctomycetota; Isosphaerales; Isosphaeraceae
ASV2330,Bacteria,Proteobacteria,Alphaproteobacteria,Rhizobiales,Devosiaceae,Devosia,,Rhizobiales; Devosiaceae; Devosia; ASV2330,Proteobacteria; Rhizobiales; Devosiaceae
ASV2331,Bacteria,Verrucomicrobiota,Chlamydiae,Chlamydiales,Parachlamydiaceae,Neochlamydia,metagenome,Chlamydiales; Parachlamydiaceae; Neochlamydia; metagenome; ASV2331,Verrucomicrobiota; Chlamydiales; Parachlamydiaceae
ASV2332,Bacteria,Firmicutes,Clostridia,Clostridia,Hungateiclostridiaceae,Anaerobacterium,,Clostridia; Hungateiclostridiaceae; Anaerobacterium; ASV2332,Firmicutes; Clostridia; Hungateiclostridiaceae
ASV2333,Bacteria,Actinobacteriota,Acidimicrobiia,Microtrichales,Iamiaceae,Iamia,,Microtrichales; Iamiaceae; Iamia; ASV2333,Actinobacteriota; Microtrichales; Iamiaceae
ASV2334,Bacteria,Verrucomicrobiota,Chlamydiae,Chlamydiales,Parachlamydiaceae,Neochlamydia,uncultured_Chlamydiales,Chlamydiales; Parachlamydiaceae; Neochlamydia; uncultured_Chlamydiales; ASV2334,Verrucomicrobiota; Chlamydiales; Parachlamydiaceae
ASV2335,Bacteria,Actinobacteriota,Actinobacteria,Frankiales,Geodermatophilaceae,,,Frankiales; Geodermatophilaceae; ASV2335,Actinobacteriota; Frankiales; Geodermatophilaceae
ASV2336,Bacteria,Planctomycetota,Planctomycetes,Gemmatales,Gemmataceae,,,Gemmatales; Gemmataceae; ASV2336,Planctomycetota; Gemmatales; Gemmataceae
ASV2337,Bacteria,Proteobacteria,Alphaproteobacteria,Reyranellales,Reyranellaceae,Reyranella,,Reyranellales; Reyranellaceae; Reyranella; ASV2337,Proteobacteria; Reyranellales; Reyranellaceae
ASV2338,Bacteria,Proteobacteria,Gammaproteobacteria,Xanthomonadales,Xanthomonadaceae,Stenotrophomonas,,Xanthomonadales; Xanthomonadaceae; Stenotrophomonas; ASV2338,Proteobacteria; Xanthomonadales; Xanthomonadaceae
ASV2339,Bacteria,Actinobacteriota,Acidimicrobiia,Microtrichales,Ilumatobacteraceae,CL500-29_marine_group,metagenome,Microtrichales; Ilumatobacteraceae; CL500-29_marine_group; metagenome; ASV2339,Actinobacteriota; Microtrichales; Ilumatobacteraceae
ASV2340,Bacteria,Cyanobacteria,Cyanobacteriia,Leptolyngbyales,Leptolyngbyaceae,Chamaesiphon_PCC-7430,,Leptolyngbyales; Leptolyngbyaceae; Chamaesiphon_PCC-7430; ASV2340,Cyanobacteria; Leptolyngbyales; Leptolyngbyaceae
ASV2341,Bacteria,Planctomycetota,Planctomycetes,Isosphaerales,Isosphaeraceae,Tundrisphaera,uncultured_bacterium,Isosphaerales; Isosphaeraceae; Tundrisphaera; uncultured_bacterium; ASV2341,Planctomycetota; Isosphaerales; Isosphaeraceae
ASV2342,Bacteria,Proteobacteria,Alphaproteobacteria,Rhizobiales,Hyphomicrobiaceae,Hyphomicrobium,,Rhizobiales; Hyphomicrobiaceae; Hyphomicrobium; ASV2342,Proteobacteria; Rhizobiales; Hyphomicrobiaceae
ASV2343,Bacteria,Proteobacteria,Alphaproteobacteria,,,,,ASV2343,Proteobacteria
ASV2344,Bacteria,Proteobacteria,Gammaproteobacteria,Burkholderiales,Comamonadaceae,,,Burkholderiales; Comamonadaceae; ASV2344,Proteobacteria; Burkholderiales; Comamonadaceae
ASV2345,Bacteria,Bdellovibrionota,Bdellovibrionia,Bacteriovoracales,Bacteriovoracaceae,Halobacteriovorax,uncultured_bacterium,Bacteriovoracales; Bacteriovoracaceae; Halobacteriovorax; uncultured_bacterium; ASV2345,Bdellovibrionota; Bacteriovoracales; Bacteriovoracaceae
ASV2346,Bacteria,Planctomycetota,Planctomycetes,Gemmatales,Gemmataceae,Fimbriiglobus,uncultured_bacterium,Gemmatales; Gemmataceae; Fimbriiglobus; uncultured_bacterium; ASV2346,Planctomycetota; Gemmatales; Gemmataceae
ASV2347,Bacteria,Proteobacteria,Alphaproteobacteria,Rhizobiales,Devosiaceae,Devosia,,Rhizobiales; Devosiaceae; Devosia; ASV2347,Proteobacteria; Rhizobiales; Devosiaceae
ASV2348,Bacteria,Planctomycetota,Planctomycetes,Gemmatales,Gemmataceae,Gemmata,,Gemmatales; Gemmataceae; Gemmata; ASV2348,Planctomycetota; Gemmatales; Gemmataceae
ASV2349,Bacteria,Planctomycetota,Planctomycetes,Planctomycetales,Schlesneriaceae,Schlesneria,,Planctomycetales; Schlesneriaceae; Schlesneria; ASV2349,Planctomycetota; Planctomycetales; Schlesneriaceae
ASV2350,Bacteria,Actinobacteriota,Acidimicrobiia,IMCC26256,IMCC26256,IMCC26256,,IMCC26256; IMCC26256; IMCC26256; ASV2350,Actinobacteriota; IMCC26256; IMCC26256
ASV2351,Bacteria,Proteobacteria,Gammaproteobacteria,Oceanospirillales,Marinomonadaceae,Marinomonas,,Oceanospirillales; Marinomonadaceae; Marinomonas; ASV2351,Proteobacteria; Oceanospirillales; Marinomonadaceae
ASV2352,Bacteria,Proteobacteria,Alphaproteobacteria,Acetobacterales,Acetobacteraceae,Roseococcus,,Acetobacterales; Acetobacteraceae; Roseococcus; ASV2352,Proteobacteria; Acetobacterales; Acetobacteraceae
ASV2353,Bacteria,Proteobacteria,Gammaproteobacteria,Burkholderiales,Comamonadaceae,,,Burkholderiales; Comamonadaceae; ASV2353,Proteobacteria; Burkholderiales; Comamonadaceae
ASV2354,Bacteria,Proteobacteria,Gammaproteobacteria,Xanthomonadales,Xanthomonadaceae,,,Xanthomonadales; Xanthomonadaceae; ASV2354,Proteobacteria; Xanthomonadales; Xanthomonadaceae
ASV2355,Bacteria,Proteobacteria,Gammaproteobacteria,Arenicellales,Arenicellaceae,HTCC5015,uncultured_gamma,Arenicellales; Arenicellaceae; HTCC5015; uncultured_gamma; ASV2355,Proteobacteria; Arenicellales; Arenicellaceae
ASV2356,Bacteria,Proteobacteria,Alphaproteobacteria,Sphingomonadales,Sphingomonadaceae,Sphingorhabdus,,Sphingomonadales; Sphingomonadaceae; Sphingorhabdus; ASV2356,Proteobacteria; Sphingomonadales; Sphingomonadaceae
ASV2357,Bacteria,Proteobacteria,Gammaproteobacteria,Pseudomonadales,Moraxellaceae,Acinetobacter,,Pseudomonadales; Moraxellaceae; Acinetobacter; ASV2357,Proteobacteria; Pseudomonadales; Moraxellaceae
ASV2358,Bacteria,Proteobacteria,Alphaproteobacteria,Sphingomonadales,Sphingomonadaceae,Sphingopyxis,,Sphingomonadales; Sphingomonadaceae; Sphingopyxis; ASV2358,Proteobacteria; Sphingomonadales; Sphingomonadaceae
ASV2359,Bacteria,Bacteroidota,Bacteroidia,Flavobacteriales,Flavobacteriaceae,Polaribacter,,Flavobacteriales; Flavobacteriaceae; Polaribacter; ASV2359,Bacteroidota; Flavobacteriales; Flavobacteriaceae
ASV2360,Bacteria,Proteobacteria,Gammaproteobacteria,Gammaproteobacteria_Incertae_Sedis,,Candidatus_Ovatusbacter,uncultured_bacterium,Gammaproteobacteria_Incertae_Sedis; Candidatus_Ovatusbacter; uncultured_bacterium; ASV2360,Proteobacteria; Gammaproteobacteria_Incertae_Sedis
ASV2361,Bacteria,Proteobacteria,Alphaproteobacteria,Rhizobiales,Beijerinckiaceae,Bosea,,Rhizobiales; Beijerinckiaceae; Bosea; ASV2361,Proteobacteria; Rhizobiales; Beijerinckiaceae
ASV2362,Bacteria,Actinobacteriota,Actinobacteria,Frankiales,Frankiaceae,Jatrophihabitans,,Frankiales; Frankiaceae; Jatrophihabitans; ASV2362,Actinobacteriota; Frankiales; Frankiaceae
ASV2363,Bacteria,Actinobacteriota,Acidimicrobiia,Microtrichales,Ilumatobacteraceae,Ilumatobacter,,Microtrichales; Ilumatobacteraceae; Ilumatobacter; ASV2363,Actinobacteriota; Microtrichales; Ilumatobacteraceae
ASV2364,Bacteria,Actinobacteriota,Actinobacteria,Frankiales,Nakamurellaceae,Nakamurella,,Frankiales; Nakamurellaceae; Nakamurella; ASV2364,Actinobacteriota; Frankiales; Nakamurellaceae
ASV2365,Bacteria,Actinobacteriota,Actinobacteria,Corynebacteriales,Nocardiaceae,Nocardia,,Corynebacteriales; Nocardiaceae; Nocardia; ASV2365,Actinobacteriota; Corynebacteriales; Nocardiaceae
ASV2366,Bacteria,Bacteroidota,Bacteroidia,Bacteroidales,Porphyromonadaceae,Porphyromonas,Porphyromonas_somerae,Bacteroidales; Porphyromonadaceae; Porphyromonas; Porphyromonas_somerae; ASV2366,Bacteroidota; Bacteroidales; Porphyromonadaceae
ASV2367,Bacteria,Firmicutes,Clostridia,Peptostreptococcales-Tissierellales,Peptostreptococcales-Tissierellales,Anaerococcus,Anaerococcus_prevotii,Peptostreptococcales-Tissierellales; Peptostreptococcales-Tissierellales; Anaerococcus; Anaerococcus_prevotii; ASV2367,Firmicutes; Peptostreptococcales-Tissierellales; Peptostreptococcales-Tissierellales
ASV2368,Bacteria,Proteobacteria,Alphaproteobacteria,Rhizobiales,Rhizobiaceae,,,Rhizobiales; Rhizobiaceae; ASV2368,Proteobacteria; Rhizobiales; Rhizobiaceae
ASV2369,Bacteria,Planctomycetota,Planctomycetes,Gemmatales,Gemmataceae,Gemmata,,Gemmatales; Gemmataceae; Gemmata; ASV2369,Planctomycetota; Gemmatales; Gemmataceae
ASV2370,Bacteria,Proteobacteria,Gammaproteobacteria,Burkholderiales,Comamonadaceae,,,Burkholderiales; Comamonadaceae; ASV2370,Proteobacteria; Burkholderiales; Comamonadaceae
ASV2371,Bacteria,Proteobacteria,Alphaproteobacteria,SAR11_clade,Clade_I,Clade_Ia,,SAR11_clade; Clade_I; Clade_Ia; ASV2371,Proteobacteria; SAR11_clade; Clade_I
ASV2372,Bacteria,Bacteroidota,Bacteroidia,Flavobacteriales,Flavobacteriaceae,Flavobacterium,,Flavobacteriales; Flavobacteriaceae; Flavobacterium; ASV2372,Bacteroidota; Flavobacteriales; Flavobacteriaceae
ASV2373,Bacteria,Actinobacteriota,Actinobacteria,Micrococcales,Micrococcaceae,,,Micrococcales; Micrococcaceae; ASV2373,Actinobacteriota; Micrococcales; Micrococcaceae
ASV2374,Bacteria,Firmicutes,Clostridia,Clostridiales,Clostridiaceae,Clostridium_sensu_stricto_1,,Clostridiales; Clostridiaceae; Clostridium_sensu_stricto_1; ASV2374,Firmicutes; Clostridiales; Clostridiaceae
ASV2375,Bacteria,Proteobacteria,Alphaproteobacteria,Rhizobiales,Rhizobiaceae,,,Rhizobiales; Rhizobiaceae; ASV2375,Proteobacteria; Rhizobiales; Rhizobiaceae
ASV2376,Bacteria,Firmicutes,,,,,,ASV2376,Firmicutes
ASV2377,Bacteria,Proteobacteria,Alphaproteobacteria,Rhizobiales,Hyphomicrobiaceae,,,Rhizobiales; Hyphomicrobiaceae; ASV2377,Proteobacteria; Rhizobiales; Hyphomicrobiaceae
ASV2378,Bacteria,Patescibacteria,Saccharimonadia,Saccharimonadales,Saccharimonadales,Saccharimonadales,uncultured_bacterium,Saccharimonadales; Saccharimonadales; Saccharimonadales; uncultured_bacterium; ASV2378,Patescibacteria; Saccharimonadales; Saccharimonadales
ASV2379,Bacteria,Proteobacteria,Alphaproteobacteria,Rhizobiales,Beijerinckiaceae,Bosea,,Rhizobiales; Beijerinckiaceae; Bosea; ASV2379,Proteobacteria; Rhizobiales; Beijerinckiaceae
ASV2380,Bacteria,Proteobacteria,Alphaproteobacteria,Rhizobiales,Beijerinckiaceae,Bosea,,Rhizobiales; Beijerinckiaceae; Bosea; ASV2380,Proteobacteria; Rhizobiales; Beijerinckiaceae
ASV2381,Bacteria,Proteobacteria,Gammaproteobacteria,Burkholderiales,Comamonadaceae,,,Burkholderiales; Comamonadaceae; ASV2381,Proteobacteria; Burkholderiales; Comamonadaceae
ASV2382,Bacteria,Proteobacteria,Alphaproteobacteria,Sphingomonadales,Sphingomonadaceae,Sphingomonas,,Sphingomonadales; Sphingomonadaceae; Sphingomonas; ASV2382,Proteobacteria; Sphingomonadales; Sphingomonadaceae
ASV2383,Bacteria,Proteobacteria,Gammaproteobacteria,Tenderiales,Tenderiaceae,Candidatus_Tenderia,uncultured_gamma,Tenderiales; Tenderiaceae; Candidatus_Tenderia; uncultured_gamma; ASV2383,Proteobacteria; Tenderiales; Tenderiaceae
ASV2384,Bacteria,Proteobacteria,Alphaproteobacteria,Puniceispirillales,SAR116_clade,SAR116_clade,,Puniceispirillales; SAR116_clade; SAR116_clade; ASV2384,Proteobacteria; Puniceispirillales; SAR116_clade
ASV2385,Bacteria,Bacteroidota,Bacteroidia,Flavobacteriales,Flavobacteriaceae,Ulvibacter,uncultured_marine,Flavobacteriales; Flavobacteriaceae; Ulvibacter; uncultured_marine; ASV2385,Bacteroidota; Flavobacteriales; Flavobacteriaceae
ASV2386,Bacteria,Proteobacteria,Gammaproteobacteria,Burkholderiales,Comamonadaceae,,,Burkholderiales; Comamonadaceae; ASV2386,Proteobacteria; Burkholderiales; Comamonadaceae
ASV2387,Bacteria,Bacteroidota,Bacteroidia,Bacteroidales,Prevotellaceae,Prevotella,Prevotella_timonensis,Bacteroidales; Prevotellaceae; Prevotella; Prevotella_timonensis; ASV2387,Bacteroidota; Bacteroidales; Prevotellaceae
ASV2388,Bacteria,Firmicutes,Bacilli,Lactobacillales,Enterococcaceae,Enterococcus,,Lactobacillales; Enterococcaceae; Enterococcus; ASV2388,Firmicutes; Lactobacillales; Enterococcaceae
ASV2389,Bacteria,Actinobacteriota,Actinobacteria,Micrococcales,Microbacteriaceae,,,Micrococcales; Microbacteriaceae; ASV2389,Actinobacteriota; Micrococcales; Microbacteriaceae
ASV2390,Bacteria,Proteobacteria,Alphaproteobacteria,Sphingomonadales,Sphingomonadaceae,Sphingomonas,,Sphingomonadales; Sphingomonadaceae; Sphingomonas; ASV2390,Proteobacteria; Sphingomonadales; Sphingomonadaceae
ASV2391,Bacteria,Chloroflexi,TK10,TK10,TK10,TK10,metagenome,TK10; TK10; TK10; metagenome; ASV2391,Chloroflexi; TK10; TK10
ASV2392,Bacteria,Proteobacteria,Alphaproteobacteria,Rhizobiales,Beijerinckiaceae,Methylobacterium-Methylorubrum,,Rhizobiales; Beijerinckiaceae; Methylobacterium-Methylorubrum; ASV2392,Proteobacteria; Rhizobiales; Beijerinckiaceae
ASV2393,Bacteria,Verrucomicrobiota,Verrucomicrobiae,Chthoniobacterales,Chthoniobacteraceae,Chthoniobacter,uncultured_bacterium,Chthoniobacterales; Chthoniobacteraceae; Chthoniobacter; uncultured_bacterium; ASV2393,Verrucomicrobiota; Chthoniobacterales; Chthoniobacteraceae
ASV2394,Bacteria,Actinobacteriota,Actinobacteria,Micrococcales,Cellulomonadaceae,Cellulomonas,,Micrococcales; Cellulomonadaceae; Cellulomonas; ASV2394,Actinobacteriota; Micrococcales; Cellulomonadaceae
ASV2395,Bacteria,Firmicutes,Bacilli,Lactobacillales,,,,Lactobacillales; ASV2395,Firmicutes; Lactobacillales
ASV2396,Bacteria,Proteobacteria,Gammaproteobacteria,Gammaproteobacteria_Incertae_Sedis,,Candidatus_Berkiella,uncultured_bacterium,Gammaproteobacteria_Incertae_Sedis; Candidatus_Berkiella; uncultured_bacterium; ASV2396,Proteobacteria; Gammaproteobacteria_Incertae_Sedis
ASV2397,Bacteria,Planctomycetota,Planctomycetes,Pirellulales,Pirellulaceae,,metagenome,Pirellulales; Pirellulaceae; metagenome; ASV2397,Planctomycetota; Pirellulales; Pirellulaceae
ASV2398,Bacteria,Firmicutes,Bacilli,Lactobacillales,,,,Lactobacillales; ASV2398,Firmicutes; Lactobacillales
ASV2399,Bacteria,Proteobacteria,Alphaproteobacteria,Rhizobiales,Beijerinckiaceae,Methylobacterium-Methylorubrum,Methylobacterium_cerastii,Rhizobiales; Beijerinckiaceae; Methylobacterium-Methylorubrum; Methylobacterium_cerastii; ASV2399,Proteobacteria; Rhizobiales; Beijerinckiaceae
ASV2400,Bacteria,Proteobacteria,Alphaproteobacteria,Rhizobiales,Devosiaceae,Devosia,Devosia_limi,Rhizobiales; Devosiaceae; Devosia; Devosia_limi; ASV2400,Proteobacteria; Rhizobiales; Devosiaceae
ASV2401,Bacteria,Firmicutes,Clostridia,Lachnospirales,Lachnospiraceae,,,Lachnospirales; Lachnospiraceae; ASV2401,Firmicutes; Lachnospirales; Lachnospiraceae
ASV2402,Bacteria,Firmicutes,Bacilli,RsaHf231,RsaHf231,RsaHf231,uncultured_bacterium,RsaHf231; RsaHf231; RsaHf231; uncultured_bacterium; ASV2402,Firmicutes; RsaHf231; RsaHf231
ASV2403,Bacteria,Actinobacteriota,Actinobacteria,Frankiales,Sporichthyaceae,Longivirga,,Frankiales; Sporichthyaceae; Longivirga; ASV2403,Actinobacteriota; Frankiales; Sporichthyaceae
ASV2404,Bacteria,Firmicutes,Clostridia,Clostridiales,Clostridiaceae,Clostridium_sensu_stricto_1,,Clostridiales; Clostridiaceae; Clostridium_sensu_stricto_1; ASV2404,Firmicutes; Clostridiales; Clostridiaceae
ASV2405,Bacteria,Verrucomicrobiota,Chlamydiae,Chlamydiales,Parachlamydiaceae,,metagenome,Chlamydiales; Parachlamydiaceae; metagenome; ASV2405,Verrucomicrobiota; Chlamydiales; Parachlamydiaceae
ASV2406,Bacteria,Proteobacteria,Alphaproteobacteria,Rhizobiales,Beijerinckiaceae,Bosea,,Rhizobiales; Beijerinckiaceae; Bosea; ASV2406,Proteobacteria; Rhizobiales; Beijerinckiaceae
ASV2407,Bacteria,Proteobacteria,Alphaproteobacteria,Acetobacterales,Acetobacteraceae,,,Acetobacterales; Acetobacteraceae; ASV2407,Proteobacteria; Acetobacterales; Acetobacteraceae
ASV2408,Bacteria,Actinobacteriota,Thermoleophilia,Solirubrobacterales,67-14,67-14,metagenome,Solirubrobacterales; 67-14; 67-14; metagenome; ASV2408,Actinobacteriota; Solirubrobacterales; 67-14
ASV2409,Bacteria,Planctomycetota,Planctomycetes,Planctomycetales,Schlesneriaceae,Schlesneria,,Planctomycetales; Schlesneriaceae; Schlesneria; ASV2409,Planctomycetota; Planctomycetales; Schlesneriaceae
ASV2410,Bacteria,Firmicutes,Bacilli,Paenibacillales,Paenibacillaceae,Paenibacillus,,Paenibacillales; Paenibacillaceae; Paenibacillus; ASV2410,Firmicutes; Paenibacillales; Paenibacillaceae
ASV2411,Bacteria,Firmicutes,Bacilli,Thermoactinomycetales,Thermoactinomycetaceae,Thermoactinomyces,,Thermoactinomycetales; Thermoactinomycetaceae; Thermoactinomyces; ASV2411,Firmicutes; Thermoactinomycetales; Thermoactinomycetaceae
ASV2412,Bacteria,Proteobacteria,Gammaproteobacteria,Oceanospirillales,Oceanospirillaceae,Oceanospirillum,,Oceanospirillales; Oceanospirillaceae; Oceanospirillum; ASV2412,Proteobacteria; Oceanospirillales; Oceanospirillaceae
ASV2413,Bacteria,Proteobacteria,Alphaproteobacteria,Rhodospirillales,Magnetospirillaceae,Telmatospirillum,uncultured_bacterium,Rhodospirillales; Magnetospirillaceae; Telmatospirillum; uncultured_bacterium; ASV2413,Proteobacteria; Rhodospirillales; Magnetospirillaceae
ASV2414,Bacteria,Verrucomicrobiota,Verrucomicrobiae,Chthoniobacterales,,,,Chthoniobacterales; ASV2414,Verrucomicrobiota; Chthoniobacterales
ASV2415,Bacteria,Proteobacteria,Gammaproteobacteria,Enterobacterales,Hafniaceae,Hafnia-Obesumbacterium,,Enterobacterales; Hafniaceae; Hafnia-Obesumbacterium; ASV2415,Proteobacteria; Enterobacterales; Hafniaceae
ASV2416,Bacteria,Firmicutes,Bacilli,RsaHf231,RsaHf231,RsaHf231,,RsaHf231; RsaHf231; RsaHf231; ASV2416,Firmicutes; RsaHf231; RsaHf231
ASV2417,Bacteria,Proteobacteria,Alphaproteobacteria,Acetobacterales,Acetobacteraceae,,,Acetobacterales; Acetobacteraceae; ASV2417,Proteobacteria; Acetobacterales; Acetobacteraceae
ASV2418,Bacteria,Proteobacteria,Gammaproteobacteria,Enterobacterales,Hafniaceae,Hafnia-Obesumbacterium,,Enterobacterales; Hafniaceae; Hafnia-Obesumbacterium; ASV2418,Proteobacteria; Enterobacterales; Hafniaceae
ASV2419,Bacteria,Firmicutes,Bacilli,Lactobacillales,Streptococcaceae,Lactococcus,,Lactobacillales; Streptococcaceae; Lactococcus; ASV2419,Firmicutes; Lactobacillales; Streptococcaceae
ASV2420,Bacteria,Firmicutes,Bacilli,Lactobacillales,Streptococcaceae,Lactococcus,,Lactobacillales; Streptococcaceae; Lactococcus; ASV2420,Firmicutes; Lactobacillales; Streptococcaceae
ASV2421,Bacteria,Actinobacteriota,Actinobacteria,Frankiales,Acidothermaceae,Acidothermus,,Frankiales; Acidothermaceae; Acidothermus; ASV2421,Actinobacteriota; Frankiales; Acidothermaceae
ASV2422,Bacteria,Planctomycetota,Planctomycetes,Pirellulales,Pirellulaceae,Pirellula,uncultured_Planctomycetaceae,Pirellulales; Pirellulaceae; Pirellula; uncultured_Planctomycetaceae; ASV2422,Planctomycetota; Pirellulales; Pirellulaceae
ASV2423,Bacteria,Proteobacteria,Alphaproteobacteria,Rhizobiales,Beijerinckiaceae,Bosea,,Rhizobiales; Beijerinckiaceae; Bosea; ASV2423,Proteobacteria; Rhizobiales; Beijerinckiaceae
ASV2424,Bacteria,Proteobacteria,Alphaproteobacteria,Acetobacterales,Acetobacteraceae,Acidiphilium,uncultured_Alphaproteobacteria,Acetobacterales; Acetobacteraceae; Acidiphilium; uncultured_Alphaproteobacteria; ASV2424,Proteobacteria; Acetobacterales; Acetobacteraceae
ASV2425,Bacteria,Planctomycetota,Planctomycetes,Isosphaerales,Isosphaeraceae,Tundrisphaera,,Isosphaerales; Isosphaeraceae; Tundrisphaera; ASV2425,Planctomycetota; Isosphaerales; Isosphaeraceae
ASV2426,Bacteria,Proteobacteria,Gammaproteobacteria,Oceanospirillales,Marinomonadaceae,Marinomonas,uncultured_marine,Oceanospirillales; Marinomonadaceae; Marinomonas; uncultured_marine; ASV2426,Proteobacteria; Oceanospirillales; Marinomonadaceae
ASV2427,Bacteria,Firmicutes,Negativicutes,Veillonellales-Selenomonadales,Veillonellaceae,Dialister,,Veillonellales-Selenomonadales; Veillonellaceae; Dialister; ASV2427,Firmicutes; Veillonellales-Selenomonadales; Veillonellaceae
ASV2428,Bacteria,Chloroflexi,Ktedonobacteria,Ktedonobacterales,Ktedonobacteraceae,,uncultured_Ktedobacteria,Ktedonobacterales; Ktedonobacteraceae; uncultured_Ktedobacteria; ASV2428,Chloroflexi; Ktedonobacterales; Ktedonobacteraceae
ASV2429,Bacteria,Planctomycetota,Planctomycetes,Gemmatales,Gemmataceae,,uncultured_bacterium,Gemmatales; Gemmataceae; uncultured_bacterium; ASV2429,Planctomycetota; Gemmatales; Gemmataceae
ASV2430,Bacteria,Proteobacteria,Gammaproteobacteria,Burkholderiales,Comamonadaceae,,,Burkholderiales; Comamonadaceae; ASV2430,Proteobacteria; Burkholderiales; Comamonadaceae
ASV2431,Bacteria,Proteobacteria,Alphaproteobacteria,Rhizobiales,Beijerinckiaceae,Methylobacterium-Methylorubrum,,Rhizobiales; Beijerinckiaceae; Methylobacterium-Methylorubrum; ASV2431,Proteobacteria; Rhizobiales; Beijerinckiaceae
ASV2432,Bacteria,Planctomycetota,Planctomycetes,Gemmatales,Gemmataceae,Fimbriiglobus,,Gemmatales; Gemmataceae; Fimbriiglobus; ASV2432,Planctomycetota; Gemmatales; Gemmataceae
ASV2433,Bacteria,Proteobacteria,Gammaproteobacteria,Burkholderiales,Comamonadaceae,,,Burkholderiales; Comamonadaceae; ASV2433,Proteobacteria; Burkholderiales; Comamonadaceae
ASV2434,Bacteria,Planctomycetota,Planctomycetes,Pirellulales,Pirellulaceae,Pirellula,,Pirellulales; Pirellulaceae; Pirellula; ASV2434,Planctomycetota; Pirellulales; Pirellulaceae
ASV2435,Bacteria,Proteobacteria,Alphaproteobacteria,Rhizobiales,Xanthobacteraceae,Tardiphaga,,Rhizobiales; Xanthobacteraceae; Tardiphaga; ASV2435,Proteobacteria; Rhizobiales; Xanthobacteraceae
ASV2436,Bacteria,Actinobacteriota,Actinobacteria,Corynebacteriales,Nocardiaceae,Rhodococcus,,Corynebacteriales; Nocardiaceae; Rhodococcus; ASV2436,Actinobacteriota; Corynebacteriales; Nocardiaceae
ASV2437,Bacteria,Proteobacteria,Alphaproteobacteria,Rhizobiales,Devosiaceae,Devosia,Devosia_limi,Rhizobiales; Devosiaceae; Devosia; Devosia_limi; ASV2437,Proteobacteria; Rhizobiales; Devosiaceae
ASV2438,Bacteria,Proteobacteria,Gammaproteobacteria,Burkholderiales,Comamonadaceae,,,Burkholderiales; Comamonadaceae; ASV2438,Proteobacteria; Burkholderiales; Comamonadaceae
ASV2439,Bacteria,Bacteroidota,Bacteroidia,Sphingobacteriales,Sphingobacteriaceae,Pedobacter,,Sphingobacteriales; Sphingobacteriaceae; Pedobacter; ASV2439,Bacteroidota; Sphingobacteriales; Sphingobacteriaceae
ASV2440,Bacteria,Firmicutes,Desulfitobacteriia,Desulfitobacteriales,Desulfitobacteriaceae,Desulfosporosinus,,Desulfitobacteriales; Desulfitobacteriaceae; Desulfosporosinus; ASV2440,Firmicutes; Desulfitobacteriales; Desulfitobacteriaceae
ASV2441,Bacteria,Actinobacteriota,Actinobacteria,Corynebacteriales,Nocardiaceae,Rhodococcus,,Corynebacteriales; Nocardiaceae; Rhodococcus; ASV2441,Actinobacteriota; Corynebacteriales; Nocardiaceae
ASV2442,Bacteria,Proteobacteria,Alphaproteobacteria,Rhizobiales,,,,Rhizobiales; ASV2442,Proteobacteria; Rhizobiales
ASV2443,Bacteria,Proteobacteria,Alphaproteobacteria,Rhizobiales,Beijerinckiaceae,Bosea,,Rhizobiales; Beijerinckiaceae; Bosea; ASV2443,Proteobacteria; Rhizobiales; Beijerinckiaceae
ASV2444,Bacteria,Actinobacteriota,Actinobacteria,Corynebacteriales,Corynebacteriaceae,Corynebacterium,,Corynebacteriales; Corynebacteriaceae; Corynebacterium; ASV2444,Actinobacteriota; Corynebacteriales; Corynebacteriaceae
ASV2445,Bacteria,Acidobacteriota,Blastocatellia,Blastocatellales,Blastocatellaceae,Blastocatella,uncultured_bacterium,Blastocatellales; Blastocatellaceae; Blastocatella; uncultured_bacterium; ASV2445,Acidobacteriota; Blastocatellales; Blastocatellaceae
ASV2446,Bacteria,Proteobacteria,Alphaproteobacteria,Rhizobiales,Beijerinckiaceae,Bosea,,Rhizobiales; Beijerinckiaceae; Bosea; ASV2446,Proteobacteria; Rhizobiales; Beijerinckiaceae
ASV2447,Bacteria,Proteobacteria,Alphaproteobacteria,Caulobacterales,Caulobacteraceae,Brevundimonas,,Caulobacterales; Caulobacteraceae; Brevundimonas; ASV2447,Proteobacteria; Caulobacterales; Caulobacteraceae
ASV2448,Bacteria,Proteobacteria,Gammaproteobacteria,Alteromonadales,Alteromonadaceae,,,Alteromonadales; Alteromonadaceae; ASV2448,Proteobacteria; Alteromonadales; Alteromonadaceae
ASV2449,Bacteria,Proteobacteria,Gammaproteobacteria,Oceanospirillales,Nitrincolaceae,Neptuniibacter,bacterium_IS6,Oceanospirillales; Nitrincolaceae; Neptuniibacter; bacterium_IS6; ASV2449,Proteobacteria; Oceanospirillales; Nitrincolaceae
ASV2450,Bacteria,Firmicutes,Bacilli,Lactobacillales,,,,Lactobacillales; ASV2450,Firmicutes; Lactobacillales
ASV2451,Bacteria,Firmicutes,Bacilli,Lactobacillales,,,,Lactobacillales; ASV2451,Firmicutes; Lactobacillales
ASV2452,Bacteria,Actinobacteriota,Actinobacteria,Frankiales,Frankiaceae,Jatrophihabitans,,Frankiales; Frankiaceae; Jatrophihabitans; ASV2452,Actinobacteriota; Frankiales; Frankiaceae
ASV2453,Bacteria,Proteobacteria,Alphaproteobacteria,Sphingomonadales,Sphingomonadaceae,Sphingomonas,,Sphingomonadales; Sphingomonadaceae; Sphingomonas; ASV2453,Proteobacteria; Sphingomonadales; Sphingomonadaceae
ASV2454,Bacteria,Proteobacteria,Alphaproteobacteria,Rhizobiales,Rhizobiales_Incertae_Sedis,,,Rhizobiales; Rhizobiales_Incertae_Sedis; ASV2454,Proteobacteria; Rhizobiales; Rhizobiales_Incertae_Sedis
ASV2455,Bacteria,Proteobacteria,Alphaproteobacteria,Rhizobiales,Beijerinckiaceae,Methylobacterium-Methylorubrum,,Rhizobiales; Beijerinckiaceae; Methylobacterium-Methylorubrum; ASV2455,Proteobacteria; Rhizobiales; Beijerinckiaceae
ASV2456,Bacteria,Proteobacteria,Alphaproteobacteria,Rhizobiales,Devosiaceae,,,Rhizobiales; Devosiaceae; ASV2456,Proteobacteria; Rhizobiales; Devosiaceae
ASV2457,Bacteria,Actinobacteriota,Acidimicrobiia,Microtrichales,Ilumatobacteraceae,CL500-29_marine_group,metagenome,Microtrichales; Ilumatobacteraceae; CL500-29_marine_group; metagenome; ASV2457,Actinobacteriota; Microtrichales; Ilumatobacteraceae
ASV2458,Bacteria,Proteobacteria,Alphaproteobacteria,Rhizobiales,,,,Rhizobiales; ASV2458,Proteobacteria; Rhizobiales
ASV2459,Bacteria,Planctomycetota,Planctomycetes,Pirellulales,Pirellulaceae,Pir4_lineage,,Pirellulales; Pirellulaceae; Pir4_lineage; ASV2459,Planctomycetota; Pirellulales; Pirellulaceae
ASV2460,Bacteria,Planctomycetota,Planctomycetes,Gemmatales,Gemmataceae,Gemmata,bacterium_enrichment,Gemmatales; Gemmataceae; Gemmata; bacterium_enrichment; ASV2460,Planctomycetota; Gemmatales; Gemmataceae
ASV2461,Bacteria,Proteobacteria,Alphaproteobacteria,Rhizobiales,Xanthobacteraceae,,,Rhizobiales; Xanthobacteraceae; ASV2461,Proteobacteria; Rhizobiales; Xanthobacteraceae
ASV2462,Bacteria,Firmicutes,Bacilli,Lactobacillales,,,,Lactobacillales; ASV2462,Firmicutes; Lactobacillales
ASV2463,Bacteria,Actinobacteriota,Thermoleophilia,Solirubrobacterales,Solirubrobacteraceae,Parviterribacter,uncultured_bacterium,Solirubrobacterales; Solirubrobacteraceae; Parviterribacter; uncultured_bacterium; ASV2463,Actinobacteriota; Solirubrobacterales; Solirubrobacteraceae
ASV2464,Bacteria,Proteobacteria,Gammaproteobacteria,Ectothiorhodospirales,Ectothiorhodospiraceae,,uncultured_marine,Ectothiorhodospirales; Ectothiorhodospiraceae; uncultured_marine; ASV2464,Proteobacteria; Ectothiorhodospirales; Ectothiorhodospiraceae
ASV2465,Bacteria,Actinobacteriota,Acidimicrobiia,Microtrichales,Microtrichaceae,IMCC26207,,Microtrichales; Microtrichaceae; IMCC26207; ASV2465,Actinobacteriota; Microtrichales; Microtrichaceae
ASV2466,Bacteria,Firmicutes,Bacilli,Lactobacillales,,,,Lactobacillales; ASV2466,Firmicutes; Lactobacillales
ASV2467,Bacteria,Actinobacteriota,Actinobacteria,Micrococcales,Intrasporangiaceae,,,Micrococcales; Intrasporangiaceae; ASV2467,Actinobacteriota; Micrococcales; Intrasporangiaceae
ASV2468,Bacteria,Proteobacteria,Gammaproteobacteria,Enterobacterales,Erwiniaceae,Pantoea,,Enterobacterales; Erwiniaceae; Pantoea; ASV2468,Proteobacteria; Enterobacterales; Erwiniaceae
ASV2469,Bacteria,Proteobacteria,Alphaproteobacteria,Rhizobiales,Beijerinckiaceae,,uncultured_bacterium,Rhizobiales; Beijerinckiaceae; uncultured_bacterium; ASV2469,Proteobacteria; Rhizobiales; Beijerinckiaceae
ASV2470,Bacteria,Actinobacteriota,Actinobacteria,Propionibacteriales,Nocardioidaceae,Marmoricola,,Propionibacteriales; Nocardioidaceae; Marmoricola; ASV2470,Actinobacteriota; Propionibacteriales; Nocardioidaceae
ASV2471,Bacteria,Proteobacteria,Alphaproteobacteria,Rhizobiales,Rhizobiaceae,Rhizobiaceae,metagenome,Rhizobiales; Rhizobiaceae; Rhizobiaceae; metagenome; ASV2471,Proteobacteria; Rhizobiales; Rhizobiaceae
ASV2472,Bacteria,Actinobacteriota,Actinobacteria,Frankiales,Nakamurellaceae,Nakamurella,,Frankiales; Nakamurellaceae; Nakamurella; ASV2472,Actinobacteriota; Frankiales; Nakamurellaceae
ASV2473,Bacteria,Firmicutes,Clostridia,Oscillospirales,Oscillospiraceae,UCG-002,uncultured_organism,Oscillospirales; Oscillospiraceae; UCG-002; uncultured_organism; ASV2473,Firmicutes; Oscillospirales; Oscillospiraceae
ASV2474,Bacteria,Actinobacteriota,Thermoleophilia,Solirubrobacterales,67-14,67-14,uncultured_actinobacterium,Solirubrobacterales; 67-14; 67-14; uncultured_actinobacterium; ASV2474,Actinobacteriota; Solirubrobacterales; 67-14
ASV2475,Bacteria,Proteobacteria,Alphaproteobacteria,Rhizobiales,Devosiaceae,Devosia,,Rhizobiales; Devosiaceae; Devosia; ASV2475,Proteobacteria; Rhizobiales; Devosiaceae
ASV2476,Bacteria,Chloroflexi,Chloroflexia,Thermomicrobiales,JG30-KF-CM45,JG30-KF-CM45,uncultured_Sphaerobacter,Thermomicrobiales; JG30-KF-CM45; JG30-KF-CM45; uncultured_Sphaerobacter; ASV2476,Chloroflexi; Thermomicrobiales; JG30-KF-CM45
ASV2477,Bacteria,Proteobacteria,Alphaproteobacteria,Rhizobiales,Beijerinckiaceae,Bosea,,Rhizobiales; Beijerinckiaceae; Bosea; ASV2477,Proteobacteria; Rhizobiales; Beijerinckiaceae
ASV2478,Bacteria,Proteobacteria,Alphaproteobacteria,Acetobacterales,Acetobacteraceae,,,Acetobacterales; Acetobacteraceae; ASV2478,Proteobacteria; Acetobacterales; Acetobacteraceae
ASV2479,Bacteria,Actinobacteriota,Actinobacteria,Frankiales,Frankiaceae,Jatrophihabitans,,Frankiales; Frankiaceae; Jatrophihabitans; ASV2479,Actinobacteriota; Frankiales; Frankiaceae
ASV2480,Bacteria,Proteobacteria,Alphaproteobacteria,Rhizobiales,Devosiaceae,Devosia,Devosia_limi,Rhizobiales; Devosiaceae; Devosia; Devosia_limi; ASV2480,Proteobacteria; Rhizobiales; Devosiaceae
ASV2481,Bacteria,Acidobacteriota,Acidobacteriae,Acidobacteriales,Acidobacteriaceae_(Subgroup_1),Terriglobus,uncultured_bacterium,Acidobacteriales; Acidobacteriaceae_(Subgroup_1); Terriglobus; uncultured_bacterium; ASV2481,Acidobacteriota; Acidobacteriales; Acidobacteriaceae_(Subgroup_1)
ASV2482,Bacteria,Proteobacteria,Alphaproteobacteria,Rhizobiales,Devosiaceae,Devosia,Devosia_limi,Rhizobiales; Devosiaceae; Devosia; Devosia_limi; ASV2482,Proteobacteria; Rhizobiales; Devosiaceae
ASV2483,Bacteria,Proteobacteria,Alphaproteobacteria,Rhizobiales,Devosiaceae,Devosia,Devosia_limi,Rhizobiales; Devosiaceae; Devosia; Devosia_limi; ASV2483,Proteobacteria; Rhizobiales; Devosiaceae
ASV2484,Bacteria,Proteobacteria,Alphaproteobacteria,Sphingomonadales,Sphingomonadaceae,Rhizorhapis,uncultured_Alphaproteobacteria,Sphingomonadales; Sphingomonadaceae; Rhizorhapis; uncultured_Alphaproteobacteria; ASV2484,Proteobacteria; Sphingomonadales; Sphingomonadaceae
ASV2485,Bacteria,Firmicutes,Bacilli,Bacillales,Bacillaceae,Aeribacillus,,Bacillales; Bacillaceae; Aeribacillus; ASV2485,Firmicutes; Bacillales; Bacillaceae
ASV2486,Bacteria,Proteobacteria,Alphaproteobacteria,Sphingomonadales,Sphingomonadaceae,Sphingomonas,,Sphingomonadales; Sphingomonadaceae; Sphingomonas; ASV2486,Proteobacteria; Sphingomonadales; Sphingomonadaceae
ASV2487,Bacteria,Proteobacteria,Alphaproteobacteria,Rhizobiales,Beijerinckiaceae,Bosea,,Rhizobiales; Beijerinckiaceae; Bosea; ASV2487,Proteobacteria; Rhizobiales; Beijerinckiaceae
ASV2488,Bacteria,Bacteroidota,Bacteroidia,Bacteroidales,Prevotellaceae,Prevotella,Massiliprevotella_massiliensis,Bacteroidales; Prevotellaceae; Prevotella; Massiliprevotella_massiliensis; ASV2488,Bacteroidota; Bacteroidales; Prevotellaceae
ASV2489,Bacteria,Proteobacteria,Alphaproteobacteria,Rhizobiales,Devosiaceae,Devosia,,Rhizobiales; Devosiaceae; Devosia; ASV2489,Proteobacteria; Rhizobiales; Devosiaceae
ASV2490,Bacteria,Firmicutes,Bacilli,Paenibacillales,Paenibacillaceae,Saccharibacillus,Saccharibacillus_deserti,Paenibacillales; Paenibacillaceae; Saccharibacillus; Saccharibacillus_deserti; ASV2490,Firmicutes; Paenibacillales; Paenibacillaceae
ASV2491,Bacteria,Firmicutes,Bacilli,Lactobacillales,,,,Lactobacillales; ASV2491,Firmicutes; Lactobacillales
ASV2492,Bacteria,Proteobacteria,Alphaproteobacteria,Acetobacterales,Acetobacteraceae,Acidiphilium,,Acetobacterales; Acetobacteraceae; Acidiphilium; ASV2492,Proteobacteria; Acetobacterales; Acetobacteraceae
ASV2493,Bacteria,Planctomycetota,Planctomycetes,Gemmatales,Gemmataceae,Fimbriiglobus,uncultured_bacterium,Gemmatales; Gemmataceae; Fimbriiglobus; uncultured_bacterium; ASV2493,Planctomycetota; Gemmatales; Gemmataceae
ASV2494,Bacteria,Actinobacteriota,Actinobacteria,Corynebacteriales,Corynebacteriaceae,Lawsonella,uncultured_bacterium,Corynebacteriales; Corynebacteriaceae; Lawsonella; uncultured_bacterium; ASV2494,Actinobacteriota; Corynebacteriales; Corynebacteriaceae
ASV2495,Bacteria,Proteobacteria,Alphaproteobacteria,Acetobacterales,Acetobacteraceae,,,Acetobacterales; Acetobacteraceae; ASV2495,Proteobacteria; Acetobacterales; Acetobacteraceae
ASV2496,Bacteria,Firmicutes,Clostridia,Oscillospirales,Ethanoligenenaceae,Incertae_Sedis,uncultured_bacterium,Oscillospirales; Ethanoligenenaceae; Incertae_Sedis; uncultured_bacterium; ASV2496,Firmicutes; Oscillospirales; Ethanoligenenaceae
ASV2497,Bacteria,Planctomycetota,Planctomycetes,Pirellulales,Pirellulaceae,,Planctomycetaceae,Pirellulales; Pirellulaceae; Planctomycetaceae; ASV2497,Planctomycetota; Pirellulales; Pirellulaceae
ASV2498,Bacteria,Proteobacteria,Alphaproteobacteria,Rhizobiales,Beijerinckiaceae,Methylobacterium-Methylorubrum,,Rhizobiales; Beijerinckiaceae; Methylobacterium-Methylorubrum; ASV2498,Proteobacteria; Rhizobiales; Beijerinckiaceae
ASV2499,Bacteria,Proteobacteria,Gammaproteobacteria,Xanthomonadales,Xanthomonadaceae,Stenotrophomonas,Stenotrophomonas_nitritireducens,Xanthomonadales; Xanthomonadaceae; Stenotrophomonas; Stenotrophomonas_nitritireducens; ASV2499,Proteobacteria; Xanthomonadales; Xanthomonadaceae
ASV2500,Bacteria,Firmicutes,Clostridia,Peptostreptococcales-Tissierellales,Peptostreptococcales-Tissierellales,Anaerococcus,Anaerococcus_lactolyticus,Peptostreptococcales-Tissierellales; Peptostreptococcales-Tissierellales; Anaerococcus; Anaerococcus_lactolyticus; ASV2500,Firmicutes; Peptostreptococcales-Tissierellales; Peptostreptococcales-Tissierellales
ASV2501,Bacteria,Proteobacteria,Alphaproteobacteria,SAR11_clade,Clade_I,Clade_Ia,,SAR11_clade; Clade_I; Clade_Ia; ASV2501,Proteobacteria; SAR11_clade; Clade_I
ASV2502,Bacteria,Proteobacteria,Gammaproteobacteria,Burkholderiales,Comamonadaceae,,,Burkholderiales; Comamonadaceae; ASV2502,Proteobacteria; Burkholderiales; Comamonadaceae
ASV2503,Bacteria,Planctomycetota,Planctomycetes,Pirellulales,Pirellulaceae,,metagenome,Pirellulales; Pirellulaceae; metagenome; ASV2503,Planctomycetota; Pirellulales; Pirellulaceae
ASV2504,Bacteria,Firmicutes,Bacilli,Lactobacillales,,,,Lactobacillales; ASV2504,Firmicutes; Lactobacillales
ASV2505,Bacteria,Proteobacteria,Gammaproteobacteria,Coxiellales,Coxiellaceae,Coxiella,uncultured_bacterium,Coxiellales; Coxiellaceae; Coxiella; uncultured_bacterium; ASV2505,Proteobacteria; Coxiellales; Coxiellaceae
ASV2506,Bacteria,Bacteroidota,Bacteroidia,Flavobacteriales,Flavobacteriaceae,Flavobacterium,,Flavobacteriales; Flavobacteriaceae; Flavobacterium; ASV2506,Bacteroidota; Flavobacteriales; Flavobacteriaceae
ASV2507,Bacteria,Proteobacteria,Gammaproteobacteria,Burkholderiales,Comamonadaceae,,,Burkholderiales; Comamonadaceae; ASV2507,Proteobacteria; Burkholderiales; Comamonadaceae
ASV2508,Bacteria,Firmicutes,Bacilli,Lactobacillales,Enterococcaceae,Enterococcus,,Lactobacillales; Enterococcaceae; Enterococcus; ASV2508,Firmicutes; Lactobacillales; Enterococcaceae
ASV2509,Bacteria,Firmicutes,Bacilli,RsaHf231,RsaHf231,RsaHf231,uncultured_bacterium,RsaHf231; RsaHf231; RsaHf231; uncultured_bacterium; ASV2509,Firmicutes; RsaHf231; RsaHf231
ASV2510,Bacteria,Actinobacteriota,Thermoleophilia,Solirubrobacterales,Solirubrobacteraceae,,,Solirubrobacterales; Solirubrobacteraceae; ASV2510,Actinobacteriota; Solirubrobacterales; Solirubrobacteraceae
ASV2511,Bacteria,Proteobacteria,Gammaproteobacteria,Burkholderiales,Comamonadaceae,,,Burkholderiales; Comamonadaceae; ASV2511,Proteobacteria; Burkholderiales; Comamonadaceae
ASV2512,Bacteria,Proteobacteria,Alphaproteobacteria,Rhizobiales,Xanthobacteraceae,Bradyrhizobium,,Rhizobiales; Xanthobacteraceae; Bradyrhizobium; ASV2512,Proteobacteria; Rhizobiales; Xanthobacteraceae
ASV2513,Bacteria,Proteobacteria,Alphaproteobacteria,Acetobacterales,Acetobacteraceae,,,Acetobacterales; Acetobacteraceae; ASV2513,Proteobacteria; Acetobacterales; Acetobacteraceae
ASV2514,Bacteria,Proteobacteria,Alphaproteobacteria,Rhizobiales,Beijerinckiaceae,Bosea,,Rhizobiales; Beijerinckiaceae; Bosea; ASV2514,Proteobacteria; Rhizobiales; Beijerinckiaceae
ASV2515,Bacteria,Proteobacteria,Alphaproteobacteria,Rhodospirillales,AEGEAN-169_marine_group,AEGEAN-169_marine_group,uncultured_Alphaproteobacteria,Rhodospirillales; AEGEAN-169_marine_group; AEGEAN-169_marine_group; uncultured_Alphaproteobacteria; ASV2515,Proteobacteria; Rhodospirillales; AEGEAN-169_marine_group
ASV2516,Bacteria,Firmicutes,Bacilli,Paenibacillales,Paenibacillaceae,Saccharibacillus,,Paenibacillales; Paenibacillaceae; Saccharibacillus; ASV2516,Firmicutes; Paenibacillales; Paenibacillaceae
ASV2517,Bacteria,Verrucomicrobiota,Chlamydiae,Chlamydiales,Parachlamydiaceae,Neochlamydia,uncultured_Chlamydiales,Chlamydiales; Parachlamydiaceae; Neochlamydia; uncultured_Chlamydiales; ASV2517,Verrucomicrobiota; Chlamydiales; Parachlamydiaceae
ASV2518,Bacteria,Actinobacteriota,Actinobacteria,Pseudonocardiales,Pseudonocardiaceae,Pseudonocardia,,Pseudonocardiales; Pseudonocardiaceae; Pseudonocardia; ASV2518,Actinobacteriota; Pseudonocardiales; Pseudonocardiaceae
ASV2519,Bacteria,Actinobacteriota,Actinobacteria,Micrococcales,Dermacoccaceae,Allobranchiibius,,Micrococcales; Dermacoccaceae; Allobranchiibius; ASV2519,Actinobacteriota; Micrococcales; Dermacoccaceae
ASV2520,Bacteria,Actinobacteriota,Actinobacteria,Corynebacteriales,Nocardiaceae,Rhodococcus,Rhodococcus_aerolatus,Corynebacteriales; Nocardiaceae; Rhodococcus; Rhodococcus_aerolatus; ASV2520,Actinobacteriota; Corynebacteriales; Nocardiaceae
ASV2521,Bacteria,Actinobacteriota,Actinobacteria,Micrococcales,Intrasporangiaceae,,,Micrococcales; Intrasporangiaceae; ASV2521,Actinobacteriota; Micrococcales; Intrasporangiaceae
ASV2522,Bacteria,Deinococcota,Deinococci,Deinococcales,Trueperaceae,Truepera,uncultured_Deinococcus,Deinococcales; Trueperaceae; Truepera; uncultured_Deinococcus; ASV2522,Deinococcota; Deinococcales; Trueperaceae
ASV2523,Bacteria,Proteobacteria,Alphaproteobacteria,SAR11_clade,Clade_II,Clade_II,,SAR11_clade; Clade_II; Clade_II; ASV2523,Proteobacteria; SAR11_clade; Clade_II
ASV2524,Bacteria,Proteobacteria,Gammaproteobacteria,Burkholderiales,Methylophilaceae,Methylophilus,uncultured_bacterium,Burkholderiales; Methylophilaceae; Methylophilus; uncultured_bacterium; ASV2524,Proteobacteria; Burkholderiales; Methylophilaceae
ASV2525,Bacteria,Proteobacteria,Alphaproteobacteria,Sphingomonadales,Sphingomonadaceae,Sphingomonas,,Sphingomonadales; Sphingomonadaceae; Sphingomonas; ASV2525,Proteobacteria; Sphingomonadales; Sphingomonadaceae
ASV2526,Bacteria,Proteobacteria,Gammaproteobacteria,,,,,ASV2526,Proteobacteria
ASV2527,Bacteria,Firmicutes,Negativicutes,Veillonellales-Selenomonadales,Veillonellaceae,Veillonella,,Veillonellales-Selenomonadales; Veillonellaceae; Veillonella; ASV2527,Firmicutes; Veillonellales-Selenomonadales; Veillonellaceae
ASV2528,Bacteria,Patescibacteria,Saccharimonadia,Saccharimonadales,Saccharimonadales,Saccharimonadales,uncultured_bacterium,Saccharimonadales; Saccharimonadales; Saccharimonadales; uncultured_bacterium; ASV2528,Patescibacteria; Saccharimonadales; Saccharimonadales
ASV2529,Bacteria,Firmicutes,Clostridia,Clostridiales,Clostridiaceae,Clostridium_sensu_stricto_1,,Clostridiales; Clostridiaceae; Clostridium_sensu_stricto_1; ASV2529,Firmicutes; Clostridiales; Clostridiaceae
ASV2530,Bacteria,Proteobacteria,Alphaproteobacteria,Rhizobiales,Beijerinckiaceae,Bosea,,Rhizobiales; Beijerinckiaceae; Bosea; ASV2530,Proteobacteria; Rhizobiales; Beijerinckiaceae
ASV2531,Bacteria,Firmicutes,Bacilli,Lactobacillales,,,,Lactobacillales; ASV2531,Firmicutes; Lactobacillales
ASV2532,Bacteria,Actinobacteriota,Actinobacteria,,,,,ASV2532,Actinobacteriota
ASV2533,Bacteria,Firmicutes,Clostridia,Peptostreptococcales-Tissierellales,Peptostreptococcales-Tissierellales,Peptoniphilus,,Peptostreptococcales-Tissierellales; Peptostreptococcales-Tissierellales; Peptoniphilus; ASV2533,Firmicutes; Peptostreptococcales-Tissierellales; Peptostreptococcales-Tissierellales
ASV2534,Bacteria,Proteobacteria,Gammaproteobacteria,Pseudomonadales,Pseudomonadaceae,Pseudomonas,,Pseudomonadales; Pseudomonadaceae; Pseudomonas; ASV2534,Proteobacteria; Pseudomonadales; Pseudomonadaceae
ASV2535,Bacteria,Proteobacteria,Alphaproteobacteria,Sphingomonadales,Sphingomonadaceae,Sphingomonas,groundwater_metagenome,Sphingomonadales; Sphingomonadaceae; Sphingomonas; groundwater_metagenome; ASV2535,Proteobacteria; Sphingomonadales; Sphingomonadaceae
ASV2536,Bacteria,Proteobacteria,Alphaproteobacteria,Rhizobiales,Devosiaceae,Devosia,Devosia_limi,Rhizobiales; Devosiaceae; Devosia; Devosia_limi; ASV2536,Proteobacteria; Rhizobiales; Devosiaceae
ASV2537,Bacteria,Planctomycetota,Planctomycetes,Isosphaerales,Isosphaeraceae,,uncultured_bacterium,Isosphaerales; Isosphaeraceae; uncultured_bacterium; ASV2537,Planctomycetota; Isosphaerales; Isosphaeraceae
ASV2538,Bacteria,Proteobacteria,Gammaproteobacteria,Vibrionales,Vibrionaceae,Vibrio,,Vibrionales; Vibrionaceae; Vibrio; ASV2538,Proteobacteria; Vibrionales; Vibrionaceae
ASV2539,Bacteria,Planctomycetota,Planctomycetes,Gemmatales,Gemmataceae,,uncultured_bacterium,Gemmatales; Gemmataceae; uncultured_bacterium; ASV2539,Planctomycetota; Gemmatales; Gemmataceae
ASV2540,Bacteria,Bacteroidota,Bacteroidia,Cytophagales,Amoebophilaceae,Candidatus_Amoebophilus,uncultured_bacterium,Cytophagales; Amoebophilaceae; Candidatus_Amoebophilus; uncultured_bacterium; ASV2540,Bacteroidota; Cytophagales; Amoebophilaceae
ASV2541,Bacteria,Proteobacteria,Gammaproteobacteria,Burkholderiales,Comamonadaceae,,,Burkholderiales; Comamonadaceae; ASV2541,Proteobacteria; Burkholderiales; Comamonadaceae
ASV2542,Bacteria,Planctomycetota,Planctomycetes,Gemmatales,Gemmataceae,Zavarzinella,,Gemmatales; Gemmataceae; Zavarzinella; ASV2542,Planctomycetota; Gemmatales; Gemmataceae
ASV2543,Bacteria,Proteobacteria,Alphaproteobacteria,Rhizobiales,Devosiaceae,Devosia,Devosia_limi,Rhizobiales; Devosiaceae; Devosia; Devosia_limi; ASV2543,Proteobacteria; Rhizobiales; Devosiaceae
ASV2544,Bacteria,Deinococcota,Deinococci,Deinococcales,Deinococcaceae,Deinococcus,Deinococcus_alpinitundrae,Deinococcales; Deinococcaceae; Deinococcus; Deinococcus_alpinitundrae; ASV2544,Deinococcota; Deinococcales; Deinococcaceae
ASV2545,Bacteria,Proteobacteria,Gammaproteobacteria,Pseudomonadales,Moraxellaceae,Acinetobacter,,Pseudomonadales; Moraxellaceae; Acinetobacter; ASV2545,Proteobacteria; Pseudomonadales; Moraxellaceae
ASV2546,Bacteria,Planctomycetota,Planctomycetes,Isosphaerales,Isosphaeraceae,,,Isosphaerales; Isosphaeraceae; ASV2546,Planctomycetota; Isosphaerales; Isosphaeraceae
ASV2547,Bacteria,Proteobacteria,Alphaproteobacteria,Rhizobiales,Beijerinckiaceae,Bosea,,Rhizobiales; Beijerinckiaceae; Bosea; ASV2547,Proteobacteria; Rhizobiales; Beijerinckiaceae
ASV2548,Bacteria,Proteobacteria,Alphaproteobacteria,Acetobacterales,Acetobacteraceae,,,Acetobacterales; Acetobacteraceae; ASV2548,Proteobacteria; Acetobacterales; Acetobacteraceae
ASV2549,Bacteria,Firmicutes,Clostridia,Peptostreptococcales-Tissierellales,Peptostreptococcales-Tissierellales,Fenollaria,uncultured_bacterium,Peptostreptococcales-Tissierellales; Peptostreptococcales-Tissierellales; Fenollaria; uncultured_bacterium; ASV2549,Firmicutes; Peptostreptococcales-Tissierellales; Peptostreptococcales-Tissierellales
ASV2550,Bacteria,Proteobacteria,Alphaproteobacteria,Sphingomonadales,Sphingomonadaceae,Sphingomonas,,Sphingomonadales; Sphingomonadaceae; Sphingomonas; ASV2550,Proteobacteria; Sphingomonadales; Sphingomonadaceae
ASV2551,Bacteria,Firmicutes,Clostridia,Peptostreptococcales-Tissierellales,Peptostreptococcales-Tissierellales,Finegoldia,uncultured_bacterium,Peptostreptococcales-Tissierellales; Peptostreptococcales-Tissierellales; Finegoldia; uncultured_bacterium; ASV2551,Firmicutes; Peptostreptococcales-Tissierellales; Peptostreptococcales-Tissierellales
ASV2552,Bacteria,Proteobacteria,Alphaproteobacteria,Rhizobiales,Beijerinckiaceae,1174-901-12,,Rhizobiales; Beijerinckiaceae; 1174-901-12; ASV2552,Proteobacteria; Rhizobiales; Beijerinckiaceae
ASV2553,Bacteria,Firmicutes,Bacilli,Bacillales,,,,Bacillales; ASV2553,Firmicutes; Bacillales
ASV2554,Bacteria,Proteobacteria,Gammaproteobacteria,Burkholderiales,Comamonadaceae,Curvibacter,,Burkholderiales; Comamonadaceae; Curvibacter; ASV2554,Proteobacteria; Burkholderiales; Comamonadaceae
ASV2555,Bacteria,Firmicutes,Bacilli,Paenibacillales,Paenibacillaceae,Saccharibacillus,Saccharibacillus_deserti,Paenibacillales; Paenibacillaceae; Saccharibacillus; Saccharibacillus_deserti; ASV2555,Firmicutes; Paenibacillales; Paenibacillaceae
ASV2556,Bacteria,Actinobacteriota,Actinobacteria,Micrococcales,Microbacteriaceae,Microbacterium,,Micrococcales; Microbacteriaceae; Microbacterium; ASV2556,Actinobacteriota; Micrococcales; Microbacteriaceae
ASV2557,Bacteria,Proteobacteria,Alphaproteobacteria,Sphingomonadales,Sphingomonadaceae,Sphingomonas,bacterium_815Y,Sphingomonadales; Sphingomonadaceae; Sphingomonas; bacterium_815Y; ASV2557,Proteobacteria; Sphingomonadales; Sphingomonadaceae
ASV2558,Bacteria,Actinobacteriota,Actinobacteria,Pseudonocardiales,Pseudonocardiaceae,Actinomycetospora,,Pseudonocardiales; Pseudonocardiaceae; Actinomycetospora; ASV2558,Actinobacteriota; Pseudonocardiales; Pseudonocardiaceae
ASV2559,Bacteria,Desulfobacterota,Desulfuromonadia,Desulfuromonadia,Geothermobacteraceae,Geothermobacter,uncultured_bacterium,Desulfuromonadia; Geothermobacteraceae; Geothermobacter; uncultured_bacterium; ASV2559,Desulfobacterota; Desulfuromonadia; Geothermobacteraceae
ASV2560,Bacteria,Proteobacteria,Alphaproteobacteria,Rhizobiales,Xanthobacteraceae,,,Rhizobiales; Xanthobacteraceae; ASV2560,Proteobacteria; Rhizobiales; Xanthobacteraceae
ASV2561,Bacteria,Proteobacteria,Alphaproteobacteria,Rhizobiales,Beijerinckiaceae,,,Rhizobiales; Beijerinckiaceae; ASV2561,Proteobacteria; Rhizobiales; Beijerinckiaceae
ASV2562,Bacteria,Actinobacteriota,Actinobacteria,Propionibacteriales,Propionibacteriaceae,Friedmanniella,,Propionibacteriales; Propionibacteriaceae; Friedmanniella; ASV2562,Actinobacteriota; Propionibacteriales; Propionibacteriaceae
ASV2563,Bacteria,Actinobacteriota,Actinobacteria,Corynebacteriales,Mycobacteriaceae,Mycobacterium,,Corynebacteriales; Mycobacteriaceae; Mycobacterium; ASV2563,Actinobacteriota; Corynebacteriales; Mycobacteriaceae
ASV2564,Bacteria,Proteobacteria,Alphaproteobacteria,Rhizobiales,Rhizobiaceae,,,Rhizobiales; Rhizobiaceae; ASV2564,Proteobacteria; Rhizobiales; Rhizobiaceae
ASV2565,Bacteria,Bacteroidota,Bacteroidia,Flavobacteriales,Flavobacteriaceae,Flavobacterium,,Flavobacteriales; Flavobacteriaceae; Flavobacterium; ASV2565,Bacteroidota; Flavobacteriales; Flavobacteriaceae
ASV2566,Bacteria,Proteobacteria,Gammaproteobacteria,Pseudomonadales,Pseudomonadaceae,Pseudomonas,,Pseudomonadales; Pseudomonadaceae; Pseudomonas; ASV2566,Proteobacteria; Pseudomonadales; Pseudomonadaceae
ASV2567,Bacteria,Planctomycetota,Planctomycetes,Isosphaerales,Isosphaeraceae,,,Isosphaerales; Isosphaeraceae; ASV2567,Planctomycetota; Isosphaerales; Isosphaeraceae
ASV2568,Bacteria,Proteobacteria,Alphaproteobacteria,Rhizobiales,Devosiaceae,Devosia,,Rhizobiales; Devosiaceae; Devosia; ASV2568,Proteobacteria; Rhizobiales; Devosiaceae
ASV2569,Bacteria,Proteobacteria,Alphaproteobacteria,Sphingomonadales,Sphingomonadaceae,Sphingorhabdus,,Sphingomonadales; Sphingomonadaceae; Sphingorhabdus; ASV2569,Proteobacteria; Sphingomonadales; Sphingomonadaceae
ASV2570,Bacteria,Firmicutes,Bacilli,Exiguobacterales,Exiguobacteraceae,Exiguobacterium,,Exiguobacterales; Exiguobacteraceae; Exiguobacterium; ASV2570,Firmicutes; Exiguobacterales; Exiguobacteraceae
ASV2571,Bacteria,Firmicutes,Bacilli,Lactobacillales,Enterococcaceae,Enterococcus,,Lactobacillales; Enterococcaceae; Enterococcus; ASV2571,Firmicutes; Lactobacillales; Enterococcaceae
ASV2572,Bacteria,Proteobacteria,Alphaproteobacteria,Rhizobiales,Beijerinckiaceae,Bosea,,Rhizobiales; Beijerinckiaceae; Bosea; ASV2572,Proteobacteria; Rhizobiales; Beijerinckiaceae
ASV2573,Bacteria,Proteobacteria,Gammaproteobacteria,Gammaproteobacteria_Incertae_Sedis,,Candidatus_Ovatusbacter,uncultured_bacterium,Gammaproteobacteria_Incertae_Sedis; Candidatus_Ovatusbacter; uncultured_bacterium; ASV2573,Proteobacteria; Gammaproteobacteria_Incertae_Sedis
ASV2574,Bacteria,Actinobacteriota,Actinobacteria,Corynebacteriales,Mycobacteriaceae,Mycobacterium,,Corynebacteriales; Mycobacteriaceae; Mycobacterium; ASV2574,Actinobacteriota; Corynebacteriales; Mycobacteriaceae
ASV2575,Bacteria,Proteobacteria,Alphaproteobacteria,Rhizobiales,Devosiaceae,Devosia,Devosia_limi,Rhizobiales; Devosiaceae; Devosia; Devosia_limi; ASV2575,Proteobacteria; Rhizobiales; Devosiaceae
ASV2576,Bacteria,Actinobacteriota,Rubrobacteria,Rubrobacterales,Rubrobacteriaceae,Rubrobacter,,Rubrobacterales; Rubrobacteriaceae; Rubrobacter; ASV2576,Actinobacteriota; Rubrobacterales; Rubrobacteriaceae
ASV2577,Bacteria,Proteobacteria,Alphaproteobacteria,Rhizobiales,Beijerinckiaceae,1174-901-12,,Rhizobiales; Beijerinckiaceae; 1174-901-12; ASV2577,Proteobacteria; Rhizobiales; Beijerinckiaceae
ASV2578,Bacteria,Proteobacteria,Alphaproteobacteria,Rhizobiales,Devosiaceae,Devosia,,Rhizobiales; Devosiaceae; Devosia; ASV2578,Proteobacteria; Rhizobiales; Devosiaceae
ASV2579,Bacteria,Actinobacteriota,Thermoleophilia,Solirubrobacterales,Solirubrobacteraceae,Conexibacter,Solirubrobacterales_bacterium,Solirubrobacterales; Solirubrobacteraceae; Conexibacter; Solirubrobacterales_bacterium; ASV2579,Actinobacteriota; Solirubrobacterales; Solirubrobacteraceae
ASV2580,Bacteria,Dependentiae,Babeliae,Babeliales,Babeliales,Babeliales,uncultured_bacterium,Babeliales; Babeliales; Babeliales; uncultured_bacterium; ASV2580,Dependentiae; Babeliales; Babeliales
ASV2581,Bacteria,Firmicutes,Clostridia,Peptostreptococcales-Tissierellales,Peptostreptococcales-Tissierellales,Anaerococcus,,Peptostreptococcales-Tissierellales; Peptostreptococcales-Tissierellales; Anaerococcus; ASV2581,Firmicutes; Peptostreptococcales-Tissierellales; Peptostreptococcales-Tissierellales
ASV2582,Bacteria,Actinobacteriota,Actinobacteria,Corynebacteriales,Corynebacteriaceae,Corynebacterium,,Corynebacteriales; Corynebacteriaceae; Corynebacterium; ASV2582,Actinobacteriota; Corynebacteriales; Corynebacteriaceae
ASV2583,Bacteria,Firmicutes,Clostridia,Clostridiales,Clostridiaceae,Clostridium_sensu_stricto_1,,Clostridiales; Clostridiaceae; Clostridium_sensu_stricto_1; ASV2583,Firmicutes; Clostridiales; Clostridiaceae
ASV2584,Bacteria,Proteobacteria,Alphaproteobacteria,,,,,ASV2584,Proteobacteria
ASV2585,Bacteria,Actinobacteriota,Actinobacteria,Micrococcales,Microbacteriaceae,,,Micrococcales; Microbacteriaceae; ASV2585,Actinobacteriota; Micrococcales; Microbacteriaceae
ASV2586,Bacteria,Firmicutes,Bacilli,Bacillales,Bacillaceae,,,Bacillales; Bacillaceae; ASV2586,Firmicutes; Bacillales; Bacillaceae
ASV2587,Bacteria,Proteobacteria,Alphaproteobacteria,Sphingomonadales,Sphingomonadaceae,Sphingomonas,,Sphingomonadales; Sphingomonadaceae; Sphingomonas; ASV2587,Proteobacteria; Sphingomonadales; Sphingomonadaceae
ASV2588,Bacteria,Proteobacteria,Alphaproteobacteria,Rhizobiales,Devosiaceae,Devosia,Devosia_limi,Rhizobiales; Devosiaceae; Devosia; Devosia_limi; ASV2588,Proteobacteria; Rhizobiales; Devosiaceae
ASV2589,Bacteria,Verrucomicrobiota,Chlamydiae,Chlamydiales,Parachlamydiaceae,,metagenome,Chlamydiales; Parachlamydiaceae; metagenome; ASV2589,Verrucomicrobiota; Chlamydiales; Parachlamydiaceae
ASV2590,Bacteria,Planctomycetota,Planctomycetes,Gemmatales,Gemmataceae,Fimbriiglobus,,Gemmatales; Gemmataceae; Fimbriiglobus; ASV2590,Planctomycetota; Gemmatales; Gemmataceae
ASV2591,Bacteria,Proteobacteria,Gammaproteobacteria,Cellvibrionales,Cellvibrionaceae,Cellvibrio,,Cellvibrionales; Cellvibrionaceae; Cellvibrio; ASV2591,Proteobacteria; Cellvibrionales; Cellvibrionaceae
ASV2592,Bacteria,Proteobacteria,Alphaproteobacteria,Sphingomonadales,Sphingomonadaceae,Sphingomonas,bacterium_815Y,Sphingomonadales; Sphingomonadaceae; Sphingomonas; bacterium_815Y; ASV2592,Proteobacteria; Sphingomonadales; Sphingomonadaceae
ASV2593,Bacteria,Proteobacteria,Gammaproteobacteria,Alteromonadales,Alteromonadaceae,Alteromonas,,Alteromonadales; Alteromonadaceae; Alteromonas; ASV2593,Proteobacteria; Alteromonadales; Alteromonadaceae
ASV2594,Bacteria,Proteobacteria,Alphaproteobacteria,Sphingomonadales,Sphingomonadaceae,Sphingomonas,,Sphingomonadales; Sphingomonadaceae; Sphingomonas; ASV2594,Proteobacteria; Sphingomonadales; Sphingomonadaceae
ASV2595,Bacteria,Planctomycetota,Planctomycetes,Isosphaerales,Isosphaeraceae,Tundrisphaera,uncultured_planctomycete,Isosphaerales; Isosphaeraceae; Tundrisphaera; uncultured_planctomycete; ASV2595,Planctomycetota; Isosphaerales; Isosphaeraceae
ASV2596,Bacteria,Firmicutes,Clostridia,Clostridiales,Clostridiaceae,Clostridium_sensu_stricto_1,,Clostridiales; Clostridiaceae; Clostridium_sensu_stricto_1; ASV2596,Firmicutes; Clostridiales; Clostridiaceae
ASV2597,Bacteria,Firmicutes,Bacilli,Lactobacillales,,,,Lactobacillales; ASV2597,Firmicutes; Lactobacillales
ASV2598,Bacteria,Bacteroidota,Bacteroidia,Flavobacteriales,Flavobacteriaceae,NS5_marine_group,,Flavobacteriales; Flavobacteriaceae; NS5_marine_group; ASV2598,Bacteroidota; Flavobacteriales; Flavobacteriaceae
ASV2599,Bacteria,Proteobacteria,Alphaproteobacteria,Puniceispirillales,SAR116_clade,SAR116_clade,,Puniceispirillales; SAR116_clade; SAR116_clade; ASV2599,Proteobacteria; Puniceispirillales; SAR116_clade
ASV2600,Bacteria,Proteobacteria,Alphaproteobacteria,Sphingomonadales,Sphingomonadaceae,Sphingomonas,,Sphingomonadales; Sphingomonadaceae; Sphingomonas; ASV2600,Proteobacteria; Sphingomonadales; Sphingomonadaceae
ASV2601,Bacteria,Firmicutes,Clostridia,Oscillospirales,Ruminococcaceae,Subdoligranulum,,Oscillospirales; Ruminococcaceae; Subdoligranulum; ASV2601,Firmicutes; Oscillospirales; Ruminococcaceae
ASV2602,Bacteria,Actinobacteriota,Actinobacteria,Propionibacteriales,Propionibacteriaceae,Friedmanniella,,Propionibacteriales; Propionibacteriaceae; Friedmanniella; ASV2602,Actinobacteriota; Propionibacteriales; Propionibacteriaceae
ASV2603,Bacteria,Firmicutes,Bacilli,Lactobacillales,Enterococcaceae,Enterococcus,,Lactobacillales; Enterococcaceae; Enterococcus; ASV2603,Firmicutes; Lactobacillales; Enterococcaceae
ASV2604,Bacteria,Proteobacteria,Alphaproteobacteria,Rhizobiales,Xanthobacteraceae,,,Rhizobiales; Xanthobacteraceae; ASV2604,Proteobacteria; Rhizobiales; Xanthobacteraceae
ASV2605,Bacteria,Actinobacteriota,Acidimicrobiia,Microtrichales,Iamiaceae,Iamia,,Microtrichales; Iamiaceae; Iamia; ASV2605,Actinobacteriota; Microtrichales; Iamiaceae
ASV2606,Bacteria,Bacteroidota,Bacteroidia,Chitinophagales,Chitinophagaceae,Taibaiella,,Chitinophagales; Chitinophagaceae; Taibaiella; ASV2606,Bacteroidota; Chitinophagales; Chitinophagaceae
ASV2607,Bacteria,Proteobacteria,Alphaproteobacteria,Rhizobiales,Rhizobiaceae,,,Rhizobiales; Rhizobiaceae; ASV2607,Proteobacteria; Rhizobiales; Rhizobiaceae
ASV2608,Bacteria,Bacteroidota,Bacteroidia,Bacteroidales,Prevotellaceae,Prevotella,Prevotella_corporis,Bacteroidales; Prevotellaceae; Prevotella; Prevotella_corporis; ASV2608,Bacteroidota; Bacteroidales; Prevotellaceae
ASV2609,Bacteria,Proteobacteria,Alphaproteobacteria,Sphingomonadales,Sphingomonadaceae,,,Sphingomonadales; Sphingomonadaceae; ASV2609,Proteobacteria; Sphingomonadales; Sphingomonadaceae
ASV2610,Bacteria,Firmicutes,Bacilli,Lactobacillales,,,,Lactobacillales; ASV2610,Firmicutes; Lactobacillales
ASV2611,Bacteria,Firmicutes,Bacilli,Lactobacillales,Enterococcaceae,,,Lactobacillales; Enterococcaceae; ASV2611,Firmicutes; Lactobacillales; Enterococcaceae
ASV2612,Bacteria,Proteobacteria,Gammaproteobacteria,Alteromonadales,Pseudoalteromonadaceae,Pseudoalteromonas,,Alteromonadales; Pseudoalteromonadaceae; Pseudoalteromonas; ASV2612,Proteobacteria; Alteromonadales; Pseudoalteromonadaceae
ASV2613,Bacteria,Proteobacteria,Alphaproteobacteria,Rhizobiales,Beijerinckiaceae,Methylobacterium-Methylorubrum,,Rhizobiales; Beijerinckiaceae; Methylobacterium-Methylorubrum; ASV2613,Proteobacteria; Rhizobiales; Beijerinckiaceae
ASV2614,Bacteria,Proteobacteria,Alphaproteobacteria,Rhizobiales,Beijerinckiaceae,Bosea,,Rhizobiales; Beijerinckiaceae; Bosea; ASV2614,Proteobacteria; Rhizobiales; Beijerinckiaceae
ASV2615,Bacteria,Firmicutes,Clostridia,Clostridiales,Clostridiaceae,Clostridium_sensu_stricto_1,,Clostridiales; Clostridiaceae; Clostridium_sensu_stricto_1; ASV2615,Firmicutes; Clostridiales; Clostridiaceae
ASV2616,Bacteria,Proteobacteria,Gammaproteobacteria,Alteromonadales,Alteromonadaceae,,,Alteromonadales; Alteromonadaceae; ASV2616,Proteobacteria; Alteromonadales; Alteromonadaceae
ASV2617,Bacteria,Planctomycetota,Planctomycetes,Gemmatales,Gemmataceae,Fimbriiglobus,metagenome,Gemmatales; Gemmataceae; Fimbriiglobus; metagenome; ASV2617,Planctomycetota; Gemmatales; Gemmataceae
ASV2618,Bacteria,Actinobacteriota,Thermoleophilia,Solirubrobacterales,67-14,67-14,uncultured_actinobacterium,Solirubrobacterales; 67-14; 67-14; uncultured_actinobacterium; ASV2618,Actinobacteriota; Solirubrobacterales; 67-14
ASV2619,Bacteria,Actinobacteriota,Acidimicrobiia,Microtrichales,Microtrichaceae,,uncultured_Arthrobacter,Microtrichales; Microtrichaceae; uncultured_Arthrobacter; ASV2619,Actinobacteriota; Microtrichales; Microtrichaceae
ASV2620,Bacteria,Bacteroidota,Bacteroidia,Bacteroidales,Dysgonomonadaceae,Proteiniphilum,,Bacteroidales; Dysgonomonadaceae; Proteiniphilum; ASV2620,Bacteroidota; Bacteroidales; Dysgonomonadaceae
ASV2621,Bacteria,Bacteroidota,Bacteroidia,Cytophagales,Spirosomaceae,Dyadobacter,metagenome,Cytophagales; Spirosomaceae; Dyadobacter; metagenome; ASV2621,Bacteroidota; Cytophagales; Spirosomaceae
ASV2622,Bacteria,Actinobacteriota,Actinobacteria,Propionibacteriales,Nocardioidaceae,Nocardioides,uncultured_bacterium,Propionibacteriales; Nocardioidaceae; Nocardioides; uncultured_bacterium; ASV2622,Actinobacteriota; Propionibacteriales; Nocardioidaceae
ASV2623,Bacteria,Actinobacteriota,Thermoleophilia,Solirubrobacterales,67-14,67-14,,Solirubrobacterales; 67-14; 67-14; ASV2623,Actinobacteriota; Solirubrobacterales; 67-14
ASV2624,Bacteria,Proteobacteria,Alphaproteobacteria,Rhizobiales,Devosiaceae,Devosia,,Rhizobiales; Devosiaceae; Devosia; ASV2624,Proteobacteria; Rhizobiales; Devosiaceae
ASV2625,Bacteria,Firmicutes,Bacilli,Lactobacillales,,,,Lactobacillales; ASV2625,Firmicutes; Lactobacillales
ASV2626,Bacteria,Planctomycetota,Planctomycetes,Gemmatales,Gemmataceae,Gemmata,metagenome,Gemmatales; Gemmataceae; Gemmata; metagenome; ASV2626,Planctomycetota; Gemmatales; Gemmataceae
ASV2627,Bacteria,Firmicutes,Bacilli,Lactobacillales,,,,Lactobacillales; ASV2627,Firmicutes; Lactobacillales
ASV2628,Bacteria,Firmicutes,Bacilli,Lactobacillales,Enterococcaceae,Enterococcus,,Lactobacillales; Enterococcaceae; Enterococcus; ASV2628,Firmicutes; Lactobacillales; Enterococcaceae
ASV2629,Bacteria,Proteobacteria,Gammaproteobacteria,Gammaproteobacteria_Incertae_Sedis,,Candidatus_Berkiella,metagenome,Gammaproteobacteria_Incertae_Sedis; Candidatus_Berkiella; metagenome; ASV2629,Proteobacteria; Gammaproteobacteria_Incertae_Sedis
ASV2630,Bacteria,Actinobacteriota,Actinobacteria,Corynebacteriales,Mycobacteriaceae,Mycobacterium,,Corynebacteriales; Mycobacteriaceae; Mycobacterium; ASV2630,Actinobacteriota; Corynebacteriales; Mycobacteriaceae
ASV2631,Bacteria,Firmicutes,Clostridia,Peptostreptococcales-Tissierellales,Peptostreptococcales-Tissierellales,Finegoldia,uncultured_bacterium,Peptostreptococcales-Tissierellales; Peptostreptococcales-Tissierellales; Finegoldia; uncultured_bacterium; ASV2631,Firmicutes; Peptostreptococcales-Tissierellales; Peptostreptococcales-Tissierellales
ASV2632,Bacteria,Proteobacteria,Alphaproteobacteria,Rhizobiales,Devosiaceae,Devosia,Devosia_limi,Rhizobiales; Devosiaceae; Devosia; Devosia_limi; ASV2632,Proteobacteria; Rhizobiales; Devosiaceae
ASV2633,Bacteria,Firmicutes,Bacilli,Erysipelotrichales,Erysipelatoclostridiaceae,Erysipelatoclostridium,,Erysipelotrichales; Erysipelatoclostridiaceae; Erysipelatoclostridium; ASV2633,Firmicutes; Erysipelotrichales; Erysipelatoclostridiaceae
ASV2634,Bacteria,Deinococcota,Deinococci,Deinococcales,Deinococcaceae,Deinococcus,Deinococcus_wulumuqiensis,Deinococcales; Deinococcaceae; Deinococcus; Deinococcus_wulumuqiensis; ASV2634,Deinococcota; Deinococcales; Deinococcaceae
ASV2635,Bacteria,Proteobacteria,Gammaproteobacteria,Alteromonadales,Colwelliaceae,Colwellia,,Alteromonadales; Colwelliaceae; Colwellia; ASV2635,Proteobacteria; Alteromonadales; Colwelliaceae
ASV2636,Bacteria,Chloroflexi,Chloroflexia,Kallotenuales,AKIW781,AKIW781,uncultured_Chloroflexi,Kallotenuales; AKIW781; AKIW781; uncultured_Chloroflexi; ASV2636,Chloroflexi; Kallotenuales; AKIW781
ASV2637,Bacteria,Proteobacteria,Alphaproteobacteria,Rhizobiales,Devosiaceae,Devosia,Devosia_limi,Rhizobiales; Devosiaceae; Devosia; Devosia_limi; ASV2637,Proteobacteria; Rhizobiales; Devosiaceae
ASV2638,Bacteria,Bacteroidota,Bacteroidia,Sphingobacteriales,Sphingobacteriaceae,Pedobacter,,Sphingobacteriales; Sphingobacteriaceae; Pedobacter; ASV2638,Bacteroidota; Sphingobacteriales; Sphingobacteriaceae
ASV2639,Bacteria,Firmicutes,Clostridia,Clostridiales,Clostridiaceae,Clostridium_sensu_stricto_1,,Clostridiales; Clostridiaceae; Clostridium_sensu_stricto_1; ASV2639,Firmicutes; Clostridiales; Clostridiaceae
ASV2640,Bacteria,Firmicutes,Bacilli,Lactobacillales,Enterococcaceae,Enterococcus,,Lactobacillales; Enterococcaceae; Enterococcus; ASV2640,Firmicutes; Lactobacillales; Enterococcaceae
ASV2641,Bacteria,Firmicutes,Clostridia,Peptostreptococcales-Tissierellales,Peptostreptococcales-Tissierellales,Fenollaria,,Peptostreptococcales-Tissierellales; Peptostreptococcales-Tissierellales; Fenollaria; ASV2641,Firmicutes; Peptostreptococcales-Tissierellales; Peptostreptococcales-Tissierellales
ASV2642,Bacteria,Actinobacteriota,Actinobacteria,Micrococcales,Microbacteriaceae,,,Micrococcales; Microbacteriaceae; ASV2642,Actinobacteriota; Micrococcales; Microbacteriaceae
ASV2643,Bacteria,Bacteroidota,Bacteroidia,Sphingobacteriales,Sphingobacteriaceae,Pedobacter,,Sphingobacteriales; Sphingobacteriaceae; Pedobacter; ASV2643,Bacteroidota; Sphingobacteriales; Sphingobacteriaceae
ASV2644,Bacteria,Proteobacteria,Alphaproteobacteria,Rhizobiales,Beijerinckiaceae,Bosea,,Rhizobiales; Beijerinckiaceae; Bosea; ASV2644,Proteobacteria; Rhizobiales; Beijerinckiaceae
ASV2645,Bacteria,Actinobacteriota,Actinobacteria,Frankiales,Geodermatophilaceae,Blastococcus,,Frankiales; Geodermatophilaceae; Blastococcus; ASV2645,Actinobacteriota; Frankiales; Geodermatophilaceae
ASV2646,Bacteria,Proteobacteria,Alphaproteobacteria,Sphingomonadales,Sphingomonadaceae,Sphingomonas,bacterium_815Y,Sphingomonadales; Sphingomonadaceae; Sphingomonas; bacterium_815Y; ASV2646,Proteobacteria; Sphingomonadales; Sphingomonadaceae
ASV2647,Bacteria,Actinobacteriota,Acidimicrobiia,Microtrichales,Iamiaceae,Iamia,,Microtrichales; Iamiaceae; Iamia; ASV2647,Actinobacteriota; Microtrichales; Iamiaceae
ASV2648,Bacteria,Proteobacteria,Alphaproteobacteria,Rhizobiales,Beijerinckiaceae,Bosea,,Rhizobiales; Beijerinckiaceae; Bosea; ASV2648,Proteobacteria; Rhizobiales; Beijerinckiaceae
ASV2649,Bacteria,Proteobacteria,Alphaproteobacteria,Puniceispirillales,SAR116_clade,,,Puniceispirillales; SAR116_clade; ASV2649,Proteobacteria; Puniceispirillales; SAR116_clade
ASV2650,Bacteria,Firmicutes,Bacilli,Lactobacillales,Enterococcaceae,Enterococcus,,Lactobacillales; Enterococcaceae; Enterococcus; ASV2650,Firmicutes; Lactobacillales; Enterococcaceae
ASV2651,Bacteria,Proteobacteria,Gammaproteobacteria,Burkholderiales,Oxalobacteraceae,,,Burkholderiales; Oxalobacteraceae; ASV2651,Proteobacteria; Burkholderiales; Oxalobacteraceae
ASV2652,Bacteria,Proteobacteria,Alphaproteobacteria,Sphingomonadales,Sphingomonadaceae,,,Sphingomonadales; Sphingomonadaceae; ASV2652,Proteobacteria; Sphingomonadales; Sphingomonadaceae
ASV2653,Bacteria,Actinobacteriota,Actinobacteria,,,,,ASV2653,Actinobacteriota
ASV2654,Bacteria,Verrucomicrobiota,Chlamydiae,Chlamydiales,Simkaniaceae,,Chlamydiales_bacterium,Chlamydiales; Simkaniaceae; Chlamydiales_bacterium; ASV2654,Verrucomicrobiota; Chlamydiales; Simkaniaceae
ASV2655,Bacteria,Proteobacteria,Alphaproteobacteria,Rhizobiales,Beijerinckiaceae,Bosea,,Rhizobiales; Beijerinckiaceae; Bosea; ASV2655,Proteobacteria; Rhizobiales; Beijerinckiaceae
ASV2656,Bacteria,Fusobacteriota,Fusobacteriia,Fusobacteriales,Leptotrichiaceae,Sebaldella,Sebaldella_termitidis,Fusobacteriales; Leptotrichiaceae; Sebaldella; Sebaldella_termitidis; ASV2656,Fusobacteriota; Fusobacteriales; Leptotrichiaceae
ASV2657,Bacteria,Planctomycetota,Planctomycetes,Planctomycetales,,,,Planctomycetales; ASV2657,Planctomycetota; Planctomycetales
ASV2658,Bacteria,Desulfobacterota,Desulfuromonadia,Geobacterales,Geobacteraceae,,,Geobacterales; Geobacteraceae; ASV2658,Desulfobacterota; Geobacterales; Geobacteraceae
ASV2659,Bacteria,Armatimonadota,Fimbriimonadia,Fimbriimonadales,Fimbriimonadaceae,Fimbriimonadaceae,uncultured_bacterium,Fimbriimonadales; Fimbriimonadaceae; Fimbriimonadaceae; uncultured_bacterium; ASV2659,Armatimonadota; Fimbriimonadales; Fimbriimonadaceae
ASV2660,Bacteria,Firmicutes,Limnochordia,Limnochordia,Limnochordia,Hydrogenispora,uncultured_Firmicutes,Limnochordia; Limnochordia; Hydrogenispora; uncultured_Firmicutes; ASV2660,Firmicutes; Limnochordia; Limnochordia
ASV2661,Bacteria,Verrucomicrobiota,Chlamydiae,Chlamydiales,Parachlamydiaceae,Neochlamydia,,Chlamydiales; Parachlamydiaceae; Neochlamydia; ASV2661,Verrucomicrobiota; Chlamydiales; Parachlamydiaceae
ASV2662,Bacteria,Proteobacteria,Alphaproteobacteria,Rhizobiales,Rhizobiaceae,,,Rhizobiales; Rhizobiaceae; ASV2662,Proteobacteria; Rhizobiales; Rhizobiaceae
ASV2663,Bacteria,Verrucomicrobiota,Chlamydiae,Chlamydiales,,,,Chlamydiales; ASV2663,Verrucomicrobiota; Chlamydiales
ASV2664,Bacteria,Actinobacteriota,Coriobacteriia,Coriobacteriales,,,,Coriobacteriales; ASV2664,Actinobacteriota; Coriobacteriales
ASV2665,Bacteria,Proteobacteria,Gammaproteobacteria,Gammaproteobacteria_Incertae_Sedis,,Candidatus_Ovatusbacter,uncultured_bacterium,Gammaproteobacteria_Incertae_Sedis; Candidatus_Ovatusbacter; uncultured_bacterium; ASV2665,Proteobacteria; Gammaproteobacteria_Incertae_Sedis
ASV2666,Bacteria,Proteobacteria,Alphaproteobacteria,Rhizobiales,Beijerinckiaceae,Bosea,,Rhizobiales; Beijerinckiaceae; Bosea; ASV2666,Proteobacteria; Rhizobiales; Beijerinckiaceae
ASV2667,Bacteria,Actinobacteriota,Actinobacteria,Corynebacteriales,,,,Corynebacteriales; ASV2667,Actinobacteriota; Corynebacteriales
ASV2668,Bacteria,Planctomycetota,Planctomycetes,Gemmatales,Gemmataceae,Gemmata,Gemmata_sp.,Gemmatales; Gemmataceae; Gemmata; Gemmata_sp.; ASV2668,Planctomycetota; Gemmatales; Gemmataceae
ASV2669,Bacteria,Firmicutes,Bacilli,Lactobacillales,Streptococcaceae,Lactococcus,,Lactobacillales; Streptococcaceae; Lactococcus; ASV2669,Firmicutes; Lactobacillales; Streptococcaceae
ASV2670,Bacteria,Firmicutes,Clostridia,Clostridiales,Clostridiaceae,Clostridium_sensu_stricto_1,,Clostridiales; Clostridiaceae; Clostridium_sensu_stricto_1; ASV2670,Firmicutes; Clostridiales; Clostridiaceae
ASV2671,Bacteria,Firmicutes,Bacilli,Lactobacillales,Streptococcaceae,Lactococcus,,Lactobacillales; Streptococcaceae; Lactococcus; ASV2671,Firmicutes; Lactobacillales; Streptococcaceae
ASV2672,Bacteria,Proteobacteria,Gammaproteobacteria,Coxiellales,Coxiellaceae,Coxiella,,Coxiellales; Coxiellaceae; Coxiella; ASV2672,Proteobacteria; Coxiellales; Coxiellaceae
ASV2673,Bacteria,Bdellovibrionota,Bdellovibrionia,Bdellovibrionales,Bdellovibrionaceae,OM27_clade,uncultured_marine,Bdellovibrionales; Bdellovibrionaceae; OM27_clade; uncultured_marine; ASV2673,Bdellovibrionota; Bdellovibrionales; Bdellovibrionaceae
ASV2674,Bacteria,Planctomycetota,Planctomycetes,,,,uncultured_bacterium,uncultured_bacterium; ASV2674,Planctomycetota
ASV2675,Bacteria,Planctomycetota,Planctomycetes,Pirellulales,Pirellulaceae,Pir2_lineage,uncultured_bacterium,Pirellulales; Pirellulaceae; Pir2_lineage; uncultured_bacterium; ASV2675,Planctomycetota; Pirellulales; Pirellulaceae
ASV2676,Bacteria,Proteobacteria,Alphaproteobacteria,Rhizobiales,Rhizobiales_Incertae_Sedis,Phreatobacter,,Rhizobiales; Rhizobiales_Incertae_Sedis; Phreatobacter; ASV2676,Proteobacteria; Rhizobiales; Rhizobiales_Incertae_Sedis
ASV2677,Bacteria,Firmicutes,Bacilli,Lactobacillales,Streptococcaceae,Lactococcus,,Lactobacillales; Streptococcaceae; Lactococcus; ASV2677,Firmicutes; Lactobacillales; Streptococcaceae
ASV2678,Bacteria,Dependentiae,Babeliae,Babeliales,Vermiphilaceae,Vermiphilaceae,uncultured_bacterium,Babeliales; Vermiphilaceae; Vermiphilaceae; uncultured_bacterium; ASV2678,Dependentiae; Babeliales; Vermiphilaceae
ASV2679,Bacteria,Firmicutes,Clostridia,Clostridiales,Clostridiaceae,Clostridium_sensu_stricto_1,,Clostridiales; Clostridiaceae; Clostridium_sensu_stricto_1; ASV2679,Firmicutes; Clostridiales; Clostridiaceae
ASV2680,Bacteria,Proteobacteria,Gammaproteobacteria,Burkholderiales,Comamonadaceae,,,Burkholderiales; Comamonadaceae; ASV2680,Proteobacteria; Burkholderiales; Comamonadaceae
ASV2681,Bacteria,Firmicutes,Bacilli,Paenibacillales,Paenibacillaceae,Paenibacillus,,Paenibacillales; Paenibacillaceae; Paenibacillus; ASV2681,Firmicutes; Paenibacillales; Paenibacillaceae
ASV2682,Bacteria,Firmicutes,Bacilli,Lactobacillales,,,,Lactobacillales; ASV2682,Firmicutes; Lactobacillales
ASV2683,Bacteria,Proteobacteria,Alphaproteobacteria,Sphingomonadales,Sphingomonadaceae,Sphingopyxis,,Sphingomonadales; Sphingomonadaceae; Sphingopyxis; ASV2683,Proteobacteria; Sphingomonadales; Sphingomonadaceae
ASV2684,Bacteria,Firmicutes,Bacilli,Lactobacillales,Enterococcaceae,Enterococcus,,Lactobacillales; Enterococcaceae; Enterococcus; ASV2684,Firmicutes; Lactobacillales; Enterococcaceae
ASV2685,Bacteria,Actinobacteriota,Acidimicrobiia,Microtrichales,Microtrichaceae,,metagenome,Microtrichales; Microtrichaceae; metagenome; ASV2685,Actinobacteriota; Microtrichales; Microtrichaceae
ASV2686,Bacteria,Actinobacteriota,Acidimicrobiia,Microtrichales,Ilumatobacteraceae,CL500-29_marine_group,metagenome,Microtrichales; Ilumatobacteraceae; CL500-29_marine_group; metagenome; ASV2686,Actinobacteriota; Microtrichales; Ilumatobacteraceae
ASV2687,Bacteria,Planctomycetota,Planctomycetes,Isosphaerales,Isosphaeraceae,,,Isosphaerales; Isosphaeraceae; ASV2687,Planctomycetota; Isosphaerales; Isosphaeraceae
ASV2688,Bacteria,Firmicutes,Bacilli,Paenibacillales,Paenibacillaceae,Paenibacillus,,Paenibacillales; Paenibacillaceae; Paenibacillus; ASV2688,Firmicutes; Paenibacillales; Paenibacillaceae
ASV2689,Bacteria,Firmicutes,Clostridia,Oscillospirales,Ruminococcaceae,,uncultured_Ruminococcaceae,Oscillospirales; Ruminococcaceae; uncultured_Ruminococcaceae; ASV2689,Firmicutes; Oscillospirales; Ruminococcaceae
ASV2690,Bacteria,Actinobacteriota,Actinobacteria,,,,,ASV2690,Actinobacteriota
ASV2691,Bacteria,Firmicutes,Bacilli,Lactobacillales,Streptococcaceae,Lactococcus,,Lactobacillales; Streptococcaceae; Lactococcus; ASV2691,Firmicutes; Lactobacillales; Streptococcaceae
ASV2692,Bacteria,Proteobacteria,Alphaproteobacteria,Rhodobacterales,Rhodobacteraceae,,,Rhodobacterales; Rhodobacteraceae; ASV2692,Proteobacteria; Rhodobacterales; Rhodobacteraceae
ASV2693,Bacteria,Firmicutes,Clostridia,Lachnospirales,Lachnospiraceae,Tyzzerella,,Lachnospirales; Lachnospiraceae; Tyzzerella; ASV2693,Firmicutes; Lachnospirales; Lachnospiraceae
ASV2694,Bacteria,Proteobacteria,Alphaproteobacteria,Rhizobiales,Hyphomicrobiaceae,Hyphomicrobium,,Rhizobiales; Hyphomicrobiaceae; Hyphomicrobium; ASV2694,Proteobacteria; Rhizobiales; Hyphomicrobiaceae
ASV2695,Bacteria,Bdellovibrionota,Oligoflexia,Oligoflexales,Oligoflexales,Oligoflexus,Thymallus_thymallus,Oligoflexales; Oligoflexales; Oligoflexus; Thymallus_thymallus; ASV2695,Bdellovibrionota; Oligoflexales; Oligoflexales
ASV2696,Bacteria,Proteobacteria,Alphaproteobacteria,Rhizobiales,Rhizobiaceae,Allorhizobium-Neorhizobium-Pararhizobium-Rhizobium,,Rhizobiales; Rhizobiaceae; Allorhizobium-Neorhizobium-Pararhizobium-Rhizobium; ASV2696,Proteobacteria; Rhizobiales; Rhizobiaceae
ASV2697,Bacteria,Actinobacteriota,Actinobacteria,Propionibacteriales,Propionibacteriaceae,Cutibacterium,,Propionibacteriales; Propionibacteriaceae; Cutibacterium; ASV2697,Actinobacteriota; Propionibacteriales; Propionibacteriaceae
ASV2698,Bacteria,Proteobacteria,Alphaproteobacteria,Rhizobiales,Rhizobiaceae,Allorhizobium-Neorhizobium-Pararhizobium-Rhizobium,,Rhizobiales; Rhizobiaceae; Allorhizobium-Neorhizobium-Pararhizobium-Rhizobium; ASV2698,Proteobacteria; Rhizobiales; Rhizobiaceae
ASV2699,Bacteria,Firmicutes,Bacilli,Paenibacillales,Paenibacillaceae,Paenibacillus,,Paenibacillales; Paenibacillaceae; Paenibacillus; ASV2699,Firmicutes; Paenibacillales; Paenibacillaceae
ASV2700,Bacteria,Proteobacteria,Alphaproteobacteria,Holosporales,Holosporaceae,,uncultured_bacterium,Holosporales; Holosporaceae; uncultured_bacterium; ASV2700,Proteobacteria; Holosporales; Holosporaceae
ASV2701,Bacteria,Firmicutes,Clostridia,Oscillospirales,Ruminococcaceae,,,Oscillospirales; Ruminococcaceae; ASV2701,Firmicutes; Oscillospirales; Ruminococcaceae
ASV2702,Bacteria,Proteobacteria,Alphaproteobacteria,Rhizobiales,Beijerinckiaceae,Bosea,,Rhizobiales; Beijerinckiaceae; Bosea; ASV2702,Proteobacteria; Rhizobiales; Beijerinckiaceae
ASV2703,Bacteria,Firmicutes,Clostridia,Lachnospirales,Lachnospiraceae,Tyzzerella,,Lachnospirales; Lachnospiraceae; Tyzzerella; ASV2703,Firmicutes; Lachnospirales; Lachnospiraceae
ASV2704,Bacteria,Actinobacteriota,Actinobacteria,Corynebacteriales,Nocardiaceae,Rhodococcus,,Corynebacteriales; Nocardiaceae; Rhodococcus; ASV2704,Actinobacteriota; Corynebacteriales; Nocardiaceae
ASV2705,Bacteria,Firmicutes,Bacilli,Lactobacillales,Streptococcaceae,Lactococcus,,Lactobacillales; Streptococcaceae; Lactococcus; ASV2705,Firmicutes; Lactobacillales; Streptococcaceae
ASV2706,Bacteria,Firmicutes,Clostridia,Clostridiales,Clostridiaceae,,,Clostridiales; Clostridiaceae; ASV2706,Firmicutes; Clostridiales; Clostridiaceae
ASV2707,Bacteria,Verrucomicrobiota,Chlamydiae,Chlamydiales,Parachlamydiaceae,Neochlamydia,,Chlamydiales; Parachlamydiaceae; Neochlamydia; ASV2707,Verrucomicrobiota; Chlamydiales; Parachlamydiaceae
ASV2708,Bacteria,Cyanobacteria,Cyanobacteriia,Cyanobacteriales,Chroococcidiopsaceae,,uncultured_bacterium,Cyanobacteriales; Chroococcidiopsaceae; uncultured_bacterium; ASV2708,Cyanobacteria; Cyanobacteriales; Chroococcidiopsaceae
ASV2709,Bacteria,Chloroflexi,Ktedonobacteria,Ktedonobacterales,Ktedonobacteraceae,,uncultured_Ktedobacteria,Ktedonobacterales; Ktedonobacteraceae; uncultured_Ktedobacteria; ASV2709,Chloroflexi; Ktedonobacterales; Ktedonobacteraceae
ASV2710,Bacteria,Chloroflexi,Chloroflexia,Thermomicrobiales,JG30-KF-CM45,JG30-KF-CM45,uncultured_soil,Thermomicrobiales; JG30-KF-CM45; JG30-KF-CM45; uncultured_soil; ASV2710,Chloroflexi; Thermomicrobiales; JG30-KF-CM45
ASV2711,Bacteria,Proteobacteria,Gammaproteobacteria,Alteromonadales,Colwelliaceae,Colwellia,,Alteromonadales; Colwelliaceae; Colwellia; ASV2711,Proteobacteria; Alteromonadales; Colwelliaceae
ASV2712,Bacteria,Proteobacteria,Gammaproteobacteria,Legionellales,Legionellaceae,Legionella,uncultured_bacterium,Legionellales; Legionellaceae; Legionella; uncultured_bacterium; ASV2712,Proteobacteria; Legionellales; Legionellaceae
ASV2713,Bacteria,Firmicutes,Bacilli,Lactobacillales,Streptococcaceae,Lactococcus,,Lactobacillales; Streptococcaceae; Lactococcus; ASV2713,Firmicutes; Lactobacillales; Streptococcaceae
ASV2714,Bacteria,Verrucomicrobiota,Verrucomicrobiae,Chthoniobacterales,Chthoniobacteraceae,Candidatus_Udaeobacter,,Chthoniobacterales; Chthoniobacteraceae; Candidatus_Udaeobacter; ASV2714,Verrucomicrobiota; Chthoniobacterales; Chthoniobacteraceae
ASV2715,Bacteria,Planctomycetota,Planctomycetes,Pirellulales,Pirellulaceae,,uncultured_bacterium,Pirellulales; Pirellulaceae; uncultured_bacterium; ASV2715,Planctomycetota; Pirellulales; Pirellulaceae
ASV2716,Bacteria,Proteobacteria,Gammaproteobacteria,Diplorickettsiales,Diplorickettsiaceae,,,Diplorickettsiales; Diplorickettsiaceae; ASV2716,Proteobacteria; Diplorickettsiales; Diplorickettsiaceae
ASV2717,Bacteria,Patescibacteria,Gracilibacteria,Gracilibacteria,Gracilibacteria,Gracilibacteria,uncultured_beta,Gracilibacteria; Gracilibacteria; Gracilibacteria; uncultured_beta; ASV2717,Patescibacteria; Gracilibacteria; Gracilibacteria
ASV2718,Bacteria,Proteobacteria,Gammaproteobacteria,Alteromonadales,Alteromonadaceae,Glaciecola,,Alteromonadales; Alteromonadaceae; Glaciecola; ASV2718,Proteobacteria; Alteromonadales; Alteromonadaceae
ASV2719,Bacteria,Firmicutes,Bacilli,Lactobacillales,Streptococcaceae,Lactococcus,,Lactobacillales; Streptococcaceae; Lactococcus; ASV2719,Firmicutes; Lactobacillales; Streptococcaceae
ASV2720,Bacteria,Firmicutes,Clostridia,Peptostreptococcales-Tissierellales,,,,Peptostreptococcales-Tissierellales; ASV2720,Firmicutes; Peptostreptococcales-Tissierellales
ASV2721,Bacteria,Proteobacteria,Gammaproteobacteria,SAR86_clade,SAR86_clade,SAR86_clade,,SAR86_clade; SAR86_clade; SAR86_clade; ASV2721,Proteobacteria; SAR86_clade; SAR86_clade
ASV2722,Bacteria,Bacteroidota,Bacteroidia,Bacteroidales,Dysgonomonadaceae,Dysgonomonas,Dysgonomonas_alginatilytica,Bacteroidales; Dysgonomonadaceae; Dysgonomonas; Dysgonomonas_alginatilytica; ASV2722,Bacteroidota; Bacteroidales; Dysgonomonadaceae
ASV2723,Bacteria,Firmicutes,Bacilli,Paenibacillales,Paenibacillaceae,Saccharibacillus,Saccharibacillus_deserti,Paenibacillales; Paenibacillaceae; Saccharibacillus; Saccharibacillus_deserti; ASV2723,Firmicutes; Paenibacillales; Paenibacillaceae
ASV2724,Bacteria,Firmicutes,Clostridia,Oscillospirales,Ruminococcaceae,,,Oscillospirales; Ruminococcaceae; ASV2724,Firmicutes; Oscillospirales; Ruminococcaceae
ASV2725,Bacteria,Proteobacteria,Gammaproteobacteria,,,,uncultured_bacterium,uncultured_bacterium; ASV2725,Proteobacteria
ASV2726,Bacteria,Proteobacteria,Alphaproteobacteria,Rhizobiales,Rhizobiales_Incertae_Sedis,Phreatobacter,,Rhizobiales; Rhizobiales_Incertae_Sedis; Phreatobacter; ASV2726,Proteobacteria; Rhizobiales; Rhizobiales_Incertae_Sedis
ASV2727,Bacteria,Proteobacteria,Alphaproteobacteria,Rhizobiales,Beijerinckiaceae,Bosea,,Rhizobiales; Beijerinckiaceae; Bosea; ASV2727,Proteobacteria; Rhizobiales; Beijerinckiaceae
ASV2728,Bacteria,Verrucomicrobiota,Chlamydiae,Chlamydiales,Parachlamydiaceae,,,Chlamydiales; Parachlamydiaceae; ASV2728,Verrucomicrobiota; Chlamydiales; Parachlamydiaceae
ASV2729,Bacteria,Actinobacteriota,Actinobacteria,Corynebacteriales,Corynebacteriaceae,Corynebacterium,,Corynebacteriales; Corynebacteriaceae; Corynebacterium; ASV2729,Actinobacteriota; Corynebacteriales; Corynebacteriaceae
ASV2730,Bacteria,Cyanobacteria,Cyanobacteriia,Cyanobacteriales,Chroococcidiopsaceae,Aliterella,uncultured_bacterium,Cyanobacteriales; Chroococcidiopsaceae; Aliterella; uncultured_bacterium; ASV2730,Cyanobacteria; Cyanobacteriales; Chroococcidiopsaceae
ASV2731,Bacteria,Proteobacteria,Alphaproteobacteria,Rhizobiales,Beijerinckiaceae,Methylobacterium-Methylorubrum,uncultured_bacterium,Rhizobiales; Beijerinckiaceae; Methylobacterium-Methylorubrum; uncultured_bacterium; ASV2731,Proteobacteria; Rhizobiales; Beijerinckiaceae
ASV2732,Bacteria,Firmicutes,Clostridia,Clostridiales,Clostridiaceae,Clostridium_sensu_stricto_1,,Clostridiales; Clostridiaceae; Clostridium_sensu_stricto_1; ASV2732,Firmicutes; Clostridiales; Clostridiaceae
ASV2733,Bacteria,Chloroflexi,Ktedonobacteria,Ktedonobacterales,Ktedonobacteraceae,,,Ktedonobacterales; Ktedonobacteraceae; ASV2733,Chloroflexi; Ktedonobacterales; Ktedonobacteraceae
ASV2734,Bacteria,Proteobacteria,Gammaproteobacteria,Legionellales,Legionellaceae,Legionella,,Legionellales; Legionellaceae; Legionella; ASV2734,Proteobacteria; Legionellales; Legionellaceae
ASV2735,Bacteria,Myxococcota,Polyangia,Haliangiales,Haliangiaceae,Haliangium,uncultured_bacterium,Haliangiales; Haliangiaceae; Haliangium; uncultured_bacterium; ASV2735,Myxococcota; Haliangiales; Haliangiaceae
ASV2736,Bacteria,Planctomycetota,Planctomycetes,Gemmatales,Gemmataceae,Gemmata,,Gemmatales; Gemmataceae; Gemmata; ASV2736,Planctomycetota; Gemmatales; Gemmataceae
ASV2737,Bacteria,Proteobacteria,Alphaproteobacteria,Sphingomonadales,Sphingomonadaceae,,,Sphingomonadales; Sphingomonadaceae; ASV2737,Proteobacteria; Sphingomonadales; Sphingomonadaceae
ASV2738,Bacteria,Proteobacteria,Alphaproteobacteria,Rhizobiales,Beijerinckiaceae,Bosea,,Rhizobiales; Beijerinckiaceae; Bosea; ASV2738,Proteobacteria; Rhizobiales; Beijerinckiaceae
ASV2739,Bacteria,Bacteroidota,Bacteroidia,Chitinophagales,Chitinophagaceae,,uncultured_bacterium,Chitinophagales; Chitinophagaceae; uncultured_bacterium; ASV2739,Bacteroidota; Chitinophagales; Chitinophagaceae
ASV2740,Bacteria,Dependentiae,Babeliae,Babeliales,Babeliaceae,Babeliaceae,uncultured_bacterium,Babeliales; Babeliaceae; Babeliaceae; uncultured_bacterium; ASV2740,Dependentiae; Babeliales; Babeliaceae
ASV2741,Bacteria,Firmicutes,Clostridia,Clostridiales,Clostridiaceae,Clostridium_sensu_stricto_1,,Clostridiales; Clostridiaceae; Clostridium_sensu_stricto_1; ASV2741,Firmicutes; Clostridiales; Clostridiaceae
ASV2742,Bacteria,Acidobacteriota,Acidobacteriae,Acidobacteriae,Acidobacteriae,Paludibaculum,,Acidobacteriae; Acidobacteriae; Paludibaculum; ASV2742,Acidobacteriota; Acidobacteriae; Acidobacteriae
ASV2743,Bacteria,Bacteroidota,Bacteroidia,Flavobacteriales,Weeksellaceae,Chryseobacterium,,Flavobacteriales; Weeksellaceae; Chryseobacterium; ASV2743,Bacteroidota; Flavobacteriales; Weeksellaceae
ASV2744,Bacteria,Bacteroidota,Bacteroidia,Flavobacteriales,Cryomorphaceae,,uncultured_Sphingobacterium,Flavobacteriales; Cryomorphaceae; uncultured_Sphingobacterium; ASV2744,Bacteroidota; Flavobacteriales; Cryomorphaceae
ASV2745,Bacteria,Verrucomicrobiota,Chlamydiae,Chlamydiales,Parachlamydiaceae,,,Chlamydiales; Parachlamydiaceae; ASV2745,Verrucomicrobiota; Chlamydiales; Parachlamydiaceae
ASV2746,Bacteria,Verrucomicrobiota,Verrucomicrobiae,Chthoniobacterales,Chthoniobacteraceae,Candidatus_Udaeobacter,,Chthoniobacterales; Chthoniobacteraceae; Candidatus_Udaeobacter; ASV2746,Verrucomicrobiota; Chthoniobacterales; Chthoniobacteraceae
ASV2747,Bacteria,Proteobacteria,Alphaproteobacteria,Caulobacterales,Caulobacteraceae,Phenylobacterium,,Caulobacterales; Caulobacteraceae; Phenylobacterium; ASV2747,Proteobacteria; Caulobacterales; Caulobacteraceae
ASV2748,Bacteria,Verrucomicrobiota,Chlamydiae,Chlamydiales,Parachlamydiaceae,Neochlamydia,metagenome,Chlamydiales; Parachlamydiaceae; Neochlamydia; metagenome; ASV2748,Verrucomicrobiota; Chlamydiales; Parachlamydiaceae
ASV2749,Bacteria,Bacteroidota,Bacteroidia,Cytophagales,Spirosomaceae,Dyadobacter,,Cytophagales; Spirosomaceae; Dyadobacter; ASV2749,Bacteroidota; Cytophagales; Spirosomaceae
ASV2750,Bacteria,Firmicutes,Bacilli,Paenibacillales,Paenibacillaceae,Paenibacillus,,Paenibacillales; Paenibacillaceae; Paenibacillus; ASV2750,Firmicutes; Paenibacillales; Paenibacillaceae
ASV2751,Bacteria,Planctomycetota,Planctomycetes,Gemmatales,Gemmataceae,Fimbriiglobus,metagenome,Gemmatales; Gemmataceae; Fimbriiglobus; metagenome; ASV2751,Planctomycetota; Gemmatales; Gemmataceae
ASV2752,Bacteria,Firmicutes,Bacilli,Paenibacillales,Paenibacillaceae,Paenibacillus,,Paenibacillales; Paenibacillaceae; Paenibacillus; ASV2752,Firmicutes; Paenibacillales; Paenibacillaceae
ASV2753,Bacteria,Proteobacteria,Alphaproteobacteria,Rhizobiales,Xanthobacteraceae,Tardiphaga,uncultured_bacterium,Rhizobiales; Xanthobacteraceae; Tardiphaga; uncultured_bacterium; ASV2753,Proteobacteria; Rhizobiales; Xanthobacteraceae
ASV2754,Bacteria,Planctomycetota,Planctomycetes,Gemmatales,Gemmataceae,Fimbriiglobus,uncultured_bacterium,Gemmatales; Gemmataceae; Fimbriiglobus; uncultured_bacterium; ASV2754,Planctomycetota; Gemmatales; Gemmataceae
ASV2755,Bacteria,Proteobacteria,Alphaproteobacteria,Rhizobiales,Devosiaceae,Devosia,,Rhizobiales; Devosiaceae; Devosia; ASV2755,Proteobacteria; Rhizobiales; Devosiaceae
ASV2756,Bacteria,Planctomycetota,Planctomycetes,Gemmatales,Gemmataceae,,,Gemmatales; Gemmataceae; ASV2756,Planctomycetota; Gemmatales; Gemmataceae
ASV2757,Bacteria,Proteobacteria,Gammaproteobacteria,Burkholderiales,Oxalobacteraceae,Herminiimonas,,Burkholderiales; Oxalobacteraceae; Herminiimonas; ASV2757,Proteobacteria; Burkholderiales; Oxalobacteraceae
ASV2758,Bacteria,Planctomycetota,Planctomycetes,Gemmatales,Gemmataceae,Gemmata,uncultured_bacterium,Gemmatales; Gemmataceae; Gemmata; uncultured_bacterium; ASV2758,Planctomycetota; Gemmatales; Gemmataceae
ASV2759,Bacteria,Proteobacteria,Gammaproteobacteria,,,,,ASV2759,Proteobacteria
ASV2760,Bacteria,Planctomycetota,Planctomycetes,Planctomycetales,Rubinisphaeraceae,,metagenome,Planctomycetales; Rubinisphaeraceae; metagenome; ASV2760,Planctomycetota; Planctomycetales; Rubinisphaeraceae
ASV2761,Bacteria,Chloroflexi,Ktedonobacteria,Ktedonobacterales,JG30-KF-AS9,JG30-KF-AS9,uncultured_Ktedonobacterales,Ktedonobacterales; JG30-KF-AS9; JG30-KF-AS9; uncultured_Ktedonobacterales; ASV2761,Chloroflexi; Ktedonobacterales; JG30-KF-AS9
ASV2762,Bacteria,Bacteroidota,Bacteroidia,Flavobacteriales,Cryomorphaceae,,,Flavobacteriales; Cryomorphaceae; ASV2762,Bacteroidota; Flavobacteriales; Cryomorphaceae
ASV2763,Bacteria,Verrucomicrobiota,Verrucomicrobiae,Verrucomicrobiales,Rubritaleaceae,Luteolibacter,,Verrucomicrobiales; Rubritaleaceae; Luteolibacter; ASV2763,Verrucomicrobiota; Verrucomicrobiales; Rubritaleaceae
ASV2764,Bacteria,Firmicutes,Bacilli,Erysipelotrichales,Erysipelotrichaceae,ZOR0006,uncultured_bacterium,Erysipelotrichales; Erysipelotrichaceae; ZOR0006; uncultured_bacterium; ASV2764,Firmicutes; Erysipelotrichales; Erysipelotrichaceae
ASV2765,Bacteria,Patescibacteria,Saccharimonadia,Saccharimonadales,Saccharimonadaceae,,,Saccharimonadales; Saccharimonadaceae; ASV2765,Patescibacteria; Saccharimonadales; Saccharimonadaceae
ASV2766,Bacteria,Proteobacteria,Alphaproteobacteria,Rhodobacterales,Rhodobacteraceae,,,Rhodobacterales; Rhodobacteraceae; ASV2766,Proteobacteria; Rhodobacterales; Rhodobacteraceae
ASV2767,Bacteria,Proteobacteria,Gammaproteobacteria,Burkholderiales,Comamonadaceae,,,Burkholderiales; Comamonadaceae; ASV2767,Proteobacteria; Burkholderiales; Comamonadaceae
ASV2768,Bacteria,Proteobacteria,Alphaproteobacteria,Rhizobiales,Devosiaceae,Devosia,,Rhizobiales; Devosiaceae; Devosia; ASV2768,Proteobacteria; Rhizobiales; Devosiaceae
ASV2769,Bacteria,Proteobacteria,Gammaproteobacteria,,,,uncultured_bacterium,uncultured_bacterium; ASV2769,Proteobacteria
ASV2770,Bacteria,Proteobacteria,Gammaproteobacteria,Xanthomonadales,Xanthomonadaceae,Stenotrophomonas,,Xanthomonadales; Xanthomonadaceae; Stenotrophomonas; ASV2770,Proteobacteria; Xanthomonadales; Xanthomonadaceae
ASV2771,Bacteria,Chloroflexi,JG30-KF-CM66,JG30-KF-CM66,JG30-KF-CM66,JG30-KF-CM66,,JG30-KF-CM66; JG30-KF-CM66; JG30-KF-CM66; ASV2771,Chloroflexi; JG30-KF-CM66; JG30-KF-CM66
ASV2772,Bacteria,Bacteroidota,Bacteroidia,Bacteroidales,Dysgonomonadaceae,Dysgonomonas,Dysgonomonas_alginatilytica,Bacteroidales; Dysgonomonadaceae; Dysgonomonas; Dysgonomonas_alginatilytica; ASV2772,Bacteroidota; Bacteroidales; Dysgonomonadaceae
ASV2773,Bacteria,Proteobacteria,Alphaproteobacteria,Rhizobiales,Devosiaceae,Devosia,,Rhizobiales; Devosiaceae; Devosia; ASV2773,Proteobacteria; Rhizobiales; Devosiaceae
ASV2774,Bacteria,Planctomycetota,Planctomycetes,Pirellulales,Pirellulaceae,Blastopirellula,uncultured_planctomycete,Pirellulales; Pirellulaceae; Blastopirellula; uncultured_planctomycete; ASV2774,Planctomycetota; Pirellulales; Pirellulaceae
ASV2775,Bacteria,Patescibacteria,Saccharimonadia,Saccharimonadales,Saccharimonadales,Saccharimonadales,metagenome,Saccharimonadales; Saccharimonadales; Saccharimonadales; metagenome; ASV2775,Patescibacteria; Saccharimonadales; Saccharimonadales
ASV2776,Bacteria,Patescibacteria,Saccharimonadia,Saccharimonadales,Saccharimonadales,Saccharimonadales,uncultured_Candidatus,Saccharimonadales; Saccharimonadales; Saccharimonadales; uncultured_Candidatus; ASV2776,Patescibacteria; Saccharimonadales; Saccharimonadales
ASV2777,Bacteria,Planctomycetota,Planctomycetes,Gemmatales,Gemmataceae,,uncultured_bacterium,Gemmatales; Gemmataceae; uncultured_bacterium; ASV2777,Planctomycetota; Gemmatales; Gemmataceae
ASV2778,Bacteria,Proteobacteria,Alphaproteobacteria,Caulobacterales,Caulobacteraceae,Brevundimonas,,Caulobacterales; Caulobacteraceae; Brevundimonas; ASV2778,Proteobacteria; Caulobacterales; Caulobacteraceae
ASV2779,Bacteria,Actinobacteriota,Thermoleophilia,Solirubrobacterales,67-14,67-14,uncultured_Rubrobacteraceae,Solirubrobacterales; 67-14; 67-14; uncultured_Rubrobacteraceae; ASV2779,Actinobacteriota; Solirubrobacterales; 67-14
ASV2780,Bacteria,Proteobacteria,Alphaproteobacteria,Rhodobacterales,Rhodobacteraceae,,,Rhodobacterales; Rhodobacteraceae; ASV2780,Proteobacteria; Rhodobacterales; Rhodobacteraceae
ASV2781,Bacteria,Proteobacteria,Alphaproteobacteria,Rhizobiales,Rhizobiaceae,Allorhizobium-Neorhizobium-Pararhizobium-Rhizobium,,Rhizobiales; Rhizobiaceae; Allorhizobium-Neorhizobium-Pararhizobium-Rhizobium; ASV2781,Proteobacteria; Rhizobiales; Rhizobiaceae
ASV2782,Bacteria,Proteobacteria,Gammaproteobacteria,Burkholderiales,Alcaligenaceae,Achromobacter,,Burkholderiales; Alcaligenaceae; Achromobacter; ASV2782,Proteobacteria; Burkholderiales; Alcaligenaceae
ASV2783,Bacteria,Firmicutes,Bacilli,Lactobacillales,Streptococcaceae,Lactococcus,,Lactobacillales; Streptococcaceae; Lactococcus; ASV2783,Firmicutes; Lactobacillales; Streptococcaceae
ASV2784,Bacteria,Actinobacteriota,Actinobacteria,Micrococcales,Micrococcaceae,Paeniglutamicibacter,,Micrococcales; Micrococcaceae; Paeniglutamicibacter; ASV2784,Actinobacteriota; Micrococcales; Micrococcaceae
ASV2785,Bacteria,Armatimonadota,Fimbriimonadia,Fimbriimonadales,Fimbriimonadaceae,Fimbriimonadaceae,uncultured_bacterium,Fimbriimonadales; Fimbriimonadaceae; Fimbriimonadaceae; uncultured_bacterium; ASV2785,Armatimonadota; Fimbriimonadales; Fimbriimonadaceae
ASV2786,Bacteria,Verrucomicrobiota,Verrucomicrobiae,Verrucomicrobiales,Verrucomicrobiaceae,Prosthecobacter,,Verrucomicrobiales; Verrucomicrobiaceae; Prosthecobacter; ASV2786,Verrucomicrobiota; Verrucomicrobiales; Verrucomicrobiaceae
ASV2787,Bacteria,Myxococcota,Polyangia,Blfdi19,Blfdi19,Blfdi19,uncultured_bacterium,Blfdi19; Blfdi19; Blfdi19; uncultured_bacterium; ASV2787,Myxococcota; Blfdi19; Blfdi19
ASV2788,Bacteria,Patescibacteria,Saccharimonadia,Saccharimonadales,,,,Saccharimonadales; ASV2788,Patescibacteria; Saccharimonadales
ASV2789,Bacteria,Bacteroidota,Bacteroidia,Flavobacteriales,Flavobacteriaceae,Ulvibacter,uncultured_marine,Flavobacteriales; Flavobacteriaceae; Ulvibacter; uncultured_marine; ASV2789,Bacteroidota; Flavobacteriales; Flavobacteriaceae
ASV2790,Bacteria,Firmicutes,Clostridia,,,,,ASV2790,Firmicutes
ASV2791,Bacteria,Actinobacteriota,RBG-16-55-12,RBG-16-55-12,RBG-16-55-12,RBG-16-55-12,uncultured_actinomycete,RBG-16-55-12; RBG-16-55-12; RBG-16-55-12; uncultured_actinomycete; ASV2791,Actinobacteriota; RBG-16-55-12; RBG-16-55-12
ASV2792,Bacteria,Bacteroidota,Bacteroidia,Chitinophagales,Chitinophagaceae,Taibaiella,,Chitinophagales; Chitinophagaceae; Taibaiella; ASV2792,Bacteroidota; Chitinophagales; Chitinophagaceae
ASV2793,Bacteria,Proteobacteria,Gammaproteobacteria,Oceanospirillales,Marinomonadaceae,Marinomonas,,Oceanospirillales; Marinomonadaceae; Marinomonas; ASV2793,Proteobacteria; Oceanospirillales; Marinomonadaceae
ASV2794,Bacteria,Planctomycetota,Planctomycetes,Pirellulales,Pirellulaceae,,Planctomycetaceae,Pirellulales; Pirellulaceae; Planctomycetaceae; ASV2794,Planctomycetota; Pirellulales; Pirellulaceae
ASV2795,Bacteria,Verrucomicrobiota,Verrucomicrobiae,Verrucomicrobiales,Rubritaleaceae,Persicirhabdus,uncultured_bacterium,Verrucomicrobiales; Rubritaleaceae; Persicirhabdus; uncultured_bacterium; ASV2795,Verrucomicrobiota; Verrucomicrobiales; Rubritaleaceae
ASV2796,Bacteria,Firmicutes,Clostridia,Lachnospirales,Lachnospiraceae,Tyzzerella,,Lachnospirales; Lachnospiraceae; Tyzzerella; ASV2796,Firmicutes; Lachnospirales; Lachnospiraceae
ASV2797,Bacteria,Marinimicrobia_(SAR406_clade),Marinimicrobia_(SAR406_clade),Marinimicrobia_(SAR406_clade),Marinimicrobia_(SAR406_clade),Marinimicrobia_(SAR406_clade),unidentified_marine,Marinimicrobia_(SAR406_clade); Marinimicrobia_(SAR406_clade); Marinimicrobia_(SAR406_clade); unidentified_marine; ASV2797,Marinimicrobia_(SAR406_clade); Marinimicrobia_(SAR406_clade); Marinimicrobia_(SAR406_clade)
ASV2798,Bacteria,Proteobacteria,Gammaproteobacteria,SAR86_clade,SAR86_clade,SAR86_clade,,SAR86_clade; SAR86_clade; SAR86_clade; ASV2798,Proteobacteria; SAR86_clade; SAR86_clade
ASV2799,Bacteria,Bacteroidota,Bacteroidia,Chitinophagales,Chitinophagaceae,Taibaiella,,Chitinophagales; Chitinophagaceae; Taibaiella; ASV2799,Bacteroidota; Chitinophagales; Chitinophagaceae
ASV2800,Bacteria,Bacteroidota,Bacteroidia,Flavobacteriales,Weeksellaceae,Chryseobacterium,,Flavobacteriales; Weeksellaceae; Chryseobacterium; ASV2800,Bacteroidota; Flavobacteriales; Weeksellaceae
ASV2801,Bacteria,Proteobacteria,Alphaproteobacteria,Sphingomonadales,Sphingomonadaceae,Novosphingobium,,Sphingomonadales; Sphingomonadaceae; Novosphingobium; ASV2801,Proteobacteria; Sphingomonadales; Sphingomonadaceae
ASV2802,Bacteria,Proteobacteria,Gammaproteobacteria,Vibrionales,Vibrionaceae,Vibrio,,Vibrionales; Vibrionaceae; Vibrio; ASV2802,Proteobacteria; Vibrionales; Vibrionaceae
ASV2803,Bacteria,Proteobacteria,Alphaproteobacteria,Puniceispirillales,SAR116_clade,Candidatus_Puniceispirillum,uncultured_bacterium,Puniceispirillales; SAR116_clade; Candidatus_Puniceispirillum; uncultured_bacterium; ASV2803,Proteobacteria; Puniceispirillales; SAR116_clade
ASV2804,Bacteria,Cyanobacteria,Cyanobacteriia,Cyanobacteriales,Microcystaceae,Microcystis_PCC-7914,,Cyanobacteriales; Microcystaceae; Microcystis_PCC-7914; ASV2804,Cyanobacteria; Cyanobacteriales; Microcystaceae
ASV2805,Bacteria,Proteobacteria,Alphaproteobacteria,Rhizobiales,Beijerinckiaceae,Bosea,,Rhizobiales; Beijerinckiaceae; Bosea; ASV2805,Proteobacteria; Rhizobiales; Beijerinckiaceae
ASV2806,Bacteria,Planctomycetota,Planctomycetes,Planctomycetales,Schlesneriaceae,Schlesneria,uncultured_planctomycete,Planctomycetales; Schlesneriaceae; Schlesneria; uncultured_planctomycete; ASV2806,Planctomycetota; Planctomycetales; Schlesneriaceae
ASV2807,Bacteria,Chloroflexi,AD3,AD3,AD3,AD3,uncultured_Chloroflexi,AD3; AD3; AD3; uncultured_Chloroflexi; ASV2807,Chloroflexi; AD3; AD3
ASV2808,Bacteria,Firmicutes,Bacilli,Lactobacillales,,,,Lactobacillales; ASV2808,Firmicutes; Lactobacillales
ASV2809,Bacteria,Bacteroidota,Bacteroidia,Flavobacteriales,NS9_marine_group,NS9_marine_group,uncultured_Flavobacterium,Flavobacteriales; NS9_marine_group; NS9_marine_group; uncultured_Flavobacterium; ASV2809,Bacteroidota; Flavobacteriales; NS9_marine_group
ASV2810,Bacteria,Actinobacteriota,Actinobacteria,Frankiales,Acidothermaceae,Acidothermus,uncultured_bacterium,Frankiales; Acidothermaceae; Acidothermus; uncultured_bacterium; ASV2810,Actinobacteriota; Frankiales; Acidothermaceae
ASV2811,Bacteria,Actinobacteriota,Actinobacteria,Corynebacteriales,Nocardiaceae,Nocardia,,Corynebacteriales; Nocardiaceae; Nocardia; ASV2811,Actinobacteriota; Corynebacteriales; Nocardiaceae
ASV2812,Bacteria,Proteobacteria,Alphaproteobacteria,Rhizobiales,Beijerinckiaceae,,,Rhizobiales; Beijerinckiaceae; ASV2812,Proteobacteria; Rhizobiales; Beijerinckiaceae
ASV2813,Bacteria,Bacteroidota,Bacteroidia,Cytophagales,Cyclobacteriaceae,Marinoscillum,uncultured_Cytophagia,Cytophagales; Cyclobacteriaceae; Marinoscillum; uncultured_Cytophagia; ASV2813,Bacteroidota; Cytophagales; Cyclobacteriaceae
ASV2814,Bacteria,Firmicutes,Clostridia,Peptostreptococcales-Tissierellales,Peptostreptococcales-Tissierellales,Ezakiella,uncultured_bacterium,Peptostreptococcales-Tissierellales; Peptostreptococcales-Tissierellales; Ezakiella; uncultured_bacterium; ASV2814,Firmicutes; Peptostreptococcales-Tissierellales; Peptostreptococcales-Tissierellales
ASV2815,Bacteria,Proteobacteria,Gammaproteobacteria,Vibrionales,Vibrionaceae,Vibrio,,Vibrionales; Vibrionaceae; Vibrio; ASV2815,Proteobacteria; Vibrionales; Vibrionaceae
ASV2816,Bacteria,Proteobacteria,,,,,,ASV2816,Proteobacteria
ASV2817,Bacteria,Armatimonadota,Armatimonadia,Armatimonadales,Armatimonadales,Armatimonadales,uncultured_bacterium,Armatimonadales; Armatimonadales; Armatimonadales; uncultured_bacterium; ASV2817,Armatimonadota; Armatimonadales; Armatimonadales
ASV2818,Bacteria,Proteobacteria,Gammaproteobacteria,Oceanospirillales,Pseudohongiellaceae,Pseudohongiella,,Oceanospirillales; Pseudohongiellaceae; Pseudohongiella; ASV2818,Proteobacteria; Oceanospirillales; Pseudohongiellaceae
ASV2819,Bacteria,Planctomycetota,Planctomycetes,Gemmatales,Gemmataceae,,uncultured_bacterium,Gemmatales; Gemmataceae; uncultured_bacterium; ASV2819,Planctomycetota; Gemmatales; Gemmataceae
ASV2820,Bacteria,Chloroflexi,Ktedonobacteria,Ktedonobacterales,Ktedonobacteraceae,,uncultured_Ktedobacteria,Ktedonobacterales; Ktedonobacteraceae; uncultured_Ktedobacteria; ASV2820,Chloroflexi; Ktedonobacterales; Ktedonobacteraceae
ASV2821,Bacteria,Verrucomicrobiota,Chlamydiae,Chlamydiales,Parachlamydiaceae,Candidatus_Protochlamydia,metagenome,Chlamydiales; Parachlamydiaceae; Candidatus_Protochlamydia; metagenome; ASV2821,Verrucomicrobiota; Chlamydiales; Parachlamydiaceae
ASV2822,Bacteria,Campilobacterota,Campylobacteria,Campylobacterales,Arcobacteraceae,,,Campylobacterales; Arcobacteraceae; ASV2822,Campilobacterota; Campylobacterales; Arcobacteraceae
ASV2823,Bacteria,Firmicutes,Clostridia,Peptostreptococcales-Tissierellales,Peptostreptococcales-Tissierellales,Ezakiella,uncultured_bacterium,Peptostreptococcales-Tissierellales; Peptostreptococcales-Tissierellales; Ezakiella; uncultured_bacterium; ASV2823,Firmicutes; Peptostreptococcales-Tissierellales; Peptostreptococcales-Tissierellales
ASV2824,Bacteria,Deinococcota,Deinococci,Deinococcales,Deinococcaceae,Deinococcus,Deinococcus_sp.,Deinococcales; Deinococcaceae; Deinococcus; Deinococcus_sp.; ASV2824,Deinococcota; Deinococcales; Deinococcaceae
ASV2825,Bacteria,Dependentiae,Babeliae,Babeliales,Babeliaceae,Babeliaceae,uncultured_bacterium,Babeliales; Babeliaceae; Babeliaceae; uncultured_bacterium; ASV2825,Dependentiae; Babeliales; Babeliaceae
ASV2826,Bacteria,Chloroflexi,Ktedonobacteria,B12-WMSP1,B12-WMSP1,B12-WMSP1,uncultured_bacterium,B12-WMSP1; B12-WMSP1; B12-WMSP1; uncultured_bacterium; ASV2826,Chloroflexi; B12-WMSP1; B12-WMSP1
ASV2827,Bacteria,Firmicutes,Clostridia,Peptostreptococcales-Tissierellales,Peptostreptococcales-Tissierellales,Anaerococcus,,Peptostreptococcales-Tissierellales; Peptostreptococcales-Tissierellales; Anaerococcus; ASV2827,Firmicutes; Peptostreptococcales-Tissierellales; Peptostreptococcales-Tissierellales
ASV2828,Bacteria,Armatimonadota,Fimbriimonadia,Fimbriimonadales,Fimbriimonadaceae,Fimbriimonadaceae,,Fimbriimonadales; Fimbriimonadaceae; Fimbriimonadaceae; ASV2828,Armatimonadota; Fimbriimonadales; Fimbriimonadaceae
ASV2829,Bacteria,Firmicutes,Clostridia,Peptostreptococcales-Tissierellales,Peptostreptococcales-Tissierellales,Anaerococcus,,Peptostreptococcales-Tissierellales; Peptostreptococcales-Tissierellales; Anaerococcus; ASV2829,Firmicutes; Peptostreptococcales-Tissierellales; Peptostreptococcales-Tissierellales
ASV2830,Bacteria,Bacteroidota,Bacteroidia,Sphingobacteriales,Sphingobacteriaceae,Sphingobacterium,,Sphingobacteriales; Sphingobacteriaceae; Sphingobacterium; ASV2830,Bacteroidota; Sphingobacteriales; Sphingobacteriaceae
ASV2831,Bacteria,Verrucomicrobiota,Chlamydiae,Chlamydiales,Parachlamydiaceae,,metagenome,Chlamydiales; Parachlamydiaceae; metagenome; ASV2831,Verrucomicrobiota; Chlamydiales; Parachlamydiaceae
ASV2832,Bacteria,Proteobacteria,Gammaproteobacteria,Burkholderiales,Comamonadaceae,,,Burkholderiales; Comamonadaceae; ASV2832,Proteobacteria; Burkholderiales; Comamonadaceae
ASV2833,Bacteria,Firmicutes,Bacilli,Lactobacillales,,,,Lactobacillales; ASV2833,Firmicutes; Lactobacillales
ASV2834,Bacteria,Verrucomicrobiota,Chlamydiae,Chlamydiales,Parachlamydiaceae,,,Chlamydiales; Parachlamydiaceae; ASV2834,Verrucomicrobiota; Chlamydiales; Parachlamydiaceae
ASV2835,Bacteria,Firmicutes,Clostridia,Peptostreptococcales-Tissierellales,Peptostreptococcales-Tissierellales,Anaerococcus,Anaerococcus_vaginalis,Peptostreptococcales-Tissierellales; Peptostreptococcales-Tissierellales; Anaerococcus; Anaerococcus_vaginalis; ASV2835,Firmicutes; Peptostreptococcales-Tissierellales; Peptostreptococcales-Tissierellales
ASV2836,Bacteria,Dependentiae,Babeliae,Babeliales,Babeliaceae,Babeliaceae,uncultured_bacterium,Babeliales; Babeliaceae; Babeliaceae; uncultured_bacterium; ASV2836,Dependentiae; Babeliales; Babeliaceae
ASV2837,Bacteria,Proteobacteria,Alphaproteobacteria,Puniceispirillales,SAR116_clade,SAR116_clade,,Puniceispirillales; SAR116_clade; SAR116_clade; ASV2837,Proteobacteria; Puniceispirillales; SAR116_clade
ASV2838,Bacteria,Planctomycetota,Planctomycetes,Isosphaerales,Isosphaeraceae,Tundrisphaera,uncultured_Singulisphaera,Isosphaerales; Isosphaeraceae; Tundrisphaera; uncultured_Singulisphaera; ASV2838,Planctomycetota; Isosphaerales; Isosphaeraceae
ASV2839,Bacteria,Proteobacteria,Alphaproteobacteria,Parvibaculales,PS1_clade,PS1_clade,,Parvibaculales; PS1_clade; PS1_clade; ASV2839,Proteobacteria; Parvibaculales; PS1_clade
ASV2840,Bacteria,Actinobacteriota,Actinobacteria,Propionibacteriales,Nocardioidaceae,Marmoricola,,Propionibacteriales; Nocardioidaceae; Marmoricola; ASV2840,Actinobacteriota; Propionibacteriales; Nocardioidaceae
ASV2841,Bacteria,Armatimonadota,Fimbriimonadia,Fimbriimonadales,Fimbriimonadaceae,Fimbriimonadaceae,,Fimbriimonadales; Fimbriimonadaceae; Fimbriimonadaceae; ASV2841,Armatimonadota; Fimbriimonadales; Fimbriimonadaceae
ASV2842,Bacteria,Proteobacteria,Alphaproteobacteria,Rhizobiales,Devosiaceae,Devosia,Devosia_limi,Rhizobiales; Devosiaceae; Devosia; Devosia_limi; ASV2842,Proteobacteria; Rhizobiales; Devosiaceae
ASV2843,Bacteria,Chloroflexi,KD4-96,KD4-96,KD4-96,KD4-96,,KD4-96; KD4-96; KD4-96; ASV2843,Chloroflexi; KD4-96; KD4-96
ASV2844,Bacteria,Firmicutes,Bacilli,Lactobacillales,,,,Lactobacillales; ASV2844,Firmicutes; Lactobacillales
ASV2845,Bacteria,Proteobacteria,Alphaproteobacteria,Sphingomonadales,Sphingomonadaceae,Sphingomonas,,Sphingomonadales; Sphingomonadaceae; Sphingomonas; ASV2845,Proteobacteria; Sphingomonadales; Sphingomonadaceae
ASV2846,Bacteria,Firmicutes,Bacilli,Lactobacillales,Enterococcaceae,,,Lactobacillales; Enterococcaceae; ASV2846,Firmicutes; Lactobacillales; Enterococcaceae
ASV2847,Bacteria,Patescibacteria,Saccharimonadia,Saccharimonadales,Saccharimonadaceae,TM7a,uncultured_bacterium,Saccharimonadales; Saccharimonadaceae; TM7a; uncultured_bacterium; ASV2847,Patescibacteria; Saccharimonadales; Saccharimonadaceae
ASV2848,Bacteria,Proteobacteria,Alphaproteobacteria,Puniceispirillales,SAR116_clade,SAR116_clade,,Puniceispirillales; SAR116_clade; SAR116_clade; ASV2848,Proteobacteria; Puniceispirillales; SAR116_clade
ASV2849,Bacteria,Proteobacteria,Gammaproteobacteria,Alteromonadales,Alteromonadaceae,,,Alteromonadales; Alteromonadaceae; ASV2849,Proteobacteria; Alteromonadales; Alteromonadaceae
ASV2850,Bacteria,Proteobacteria,Gammaproteobacteria,Alteromonadales,Alteromonadaceae,Glaciecola,,Alteromonadales; Alteromonadaceae; Glaciecola; ASV2850,Proteobacteria; Alteromonadales; Alteromonadaceae
ASV2851,Bacteria,Proteobacteria,Alphaproteobacteria,Rhodobacterales,Rhodobacteraceae,,,Rhodobacterales; Rhodobacteraceae; ASV2851,Proteobacteria; Rhodobacterales; Rhodobacteraceae
ASV2852,Bacteria,Proteobacteria,Gammaproteobacteria,Burkholderiales,Comamonadaceae,,,Burkholderiales; Comamonadaceae; ASV2852,Proteobacteria; Burkholderiales; Comamonadaceae
ASV2853,Bacteria,Proteobacteria,Alphaproteobacteria,Rhizobiales,Devosiaceae,Devosia,Devosia_limi,Rhizobiales; Devosiaceae; Devosia; Devosia_limi; ASV2853,Proteobacteria; Rhizobiales; Devosiaceae
ASV2854,Bacteria,Firmicutes,Clostridia,Peptostreptococcales-Tissierellales,Anaerovoracaceae,Mogibacterium,,Peptostreptococcales-Tissierellales; Anaerovoracaceae; Mogibacterium; ASV2854,Firmicutes; Peptostreptococcales-Tissierellales; Anaerovoracaceae
ASV2855,Bacteria,Planctomycetota,Planctomycetes,Gemmatales,Gemmataceae,Fimbriiglobus,uncultured_bacterium,Gemmatales; Gemmataceae; Fimbriiglobus; uncultured_bacterium; ASV2855,Planctomycetota; Gemmatales; Gemmataceae
ASV2856,Bacteria,Proteobacteria,Alphaproteobacteria,Rhizobiales,Hyphomicrobiaceae,Hyphomicrobium,,Rhizobiales; Hyphomicrobiaceae; Hyphomicrobium; ASV2856,Proteobacteria; Rhizobiales; Hyphomicrobiaceae
ASV2857,Bacteria,Verrucomicrobiota,Chlamydiae,Chlamydiales,Parachlamydiaceae,,,Chlamydiales; Parachlamydiaceae; ASV2857,Verrucomicrobiota; Chlamydiales; Parachlamydiaceae
ASV2858,Bacteria,Firmicutes,Clostridia,Oscillospirales,Ruminococcaceae,Candidatus_Soleaferrea,,Oscillospirales; Ruminococcaceae; Candidatus_Soleaferrea; ASV2858,Firmicutes; Oscillospirales; Ruminococcaceae
ASV2859,Bacteria,Campilobacterota,Campylobacteria,Campylobacterales,Campylobacteraceae,Campylobacter,Campylobacter_hominis,Campylobacterales; Campylobacteraceae; Campylobacter; Campylobacter_hominis; ASV2859,Campilobacterota; Campylobacterales; Campylobacteraceae
ASV2860,Bacteria,Acidobacteriota,Acidobacteriae,Acidobacteriales,Acidobacteriaceae_(Subgroup_1),Edaphobacter,,Acidobacteriales; Acidobacteriaceae_(Subgroup_1); Edaphobacter; ASV2860,Acidobacteriota; Acidobacteriales; Acidobacteriaceae_(Subgroup_1)
ASV2861,Bacteria,Proteobacteria,Alphaproteobacteria,Rhizobiales,Beijerinckiaceae,Bosea,,Rhizobiales; Beijerinckiaceae; Bosea; ASV2861,Proteobacteria; Rhizobiales; Beijerinckiaceae
ASV2862,Bacteria,Actinobacteriota,Acidimicrobiia,Microtrichales,Iamiaceae,Iamia,,Microtrichales; Iamiaceae; Iamia; ASV2862,Actinobacteriota; Microtrichales; Iamiaceae
ASV2863,Bacteria,Bacteroidota,Bacteroidia,Flavobacteriales,Flavobacteriaceae,Flavobacterium,,Flavobacteriales; Flavobacteriaceae; Flavobacterium; ASV2863,Bacteroidota; Flavobacteriales; Flavobacteriaceae
ASV2864,Bacteria,Firmicutes,Bacilli,RF39,RF39,RF39,gut_metagenome,RF39; RF39; RF39; gut_metagenome; ASV2864,Firmicutes; RF39; RF39
ASV2865,Bacteria,Proteobacteria,Gammaproteobacteria,Oceanospirillales,Nitrincolaceae,Nitrincola,Alteromonadales_bacterium,Oceanospirillales; Nitrincolaceae; Nitrincola; Alteromonadales_bacterium; ASV2865,Proteobacteria; Oceanospirillales; Nitrincolaceae
ASV2866,Bacteria,Verrucomicrobiota,Chlamydiae,Chlamydiales,Parachlamydiaceae,,metagenome,Chlamydiales; Parachlamydiaceae; metagenome; ASV2866,Verrucomicrobiota; Chlamydiales; Parachlamydiaceae
ASV2867,Bacteria,Proteobacteria,Gammaproteobacteria,Vibrionales,Vibrionaceae,,,Vibrionales; Vibrionaceae; ASV2867,Proteobacteria; Vibrionales; Vibrionaceae
ASV2868,Bacteria,Proteobacteria,Alphaproteobacteria,Rhizobiales,Devosiaceae,Devosia,Devosia_limi,Rhizobiales; Devosiaceae; Devosia; Devosia_limi; ASV2868,Proteobacteria; Rhizobiales; Devosiaceae
ASV2869,Bacteria,Proteobacteria,Alphaproteobacteria,Acetobacterales,Acetobacteraceae,Rhodovastum,,Acetobacterales; Acetobacteraceae; Rhodovastum; ASV2869,Proteobacteria; Acetobacterales; Acetobacteraceae
ASV2870,Bacteria,Actinobacteriota,Rubrobacteria,Rubrobacterales,Rubrobacteriaceae,Rubrobacter,,Rubrobacterales; Rubrobacteriaceae; Rubrobacter; ASV2870,Actinobacteriota; Rubrobacterales; Rubrobacteriaceae
ASV2871,Bacteria,Proteobacteria,Alphaproteobacteria,Rhizobiales,Beijerinckiaceae,Methylobacterium-Methylorubrum,,Rhizobiales; Beijerinckiaceae; Methylobacterium-Methylorubrum; ASV2871,Proteobacteria; Rhizobiales; Beijerinckiaceae
ASV2872,Bacteria,Firmicutes,Bacilli,Lactobacillales,Streptococcaceae,Lactococcus,,Lactobacillales; Streptococcaceae; Lactococcus; ASV2872,Firmicutes; Lactobacillales; Streptococcaceae
ASV2873,Bacteria,Proteobacteria,Gammaproteobacteria,Burkholderiales,Comamonadaceae,,,Burkholderiales; Comamonadaceae; ASV2873,Proteobacteria; Burkholderiales; Comamonadaceae
ASV2874,Bacteria,Proteobacteria,Alphaproteobacteria,Rhodospirillales,AEGEAN-169_marine_group,AEGEAN-169_marine_group,,Rhodospirillales; AEGEAN-169_marine_group; AEGEAN-169_marine_group; ASV2874,Proteobacteria; Rhodospirillales; AEGEAN-169_marine_group
ASV2875,Bacteria,Planctomycetota,Planctomycetes,Isosphaerales,Isosphaeraceae,,,Isosphaerales; Isosphaeraceae; ASV2875,Planctomycetota; Isosphaerales; Isosphaeraceae
ASV2876,Bacteria,Actinobacteriota,Acidimicrobiia,Actinomarinales,Actinomarinaceae,Candidatus_Actinomarina,,Actinomarinales; Actinomarinaceae; Candidatus_Actinomarina; ASV2876,Actinobacteriota; Actinomarinales; Actinomarinaceae
ASV2877,Bacteria,Verrucomicrobiota,Verrucomicrobiae,Verrucomicrobiales,Rubritaleaceae,Roseibacillus,,Verrucomicrobiales; Rubritaleaceae; Roseibacillus; ASV2877,Verrucomicrobiota; Verrucomicrobiales; Rubritaleaceae
ASV2878,Bacteria,Chloroflexi,Ktedonobacteria,Ktedonobacterales,Ktedonobacteraceae,,uncultured_Ktedobacteria,Ktedonobacterales; Ktedonobacteraceae; uncultured_Ktedobacteria; ASV2878,Chloroflexi; Ktedonobacterales; Ktedonobacteraceae
ASV2879,Bacteria,Chloroflexi,KD4-96,KD4-96,KD4-96,KD4-96,,KD4-96; KD4-96; KD4-96; ASV2879,Chloroflexi; KD4-96; KD4-96
ASV2880,Bacteria,Proteobacteria,Gammaproteobacteria,Alteromonadales,Alteromonadaceae,Alteromonas,,Alteromonadales; Alteromonadaceae; Alteromonas; ASV2880,Proteobacteria; Alteromonadales; Alteromonadaceae
ASV2881,Bacteria,Firmicutes,Bacilli,Paenibacillales,Paenibacillaceae,Saccharibacillus,Saccharibacillus_deserti,Paenibacillales; Paenibacillaceae; Saccharibacillus; Saccharibacillus_deserti; ASV2881,Firmicutes; Paenibacillales; Paenibacillaceae
ASV2882,Bacteria,Proteobacteria,Gammaproteobacteria,Pseudomonadales,Moraxellaceae,Acinetobacter,,Pseudomonadales; Moraxellaceae; Acinetobacter; ASV2882,Proteobacteria; Pseudomonadales; Moraxellaceae
ASV2883,Bacteria,SAR324_clade(Marine_group_B),SAR324_clade(Marine_group_B),SAR324_clade(Marine_group_B),SAR324_clade(Marine_group_B),SAR324_clade(Marine_group_B),,SAR324_clade(Marine_group_B); SAR324_clade(Marine_group_B); SAR324_clade(Marine_group_B); ASV2883,SAR324_clade(Marine_group_B); SAR324_clade(Marine_group_B); SAR324_clade(Marine_group_B)
ASV2884,Bacteria,Actinobacteriota,Thermoleophilia,Solirubrobacterales,Solirubrobacteraceae,JCM_18997,metagenome,Solirubrobacterales; Solirubrobacteraceae; JCM_18997; metagenome; ASV2884,Actinobacteriota; Solirubrobacterales; Solirubrobacteraceae
ASV2885,Bacteria,Proteobacteria,Alphaproteobacteria,Rhizobiales,Beijerinckiaceae,Bosea,,Rhizobiales; Beijerinckiaceae; Bosea; ASV2885,Proteobacteria; Rhizobiales; Beijerinckiaceae
ASV2886,Bacteria,Proteobacteria,Gammaproteobacteria,Diplorickettsiales,Diplorickettsiaceae,Aquicella,,Diplorickettsiales; Diplorickettsiaceae; Aquicella; ASV2886,Proteobacteria; Diplorickettsiales; Diplorickettsiaceae
ASV2887,Bacteria,Firmicutes,Clostridia,Oscillospirales,Ruminococcaceae,Candidatus_Soleaferrea,uncultured_Firmicutes,Oscillospirales; Ruminococcaceae; Candidatus_Soleaferrea; uncultured_Firmicutes; ASV2887,Firmicutes; Oscillospirales; Ruminococcaceae
ASV2888,Bacteria,Planctomycetota,Planctomycetes,,,,uncultured_bacterium,uncultured_bacterium; ASV2888,Planctomycetota
ASV2889,Bacteria,Firmicutes,Limnochordia,Limnochordia,Limnochordia,Hydrogenispora,uncultured_bacterium,Limnochordia; Limnochordia; Hydrogenispora; uncultured_bacterium; ASV2889,Firmicutes; Limnochordia; Limnochordia
ASV2890,Bacteria,Acidobacteriota,Acidobacteriae,Acidobacteriales,Koribacteraceae,Candidatus_Koribacter,uncultured_eubacterium,Acidobacteriales; Koribacteraceae; Candidatus_Koribacter; uncultured_eubacterium; ASV2890,Acidobacteriota; Acidobacteriales; Koribacteraceae
ASV2891,Bacteria,Firmicutes,Clostridia,Lachnospirales,Lachnospiraceae,Tyzzerella,uncultured_bacterium,Lachnospirales; Lachnospiraceae; Tyzzerella; uncultured_bacterium; ASV2891,Firmicutes; Lachnospirales; Lachnospiraceae
ASV2892,Bacteria,Planctomycetota,Planctomycetes,Gemmatales,Gemmataceae,Gemmata,uncultured_Planctomycetales,Gemmatales; Gemmataceae; Gemmata; uncultured_Planctomycetales; ASV2892,Planctomycetota; Gemmatales; Gemmataceae
ASV2893,Bacteria,Bacteroidota,Bacteroidia,Flavobacteriales,Flavobacteriaceae,NS5_marine_group,uncultured_Bacteroidetes,Flavobacteriales; Flavobacteriaceae; NS5_marine_group; uncultured_Bacteroidetes; ASV2893,Bacteroidota; Flavobacteriales; Flavobacteriaceae
ASV2894,Bacteria,Chloroflexi,Chloroflexia,Thermomicrobiales,JG30-KF-CM45,JG30-KF-CM45,uncultured_soil,Thermomicrobiales; JG30-KF-CM45; JG30-KF-CM45; uncultured_soil; ASV2894,Chloroflexi; Thermomicrobiales; JG30-KF-CM45
ASV2895,Bacteria,Bacteroidota,Bacteroidia,Bacteroidales,Williamwhitmaniaceae,Acetobacteroides,uncultured_bacterium,Bacteroidales; Williamwhitmaniaceae; Acetobacteroides; uncultured_bacterium; ASV2895,Bacteroidota; Bacteroidales; Williamwhitmaniaceae